checking_account_status,duration_months,credit_history,purpose,credit_amount,savings_account,employment_duration,installment_rate,sex,other_debtors,residence_duration,property,age,other_installment_plans,housing,existing_credits,job,num_dependents,telephone,foreign_worker,target,relationship status
0 <= ... < 200 DM,19,critical account / other credits existing (not at this bank),education,4009,... < 100 DM,1 <= ... < 4 years,4,male,none,4,real estate,34,none,rent,1,management / self-employed / highly qualified employee / officer,1,none,yes,1,married/widowed
0 <= ... < 200 DM,4,existing credits paid back duly till now,radio/television,1480,unknown / no savings account,4 <= ... < 7 years,4,male,none,4,building society savings agreement / life insurance,44,none,own,2,skilled employee / official,1,none,yes,1,single
... < 0 DM,4,critical account / other credits existing (not at this bank),car (new),2606,unknown / no savings account,... >= 7 years,4,male,none,4,real estate,32,none,own,2,skilled employee / official,2,none,yes,1,single
... < 0 DM,10,critical account / other credits existing (not at this bank),radio/television,2847,unknown / no savings account,1 <= ... < 4 years,4,male,none,4,"car or other, not in savings account",75,none,for free,1,skilled employee / official,1,none,yes,1,divorced/separated
... < 0 DM,23,no credits taken / all credits paid back duly,radio/television,4540,100 <= ... < 500 DM,4 <= ... < 7 years,4,male,none,2,"car or other, not in savings account",52,none,own,2,unemployed / unskilled - non-resident,1,none,yes,2,married/widowed
... >= 200 DM / salary assignments for at least 1 year,4,existing credits paid back duly till now,radio/television,2563,... < 100 DM,... < 1 year,1,male,none,4,"car or other, not in savings account",61,none,own,1,skilled employee / official,2,none,yes,1,divorced/separated
... >= 200 DM / salary assignments for at least 1 year,4,critical account / other credits existing (not at this bank),business,2375,... < 100 DM,... >= 7 years,4,male,none,4,real estate,34,none,own,1,skilled employee / official,2,none,yes,1,divorced/separated
... >= 200 DM / salary assignments for at least 1 year,4,critical account / other credits existing (not at this bank),radio/television,10516,100 <= ... < 500 DM,... < 1 year,4,male,none,4,building society savings agreement / life insurance,43,none,own,2,skilled employee / official,1,none,yes,2,single
no checking account,9,existing credits paid back duly till now,car (new),3903,100 <= ... < 500 DM,4 <= ... < 7 years,3,male,none,1,"car or other, not in savings account",32,none,own,2,unskilled - resident,2,none,yes,1,married/widowed
0 <= ... < 200 DM,21,existing credits paid back duly till now,radio/television,9123,... < 100 DM,1 <= ... < 4 years,2,male,none,4,"car or other, not in savings account",31,bank,own,1,skilled employee / official,1,"yes, registered under customer's name",yes,1,divorced/separated
... < 0 DM,17,existing credits paid back duly till now,education,633,100 <= ... < 500 DM,4 <= ... < 7 years,4,male,none,2,building society savings agreement / life insurance,40,none,rent,2,skilled employee / official,1,none,yes,1,single
... < 0 DM,10,existing credits paid back duly till now,car (new),250,100 <= ... < 500 DM,... >= 7 years,4,male,none,4,unknown / no property,36,none,rent,2,skilled employee / official,1,"yes, registered under customer's name",yes,1,single
no checking account,7,critical account / other credits existing (not at this bank),radio/television,15247,... < 100 DM,1 <= ... < 4 years,4,male,none,4,real estate,45,none,own,1,skilled employee / official,1,"yes, registered under customer's name",yes,1,divorced/separated
0 <= ... < 200 DM,17,critical account / other credits existing (not at this bank),business,2423,... < 100 DM,1 <= ... < 4 years,2,male,none,2,real estate,57,none,own,2,skilled employee / official,1,"yes, registered under customer's name",yes,1,married/widowed
0 <= ... < 200 DM,4,existing credits paid back duly till now,radio/television,5028,unknown / no savings account,4 <= ... < 7 years,2,male,none,4,unknown / no property,37,none,for free,2,skilled employee / official,1,none,yes,2,single
... < 0 DM,4,critical account / other credits existing (not at this bank),furniture/equipment,2214,... < 100 DM,4 <= ... < 7 years,2,female,none,4,"car or other, not in savings account",34,none,own,2,skilled employee / official,1,"yes, registered under customer's name",yes,2,divorced/separated
no checking account,4,existing credits paid back duly till now,repairs,250,100 <= ... < 500 DM,... >= 7 years,3,female,none,2,"car or other, not in savings account",33,stores,own,1,unskilled - resident,1,none,yes,1,single
no checking account,4,existing credits paid back duly till now,furniture/equipment,250,... < 100 DM,1 <= ... < 4 years,3,male,none,3,"car or other, not in savings account",42,none,own,1,skilled employee / official,1,none,yes,1,divorced/separated
no checking account,20,all credits at this bank paid back duly,education,293,... < 100 DM,... >= 7 years,4,female,none,4,unknown / no property,37,none,rent,1,skilled employee / official,1,none,yes,1,single
... < 0 DM,17,critical account / other credits existing (not at this bank),radio/television,3094,... >= 1000 DM,... >= 7 years,4,male,none,4,"car or other, not in savings account",28,none,own,1,management / self-employed / highly qualified employee / officer,1,none,yes,2,single
no checking account,4,all credits at this bank paid back duly,radio/television,1606,... >= 1000 DM,... < 1 year,4,male,co-applicant,3,"car or other, not in savings account",74,bank,own,1,skilled employee / official,1,none,yes,1,single
no checking account,4,all credits at this bank paid back duly,furniture/equipment,250,... < 100 DM,... >= 7 years,1,male,none,2,real estate,50,none,own,1,skilled employee / official,1,"yes, registered under customer's name",yes,2,single
... < 0 DM,7,critical account / other credits existing (not at this bank),car (used),250,100 <= ... < 500 DM,... >= 7 years,3,male,none,4,building society savings agreement / life insurance,38,none,own,1,management / self-employed / highly qualified employee / officer,1,none,yes,1,single
no checking account,4,existing credits paid back duly till now,car (used),3463,... < 100 DM,1 <= ... < 4 years,4,male,none,4,unknown / no property,54,none,rent,1,skilled employee / official,2,"yes, registered under customer's name",yes,1,divorced/separated
... < 0 DM,11,critical account / other credits existing (not at this bank),car (new),2888,... < 100 DM,... >= 7 years,3,male,none,2,real estate,47,none,own,2,skilled employee / official,2,"yes, registered under customer's name",yes,1,married/widowed
no checking account,11,critical account / other credits existing (not at this bank),radio/television,6453,100 <= ... < 500 DM,... >= 7 years,2,male,none,2,building society savings agreement / life insurance,58,none,rent,1,skilled employee / official,1,"yes, registered under customer's name",yes,2,divorced/separated
no checking account,35,existing credits paid back duly till now,car (new),3415,... < 100 DM,4 <= ... < 7 years,4,female,none,4,real estate,42,bank,own,2,unemployed / unskilled - non-resident,1,none,yes,1,divorced/separated
... < 0 DM,4,existing credits paid back duly till now,radio/television,2631,unknown / no savings account,4 <= ... < 7 years,4,female,none,4,building society savings agreement / life insurance,32,bank,for free,2,unskilled - resident,1,none,yes,2,divorced/separated
no checking account,8,critical account / other credits existing (not at this bank),car (new),1301,... < 100 DM,1 <= ... < 4 years,4,male,none,3,real estate,68,none,own,2,skilled employee / official,2,none,yes,2,single
no checking account,12,existing credits paid back duly till now,radio/television,250,500 <= ... < 1000 DM,1 <= ... < 4 years,1,female,none,4,"car or other, not in savings account",27,none,own,1,skilled employee / official,1,none,no,1,single
no checking account,7,delay in paying off in the past,business,3002,... < 100 DM,... >= 7 years,1,male,none,4,"car or other, not in savings account",36,none,own,1,skilled employee / official,1,none,yes,1,single
no checking account,7,existing credits paid back duly till now,furniture/equipment,3229,unknown / no savings account,... >= 7 years,3,female,none,4,real estate,35,none,own,1,skilled employee / official,1,none,yes,1,divorced/separated
0 <= ... < 200 DM,5,critical account / other credits existing (not at this bank),business,5264,... < 100 DM,... >= 7 years,2,male,none,2,building society savings agreement / life insurance,40,none,rent,1,skilled employee / official,1,none,yes,1,divorced/separated
... < 0 DM,24,existing credits paid back duly till now,car (new),6028,... >= 1000 DM,... >= 7 years,2,male,guarantor,3,real estate,36,stores,for free,1,skilled employee / official,2,"yes, registered under customer's name",yes,1,married/widowed
no checking account,4,existing credits paid back duly till now,car (new),250,unknown / no savings account,4 <= ... < 7 years,4,male,none,4,building society savings agreement / life insurance,35,bank,rent,1,skilled employee / official,2,none,yes,1,single
... < 0 DM,22,existing credits paid back duly till now,car (new),9497,100 <= ... < 500 DM,... < 1 year,2,female,none,2,"car or other, not in savings account",46,stores,rent,2,management / self-employed / highly qualified employee / officer,1,"yes, registered under customer's name",yes,1,divorced/separated
no checking account,4,critical account / other credits existing (not at this bank),radio/television,3850,... >= 1000 DM,4 <= ... < 7 years,4,male,none,4,real estate,24,none,own,1,skilled employee / official,1,none,yes,2,divorced/separated
no checking account,25,all credits at this bank paid back duly,business,2151,unknown / no savings account,unemployed,4,male,none,3,"car or other, not in savings account",49,none,own,1,skilled employee / official,1,none,yes,1,divorced/separated
0 <= ... < 200 DM,23,existing credits paid back duly till now,radio/television,2419,100 <= ... < 500 DM,... >= 7 years,1,female,none,4,real estate,41,none,rent,2,skilled employee / official,2,none,yes,1,single
... < 0 DM,18,delay in paying off in the past,car (new),4372,... < 100 DM,4 <= ... < 7 years,4,male,none,4,"car or other, not in savings account",75,none,own,1,skilled employee / official,2,none,yes,2,single
no checking account,5,all credits at this bank paid back duly,car (new),1536,unknown / no savings account,1 <= ... < 4 years,1,male,none,4,real estate,26,none,rent,2,skilled employee / official,1,"yes, registered under customer's name",yes,1,single
no checking account,29,existing credits paid back duly till now,car (new),2351,unknown / no savings account,4 <= ... < 7 years,4,female,none,4,real estate,36,none,own,2,unskilled - resident,1,none,yes,1,divorced/separated
no checking account,72,delay in paying off in the past,radio/television,3176,... < 100 DM,... >= 7 years,4,male,none,4,"car or other, not in savings account",22,none,own,1,skilled employee / official,1,none,yes,1,single
0 <= ... < 200 DM,25,critical account / other credits existing (not at this bank),car (new),2765,unknown / no savings account,unemployed,3,male,none,4,"car or other, not in savings account",32,none,rent,2,skilled employee / official,1,"yes, registered under customer's name",yes,2,married/widowed
no checking account,4,critical account / other credits existing (not at this bank),education,2704,... >= 1000 DM,1 <= ... < 4 years,1,male,none,3,real estate,19,bank,rent,1,skilled employee / official,1,none,yes,1,divorced/separated
... < 0 DM,4,existing credits paid back duly till now,retraining,250,unknown / no savings account,... >= 7 years,4,male,guarantor,4,"car or other, not in savings account",48,none,rent,1,skilled employee / official,2,none,yes,2,single
no checking account,25,no credits taken / all credits paid back duly,car (new),14468,unknown / no savings account,unemployed,2,male,none,4,unknown / no property,49,none,own,2,skilled employee / official,2,none,yes,1,single
no checking account,4,existing credits paid back duly till now,business,2839,500 <= ... < 1000 DM,... >= 7 years,4,male,none,4,"car or other, not in savings account",24,none,own,1,skilled employee / official,2,"yes, registered under customer's name",yes,1,married/widowed
no checking account,4,all credits at this bank paid back duly,education,2983,... < 100 DM,4 <= ... < 7 years,4,female,none,4,"car or other, not in savings account",75,none,for free,1,skilled employee / official,1,"yes, registered under customer's name",yes,1,single
... < 0 DM,5,existing credits paid back duly till now,car (new),3072,unknown / no savings account,... >= 7 years,1,female,none,3,building society savings agreement / life insurance,48,none,own,2,skilled employee / official,1,"yes, registered under customer's name",yes,1,married/widowed
... < 0 DM,4,existing credits paid back duly till now,car (new),2115,500 <= ... < 1000 DM,1 <= ... < 4 years,3,female,none,1,real estate,39,none,own,1,skilled employee / official,1,none,yes,2,divorced/separated
0 <= ... < 200 DM,8,existing credits paid back duly till now,radio/television,2197,unknown / no savings account,4 <= ... < 7 years,4,male,none,3,building society savings agreement / life insurance,32,none,own,2,skilled employee / official,1,"yes, registered under customer's name",yes,2,divorced/separated
no checking account,7,existing credits paid back duly till now,radio/television,5653,... < 100 DM,4 <= ... < 7 years,4,male,co-applicant,4,"car or other, not in savings account",19,none,own,2,unskilled - resident,2,none,yes,1,divorced/separated
no checking account,15,existing credits paid back duly till now,furniture/equipment,250,... < 100 DM,... < 1 year,3,female,none,4,real estate,31,stores,own,1,skilled employee / official,1,none,yes,1,single
... < 0 DM,19,all credits at this bank paid back duly,car (new),250,500 <= ... < 1000 DM,... < 1 year,4,female,none,2,"car or other, not in savings account",34,none,rent,1,skilled employee / official,1,none,yes,1,single
no checking account,4,critical account / other credits existing (not at this bank),business,3194,500 <= ... < 1000 DM,1 <= ... < 4 years,4,male,none,4,real estate,48,none,own,2,skilled employee / official,1,none,yes,2,married/widowed
... < 0 DM,53,critical account / other credits existing (not at this bank),domestic appliances,2399,100 <= ... < 500 DM,... >= 7 years,4,male,none,3,building society savings agreement / life insurance,37,none,own,2,skilled employee / official,1,"yes, registered under customer's name",yes,2,single
no checking account,4,existing credits paid back duly till now,furniture/equipment,4131,... < 100 DM,4 <= ... < 7 years,4,male,none,4,real estate,56,none,own,1,skilled employee / official,1,none,yes,1,divorced/separated
0 <= ... < 200 DM,22,existing credits paid back duly till now,domestic appliances,5789,... < 100 DM,4 <= ... < 7 years,1,male,none,4,"car or other, not in savings account",19,none,own,1,management / self-employed / highly qualified employee / officer,1,none,yes,2,married/widowed
... < 0 DM,25,existing credits paid back duly till now,business,13554,... < 100 DM,1 <= ... < 4 years,4,male,none,4,building society savings agreement / life insurance,33,none,rent,1,management / self-employed / highly qualified employee / officer,2,none,yes,2,divorced/separated
... < 0 DM,4,existing credits paid back duly till now,radio/television,13272,... >= 1000 DM,unemployed,4,male,guarantor,2,real estate,31,none,own,2,skilled employee / official,1,none,yes,1,single
... < 0 DM,47,existing credits paid back duly till now,radio/television,250,... < 100 DM,4 <= ... < 7 years,2,male,none,4,unknown / no property,28,none,own,1,management / self-employed / highly qualified employee / officer,1,"yes, registered under customer's name",yes,1,divorced/separated
no checking account,4,critical account / other credits existing (not at this bank),car (new),6025,... < 100 DM,1 <= ... < 4 years,2,male,none,4,"car or other, not in savings account",48,none,own,1,skilled employee / official,1,none,yes,1,divorced/separated
... >= 200 DM / salary assignments for at least 1 year,13,critical account / other credits existing (not at this bank),furniture/equipment,790,unknown / no savings account,... < 1 year,3,male,co-applicant,4,unknown / no property,46,none,rent,1,skilled employee / official,1,none,yes,2,divorced/separated
... >= 200 DM / salary assignments for at least 1 year,13,critical account / other credits existing (not at this bank),car (used),1594,100 <= ... < 500 DM,... >= 7 years,4,male,none,3,unknown / no property,19,none,for free,1,skilled employee / official,1,none,no,1,single
... < 0 DM,14,critical account / other credits existing (not at this bank),furniture/equipment,1756,... < 100 DM,unemployed,4,male,none,3,building society savings agreement / life insurance,32,none,own,2,skilled employee / official,1,"yes, registered under customer's name",yes,1,single
... < 0 DM,4,critical account / other credits existing (not at this bank),business,2469,unknown / no savings account,... >= 7 years,4,male,co-applicant,3,real estate,25,none,rent,1,skilled employee / official,2,none,yes,1,divorced/separated
... < 0 DM,22,existing credits paid back duly till now,car (new),912,... < 100 DM,... >= 7 years,4,male,guarantor,2,building society savings agreement / life insurance,20,none,own,2,skilled employee / official,1,none,no,1,divorced/separated
... < 0 DM,6,existing credits paid back duly till now,furniture/equipment,14272,100 <= ... < 500 DM,1 <= ... < 4 years,3,female,none,2,unknown / no property,34,none,own,2,management / self-employed / highly qualified employee / officer,1,none,yes,1,divorced/separated
... < 0 DM,21,critical account / other credits existing (not at this bank),furniture/equipment,3352,100 <= ... < 500 DM,... < 1 year,3,male,none,4,building society savings agreement / life insurance,50,none,for free,1,skilled employee / official,1,none,yes,2,single
no checking account,20,existing credits paid back duly till now,radio/television,3536,... >= 1000 DM,1 <= ... < 4 years,4,male,none,2,real estate,36,none,own,1,unskilled - resident,1,"yes, registered under customer's name",yes,1,divorced/separated
no checking account,12,critical account / other credits existing (not at this bank),furniture/equipment,15945,500 <= ... < 1000 DM,4 <= ... < 7 years,4,male,none,2,building society savings agreement / life insurance,75,bank,own,2,management / self-employed / highly qualified employee / officer,2,none,yes,1,divorced/separated
no checking account,4,existing credits paid back duly till now,radio/television,2458,unknown / no savings account,1 <= ... < 4 years,1,male,none,2,real estate,32,none,own,2,unskilled - resident,1,none,yes,1,divorced/separated
... < 0 DM,4,existing credits paid back duly till now,car (new),12785,... < 100 DM,... >= 7 years,2,male,none,2,unknown / no property,19,none,rent,2,skilled employee / official,2,none,yes,1,single
no checking account,8,existing credits paid back duly till now,radio/television,1751,... < 100 DM,... < 1 year,1,male,none,2,real estate,32,none,own,1,skilled employee / official,1,"yes, registered under customer's name",yes,1,divorced/separated
no checking account,22,no credits taken / all credits paid back duly,car (new),3221,... >= 1000 DM,... >= 7 years,1,female,none,2,real estate,55,none,own,1,skilled employee / official,1,none,yes,1,divorced/separated
... < 0 DM,16,all credits at this bank paid back duly,car (new),597,... < 100 DM,... >= 7 years,4,female,none,4,building society savings agreement / life insurance,19,none,own,1,skilled employee / official,1,"yes, registered under customer's name",yes,1,divorced/separated
no checking account,11,critical account / other credits existing (not at this bank),car (new),12825,... < 100 DM,unemployed,4,male,none,2,building society savings agreement / life insurance,47,none,own,2,skilled employee / official,2,"yes, registered under customer's name",yes,1,divorced/separated
no checking account,40,critical account / other credits existing (not at this bank),education,3615,... < 100 DM,... >= 7 years,4,male,none,4,building society savings agreement / life insurance,33,none,own,1,skilled employee / official,2,none,yes,1,divorced/separated
no checking account,37,existing credits paid back duly till now,business,1989,unknown / no savings account,... >= 7 years,4,male,none,3,unknown / no property,41,none,own,1,skilled employee / official,1,"yes, registered under customer's name",yes,2,divorced/separated
no checking account,67,delay in paying off in the past,car (new),2739,... < 100 DM,... >= 7 years,4,male,none,3,"car or other, not in savings account",32,none,own,1,skilled employee / official,1,none,yes,1,divorced/separated
no checking account,4,existing credits paid back duly till now,business,1036,... < 100 DM,... >= 7 years,2,male,none,4,building society savings agreement / life insurance,48,none,own,1,unskilled - resident,1,"yes, registered under customer's name",yes,1,married/widowed
... >= 200 DM / salary assignments for at least 1 year,22,critical account / other credits existing (not at this bank),furniture/equipment,12513,... >= 1000 DM,... >= 7 years,4,male,none,4,building society savings agreement / life insurance,23,none,rent,2,unskilled - resident,1,none,yes,1,single
no checking account,10,existing credits paid back duly till now,furniture/equipment,1504,... < 100 DM,... >= 7 years,3,male,guarantor,3,"car or other, not in savings account",29,none,own,1,skilled employee / official,1,"yes, registered under customer's name",yes,1,single
... < 0 DM,4,delay in paying off in the past,car (new),4256,100 <= ... < 500 DM,4 <= ... < 7 years,2,female,none,4,real estate,30,none,own,2,skilled employee / official,1,none,yes,1,divorced/separated
... < 0 DM,13,critical account / other credits existing (not at this bank),business,2902,unknown / no savings account,... >= 7 years,2,female,none,3,building society savings agreement / life insurance,36,none,own,1,skilled employee / official,1,none,yes,1,divorced/separated
no checking account,20,delay in paying off in the past,business,3996,... < 100 DM,unemployed,2,female,none,4,real estate,45,none,own,1,management / self-employed / highly qualified employee / officer,1,none,yes,1,divorced/separated
no checking account,12,no credits taken / all credits paid back duly,repairs,1974,500 <= ... < 1000 DM,4 <= ... < 7 years,2,male,none,4,unknown / no property,45,bank,own,1,unskilled - resident,2,none,yes,1,single
no checking account,26,existing credits paid back duly till now,furniture/equipment,556,100 <= ... < 500 DM,... < 1 year,1,female,none,3,building society savings agreement / life insurance,75,none,own,2,unskilled - resident,1,none,yes,2,single
no checking account,4,all credits at this bank paid back duly,business,8435,unknown / no savings account,... < 1 year,4,male,none,3,real estate,75,none,for free,1,skilled employee / official,1,none,yes,1,single
0 <= ... < 200 DM,20,delay in paying off in the past,car (new),3074,100 <= ... < 500 DM,... < 1 year,3,male,co-applicant,1,real estate,59,bank,rent,1,skilled employee / official,1,none,yes,1,single
no checking account,19,critical account / other credits existing (not at this bank),car (new),2320,100 <= ... < 500 DM,1 <= ... < 4 years,4,male,none,4,building society savings agreement / life insurance,52,bank,own,1,management / self-employed / highly qualified employee / officer,1,"yes, registered under customer's name",yes,1,single
0 <= ... < 200 DM,4,critical account / other credits existing (not at this bank),repairs,1789,100 <= ... < 500 DM,1 <= ... < 4 years,1,male,none,2,building society savings agreement / life insurance,36,none,own,2,management / self-employed / highly qualified employee / officer,1,none,yes,1,single
... < 0 DM,14,critical account / other credits existing (not at this bank),car (new),2260,100 <= ... < 500 DM,unemployed,1,male,none,2,real estate,48,none,own,1,unskilled - resident,1,none,yes,1,single
no checking account,23,critical account / other credits existing (not at this bank),business,2766,... < 100 DM,4 <= ... < 7 years,1,female,none,3,real estate,49,none,own,1,skilled employee / official,1,none,yes,1,divorced/separated
... < 0 DM,20,all credits at this bank paid back duly,furniture/equipment,684,100 <= ... < 500 DM,1 <= ... < 4 years,4,female,none,3,real estate,61,none,own,2,unskilled - resident,1,"yes, registered under customer's name",yes,1,single
0 <= ... < 200 DM,45,critical account / other credits existing (not at this bank),car (new),1971,... < 100 DM,... >= 7 years,4,male,none,2,building society savings agreement / life insurance,35,none,own,1,skilled employee / official,1,none,yes,1,single
no checking account,21,existing credits paid back duly till now,radio/television,2485,... < 100 DM,4 <= ... < 7 years,4,male,none,4,real estate,29,none,own,2,skilled employee / official,1,none,yes,1,divorced/separated
... < 0 DM,4,delay in paying off in the past,business,2191,unknown / no savings account,1 <= ... < 4 years,2,female,none,4,real estate,24,none,own,1,skilled employee / official,2,none,yes,1,divorced/separated
... < 0 DM,4,existing credits paid back duly till now,radio/television,1983,... < 100 DM,... >= 7 years,4,male,none,3,building society savings agreement / life insurance,32,none,own,2,skilled employee / official,1,none,yes,1,divorced/separated
... < 0 DM,6,no credits taken / all credits paid back duly,furniture/equipment,9964,... < 100 DM,4 <= ... < 7 years,4,male,none,1,"car or other, not in savings account",34,stores,own,2,skilled employee / official,1,none,yes,1,single
... < 0 DM,15,critical account / other credits existing (not at this bank),repairs,5858,... < 100 DM,... < 1 year,4,female,none,4,building society savings agreement / life insurance,36,none,rent,1,unemployed / unskilled - non-resident,1,none,yes,1,married/widowed
... < 0 DM,24,existing credits paid back duly till now,car (new),3643,... < 100 DM,... >= 7 years,4,female,none,4,building society savings agreement / life insurance,65,none,for free,1,skilled employee / official,1,none,yes,1,single
0 <= ... < 200 DM,21,existing credits paid back duly till now,car (new),3418,... < 100 DM,... >= 7 years,4,male,none,4,building society savings agreement / life insurance,26,none,rent,1,skilled employee / official,1,none,yes,1,divorced/separated
no checking account,35,existing credits paid back duly till now,furniture/equipment,5304,... < 100 DM,4 <= ... < 7 years,1,male,none,2,unknown / no property,36,none,own,1,management / self-employed / highly qualified employee / officer,1,none,yes,1,divorced/separated
no checking account,4,critical account / other credits existing (not at this bank),car (new),2145,unknown / no savings account,... >= 7 years,4,male,none,4,"car or other, not in savings account",32,none,own,1,management / self-employed / highly qualified employee / officer,1,none,yes,1,divorced/separated
... < 0 DM,22,existing credits paid back duly till now,furniture/equipment,3525,... < 100 DM,... >= 7 years,4,male,none,4,"car or other, not in savings account",40,none,own,1,skilled employee / official,1,none,yes,1,divorced/separated
... < 0 DM,22,existing credits paid back duly till now,furniture/equipment,1720,... < 100 DM,1 <= ... < 4 years,4,male,none,2,real estate,20,none,own,2,skilled employee / official,1,"yes, registered under customer's name",yes,1,divorced/separated
0 <= ... < 200 DM,34,all credits at this bank paid back duly,furniture/equipment,11593,unknown / no savings account,1 <= ... < 4 years,4,female,none,4,"car or other, not in savings account",36,none,own,2,skilled employee / official,1,"yes, registered under customer's name",yes,1,single
... >= 200 DM / salary assignments for at least 1 year,20,existing credits paid back duly till now,others,3633,500 <= ... < 1000 DM,4 <= ... < 7 years,3,male,guarantor,2,"car or other, not in savings account",53,none,own,2,skilled employee / official,1,none,yes,1,single
... >= 200 DM / salary assignments for at least 1 year,26,no credits taken / all credits paid back duly,repairs,1076,... < 100 DM,4 <= ... < 7 years,4,male,none,2,"car or other, not in savings account",33,none,for free,2,skilled employee / official,1,none,yes,1,divorced/separated
0 <= ... < 200 DM,7,existing credits paid back duly till now,car (new),5445,unknown / no savings account,... >= 7 years,3,male,none,4,"car or other, not in savings account",48,none,rent,2,skilled employee / official,1,none,yes,1,single
no checking account,19,existing credits paid back duly till now,car (new),5879,500 <= ... < 1000 DM,1 <= ... < 4 years,4,male,none,3,"car or other, not in savings account",29,none,for free,1,skilled employee / official,1,none,yes,1,single
no checking account,4,critical account / other credits existing (not at this bank),car (new),3280,... < 100 DM,... >= 7 years,1,male,none,4,"car or other, not in savings account",36,none,own,1,skilled employee / official,1,none,yes,1,single
no checking account,26,all credits at this bank paid back duly,car (new),6427,500 <= ... < 1000 DM,1 <= ... < 4 years,4,male,none,3,building society savings agreement / life insurance,27,none,own,1,skilled employee / official,1,none,yes,1,divorced/separated
no checking account,22,existing credits paid back duly till now,car (used),3611,100 <= ... < 500 DM,... < 1 year,3,female,none,4,"car or other, not in savings account",28,none,for free,1,management / self-employed / highly qualified employee / officer,1,none,yes,1,married/widowed
no checking account,21,no credits taken / all credits paid back duly,furniture/equipment,4498,... < 100 DM,... >= 7 years,4,male,none,2,unknown / no property,27,none,own,1,skilled employee / official,1,none,yes,1,divorced/separated
no checking account,12,critical account / other credits existing (not at this bank),car (new),1254,... < 100 DM,4 <= ... < 7 years,3,female,none,4,real estate,64,bank,own,2,skilled employee / official,1,"yes, registered under customer's name",yes,2,married/widowed
no checking account,4,existing credits paid back duly till now,car (new),6710,... < 100 DM,4 <= ... < 7 years,4,male,none,3,"car or other, not in savings account",35,none,for free,1,skilled employee / official,1,"yes, registered under customer's name",yes,1,divorced/separated
... < 0 DM,15,critical account / other credits existing (not at this bank),car (new),5438,100 <= ... < 500 DM,... >= 7 years,1,female,none,4,unknown / no property,31,none,rent,1,skilled employee / official,1,none,yes,1,divorced/separated
... < 0 DM,7,critical account / other credits existing (not at this bank),car (new),592,... >= 1000 DM,... < 1 year,3,male,none,4,unknown / no property,26,bank,own,1,skilled employee / official,2,none,yes,1,single
no checking account,4,existing credits paid back duly till now,business,1813,100 <= ... < 500 DM,1 <= ... < 4 years,2,male,none,3,"car or other, not in savings account",28,none,for free,1,skilled employee / official,1,none,yes,1,single
... < 0 DM,23,existing credits paid back duly till now,radio/television,1437,... < 100 DM,unemployed,4,female,none,4,real estate,26,none,own,1,skilled employee / official,2,none,yes,1,divorced/separated
... < 0 DM,8,existing credits paid back duly till now,education,1672,100 <= ... < 500 DM,1 <= ... < 4 years,4,male,none,4,real estate,52,none,own,2,skilled employee / official,1,none,yes,2,married/widowed
... < 0 DM,4,existing credits paid back duly till now,car (new),12850,... < 100 DM,... >= 7 years,3,male,none,4,real estate,22,none,rent,2,skilled employee / official,2,"yes, registered under customer's name",yes,1,married/widowed
0 <= ... < 200 DM,23,delay in paying off in the past,domestic appliances,837,... < 100 DM,4 <= ... < 7 years,2,male,co-applicant,2,building society savings agreement / life insurance,26,none,own,1,skilled employee / official,2,"yes, registered under customer's name",yes,2,divorced/separated
no checking account,4,existing credits paid back duly till now,car (new),5663,unknown / no savings account,... >= 7 years,3,male,none,4,building society savings agreement / life insurance,33,none,own,1,skilled employee / official,1,"yes, registered under customer's name",yes,1,single
no checking account,5,critical account / other credits existing (not at this bank),others,3163,unknown / no savings account,... >= 7 years,3,female,co-applicant,4,unknown / no property,33,none,own,1,skilled employee / official,1,none,yes,1,single
no checking account,4,critical account / other credits existing (not at this bank),business,2277,... < 100 DM,... < 1 year,4,male,guarantor,4,real estate,22,bank,own,1,management / self-employed / highly qualified employee / officer,2,none,yes,1,divorced/separated
no checking account,4,critical account / other credits existing (not at this bank),radio/television,250,... < 100 DM,... < 1 year,4,female,none,2,real estate,75,none,rent,2,skilled employee / official,1,none,yes,1,single
no checking account,5,existing credits paid back duly till now,furniture/equipment,3260,... < 100 DM,... < 1 year,4,male,none,4,real estate,30,none,own,1,skilled employee / official,2,none,yes,1,single
no checking account,7,critical account / other credits existing (not at this bank),car (new),1154,... < 100 DM,4 <= ... < 7 years,3,male,none,4,unknown / no property,19,none,own,1,skilled employee / official,1,none,yes,2,divorced/separated
no checking account,4,existing credits paid back duly till now,radio/television,1974,100 <= ... < 500 DM,4 <= ... < 7 years,3,male,none,1,real estate,47,stores,own,2,skilled employee / official,1,none,yes,1,single
no checking account,4,critical account / other credits existing (not at this bank),radio/television,14555,... < 100 DM,1 <= ... < 4 years,2,female,none,1,building society savings agreement / life insurance,42,bank,rent,1,management / self-employed / highly qualified employee / officer,2,none,yes,1,single
0 <= ... < 200 DM,4,all credits at this bank paid back duly,radio/television,786,... < 100 DM,4 <= ... < 7 years,4,male,none,4,"car or other, not in savings account",54,none,own,1,management / self-employed / highly qualified employee / officer,2,none,yes,1,single
no checking account,21,critical account / other credits existing (not at this bank),domestic appliances,3965,... < 100 DM,... >= 7 years,3,male,none,4,unknown / no property,44,none,own,1,skilled employee / official,1,none,yes,1,divorced/separated
no checking account,4,critical account / other credits existing (not at this bank),radio/television,2667,... < 100 DM,... >= 7 years,4,male,none,4,unknown / no property,38,none,own,2,skilled employee / official,1,none,yes,1,single
no checking account,17,no credits taken / all credits paid back duly,furniture/equipment,6617,100 <= ... < 500 DM,4 <= ... < 7 years,2,male,none,2,unknown / no property,51,bank,own,1,skilled employee / official,1,"yes, registered under customer's name",yes,1,single
0 <= ... < 200 DM,21,existing credits paid back duly till now,furniture/equipment,3020,100 <= ... < 500 DM,... < 1 year,1,male,none,2,real estate,75,none,rent,2,skilled employee / official,2,"yes, registered under customer's name",yes,1,single
... < 0 DM,28,critical account / other credits existing (not at this bank),car (new),1107,100 <= ... < 500 DM,4 <= ... < 7 years,1,female,none,4,building society savings agreement / life insurance,33,stores,own,1,skilled employee / official,1,none,no,1,single
no checking account,12,no credits taken / all credits paid back duly,radio/television,3567,... < 100 DM,4 <= ... < 7 years,4,male,none,4,real estate,32,none,own,2,skilled employee / official,1,none,yes,2,divorced/separated
no checking account,21,critical account / other credits existing (not at this bank),furniture/equipment,5936,100 <= ... < 500 DM,4 <= ... < 7 years,4,male,none,1,real estate,50,none,own,2,skilled employee / official,1,"yes, registered under customer's name",yes,1,divorced/separated
no checking account,4,existing credits paid back duly till now,furniture/equipment,2873,... < 100 DM,4 <= ... < 7 years,2,female,none,4,"car or other, not in savings account",38,none,own,2,management / self-employed / highly qualified employee / officer,1,none,yes,1,married/widowed
no checking account,4,critical account / other credits existing (not at this bank),car (new),2650,unknown / no savings account,4 <= ... < 7 years,1,male,none,4,unknown / no property,49,none,own,1,unskilled - resident,2,"yes, registered under customer's name",yes,1,single
... >= 200 DM / salary assignments for at least 1 year,13,all credits at this bank paid back duly,car (used),570,unknown / no savings account,... < 1 year,3,female,none,4,"car or other, not in savings account",26,none,rent,3,skilled employee / official,2,none,yes,1,single
no checking account,20,existing credits paid back duly till now,furniture/equipment,1359,... < 100 DM,4 <= ... < 7 years,1,male,none,4,"car or other, not in savings account",36,none,rent,1,skilled employee / official,1,none,yes,1,single
no checking account,11,critical account / other credits existing (not at this bank),radio/television,5441,unknown / no savings account,... >= 7 years,2,male,none,3,real estate,23,bank,own,1,skilled employee / official,1,none,yes,2,single
0 <= ... < 200 DM,19,critical account / other credits existing (not at this bank),radio/television,897,... < 100 DM,... >= 7 years,2,male,none,4,unknown / no property,35,none,for free,1,unemployed / unskilled - non-resident,1,none,yes,2,single
... < 0 DM,4,existing credits paid back duly till now,radio/television,5393,100 <= ... < 500 DM,1 <= ... < 4 years,2,male,guarantor,2,unknown / no property,55,none,for free,1,skilled employee / official,1,none,yes,1,divorced/separated
no checking account,17,existing credits paid back duly till now,furniture/equipment,3503,... < 100 DM,4 <= ... < 7 years,4,male,none,4,real estate,36,none,own,1,skilled employee / official,1,none,yes,2,single
no checking account,22,existing credits paid back duly till now,car (new),1617,... < 100 DM,... >= 7 years,4,male,none,4,real estate,32,none,own,2,skilled employee / official,1,none,yes,1,single
no checking account,14,delay in paying off in the past,car (new),4218,... >= 1000 DM,1 <= ... < 4 years,3,male,none,4,"car or other, not in savings account",33,bank,own,2,skilled employee / official,1,"yes, registered under customer's name",yes,1,single
... < 0 DM,20,existing credits paid back duly till now,radio/television,2996,unknown / no savings account,1 <= ... < 4 years,1,female,none,4,building society savings agreement / life insurance,32,none,for free,1,unskilled - resident,1,none,yes,1,single
no checking account,16,existing credits paid back duly till now,car (used),1962,100 <= ... < 500 DM,1 <= ... < 4 years,1,male,guarantor,4,building society savings agreement / life insurance,63,bank,own,2,management / self-employed / highly qualified employee / officer,1,none,yes,2,single
... >= 200 DM / salary assignments for at least 1 year,7,existing credits paid back duly till now,car (new),4727,... < 100 DM,4 <= ... < 7 years,2,male,none,4,real estate,34,none,own,1,unskilled - resident,1,"yes, registered under customer's name",yes,1,single
no checking account,19,critical account / other credits existing (not at this bank),car (new),1671,unknown / no savings account,... >= 7 years,3,male,none,4,"car or other, not in savings account",44,none,for free,2,skilled employee / official,1,"yes, registered under customer's name",yes,1,single
0 <= ... < 200 DM,41,critical account / other credits existing (not at this bank),furniture/equipment,5083,... < 100 DM,4 <= ... < 7 years,4,male,none,2,real estate,54,none,rent,1,skilled employee / official,1,none,yes,1,divorced/separated
0 <= ... < 200 DM,10,critical account / other credits existing (not at this bank),furniture/equipment,633,unknown / no savings account,4 <= ... < 7 years,3,male,none,2,unknown / no property,75,none,own,1,unskilled - resident,1,"yes, registered under customer's name",yes,1,single
no checking account,4,critical account / other credits existing (not at this bank),car (used),3934,... < 100 DM,... < 1 year,4,male,none,2,real estate,61,none,own,1,unskilled - resident,1,"yes, registered under customer's name",yes,2,single
no checking account,22,existing credits paid back duly till now,furniture/equipment,250,... >= 1000 DM,... >= 7 years,2,female,none,3,real estate,36,none,own,1,skilled employee / official,1,none,yes,1,single
... < 0 DM,4,existing credits paid back duly till now,radio/television,250,100 <= ... < 500 DM,4 <= ... < 7 years,2,male,none,2,building society savings agreement / life insurance,30,none,own,1,skilled employee / official,1,"yes, registered under customer's name",yes,1,divorced/separated
... < 0 DM,4,all credits at this bank paid back duly,education,2924,... < 100 DM,... >= 7 years,4,male,none,2,building society savings agreement / life insurance,45,none,own,1,management / self-employed / highly qualified employee / officer,1,none,yes,1,single
0 <= ... < 200 DM,17,existing credits paid back duly till now,car (new),250,... < 100 DM,1 <= ... < 4 years,3,female,none,4,unknown / no property,30,none,own,1,skilled employee / official,1,none,yes,1,divorced/separated
no checking account,7,existing credits paid back duly till now,education,742,500 <= ... < 1000 DM,... >= 7 years,1,male,none,2,real estate,46,none,own,1,skilled employee / official,2,none,yes,2,single
no checking account,11,existing credits paid back duly till now,radio/television,1986,... >= 1000 DM,... >= 7 years,4,male,none,4,building society savings agreement / life insurance,60,none,own,2,skilled employee / official,1,"yes, registered under customer's name",yes,1,single
0 <= ... < 200 DM,4,all credits at this bank paid back duly,car (new),2442,... < 100 DM,... >= 7 years,1,female,none,4,building society savings agreement / life insurance,31,none,own,1,skilled employee / official,1,none,yes,1,single
0 <= ... < 200 DM,4,critical account / other credits existing (not at this bank),radio/television,1916,... >= 1000 DM,1 <= ... < 4 years,2,male,guarantor,4,building society savings agreement / life insurance,29,none,own,1,skilled employee / official,1,none,yes,2,divorced/separated
no checking account,6,delay in paying off in the past,car (new),10438,100 <= ... < 500 DM,4 <= ... < 7 years,4,male,none,2,real estate,39,none,own,2,skilled employee / official,1,"yes, registered under customer's name",yes,1,divorced/separated
... < 0 DM,9,all credits at this bank paid back duly,car (new),5212,... < 100 DM,... >= 7 years,2,female,none,2,"car or other, not in savings account",36,none,own,1,skilled employee / official,1,none,yes,1,single
... < 0 DM,4,existing credits paid back duly till now,car (new),4107,... >= 1000 DM,... >= 7 years,4,female,none,4,"car or other, not in savings account",45,none,rent,2,unskilled - resident,1,none,yes,1,divorced/separated
... < 0 DM,14,existing credits paid back duly till now,radio/television,9287,... < 100 DM,... >= 7 years,4,male,none,4,"car or other, not in savings account",47,none,rent,1,skilled employee / official,1,none,yes,1,single
no checking account,14,critical account / other credits existing (not at this bank),furniture/equipment,1868,100 <= ... < 500 DM,unemployed,4,female,none,4,real estate,36,none,own,2,unskilled - resident,1,none,yes,1,divorced/separated
... >= 200 DM / salary assignments for at least 1 year,13,critical account / other credits existing (not at this bank),car (new),3252,100 <= ... < 500 DM,... >= 7 years,4,male,none,2,building society savings agreement / life insurance,62,none,for free,1,skilled employee / official,1,none,yes,1,divorced/separated
no checking account,4,existing credits paid back duly till now,radio/television,250,unknown / no savings account,4 <= ... < 7 years,4,male,none,3,"car or other, not in savings account",46,none,for free,1,skilled employee / official,1,"yes, registered under customer's name",yes,1,divorced/separated
... >= 200 DM / salary assignments for at least 1 year,29,existing credits paid back duly till now,car (used),2662,... < 100 DM,4 <= ... < 7 years,4,male,none,3,unknown / no property,32,none,own,1,unskilled - resident,1,none,yes,1,single
no checking account,18,critical account / other credits existing (not at this bank),radio/television,2716,unknown / no savings account,... >= 7 years,4,male,guarantor,1,real estate,29,none,own,1,unskilled - resident,2,none,yes,1,single
... < 0 DM,49,existing credits paid back duly till now,radio/television,1835,500 <= ... < 1000 DM,... >= 7 years,4,female,none,2,building society savings agreement / life insurance,29,bank,for free,1,skilled employee / official,1,"yes, registered under customer's name",yes,2,single
... < 0 DM,6,critical account / other credits existing (not at this bank),radio/television,6927,... < 100 DM,... >= 7 years,4,female,none,3,"car or other, not in savings account",56,none,for free,1,skilled employee / official,1,"yes, registered under customer's name",yes,2,divorced/separated
0 <= ... < 200 DM,10,all credits at this bank paid back duly,business,1095,... < 100 DM,... >= 7 years,1,male,none,4,building society savings agreement / life insurance,35,none,for free,1,skilled employee / official,2,none,yes,1,single
... < 0 DM,53,critical account / other credits existing (not at this bank),radio/television,250,... >= 1000 DM,4 <= ... < 7 years,2,male,none,4,unknown / no property,29,none,own,2,skilled employee / official,2,none,yes,1,single
... < 0 DM,14,critical account / other credits existing (not at this bank),business,2505,500 <= ... < 1000 DM,1 <= ... < 4 years,2,female,none,4,"car or other, not in savings account",35,none,own,1,skilled employee / official,1,none,yes,1,divorced/separated
... < 0 DM,12,existing credits paid back duly till now,radio/television,10867,100 <= ... < 500 DM,... >= 7 years,2,male,none,4,unknown / no property,65,none,for free,2,skilled employee / official,2,none,yes,1,single
no checking account,4,existing credits paid back duly till now,car (new),250,100 <= ... < 500 DM,1 <= ... < 4 years,4,male,none,4,real estate,23,none,for free,1,skilled employee / official,2,"yes, registered under customer's name",no,1,married/widowed
0 <= ... < 200 DM,16,existing credits paid back duly till now,furniture/equipment,3942,500 <= ... < 1000 DM,1 <= ... < 4 years,4,male,none,3,building society savings agreement / life insurance,37,none,rent,1,skilled employee / official,1,"yes, registered under customer's name",yes,1,single
... < 0 DM,29,critical account / other credits existing (not at this bank),car (new),6559,100 <= ... < 500 DM,1 <= ... < 4 years,3,male,none,2,real estate,56,none,own,1,skilled employee / official,1,none,yes,1,divorced/separated
0 <= ... < 200 DM,4,critical account / other credits existing (not at this bank),radio/television,2699,... < 100 DM,1 <= ... < 4 years,4,male,none,3,real estate,58,none,own,1,skilled employee / official,1,none,yes,1,single
... >= 200 DM / salary assignments for at least 1 year,9,critical account / other credits existing (not at this bank),repairs,630,100 <= ... < 500 DM,unemployed,2,female,none,3,real estate,35,none,rent,1,skilled employee / official,1,none,yes,1,single
no checking account,7,critical account / other credits existing (not at this bank),education,1802,... < 100 DM,4 <= ... < 7 years,1,male,none,4,real estate,43,none,rent,1,skilled employee / official,2,"yes, registered under customer's name",yes,1,single
... < 0 DM,13,existing credits paid back duly till now,radio/television,1582,... >= 1000 DM,... < 1 year,4,male,co-applicant,3,building society savings agreement / life insurance,42,bank,for free,1,skilled employee / official,1,none,yes,1,single
0 <= ... < 200 DM,21,critical account / other credits existing (not at this bank),retraining,3577,... < 100 DM,... < 1 year,4,female,none,4,building society savings agreement / life insurance,31,none,own,1,skilled employee / official,1,none,yes,2,married/widowed
... < 0 DM,35,critical account / other credits existing (not at this bank),domestic appliances,2364,... < 100 DM,1 <= ... < 4 years,2,female,none,4,"car or other, not in savings account",40,none,rent,2,management / self-employed / highly qualified employee / officer,2,none,yes,1,single
0 <= ... < 200 DM,4,existing credits paid back duly till now,repairs,5065,... < 100 DM,unemployed,1,female,none,4,real estate,31,none,rent,1,skilled employee / official,1,none,yes,2,single
no checking account,19,critical account / other credits existing (not at this bank),education,15290,... >= 1000 DM,... >= 7 years,4,male,co-applicant,3,real estate,72,none,rent,2,unemployed / unskilled - non-resident,1,none,yes,1,single
... < 0 DM,7,all credits at this bank paid back duly,car (new),12805,100 <= ... < 500 DM,... < 1 year,4,female,none,2,"car or other, not in savings account",48,bank,for free,1,skilled employee / official,1,none,yes,1,married/widowed
0 <= ... < 200 DM,7,existing credits paid back duly till now,business,2429,500 <= ... < 1000 DM,4 <= ... < 7 years,4,male,none,4,building society savings agreement / life insurance,28,bank,for free,1,skilled employee / official,1,none,yes,2,single
... < 0 DM,4,existing credits paid back duly till now,radio/television,1100,100 <= ... < 500 DM,4 <= ... < 7 years,4,female,none,1,real estate,75,none,own,1,unskilled - resident,1,none,yes,2,divorced/separated
no checking account,13,critical account / other credits existing (not at this bank),business,6278,... >= 1000 DM,... < 1 year,3,male,none,4,building society savings agreement / life insurance,45,none,own,1,unskilled - resident,2,none,yes,1,single
no checking account,4,critical account / other credits existing (not at this bank),car (new),5205,... < 100 DM,1 <= ... < 4 years,3,male,none,4,unknown / no property,43,none,own,1,skilled employee / official,1,"yes, registered under customer's name",yes,1,divorced/separated
... >= 200 DM / salary assignments for at least 1 year,4,delay in paying off in the past,car (used),2670,... < 100 DM,4 <= ... < 7 years,3,female,none,3,real estate,27,none,for free,1,skilled employee / official,1,none,yes,1,single
0 <= ... < 200 DM,21,existing credits paid back duly till now,radio/television,2631,100 <= ... < 500 DM,... >= 7 years,4,male,none,4,real estate,41,none,own,2,skilled employee / official,1,none,yes,2,divorced/separated
... < 0 DM,18,critical account / other credits existing (not at this bank),furniture/equipment,1102,100 <= ... < 500 DM,unemployed,2,male,co-applicant,2,"car or other, not in savings account",26,none,rent,1,skilled employee / official,1,"yes, registered under customer's name",yes,1,single
no checking account,4,delay in paying off in the past,business,2692,... < 100 DM,1 <= ... < 4 years,1,male,none,1,"car or other, not in savings account",26,none,own,1,skilled employee / official,1,none,yes,2,single
... < 0 DM,13,existing credits paid back duly till now,radio/television,6048,... < 100 DM,... >= 7 years,4,male,none,4,real estate,64,none,own,1,skilled employee / official,1,none,yes,1,single
no checking account,47,existing credits paid back duly till now,business,3517,100 <= ... < 500 DM,1 <= ... < 4 years,4,male,guarantor,2,building society savings agreement / life insurance,29,bank,own,1,skilled employee / official,1,none,yes,1,single
... >= 200 DM / salary assignments for at least 1 year,16,existing credits paid back duly till now,radio/television,5775,unknown / no savings account,... >= 7 years,2,male,none,4,unknown / no property,30,none,own,1,skilled employee / official,1,"yes, registered under customer's name",no,2,single
0 <= ... < 200 DM,14,all credits at this bank paid back duly,business,5941,... < 100 DM,... >= 7 years,4,male,none,4,"car or other, not in savings account",59,none,own,2,skilled employee / official,1,"yes, registered under customer's name",yes,1,single
0 <= ... < 200 DM,7,delay in paying off in the past,radio/television,6017,100 <= ... < 500 DM,... >= 7 years,4,female,none,4,real estate,43,bank,own,1,skilled employee / official,1,"yes, registered under customer's name",yes,1,single
no checking account,4,existing credits paid back duly till now,furniture/equipment,1502,500 <= ... < 1000 DM,unemployed,1,male,none,3,real estate,33,bank,own,1,skilled employee / official,1,none,yes,1,divorced/separated
no checking account,4,existing credits paid back duly till now,car (new),290,... < 100 DM,1 <= ... < 4 years,4,male,none,4,real estate,35,stores,own,2,management / self-employed / highly qualified employee / officer,1,none,yes,1,single
no checking account,5,critical account / other credits existing (not at this bank),furniture/equipment,2382,100 <= ... < 500 DM,... >= 7 years,1,female,none,4,real estate,40,none,own,1,skilled employee / official,1,none,yes,1,divorced/separated
... < 0 DM,4,existing credits paid back duly till now,car (new),2363,... < 100 DM,... >= 7 years,4,female,none,4,building society savings agreement / life insurance,35,none,own,1,skilled employee / official,1,none,yes,1,divorced/separated
... < 0 DM,4,existing credits paid back duly till now,car (new),11849,... < 100 DM,... >= 7 years,3,male,none,4,"car or other, not in savings account",48,none,for free,1,skilled employee / official,2,none,yes,1,single
no checking account,15,all credits at this bank paid back duly,retraining,1776,... < 100 DM,... >= 7 years,1,male,none,3,"car or other, not in savings account",75,none,own,1,skilled employee / official,1,"yes, registered under customer's name",yes,1,single
0 <= ... < 200 DM,19,all credits at this bank paid back duly,car (new),1995,unknown / no savings account,... >= 7 years,4,male,none,4,building society savings agreement / life insurance,38,none,own,1,unskilled - resident,1,"yes, registered under customer's name",yes,1,single
no checking account,4,critical account / other credits existing (not at this bank),car (new),2438,... < 100 DM,... < 1 year,4,male,none,1,real estate,34,none,own,1,skilled employee / official,2,"yes, registered under customer's name",yes,2,single
no checking account,34,delay in paying off in the past,furniture/equipment,541,unknown / no savings account,... >= 7 years,1,male,none,2,building society savings agreement / life insurance,33,bank,own,1,skilled employee / official,1,none,yes,1,single
... < 0 DM,29,all credits at this bank paid back duly,furniture/equipment,250,... < 100 DM,... >= 7 years,3,female,none,4,building society savings agreement / life insurance,40,none,rent,1,skilled employee / official,1,none,yes,1,divorced/separated
no checking account,11,critical account / other credits existing (not at this bank),retraining,4160,100 <= ... < 500 DM,4 <= ... < 7 years,4,male,guarantor,4,real estate,75,none,rent,1,unskilled - resident,1,"yes, registered under customer's name",no,1,divorced/separated
no checking account,19,critical account / other credits existing (not at this bank),furniture/equipment,2519,... < 100 DM,... < 1 year,1,male,none,4,real estate,30,none,own,1,skilled employee / official,1,"yes, registered under customer's name",yes,1,single
... < 0 DM,4,delay in paying off in the past,car (new),5966,unknown / no savings account,... >= 7 years,4,male,none,4,real estate,75,none,own,2,skilled employee / official,1,none,yes,2,divorced/separated
0 <= ... < 200 DM,19,delay in paying off in the past,furniture/equipment,3027,... < 100 DM,4 <= ... < 7 years,4,male,none,4,"car or other, not in savings account",35,none,own,1,skilled employee / official,1,"yes, registered under customer's name",yes,1,single
... < 0 DM,15,critical account / other credits existing (not at this bank),radio/television,1807,... < 100 DM,4 <= ... < 7 years,1,male,none,4,real estate,34,none,for free,2,skilled employee / official,1,none,yes,1,divorced/separated
0 <= ... < 200 DM,4,critical account / other credits existing (not at this bank),car (new),4890,unknown / no savings account,unemployed,4,female,none,4,building society savings agreement / life insurance,75,stores,own,1,skilled employee / official,1,none,yes,1,single
no checking account,14,critical account / other credits existing (not at this bank),radio/television,4180,100 <= ... < 500 DM,1 <= ... < 4 years,4,male,none,1,real estate,31,none,own,2,skilled employee / official,1,none,yes,1,divorced/separated
no checking account,4,no credits taken / all credits paid back duly,business,2658,... < 100 DM,... < 1 year,3,male,none,4,real estate,37,none,own,1,management / self-employed / highly qualified employee / officer,1,none,no,1,single
no checking account,4,critical account / other credits existing (not at this bank),furniture/equipment,2831,... < 100 DM,1 <= ... < 4 years,4,male,none,4,real estate,44,none,own,1,unskilled - resident,1,none,yes,1,divorced/separated
no checking account,15,existing credits paid back duly till now,car (new),3072,unknown / no savings account,... < 1 year,3,male,none,4,building society savings agreement / life insurance,27,none,rent,2,skilled employee / official,1,none,yes,2,divorced/separated
0 <= ... < 200 DM,19,critical account / other credits existing (not at this bank),car (new),2709,100 <= ... < 500 DM,4 <= ... < 7 years,3,male,none,4,unknown / no property,54,bank,rent,2,skilled employee / official,1,none,yes,1,divorced/separated
... >= 200 DM / salary assignments for at least 1 year,4,critical account / other credits existing (not at this bank),car (new),250,... < 100 DM,unemployed,2,male,none,4,"car or other, not in savings account",33,none,for free,2,management / self-employed / highly qualified employee / officer,2,none,yes,1,single
0 <= ... < 200 DM,11,critical account / other credits existing (not at this bank),car (new),1195,... < 100 DM,4 <= ... < 7 years,4,male,none,4,"car or other, not in savings account",30,none,for free,1,skilled employee / official,2,none,yes,2,divorced/separated
... >= 200 DM / salary assignments for at least 1 year,21,all credits at this bank paid back duly,radio/television,5278,unknown / no savings account,4 <= ... < 7 years,4,male,co-applicant,2,"car or other, not in savings account",24,bank,rent,1,skilled employee / official,1,none,yes,1,single
no checking account,19,critical account / other credits existing (not at this bank),furniture/equipment,11901,unknown / no savings account,... < 1 year,2,male,none,4,real estate,33,none,rent,1,skilled employee / official,1,none,yes,1,single
... < 0 DM,15,delay in paying off in the past,car (new),3391,500 <= ... < 1000 DM,4 <= ... < 7 years,4,male,none,4,real estate,36,none,own,2,unskilled - resident,1,"yes, registered under customer's name",yes,1,single
no checking account,7,existing credits paid back duly till now,car (new),250,... < 100 DM,... >= 7 years,3,male,co-applicant,2,building society savings agreement / life insurance,35,none,for free,1,skilled employee / official,1,none,yes,1,divorced/separated
no checking account,29,no credits taken / all credits paid back duly,radio/television,15275,... < 100 DM,1 <= ... < 4 years,4,male,none,2,real estate,30,stores,own,2,skilled employee / official,2,none,yes,1,divorced/separated
... < 0 DM,28,critical account / other credits existing (not at this bank),car (used),3556,100 <= ... < 500 DM,1 <= ... < 4 years,4,male,none,3,building society savings agreement / life insurance,39,none,rent,2,skilled employee / official,2,"yes, registered under customer's name",yes,1,single
no checking account,28,critical account / other credits existing (not at this bank),education,6544,unknown / no savings account,... >= 7 years,4,male,none,4,building society savings agreement / life insurance,30,none,own,1,skilled employee / official,1,none,yes,1,married/widowed
... < 0 DM,61,critical account / other credits existing (not at this bank),car (used),2097,100 <= ... < 500 DM,1 <= ... < 4 years,4,male,none,4,real estate,25,none,own,1,skilled employee / official,1,none,yes,1,divorced/separated
no checking account,4,critical account / other credits existing (not at this bank),education,2074,... >= 1000 DM,... < 1 year,4,male,none,2,"car or other, not in savings account",32,bank,own,1,skilled employee / official,2,none,yes,2,single
0 <= ... < 200 DM,4,existing credits paid back duly till now,domestic appliances,5413,... < 100 DM,1 <= ... < 4 years,4,female,none,3,"car or other, not in savings account",28,none,own,1,skilled employee / official,2,none,yes,1,divorced/separated
no checking account,4,all credits at this bank paid back duly,car (new),5925,... < 100 DM,... < 1 year,1,male,none,3,real estate,67,none,own,1,skilled employee / official,1,none,yes,1,divorced/separated
0 <= ... < 200 DM,4,critical account / other credits existing (not at this bank),radio/television,369,100 <= ... < 500 DM,4 <= ... < 7 years,4,female,none,4,real estate,36,none,own,1,skilled employee / official,1,none,yes,1,married/widowed
no checking account,4,critical account / other credits existing (not at this bank),furniture/equipment,817,... < 100 DM,... >= 7 years,4,female,none,4,"car or other, not in savings account",30,none,own,1,skilled employee / official,1,"yes, registered under customer's name",yes,2,single
... < 0 DM,5,existing credits paid back duly till now,car (new),2439,... < 100 DM,... < 1 year,4,female,none,4,unknown / no property,23,none,rent,2,skilled employee / official,1,"yes, registered under customer's name",yes,1,single
0 <= ... < 200 DM,14,delay in paying off in the past,car (new),3326,unknown / no savings account,... >= 7 years,4,male,none,3,building society savings agreement / life insurance,52,none,own,1,skilled employee / official,1,none,yes,2,divorced/separated
0 <= ... < 200 DM,24,existing credits paid back duly till now,car (used),2148,... < 100 DM,1 <= ... < 4 years,2,male,none,3,building society savings agreement / life insurance,40,none,rent,1,management / self-employed / highly qualified employee / officer,1,none,yes,1,single
... >= 200 DM / salary assignments for at least 1 year,4,critical account / other credits existing (not at this bank),car (new),3101,... < 100 DM,4 <= ... < 7 years,2,male,none,4,unknown / no property,37,none,own,1,skilled employee / official,1,none,yes,1,divorced/separated
0 <= ... < 200 DM,4,critical account / other credits existing (not at this bank),business,3394,unknown / no savings account,4 <= ... < 7 years,1,male,none,4,real estate,37,none,own,2,skilled employee / official,1,none,yes,1,divorced/separated
... < 0 DM,4,no credits taken / all credits paid back duly,car (used),1296,100 <= ... < 500 DM,... >= 7 years,3,female,none,2,real estate,34,none,for free,1,skilled employee / official,2,none,yes,1,single
no checking account,26,critical account / other credits existing (not at this bank),repairs,11254,100 <= ... < 500 DM,4 <= ... < 7 years,2,female,none,4,real estate,38,bank,own,1,skilled employee / official,1,"yes, registered under customer's name",yes,2,single
no checking account,10,existing credits paid back duly till now,car (new),2218,unknown / no savings account,... >= 7 years,4,female,none,3,unknown / no property,26,none,rent,1,skilled employee / official,1,none,yes,1,single
no checking account,36,critical account / other credits existing (not at this bank),furniture/equipment,1478,100 <= ... < 500 DM,... >= 7 years,4,female,none,2,real estate,56,none,own,1,unemployed / unskilled - non-resident,1,"yes, registered under customer's name",yes,1,divorced/separated
no checking account,16,critical account / other credits existing (not at this bank),retraining,295,... < 100 DM,unemployed,4,male,none,4,real estate,33,none,own,2,skilled employee / official,1,none,yes,1,single
... < 0 DM,26,existing credits paid back duly till now,business,827,... < 100 DM,4 <= ... < 7 years,2,male,none,3,unknown / no property,56,none,rent,2,skilled employee / official,1,none,yes,2,single
no checking account,8,delay in paying off in the past,car (new),3303,100 <= ... < 500 DM,1 <= ... < 4 years,1,male,none,3,real estate,43,none,rent,1,management / self-employed / highly qualified employee / officer,1,none,yes,2,single
... < 0 DM,6,critical account / other credits existing (not at this bank),radio/television,2575,... < 100 DM,... < 1 year,2,male,none,1,real estate,50,none,own,2,unskilled - resident,2,"yes, registered under customer's name",yes,1,single
no checking account,8,existing credits paid back duly till now,furniture/equipment,3041,100 <= ... < 500 DM,1 <= ... < 4 years,4,male,none,2,building society savings agreement / life insurance,42,bank,for free,1,skilled employee / official,2,none,yes,1,single
... < 0 DM,17,existing credits paid back duly till now,education,2237,unknown / no savings account,... >= 7 years,4,female,none,4,building society savings agreement / life insurance,75,none,rent,1,skilled employee / official,2,"yes, registered under customer's name",yes,1,married/widowed
... < 0 DM,33,critical account / other credits existing (not at this bank),car (new),2187,500 <= ... < 1000 DM,... < 1 year,4,male,none,4,building society savings agreement / life insurance,29,none,rent,1,skilled employee / official,1,none,yes,1,single
no checking account,18,existing credits paid back duly till now,car (new),1195,unknown / no savings account,... < 1 year,2,male,none,4,building society savings agreement / life insurance,45,none,own,1,skilled employee / official,2,none,yes,2,single
no checking account,12,existing credits paid back duly till now,radio/television,2484,unknown / no savings account,... < 1 year,4,male,none,4,real estate,32,bank,own,1,skilled employee / official,1,none,yes,1,divorced/separated
no checking account,4,existing credits paid back duly till now,car (new),15945,... >= 1000 DM,1 <= ... < 4 years,1,male,none,4,real estate,52,none,own,1,skilled employee / official,2,none,yes,1,single
... < 0 DM,24,existing credits paid back duly till now,radio/television,2807,... < 100 DM,4 <= ... < 7 years,2,female,none,1,"car or other, not in savings account",62,none,rent,2,skilled employee / official,1,none,yes,1,single
no checking account,21,critical account / other credits existing (not at this bank),car (new),2764,... < 100 DM,4 <= ... < 7 years,2,male,none,3,real estate,32,none,for free,2,skilled employee / official,1,none,yes,2,divorced/separated
0 <= ... < 200 DM,4,critical account / other credits existing (not at this bank),others,4187,unknown / no savings account,... < 1 year,4,male,guarantor,4,real estate,38,none,own,1,skilled employee / official,2,"yes, registered under customer's name",yes,1,single
0 <= ... < 200 DM,11,critical account / other credits existing (not at this bank),business,607,... < 100 DM,... >= 7 years,1,female,co-applicant,3,"car or other, not in savings account",33,none,rent,1,management / self-employed / highly qualified employee / officer,1,"yes, registered under customer's name",yes,1,single
no checking account,4,delay in paying off in the past,car (new),1605,500 <= ... < 1000 DM,... >= 7 years,4,male,none,4,unknown / no property,40,none,own,1,skilled employee / official,1,none,yes,2,divorced/separated
no checking account,9,existing credits paid back duly till now,car (used),2836,... < 100 DM,4 <= ... < 7 years,2,male,none,2,"car or other, not in savings account",33,bank,own,1,management / self-employed / highly qualified employee / officer,2,"yes, registered under customer's name",yes,1,married/widowed
no checking account,4,existing credits paid back duly till now,radio/television,3355,... < 100 DM,... < 1 year,1,male,none,2,real estate,72,none,own,1,skilled employee / official,1,none,yes,1,single
... >= 200 DM / salary assignments for at least 1 year,4,delay in paying off in the past,domestic appliances,1284,500 <= ... < 1000 DM,... >= 7 years,4,male,none,4,building society savings agreement / life insurance,29,none,own,1,unemployed / unskilled - non-resident,1,none,yes,1,divorced/separated
... >= 200 DM / salary assignments for at least 1 year,4,existing credits paid back duly till now,car (new),2768,... < 100 DM,1 <= ... < 4 years,4,male,none,1,real estate,67,none,own,2,skilled employee / official,1,"yes, registered under customer's name",yes,1,married/widowed
... < 0 DM,11,critical account / other credits existing (not at this bank),business,632,unknown / no savings account,... < 1 year,2,male,none,4,real estate,57,none,for free,2,skilled employee / official,1,none,yes,1,single
no checking account,4,critical account / other credits existing (not at this bank),furniture/equipment,3598,... < 100 DM,1 <= ... < 4 years,4,male,none,4,real estate,46,none,for free,1,skilled employee / official,1,none,yes,1,single
no checking account,4,critical account / other credits existing (not at this bank),business,1449,100 <= ... < 500 DM,1 <= ... < 4 years,2,male,none,1,building society savings agreement / life insurance,57,none,own,1,skilled employee / official,2,none,yes,1,single
... < 0 DM,9,existing credits paid back duly till now,business,3551,... < 100 DM,... >= 7 years,4,female,none,4,building society savings agreement / life insurance,58,none,rent,2,unskilled - resident,1,none,yes,2,divorced/separated
no checking account,25,delay in paying off in the past,furniture/equipment,3470,100 <= ... < 500 DM,... < 1 year,2,male,co-applicant,2,building society savings agreement / life insurance,59,bank,for free,2,management / self-employed / highly qualified employee / officer,1,none,yes,2,divorced/separated
... < 0 DM,4,critical account / other credits existing (not at this bank),car (new),840,... < 100 DM,1 <= ... < 4 years,4,female,none,3,real estate,32,none,own,1,skilled employee / official,1,none,yes,1,divorced/separated
no checking account,5,delay in paying off in the past,car (used),494,100 <= ... < 500 DM,unemployed,4,male,co-applicant,4,unknown / no property,32,none,rent,1,unemployed / unskilled - non-resident,1,"yes, registered under customer's name",yes,1,divorced/separated
0 <= ... < 200 DM,12,critical account / other credits existing (not at this bank),car (new),250,100 <= ... < 500 DM,... >= 7 years,4,female,guarantor,1,"car or other, not in savings account",75,none,own,1,management / self-employed / highly qualified employee / officer,1,"yes, registered under customer's name",yes,1,divorced/separated
... < 0 DM,15,critical account / other credits existing (not at this bank),furniture/equipment,2959,... < 100 DM,4 <= ... < 7 years,1,male,none,4,building society savings agreement / life insurance,64,none,for free,2,skilled employee / official,1,none,yes,1,divorced/separated
no checking account,15,existing credits paid back duly till now,radio/television,1377,... >= 1000 DM,... >= 7 years,4,male,none,4,building society savings agreement / life insurance,33,none,own,2,skilled employee / official,1,none,no,1,single
... < 0 DM,22,existing credits paid back duly till now,car (new),9469,500 <= ... < 1000 DM,4 <= ... < 7 years,1,male,none,4,real estate,34,none,own,1,skilled employee / official,1,"yes, registered under customer's name",yes,1,married/widowed
0 <= ... < 200 DM,8,critical account / other credits existing (not at this bank),radio/television,2489,... < 100 DM,... >= 7 years,4,male,co-applicant,2,"car or other, not in savings account",30,none,rent,1,management / self-employed / highly qualified employee / officer,1,none,yes,2,divorced/separated
no checking account,4,existing credits paid back duly till now,education,2823,100 <= ... < 500 DM,... >= 7 years,2,male,co-applicant,1,building society savings agreement / life insurance,59,stores,own,2,skilled employee / official,1,none,yes,2,divorced/separated
... >= 200 DM / salary assignments for at least 1 year,4,existing credits paid back duly till now,others,2201,500 <= ... < 1000 DM,... < 1 year,2,male,none,1,unknown / no property,25,none,own,1,skilled employee / official,2,none,yes,2,divorced/separated
... < 0 DM,20,existing credits paid back duly till now,radio/television,418,... < 100 DM,... >= 7 years,4,male,none,2,"car or other, not in savings account",19,none,for free,1,unskilled - resident,2,none,yes,1,single
... < 0 DM,15,existing credits paid back duly till now,car (new),3340,... < 100 DM,1 <= ... < 4 years,4,female,none,2,real estate,29,none,own,1,skilled employee / official,1,none,yes,1,divorced/separated
no checking account,22,existing credits paid back duly till now,business,1223,... < 100 DM,1 <= ... < 4 years,3,male,none,4,real estate,54,none,own,1,skilled employee / official,1,none,yes,2,single
... < 0 DM,23,critical account / other credits existing (not at this bank),repairs,1516,100 <= ... < 500 DM,... >= 7 years,3,female,none,2,building society savings agreement / life insurance,28,none,rent,1,skilled employee / official,1,none,yes,1,single
... < 0 DM,4,existing credits paid back duly till now,car (new),3560,... < 100 DM,... >= 7 years,3,male,none,3,"car or other, not in savings account",37,none,own,1,skilled employee / official,1,"yes, registered under customer's name",yes,1,single
... < 0 DM,4,critical account / other credits existing (not at this bank),car (used),2862,100 <= ... < 500 DM,... >= 7 years,3,female,none,3,real estate,54,none,for free,1,unskilled - resident,1,"yes, registered under customer's name",yes,1,single
... < 0 DM,4,all credits at this bank paid back duly,car (used),2158,... < 100 DM,... >= 7 years,4,male,none,3,real estate,50,bank,own,2,skilled employee / official,1,none,yes,1,single
no checking account,20,critical account / other credits existing (not at this bank),car (new),1060,100 <= ... < 500 DM,... >= 7 years,3,male,none,2,building society savings agreement / life insurance,19,none,own,1,skilled employee / official,1,none,yes,1,single
... < 0 DM,51,delay in paying off in the past,radio/television,1602,... < 100 DM,... < 1 year,4,male,co-applicant,2,unknown / no property,55,none,own,2,skilled employee / official,1,"yes, registered under customer's name",yes,1,divorced/separated
... < 0 DM,46,critical account / other credits existing (not at this bank),furniture/equipment,6130,... < 100 DM,4 <= ... < 7 years,4,male,none,4,building society savings agreement / life insurance,36,stores,own,2,skilled employee / official,2,none,yes,1,divorced/separated
... >= 200 DM / salary assignments for at least 1 year,23,existing credits paid back duly till now,radio/television,973,... < 100 DM,4 <= ... < 7 years,3,male,co-applicant,4,real estate,19,none,own,1,skilled employee / official,1,none,yes,2,divorced/separated
0 <= ... < 200 DM,4,critical account / other credits existing (not at this bank),car (used),2663,... < 100 DM,4 <= ... < 7 years,3,male,none,2,building society savings agreement / life insurance,36,bank,for free,1,skilled employee / official,1,"yes, registered under customer's name",yes,2,single
no checking account,19,existing credits paid back duly till now,radio/television,3487,unknown / no savings account,1 <= ... < 4 years,4,male,none,4,real estate,36,none,for free,1,unskilled - resident,2,none,yes,1,divorced/separated
... < 0 DM,9,critical account / other credits existing (not at this bank),radio/television,2297,unknown / no savings account,... >= 7 years,4,male,none,2,building society savings agreement / life insurance,35,none,own,1,skilled employee / official,2,none,yes,1,single
no checking account,4,critical account / other credits existing (not at this bank),education,250,... < 100 DM,1 <= ... < 4 years,4,male,none,4,real estate,39,none,rent,2,unskilled - resident,1,none,yes,1,divorced/separated
... < 0 DM,6,critical account / other credits existing (not at this bank),business,2795,... < 100 DM,4 <= ... < 7 years,4,male,none,4,building society savings agreement / life insurance,27,none,own,1,skilled employee / official,1,none,yes,1,divorced/separated
... < 0 DM,4,existing credits paid back duly till now,business,2155,unknown / no savings account,... >= 7 years,4,female,none,4,"car or other, not in savings account",31,none,rent,1,skilled employee / official,2,none,yes,1,single
no checking account,4,existing credits paid back duly till now,radio/television,2197,... < 100 DM,1 <= ... < 4 years,4,male,none,3,building society savings agreement / life insurance,46,none,for free,2,management / self-employed / highly qualified employee / officer,1,none,yes,2,married/widowed
no checking account,6,critical account / other credits existing (not at this bank),car (used),2113,unknown / no savings account,... >= 7 years,4,male,none,4,unknown / no property,62,none,rent,1,skilled employee / official,2,"yes, registered under customer's name",yes,2,single
... < 0 DM,4,critical account / other credits existing (not at this bank),domestic appliances,15945,... < 100 DM,4 <= ... < 7 years,1,male,none,3,building society savings agreement / life insurance,24,bank,own,1,unemployed / unskilled - non-resident,1,none,yes,1,divorced/separated
... < 0 DM,34,critical account / other credits existing (not at this bank),education,3530,... >= 1000 DM,4 <= ... < 7 years,4,male,none,2,"car or other, not in savings account",35,stores,rent,1,skilled employee / official,1,"yes, registered under customer's name",yes,1,single
no checking account,6,critical account / other credits existing (not at this bank),radio/television,1984,... < 100 DM,... >= 7 years,4,male,none,4,building society savings agreement / life insurance,26,bank,own,1,skilled employee / official,1,none,yes,1,single
... < 0 DM,18,existing credits paid back duly till now,car (used),2157,100 <= ... < 500 DM,... >= 7 years,4,male,none,3,real estate,28,none,own,1,skilled employee / official,2,none,yes,1,divorced/separated
no checking account,19,critical account / other credits existing (not at this bank),car (used),2812,unknown / no savings account,1 <= ... < 4 years,1,female,none,1,"car or other, not in savings account",61,none,for free,1,skilled employee / official,1,"yes, registered under customer's name",yes,2,single
0 <= ... < 200 DM,7,critical account / other credits existing (not at this bank),radio/television,2856,100 <= ... < 500 DM,4 <= ... < 7 years,1,female,none,2,unknown / no property,34,none,own,1,unskilled - resident,1,none,yes,1,divorced/separated
0 <= ... < 200 DM,11,critical account / other credits existing (not at this bank),car (new),2617,... < 100 DM,... >= 7 years,4,male,none,3,building society savings agreement / life insurance,60,none,rent,1,skilled employee / official,1,"yes, registered under customer's name",yes,1,divorced/separated
... < 0 DM,4,delay in paying off in the past,radio/television,299,... < 100 DM,... < 1 year,4,male,none,4,"car or other, not in savings account",75,none,rent,1,skilled employee / official,2,none,yes,1,divorced/separated
no checking account,17,delay in paying off in the past,furniture/equipment,3133,... < 100 DM,... < 1 year,4,male,none,2,building society savings agreement / life insurance,40,none,own,1,skilled employee / official,1,"yes, registered under customer's name",yes,1,single
0 <= ... < 200 DM,4,critical account / other credits existing (not at this bank),business,1429,... < 100 DM,... >= 7 years,3,male,none,3,"car or other, not in savings account",64,none,own,2,skilled employee / official,1,"yes, registered under customer's name",yes,1,single
no checking account,4,all credits at this bank paid back duly,business,1395,... < 100 DM,1 <= ... < 4 years,3,male,none,3,real estate,33,bank,own,2,skilled employee / official,1,none,yes,1,single
... < 0 DM,26,delay in paying off in the past,car (new),2580,100 <= ... < 500 DM,4 <= ... < 7 years,1,male,none,4,"car or other, not in savings account",19,none,own,1,skilled employee / official,1,none,yes,1,single
... < 0 DM,4,critical account / other credits existing (not at this bank),car (new),3143,... < 100 DM,1 <= ... < 4 years,3,male,co-applicant,4,real estate,63,bank,own,1,skilled employee / official,2,"yes, registered under customer's name",no,1,divorced/separated
no checking account,9,existing credits paid back duly till now,furniture/equipment,5886,unknown / no savings account,1 <= ... < 4 years,4,male,guarantor,4,building society savings agreement / life insurance,25,none,own,1,skilled employee / official,1,none,yes,2,single
no checking account,15,existing credits paid back duly till now,car (new),15945,500 <= ... < 1000 DM,4 <= ... < 7 years,1,male,none,3,building society savings agreement / life insurance,62,none,rent,1,skilled employee / official,1,"yes, registered under customer's name",yes,1,divorced/separated
0 <= ... < 200 DM,38,critical account / other credits existing (not at this bank),car (new),1040,... < 100 DM,unemployed,3,male,none,4,real estate,43,none,own,2,unskilled - resident,1,none,yes,1,married/widowed
... < 0 DM,4,critical account / other credits existing (not at this bank),business,407,... < 100 DM,... >= 7 years,2,female,none,3,building society savings agreement / life insurance,26,stores,rent,1,skilled employee / official,1,"yes, registered under customer's name",yes,1,single
no checking account,4,critical account / other credits existing (not at this bank),radio/television,862,unknown / no savings account,4 <= ... < 7 years,4,male,none,2,real estate,38,none,for free,1,skilled employee / official,2,none,yes,1,divorced/separated
... < 0 DM,21,critical account / other credits existing (not at this bank),radio/television,3119,100 <= ... < 500 DM,1 <= ... < 4 years,4,female,none,4,unknown / no property,28,none,for free,1,unskilled - resident,1,none,yes,1,divorced/separated
0 <= ... < 200 DM,24,critical account / other credits existing (not at this bank),business,1659,100 <= ... < 500 DM,4 <= ... < 7 years,2,male,none,3,"car or other, not in savings account",41,bank,own,1,skilled employee / official,1,none,yes,1,single
no checking account,4,existing credits paid back duly till now,radio/television,1980,100 <= ... < 500 DM,unemployed,4,male,none,4,real estate,36,none,own,1,management / self-employed / highly qualified employee / officer,1,none,yes,1,single
no checking account,4,existing credits paid back duly till now,radio/television,2378,... >= 1000 DM,... >= 7 years,4,female,none,3,real estate,38,bank,rent,1,skilled employee / official,1,none,yes,1,divorced/separated
no checking account,17,critical account / other credits existing (not at this bank),car (new),2665,100 <= ... < 500 DM,4 <= ... < 7 years,4,male,none,3,unknown / no property,38,none,own,1,skilled employee / official,1,"yes, registered under customer's name",yes,1,divorced/separated
... < 0 DM,27,critical account / other credits existing (not at this bank),car (new),2759,500 <= ... < 1000 DM,4 <= ... < 7 years,2,male,none,3,unknown / no property,52,bank,own,1,skilled employee / official,1,"yes, registered under customer's name",yes,2,single
0 <= ... < 200 DM,20,existing credits paid back duly till now,car (used),438,500 <= ... < 1000 DM,1 <= ... < 4 years,3,male,none,2,building society savings agreement / life insurance,32,none,own,1,skilled employee / official,1,"yes, registered under customer's name",yes,1,single
no checking account,11,critical account / other credits existing (not at this bank),car (used),15945,... < 100 DM,1 <= ... < 4 years,4,male,none,4,"car or other, not in savings account",75,none,rent,1,unskilled - resident,1,none,yes,1,single
... < 0 DM,8,critical account / other credits existing (not at this bank),radio/television,2683,... < 100 DM,1 <= ... < 4 years,1,female,none,3,real estate,22,none,for free,2,unskilled - resident,2,none,yes,1,single
no checking account,8,critical account / other credits existing (not at this bank),car (used),2906,... < 100 DM,1 <= ... < 4 years,4,female,none,4,real estate,31,none,own,2,unskilled - resident,1,none,no,2,divorced/separated
... < 0 DM,22,all credits at this bank paid back duly,furniture/equipment,2636,unknown / no savings account,... >= 7 years,1,male,none,3,"car or other, not in savings account",19,none,own,1,skilled employee / official,1,none,yes,1,single
no checking account,6,existing credits paid back duly till now,car (new),3094,100 <= ... < 500 DM,... >= 7 years,1,female,none,3,unknown / no property,26,none,rent,1,skilled employee / official,1,none,yes,1,married/widowed
0 <= ... < 200 DM,4,critical account / other credits existing (not at this bank),radio/television,1658,unknown / no savings account,... >= 7 years,4,male,none,4,unknown / no property,46,none,own,1,skilled employee / official,2,"yes, registered under customer's name",yes,1,divorced/separated
... < 0 DM,15,existing credits paid back duly till now,radio/television,1622,100 <= ... < 500 DM,1 <= ... < 4 years,4,male,guarantor,2,"car or other, not in savings account",75,stores,rent,2,skilled employee / official,1,none,yes,2,divorced/separated
... < 0 DM,9,existing credits paid back duly till now,radio/television,250,... < 100 DM,... < 1 year,4,female,none,2,"car or other, not in savings account",27,none,own,1,unskilled - resident,1,none,yes,1,divorced/separated
... < 0 DM,4,existing credits paid back duly till now,radio/television,3556,100 <= ... < 500 DM,... < 1 year,2,male,none,4,real estate,25,none,own,1,skilled employee / official,1,none,yes,2,single
no checking account,15,existing credits paid back duly till now,car (new),3197,... < 100 DM,... >= 7 years,4,male,none,3,building society savings agreement / life insurance,30,none,own,1,skilled employee / official,1,none,yes,1,divorced/separated
0 <= ... < 200 DM,4,existing credits paid back duly till now,business,3405,... < 100 DM,4 <= ... < 7 years,4,male,none,4,real estate,38,none,own,1,skilled employee / official,2,"yes, registered under customer's name",yes,1,divorced/separated
0 <= ... < 200 DM,4,critical account / other credits existing (not at this bank),repairs,2183,... >= 1000 DM,unemployed,1,male,none,4,"car or other, not in savings account",61,none,rent,1,unskilled - resident,1,none,yes,2,divorced/separated
... < 0 DM,14,existing credits paid back duly till now,repairs,2228,... < 100 DM,unemployed,2,female,none,4,unknown / no property,40,none,for free,1,management / self-employed / highly qualified employee / officer,2,"yes, registered under customer's name",yes,1,single
... < 0 DM,31,existing credits paid back duly till now,car (new),2798,... < 100 DM,1 <= ... < 4 years,2,male,none,4,building society savings agreement / life insurance,47,none,rent,1,skilled employee / official,2,"yes, registered under customer's name",yes,1,single
... < 0 DM,4,existing credits paid back duly till now,furniture/equipment,2112,... < 100 DM,... < 1 year,3,female,none,4,real estate,75,stores,own,1,skilled employee / official,1,none,yes,2,divorced/separated
no checking account,4,no credits taken / all credits paid back duly,radio/television,10610,500 <= ... < 1000 DM,4 <= ... < 7 years,4,male,none,4,"car or other, not in savings account",42,stores,own,2,skilled employee / official,1,none,yes,2,divorced/separated
... < 0 DM,24,delay in paying off in the past,education,5291,... < 100 DM,1 <= ... < 4 years,4,male,none,4,unknown / no property,30,none,for free,1,management / self-employed / highly qualified employee / officer,1,none,yes,1,divorced/separated
no checking account,6,critical account / other credits existing (not at this bank),radio/television,250,100 <= ... < 500 DM,... < 1 year,4,male,none,2,"car or other, not in savings account",37,none,for free,1,skilled employee / official,1,"yes, registered under customer's name",yes,1,married/widowed
... < 0 DM,4,delay in paying off in the past,radio/television,1915,... < 100 DM,1 <= ... < 4 years,4,male,none,4,unknown / no property,75,none,for free,1,skilled employee / official,1,none,yes,1,divorced/separated
no checking account,22,all credits at this bank paid back duly,car (new),2321,unknown / no savings account,... >= 7 years,3,male,guarantor,2,building society savings agreement / life insurance,28,none,rent,1,skilled employee / official,2,"yes, registered under customer's name",yes,1,single
... >= 200 DM / salary assignments for at least 1 year,23,critical account / other credits existing (not at this bank),furniture/equipment,3436,... < 100 DM,4 <= ... < 7 years,2,male,none,2,"car or other, not in savings account",23,none,own,2,unskilled - resident,2,none,yes,1,single
0 <= ... < 200 DM,4,critical account / other credits existing (not at this bank),car (new),3521,... >= 1000 DM,1 <= ... < 4 years,4,female,none,4,building society savings agreement / life insurance,61,none,own,2,skilled employee / official,1,none,yes,1,divorced/separated
no checking account,9,critical account / other credits existing (not at this bank),car (new),623,... >= 1000 DM,4 <= ... < 7 years,2,female,none,3,"car or other, not in savings account",46,stores,own,1,skilled employee / official,2,"yes, registered under customer's name",yes,1,divorced/separated
no checking account,4,critical account / other credits existing (not at this bank),furniture/equipment,1670,... < 100 DM,4 <= ... < 7 years,2,male,none,4,real estate,65,none,own,1,skilled employee / official,1,"yes, registered under customer's name",yes,1,divorced/separated
0 <= ... < 200 DM,4,existing credits paid back duly till now,retraining,1979,... < 100 DM,... >= 7 years,4,male,none,2,unknown / no property,27,none,own,1,skilled employee / official,1,none,yes,1,divorced/separated
... < 0 DM,21,existing credits paid back duly till now,repairs,3495,100 <= ... < 500 DM,1 <= ... < 4 years,3,male,none,4,"car or other, not in savings account",57,none,rent,1,skilled employee / official,1,none,yes,1,single
... >= 200 DM / salary assignments for at least 1 year,4,delay in paying off in the past,radio/television,2690,... < 100 DM,1 <= ... < 4 years,4,male,none,4,real estate,25,none,own,2,skilled employee / official,1,none,yes,2,single
no checking account,4,no credits taken / all credits paid back duly,car (used),3164,... >= 1000 DM,4 <= ... < 7 years,3,male,none,3,real estate,24,none,own,1,unskilled - resident,1,none,yes,1,divorced/separated
0 <= ... < 200 DM,4,critical account / other credits existing (not at this bank),furniture/equipment,2897,100 <= ... < 500 DM,... >= 7 years,3,male,none,4,building society savings agreement / life insurance,36,stores,for free,1,skilled employee / official,1,none,yes,1,divorced/separated
... < 0 DM,19,critical account / other credits existing (not at this bank),radio/television,2344,500 <= ... < 1000 DM,... >= 7 years,2,male,none,4,building society savings agreement / life insurance,71,none,own,1,skilled employee / official,1,none,yes,1,divorced/separated
... < 0 DM,21,existing credits paid back duly till now,radio/television,3207,100 <= ... < 500 DM,... < 1 year,4,female,co-applicant,1,unknown / no property,29,none,for free,1,skilled employee / official,1,none,yes,2,married/widowed
no checking account,4,existing credits paid back duly till now,business,3435,unknown / no savings account,unemployed,2,male,co-applicant,3,"car or other, not in savings account",29,none,own,1,skilled employee / official,1,none,yes,1,divorced/separated
no checking account,7,existing credits paid back duly till now,car (new),3278,... >= 1000 DM,1 <= ... < 4 years,2,female,none,4,unknown / no property,38,none,rent,1,skilled employee / official,1,none,yes,1,single
no checking account,20,existing credits paid back duly till now,repairs,2943,unknown / no savings account,... >= 7 years,1,male,none,4,"car or other, not in savings account",22,none,for free,1,skilled employee / official,1,"yes, registered under customer's name",yes,2,divorced/separated
0 <= ... < 200 DM,4,existing credits paid back duly till now,car (new),2864,unknown / no savings account,... < 1 year,4,male,none,4,unknown / no property,33,none,own,1,skilled employee / official,1,none,yes,2,single
no checking account,21,critical account / other credits existing (not at this bank),car (new),250,100 <= ... < 500 DM,... >= 7 years,2,male,none,1,"car or other, not in savings account",37,none,own,1,unskilled - resident,2,none,yes,1,divorced/separated
no checking account,12,delay in paying off in the past,education,250,... < 100 DM,unemployed,4,male,co-applicant,2,building society savings agreement / life insurance,32,none,rent,2,unskilled - resident,1,none,yes,1,single
... < 0 DM,8,existing credits paid back duly till now,furniture/equipment,250,... >= 1000 DM,4 <= ... < 7 years,4,female,none,2,building society savings agreement / life insurance,48,none,rent,1,skilled employee / official,1,none,yes,2,single
... < 0 DM,24,critical account / other credits existing (not at this bank),car (new),4365,500 <= ... < 1000 DM,... >= 7 years,4,male,none,2,"car or other, not in savings account",36,none,own,1,skilled employee / official,1,none,yes,1,divorced/separated
no checking account,9,critical account / other credits existing (not at this bank),radio/television,2493,500 <= ... < 1000 DM,... >= 7 years,3,male,guarantor,4,building society savings agreement / life insurance,35,none,own,1,unemployed / unskilled - non-resident,2,"yes, registered under customer's name",yes,2,single
no checking account,4,all credits at this bank paid back duly,radio/television,704,500 <= ... < 1000 DM,... >= 7 years,2,male,none,3,real estate,33,none,for free,1,skilled employee / official,2,none,yes,2,divorced/separated
no checking account,4,all credits at this bank paid back duly,furniture/equipment,3187,... < 100 DM,... >= 7 years,4,female,none,4,"car or other, not in savings account",19,none,own,1,skilled employee / official,1,none,yes,2,single
no checking account,6,critical account / other credits existing (not at this bank),car (new),1691,unknown / no savings account,... < 1 year,4,male,none,1,"car or other, not in savings account",75,none,own,1,skilled employee / official,1,"yes, registered under customer's name",yes,1,divorced/separated
no checking account,16,existing credits paid back duly till now,furniture/equipment,3465,unknown / no savings account,... >= 7 years,3,male,guarantor,4,real estate,42,none,rent,1,skilled employee / official,1,none,yes,2,single
no checking account,4,critical account / other credits existing (not at this bank),radio/television,1617,unknown / no savings account,1 <= ... < 4 years,3,male,none,3,"car or other, not in savings account",27,none,for free,1,skilled employee / official,1,none,yes,1,married/widowed
... < 0 DM,4,delay in paying off in the past,domestic appliances,3389,500 <= ... < 1000 DM,4 <= ... < 7 years,4,male,none,4,unknown / no property,34,none,own,1,unskilled - resident,1,"yes, registered under customer's name",yes,2,single
... >= 200 DM / salary assignments for at least 1 year,7,critical account / other credits existing (not at this bank),car (new),3416,100 <= ... < 500 DM,4 <= ... < 7 years,3,male,none,3,real estate,68,none,own,2,skilled employee / official,1,"yes, registered under customer's name",yes,1,single
... < 0 DM,14,existing credits paid back duly till now,car (new),6923,100 <= ... < 500 DM,1 <= ... < 4 years,3,female,none,2,"car or other, not in savings account",45,none,rent,1,skilled employee / official,1,"yes, registered under customer's name",yes,1,single
0 <= ... < 200 DM,49,critical account / other credits existing (not at this bank),radio/television,5229,... >= 1000 DM,4 <= ... < 7 years,4,female,none,1,building society savings agreement / life insurance,31,none,own,1,management / self-employed / highly qualified employee / officer,2,"yes, registered under customer's name",yes,2,single
no checking account,48,critical account / other credits existing (not at this bank),furniture/equipment,3005,... < 100 DM,... < 1 year,2,male,none,2,real estate,73,none,own,2,skilled employee / official,1,"yes, registered under customer's name",yes,1,single
no checking account,16,delay in paying off in the past,radio/television,6093,unknown / no savings account,... < 1 year,4,male,none,2,"car or other, not in savings account",46,none,own,1,skilled employee / official,1,none,yes,2,divorced/separated
... >= 200 DM / salary assignments for at least 1 year,26,existing credits paid back duly till now,radio/television,1739,unknown / no savings account,4 <= ... < 7 years,1,male,none,4,building society savings agreement / life insurance,22,none,own,1,management / self-employed / highly qualified employee / officer,1,none,yes,1,single
no checking account,20,existing credits paid back duly till now,others,250,unknown / no savings account,... < 1 year,4,female,none,1,building society savings agreement / life insurance,26,none,for free,1,skilled employee / official,2,"yes, registered under customer's name",yes,2,single
... < 0 DM,4,critical account / other credits existing (not at this bank),car (used),7571,500 <= ... < 1000 DM,1 <= ... < 4 years,2,male,none,3,"car or other, not in savings account",37,stores,own,1,skilled employee / official,1,"yes, registered under customer's name",yes,1,single
... < 0 DM,11,critical account / other credits existing (not at this bank),radio/television,1312,unknown / no savings account,... < 1 year,4,female,co-applicant,4,real estate,36,none,for free,2,skilled employee / official,1,none,yes,1,single
no checking account,4,critical account / other credits existing (not at this bank),car (new),9235,unknown / no savings account,... >= 7 years,2,female,none,4,real estate,52,none,rent,2,skilled employee / official,1,"yes, registered under customer's name",yes,1,single
... < 0 DM,20,all credits at this bank paid back duly,furniture/equipment,3051,... < 100 DM,... < 1 year,4,female,none,2,real estate,28,none,own,1,skilled employee / official,1,none,yes,1,married/widowed
... < 0 DM,5,existing credits paid back duly till now,business,3080,... < 100 DM,4 <= ... < 7 years,4,male,none,4,unknown / no property,59,none,own,1,skilled employee / official,1,none,yes,2,single
no checking account,20,existing credits paid back duly till now,car (new),2705,100 <= ... < 500 DM,... < 1 year,1,male,none,3,building society savings agreement / life insurance,31,none,rent,1,skilled employee / official,1,"yes, registered under customer's name",yes,1,single
no checking account,19,existing credits paid back duly till now,radio/television,754,unknown / no savings account,4 <= ... < 7 years,4,male,none,4,real estate,24,none,for free,2,skilled employee / official,1,"yes, registered under customer's name",yes,1,divorced/separated
no checking account,4,critical account / other credits existing (not at this bank),car (used),1848,unknown / no savings account,4 <= ... < 7 years,3,female,none,2,"car or other, not in savings account",29,none,rent,1,skilled employee / official,1,none,yes,1,single
no checking account,38,existing credits paid back duly till now,car (new),1683,... < 100 DM,1 <= ... < 4 years,4,male,none,4,building society savings agreement / life insurance,44,none,own,1,skilled employee / official,1,none,yes,1,divorced/separated
0 <= ... < 200 DM,4,existing credits paid back duly till now,car (used),15945,100 <= ... < 500 DM,4 <= ... < 7 years,3,male,none,4,"car or other, not in savings account",75,none,own,1,skilled employee / official,1,none,yes,1,divorced/separated
0 <= ... < 200 DM,4,all credits at this bank paid back duly,furniture/equipment,2809,... < 100 DM,... >= 7 years,4,male,none,4,real estate,66,none,own,1,skilled employee / official,1,none,yes,1,single
... < 0 DM,9,critical account / other credits existing (not at this bank),furniture/equipment,1515,unknown / no savings account,1 <= ... < 4 years,4,male,none,1,building society savings agreement / life insurance,60,none,rent,2,skilled employee / official,1,none,yes,1,divorced/separated
... < 0 DM,4,existing credits paid back duly till now,radio/television,1572,unknown / no savings account,1 <= ... < 4 years,2,male,none,3,real estate,48,stores,for free,1,management / self-employed / highly qualified employee / officer,2,"yes, registered under customer's name",yes,1,single
... >= 200 DM / salary assignments for at least 1 year,4,existing credits paid back duly till now,repairs,3405,unknown / no savings account,... >= 7 years,1,male,none,3,real estate,75,none,own,1,skilled employee / official,2,none,yes,2,single
... < 0 DM,25,critical account / other credits existing (not at this bank),radio/television,2076,... < 100 DM,1 <= ... < 4 years,4,male,none,4,"car or other, not in savings account",35,none,rent,1,skilled employee / official,1,none,yes,1,single
... < 0 DM,4,existing credits paid back duly till now,radio/television,4802,100 <= ... < 500 DM,... >= 7 years,4,female,none,4,real estate,62,none,own,1,skilled employee / official,1,none,no,1,single
0 <= ... < 200 DM,4,delay in paying off in the past,radio/television,1636,unknown / no savings account,4 <= ... < 7 years,2,male,none,3,unknown / no property,39,none,for free,2,unskilled - resident,1,"yes, registered under customer's name",yes,1,single
no checking account,4,delay in paying off in the past,car (new),250,unknown / no savings account,... >= 7 years,2,female,none,2,unknown / no property,33,none,for free,1,skilled employee / official,1,"yes, registered under customer's name",yes,1,single
no checking account,4,critical account / other credits existing (not at this bank),radio/television,2328,... < 100 DM,4 <= ... < 7 years,3,male,none,2,"car or other, not in savings account",27,none,own,1,skilled employee / official,1,"yes, registered under customer's name",yes,1,divorced/separated
no checking account,4,critical account / other credits existing (not at this bank),car (new),1261,... >= 1000 DM,... >= 7 years,4,male,none,4,unknown / no property,30,none,own,1,skilled employee / official,1,none,yes,1,divorced/separated
... < 0 DM,4,critical account / other credits existing (not at this bank),car (used),5338,... < 100 DM,... >= 7 years,4,male,none,4,real estate,36,none,rent,1,skilled employee / official,1,none,yes,1,single
... < 0 DM,4,existing credits paid back duly till now,radio/television,10089,unknown / no savings account,1 <= ... < 4 years,2,male,co-applicant,4,"car or other, not in savings account",28,none,rent,2,skilled employee / official,1,none,yes,1,divorced/separated
... < 0 DM,24,existing credits paid back duly till now,furniture/equipment,3984,... < 100 DM,4 <= ... < 7 years,4,male,none,4,real estate,54,none,for free,1,unskilled - resident,1,none,yes,2,single
... < 0 DM,49,all credits at this bank paid back duly,furniture/equipment,2652,... < 100 DM,1 <= ... < 4 years,1,female,none,4,"car or other, not in savings account",32,bank,own,1,skilled employee / official,1,"yes, registered under customer's name",yes,1,divorced/separated
no checking account,4,critical account / other credits existing (not at this bank),radio/television,3438,... >= 1000 DM,... >= 7 years,4,male,none,4,unknown / no property,29,none,rent,1,skilled employee / official,1,none,yes,2,divorced/separated
no checking account,25,existing credits paid back duly till now,car (new),15945,... < 100 DM,4 <= ... < 7 years,3,male,none,4,real estate,61,none,for free,1,skilled employee / official,1,none,yes,1,single
no checking account,4,delay in paying off in the past,car (new),959,... < 100 DM,... < 1 year,4,male,none,4,unknown / no property,27,none,own,1,skilled employee / official,1,"yes, registered under customer's name",yes,2,divorced/separated
no checking account,18,critical account / other credits existing (not at this bank),car (new),2077,... >= 1000 DM,... >= 7 years,4,male,none,4,building society savings agreement / life insurance,19,bank,own,2,skilled employee / official,1,none,yes,1,single
0 <= ... < 200 DM,12,existing credits paid back duly till now,car (new),250,... < 100 DM,1 <= ... < 4 years,1,female,none,4,unknown / no property,32,none,own,1,skilled employee / official,1,none,yes,1,divorced/separated
no checking account,22,existing credits paid back duly till now,car (used),3461,... >= 1000 DM,... >= 7 years,3,male,none,3,building society savings agreement / life insurance,56,none,own,1,skilled employee / official,2,"yes, registered under customer's name",yes,1,single
... < 0 DM,22,existing credits paid back duly till now,car (new),15945,... >= 1000 DM,... >= 7 years,4,female,none,4,real estate,26,none,own,2,unskilled - resident,1,"yes, registered under customer's name",yes,1,single
no checking account,4,critical account / other credits existing (not at this bank),business,2466,... < 100 DM,... >= 7 years,1,male,none,4,"car or other, not in savings account",75,none,own,1,skilled employee / official,2,none,yes,1,divorced/separated
... < 0 DM,4,existing credits paid back duly till now,car (used),9256,... < 100 DM,4 <= ... < 7 years,3,male,none,4,real estate,36,none,rent,1,skilled employee / official,1,none,yes,1,divorced/separated
no checking account,4,critical account / other credits existing (not at this bank),radio/television,2443,... < 100 DM,... >= 7 years,4,female,none,4,"car or other, not in savings account",75,none,own,1,skilled employee / official,2,"yes, registered under customer's name",yes,2,single
0 <= ... < 200 DM,5,delay in paying off in the past,car (new),3356,100 <= ... < 500 DM,... >= 7 years,1,male,none,1,real estate,37,none,own,1,skilled employee / official,1,none,yes,1,single
no checking account,6,critical account / other credits existing (not at this bank),business,1662,100 <= ... < 500 DM,1 <= ... < 4 years,4,male,none,4,real estate,36,none,rent,1,skilled employee / official,1,"yes, registered under customer's name",yes,1,divorced/separated
0 <= ... < 200 DM,4,all credits at this bank paid back duly,radio/television,1158,... < 100 DM,4 <= ... < 7 years,4,female,none,4,"car or other, not in savings account",73,none,own,2,unskilled - resident,1,none,yes,1,divorced/separated
0 <= ... < 200 DM,7,no credits taken / all credits paid back duly,furniture/equipment,11774,... < 100 DM,... >= 7 years,2,male,none,4,"car or other, not in savings account",41,none,rent,1,unskilled - resident,2,none,yes,1,single
... < 0 DM,4,no credits taken / all credits paid back duly,radio/television,607,... < 100 DM,1 <= ... < 4 years,4,male,none,4,building society savings agreement / life insurance,34,none,rent,1,skilled employee / official,1,none,yes,1,divorced/separated
no checking account,22,all credits at this bank paid back duly,radio/television,250,... < 100 DM,... >= 7 years,4,male,none,3,real estate,37,none,own,1,skilled employee / official,1,none,yes,1,divorced/separated
no checking account,7,critical account / other credits existing (not at this bank),radio/television,3499,... < 100 DM,1 <= ... < 4 years,4,male,none,3,building society savings agreement / life insurance,25,none,own,1,skilled employee / official,1,none,yes,2,divorced/separated
no checking account,5,critical account / other credits existing (not at this bank),furniture/equipment,6282,... >= 1000 DM,1 <= ... < 4 years,4,male,none,4,real estate,44,none,for free,1,skilled employee / official,1,none,yes,1,divorced/separated
... < 0 DM,4,existing credits paid back duly till now,car (new),6954,... < 100 DM,4 <= ... < 7 years,2,female,none,1,unknown / no property,66,none,for free,1,skilled employee / official,1,none,yes,1,divorced/separated
... < 0 DM,4,delay in paying off in the past,furniture/equipment,3386,100 <= ... < 500 DM,1 <= ... < 4 years,4,male,none,2,building society savings agreement / life insurance,36,none,rent,2,skilled employee / official,1,none,yes,2,single
no checking account,4,existing credits paid back duly till now,retraining,250,... >= 1000 DM,... >= 7 years,4,female,none,1,unknown / no property,36,none,own,1,unskilled - resident,1,none,yes,1,divorced/separated
... < 0 DM,4,critical account / other credits existing (not at this bank),education,2237,unknown / no savings account,... < 1 year,4,male,none,4,real estate,46,none,own,1,skilled employee / official,1,none,yes,1,divorced/separated
... < 0 DM,22,critical account / other credits existing (not at this bank),radio/television,9648,... < 100 DM,4 <= ... < 7 years,4,male,none,2,real estate,19,none,for free,1,unskilled - resident,1,"yes, registered under customer's name",yes,1,single
0 <= ... < 200 DM,8,delay in paying off in the past,furniture/equipment,971,... < 100 DM,1 <= ... < 4 years,4,male,none,4,real estate,75,none,rent,1,unemployed / unskilled - non-resident,1,none,yes,1,divorced/separated
... >= 200 DM / salary assignments for at least 1 year,17,existing credits paid back duly till now,retraining,2053,unknown / no savings account,4 <= ... < 7 years,4,male,none,4,real estate,34,none,own,1,unskilled - resident,2,none,yes,1,divorced/separated
... < 0 DM,4,critical account / other credits existing (not at this bank),car (new),655,... < 100 DM,... < 1 year,4,female,none,2,building society savings agreement / life insurance,41,none,own,2,skilled employee / official,1,"yes, registered under customer's name",yes,1,single
0 <= ... < 200 DM,7,critical account / other credits existing (not at this bank),furniture/equipment,2308,unknown / no savings account,... < 1 year,1,male,guarantor,4,real estate,23,none,own,1,skilled employee / official,2,none,yes,1,divorced/separated
... < 0 DM,4,all credits at this bank paid back duly,furniture/equipment,3258,... >= 1000 DM,4 <= ... < 7 years,4,male,none,4,building society savings agreement / life insurance,44,none,own,1,skilled employee / official,1,none,yes,1,divorced/separated
no checking account,4,critical account / other credits existing (not at this bank),education,2561,... < 100 DM,4 <= ... < 7 years,2,male,none,4,"car or other, not in savings account",32,bank,own,1,unskilled - resident,2,"yes, registered under customer's name",yes,1,divorced/separated
... < 0 DM,27,critical account / other credits existing (not at this bank),car (used),11729,unknown / no savings account,1 <= ... < 4 years,1,male,none,4,"car or other, not in savings account",36,none,own,1,skilled employee / official,1,"yes, registered under customer's name",yes,1,single
no checking account,4,critical account / other credits existing (not at this bank),car (used),1965,... < 100 DM,4 <= ... < 7 years,4,male,guarantor,1,real estate,56,bank,for free,1,skilled employee / official,2,none,yes,2,divorced/separated
no checking account,5,no credits taken / all credits paid back duly,radio/television,2454,unknown / no savings account,... >= 7 years,4,male,none,4,"car or other, not in savings account",19,none,rent,1,management / self-employed / highly qualified employee / officer,2,"yes, registered under customer's name",yes,2,single
... < 0 DM,27,critical account / other credits existing (not at this bank),car (used),2868,unknown / no savings account,... >= 7 years,4,male,co-applicant,4,real estate,36,none,rent,1,skilled employee / official,1,"yes, registered under customer's name",no,1,divorced/separated
... < 0 DM,16,critical account / other credits existing (not at this bank),car (used),2600,100 <= ... < 500 DM,1 <= ... < 4 years,3,male,guarantor,4,real estate,22,none,for free,1,unskilled - resident,2,"yes, registered under customer's name",no,1,divorced/separated
no checking account,10,existing credits paid back duly till now,car (new),2577,... < 100 DM,1 <= ... < 4 years,1,female,none,2,unknown / no property,51,none,for free,2,skilled employee / official,1,none,yes,1,single
... < 0 DM,4,existing credits paid back duly till now,furniture/equipment,749,500 <= ... < 1000 DM,... < 1 year,2,male,none,4,"car or other, not in savings account",32,none,own,1,skilled employee / official,1,"yes, registered under customer's name",yes,1,single
... < 0 DM,15,delay in paying off in the past,business,250,unknown / no savings account,... >= 7 years,4,male,guarantor,4,building society savings agreement / life insurance,25,bank,own,1,unskilled - resident,1,"yes, registered under customer's name",yes,1,married/widowed
... < 0 DM,4,all credits at this bank paid back duly,radio/television,2726,unknown / no savings account,... >= 7 years,2,male,none,4,unknown / no property,41,none,rent,1,skilled employee / official,1,"yes, registered under customer's name",yes,1,married/widowed
0 <= ... < 200 DM,33,critical account / other credits existing (not at this bank),car (used),2062,unknown / no savings account,... >= 7 years,3,male,none,4,"car or other, not in savings account",29,none,own,1,skilled employee / official,1,"yes, registered under customer's name",yes,1,single
... < 0 DM,13,critical account / other credits existing (not at this bank),car (new),5070,... < 100 DM,4 <= ... < 7 years,1,female,none,4,"car or other, not in savings account",32,none,own,1,skilled employee / official,1,none,yes,1,divorced/separated
... < 0 DM,19,existing credits paid back duly till now,radio/television,577,unknown / no savings account,4 <= ... < 7 years,4,male,none,2,"car or other, not in savings account",36,none,for free,2,skilled employee / official,1,none,yes,1,divorced/separated
no checking account,27,critical account / other credits existing (not at this bank),radio/television,3533,... < 100 DM,... < 1 year,3,male,none,3,real estate,38,bank,rent,2,skilled employee / official,1,none,yes,2,divorced/separated
0 <= ... < 200 DM,25,critical account / other credits existing (not at this bank),radio/television,15945,... < 100 DM,4 <= ... < 7 years,4,male,none,4,real estate,33,none,rent,1,skilled employee / official,2,"yes, registered under customer's name",yes,1,divorced/separated
no checking account,19,delay in paying off in the past,radio/television,2501,... < 100 DM,1 <= ... < 4 years,4,male,none,3,"car or other, not in savings account",49,bank,own,2,skilled employee / official,1,none,yes,1,divorced/separated
no checking account,7,all credits at this bank paid back duly,furniture/equipment,2534,500 <= ... < 1000 DM,1 <= ... < 4 years,2,male,none,3,real estate,46,none,own,1,skilled employee / official,1,none,yes,1,single
... < 0 DM,4,critical account / other credits existing (not at this bank),business,250,100 <= ... < 500 DM,4 <= ... < 7 years,4,male,none,4,"car or other, not in savings account",33,none,own,1,skilled employee / official,2,none,yes,1,divorced/separated
... < 0 DM,22,critical account / other credits existing (not at this bank),radio/television,571,... < 100 DM,... >= 7 years,1,male,none,1,building society savings agreement / life insurance,19,none,own,1,skilled employee / official,2,none,yes,1,single
no checking account,4,existing credits paid back duly till now,furniture/equipment,3023,... >= 1000 DM,1 <= ... < 4 years,4,male,none,2,real estate,22,none,rent,1,skilled employee / official,1,none,yes,2,divorced/separated
... < 0 DM,20,critical account / other credits existing (not at this bank),business,2161,... >= 1000 DM,4 <= ... < 7 years,3,female,none,1,"car or other, not in savings account",30,none,rent,1,skilled employee / official,1,none,yes,1,divorced/separated
no checking account,4,all credits at this bank paid back duly,radio/television,1245,... < 100 DM,1 <= ... < 4 years,4,male,none,4,unknown / no property,29,none,own,1,unskilled - resident,2,none,yes,1,divorced/separated
no checking account,14,existing credits paid back duly till now,car (used),2182,500 <= ... < 1000 DM,1 <= ... < 4 years,4,male,none,4,real estate,36,none,rent,1,skilled employee / official,2,none,yes,1,divorced/separated
... < 0 DM,15,critical account / other credits existing (not at this bank),radio/television,3276,... < 100 DM,4 <= ... < 7 years,4,male,none,3,"car or other, not in savings account",31,none,own,1,skilled employee / official,2,"yes, registered under customer's name",yes,2,single
no checking account,4,critical account / other credits existing (not at this bank),furniture/equipment,1639,100 <= ... < 500 DM,1 <= ... < 4 years,4,male,none,2,real estate,27,none,own,1,skilled employee / official,2,"yes, registered under customer's name",yes,1,divorced/separated
0 <= ... < 200 DM,17,no credits taken / all credits paid back duly,others,1045,... < 100 DM,... >= 7 years,1,male,none,4,building society savings agreement / life insurance,19,none,own,2,skilled employee / official,2,"yes, registered under customer's name",yes,1,divorced/separated
no checking account,21,critical account / other credits existing (not at this bank),radio/television,2455,... < 100 DM,... >= 7 years,4,male,none,4,real estate,35,none,own,1,unskilled - resident,2,none,yes,1,divorced/separated
... < 0 DM,7,critical account / other credits existing (not at this bank),car (new),3574,... < 100 DM,1 <= ... < 4 years,2,male,none,2,"car or other, not in savings account",34,none,rent,1,skilled employee / official,2,none,yes,1,single
... >= 200 DM / salary assignments for at least 1 year,27,delay in paying off in the past,repairs,6646,... < 100 DM,4 <= ... < 7 years,3,male,none,4,real estate,46,none,own,1,skilled employee / official,1,"yes, registered under customer's name",yes,1,single
no checking account,10,critical account / other credits existing (not at this bank),car (used),2046,100 <= ... < 500 DM,1 <= ... < 4 years,4,female,none,4,"car or other, not in savings account",44,none,rent,2,skilled employee / official,1,none,yes,1,single
0 <= ... < 200 DM,17,existing credits paid back duly till now,business,3583,... < 100 DM,1 <= ... < 4 years,4,male,guarantor,2,"car or other, not in savings account",24,none,own,2,management / self-employed / highly qualified employee / officer,1,"yes, registered under customer's name",yes,1,divorced/separated
... < 0 DM,22,critical account / other credits existing (not at this bank),radio/television,2909,... < 100 DM,4 <= ... < 7 years,4,male,none,4,building society savings agreement / life insurance,37,none,own,1,skilled employee / official,1,none,yes,1,divorced/separated
no checking account,14,all credits at this bank paid back duly,business,2565,100 <= ... < 500 DM,... >= 7 years,3,female,none,2,real estate,38,none,own,2,skilled employee / official,1,none,yes,1,single
0 <= ... < 200 DM,4,all credits at this bank paid back duly,radio/television,259,... < 100 DM,... < 1 year,4,male,none,3,building society savings agreement / life insurance,57,bank,rent,1,management / self-employed / highly qualified employee / officer,1,none,yes,1,single
0 <= ... < 200 DM,4,critical account / other credits existing (not at this bank),car (used),2145,... < 100 DM,4 <= ... < 7 years,3,male,none,1,real estate,45,stores,own,1,skilled employee / official,1,"yes, registered under customer's name",yes,1,divorced/separated
... < 0 DM,4,critical account / other credits existing (not at this bank),radio/television,6311,... < 100 DM,... < 1 year,3,male,none,1,real estate,44,none,own,1,skilled employee / official,1,none,yes,1,single
no checking account,4,existing credits paid back duly till now,business,3199,... < 100 DM,1 <= ... < 4 years,4,female,none,4,building society savings agreement / life insurance,47,none,own,1,skilled employee / official,1,"yes, registered under customer's name",yes,1,single
no checking account,20,critical account / other credits existing (not at this bank),radio/television,3357,... < 100 DM,4 <= ... < 7 years,4,male,none,2,real estate,36,none,own,1,skilled employee / official,2,none,yes,1,divorced/separated
... < 0 DM,6,existing credits paid back duly till now,business,2316,... < 100 DM,unemployed,3,female,none,3,building society savings agreement / life insurance,30,none,own,1,skilled employee / official,2,none,yes,2,divorced/separated
no checking account,10,critical account / other credits existing (not at this bank),furniture/equipment,3014,... >= 1000 DM,4 <= ... < 7 years,3,female,none,4,real estate,34,none,rent,1,skilled employee / official,1,none,yes,1,divorced/separated
... < 0 DM,4,critical account / other credits existing (not at this bank),radio/television,854,unknown / no savings account,... >= 7 years,1,male,none,2,real estate,41,none,own,1,unskilled - resident,1,"yes, registered under customer's name",yes,1,single
no checking account,20,existing credits paid back duly till now,business,2223,... < 100 DM,... < 1 year,1,male,none,4,"car or other, not in savings account",75,none,rent,1,skilled employee / official,2,"yes, registered under customer's name",yes,1,married/widowed
no checking account,27,critical account / other credits existing (not at this bank),education,2941,... < 100 DM,... < 1 year,4,male,none,3,unknown / no property,60,none,own,1,skilled employee / official,1,"yes, registered under customer's name",yes,1,single
no checking account,14,critical account / other credits existing (not at this bank),car (used),3503,... < 100 DM,4 <= ... < 7 years,2,male,none,2,real estate,51,none,own,2,skilled employee / official,1,none,yes,2,married/widowed
... < 0 DM,5,critical account / other credits existing (not at this bank),education,6459,... < 100 DM,4 <= ... < 7 years,2,female,none,2,building society savings agreement / life insurance,31,none,for free,1,skilled employee / official,2,"yes, registered under customer's name",yes,1,single
0 <= ... < 200 DM,33,existing credits paid back duly till now,car (new),2459,100 <= ... < 500 DM,1 <= ... < 4 years,2,female,none,4,real estate,21,none,own,1,skilled employee / official,1,none,yes,1,married/widowed
... < 0 DM,10,existing credits paid back duly till now,furniture/equipment,1277,... < 100 DM,4 <= ... < 7 years,4,male,guarantor,4,real estate,24,stores,own,2,skilled employee / official,1,none,yes,1,divorced/separated
0 <= ... < 200 DM,4,critical account / other credits existing (not at this bank),radio/television,3195,100 <= ... < 500 DM,... < 1 year,3,male,none,4,real estate,19,none,for free,2,unskilled - resident,1,none,yes,1,single
no checking account,15,critical account / other credits existing (not at this bank),repairs,3222,unknown / no savings account,1 <= ... < 4 years,2,female,none,4,unknown / no property,33,none,own,1,skilled employee / official,1,"yes, registered under customer's name",yes,1,single
no checking account,4,critical account / other credits existing (not at this bank),radio/television,3006,... < 100 DM,4 <= ... < 7 years,4,female,none,3,unknown / no property,29,none,own,1,management / self-employed / highly qualified employee / officer,1,none,yes,1,single
... < 0 DM,21,existing credits paid back duly till now,radio/television,1958,... < 100 DM,... >= 7 years,4,male,none,4,real estate,32,none,rent,2,skilled employee / official,1,none,yes,1,divorced/separated
no checking account,9,existing credits paid back duly till now,business,250,... < 100 DM,... >= 7 years,4,male,none,4,building society savings agreement / life insurance,43,none,own,1,skilled employee / official,1,none,yes,1,divorced/separated
... < 0 DM,14,existing credits paid back duly till now,furniture/equipment,4919,unknown / no savings account,4 <= ... < 7 years,2,female,none,4,"car or other, not in savings account",31,none,for free,1,unemployed / unskilled - non-resident,2,none,yes,2,married/widowed
no checking account,4,no credits taken / all credits paid back duly,car (new),2166,unknown / no savings account,1 <= ... < 4 years,4,male,none,4,"car or other, not in savings account",31,bank,own,1,skilled employee / official,2,"yes, registered under customer's name",yes,1,single
... < 0 DM,7,critical account / other credits existing (not at this bank),business,2222,100 <= ... < 500 DM,unemployed,4,male,none,2,unknown / no property,43,none,rent,1,skilled employee / official,1,none,yes,1,divorced/separated
... >= 200 DM / salary assignments for at least 1 year,4,existing credits paid back duly till now,car (used),250,unknown / no savings account,... >= 7 years,4,male,none,3,"car or other, not in savings account",44,bank,own,1,skilled employee / official,1,none,yes,1,single
no checking account,4,delay in paying off in the past,car (used),2650,... < 100 DM,4 <= ... < 7 years,4,female,none,1,"car or other, not in savings account",36,none,own,1,skilled employee / official,1,none,yes,1,married/widowed
0 <= ... < 200 DM,5,critical account / other credits existing (not at this bank),domestic appliances,3177,500 <= ... < 1000 DM,... >= 7 years,1,male,none,4,building society savings agreement / life insurance,32,none,own,1,skilled employee / official,1,"yes, registered under customer's name",no,1,single
no checking account,20,existing credits paid back duly till now,radio/television,5422,... < 100 DM,1 <= ... < 4 years,3,female,co-applicant,2,building society savings agreement / life insurance,32,none,rent,1,skilled employee / official,1,none,yes,1,single
0 <= ... < 200 DM,4,no credits taken / all credits paid back duly,radio/television,4591,... >= 1000 DM,... >= 7 years,2,female,none,4,"car or other, not in savings account",48,none,own,1,unskilled - resident,1,"yes, registered under customer's name",yes,1,single
no checking account,4,existing credits paid back duly till now,radio/television,3145,unknown / no savings account,... < 1 year,4,male,none,4,building society savings agreement / life insurance,34,bank,own,1,skilled employee / official,2,none,yes,2,divorced/separated
no checking account,4,critical account / other credits existing (not at this bank),education,4852,... >= 1000 DM,... >= 7 years,3,male,none,4,real estate,44,none,own,1,skilled employee / official,1,none,yes,1,single
no checking account,23,all credits at this bank paid back duly,radio/television,4822,100 <= ... < 500 DM,1 <= ... < 4 years,4,female,none,4,real estate,37,bank,own,1,skilled employee / official,1,none,yes,1,single
no checking account,16,critical account / other credits existing (not at this bank),radio/television,1222,500 <= ... < 1000 DM,1 <= ... < 4 years,4,male,none,1,unknown / no property,46,none,own,2,skilled employee / official,1,"yes, registered under customer's name",yes,1,single
no checking account,4,existing credits paid back duly till now,radio/television,3441,... < 100 DM,1 <= ... < 4 years,4,male,none,4,building society savings agreement / life insurance,34,none,rent,1,skilled employee / official,1,none,yes,1,single
... < 0 DM,4,existing credits paid back duly till now,car (used),803,unknown / no savings account,4 <= ... < 7 years,4,female,none,4,real estate,21,none,rent,2,skilled employee / official,2,"yes, registered under customer's name",yes,2,single
... < 0 DM,43,no credits taken / all credits paid back duly,radio/television,3676,unknown / no savings account,4 <= ... < 7 years,4,male,none,4,real estate,34,none,own,1,skilled employee / official,1,none,yes,1,single
no checking account,22,existing credits paid back duly till now,business,1693,... < 100 DM,... >= 7 years,3,male,none,4,real estate,45,none,rent,1,unskilled - resident,1,none,yes,1,married/widowed
0 <= ... < 200 DM,7,critical account / other credits existing (not at this bank),radio/television,2934,... < 100 DM,4 <= ... < 7 years,3,female,none,4,real estate,27,none,rent,1,skilled employee / official,1,none,yes,2,divorced/separated
... < 0 DM,4,all credits at this bank paid back duly,radio/television,1823,... < 100 DM,1 <= ... < 4 years,2,female,none,3,"car or other, not in savings account",65,none,own,1,management / self-employed / highly qualified employee / officer,1,none,yes,1,single
no checking account,4,existing credits paid back duly till now,car (new),259,... < 100 DM,4 <= ... < 7 years,4,male,none,2,real estate,51,bank,own,1,skilled employee / official,2,"yes, registered under customer's name",yes,1,single
no checking account,19,critical account / other credits existing (not at this bank),education,2485,500 <= ... < 1000 DM,... < 1 year,2,female,none,1,"car or other, not in savings account",42,none,for free,2,unskilled - resident,2,none,yes,1,divorced/separated
... < 0 DM,4,existing credits paid back duly till now,car (used),2721,... < 100 DM,... >= 7 years,4,male,none,4,real estate,67,none,rent,2,management / self-employed / highly qualified employee / officer,1,"yes, registered under customer's name",yes,1,divorced/separated
... >= 200 DM / salary assignments for at least 1 year,6,critical account / other credits existing (not at this bank),car (new),3165,unknown / no savings account,... >= 7 years,1,male,none,2,real estate,32,none,for free,1,skilled employee / official,1,"yes, registered under customer's name",yes,1,divorced/separated
... < 0 DM,20,existing credits paid back duly till now,car (new),2075,... < 100 DM,4 <= ... < 7 years,2,male,none,2,real estate,68,bank,own,1,skilled employee / official,1,"yes, registered under customer's name",yes,1,married/widowed
no checking account,4,critical account / other credits existing (not at this bank),car (used),1495,... < 100 DM,unemployed,2,male,none,4,real estate,66,none,rent,1,skilled employee / official,1,"yes, registered under customer's name",yes,1,single
... < 0 DM,21,delay in paying off in the past,car (new),3171,... < 100 DM,... >= 7 years,2,female,none,1,"car or other, not in savings account",37,none,own,1,skilled employee / official,2,none,yes,1,divorced/separated
no checking account,4,critical account / other credits existing (not at this bank),furniture/equipment,2012,unknown / no savings account,unemployed,3,male,guarantor,2,real estate,43,stores,own,2,skilled employee / official,1,none,yes,1,single
0 <= ... < 200 DM,11,critical account / other credits existing (not at this bank),radio/television,871,... < 100 DM,... >= 7 years,1,male,none,3,real estate,31,none,rent,1,management / self-employed / highly qualified employee / officer,1,none,yes,1,divorced/separated
0 <= ... < 200 DM,4,existing credits paid back duly till now,car (new),2511,... < 100 DM,... >= 7 years,4,female,guarantor,2,"car or other, not in savings account",75,none,own,1,skilled employee / official,1,none,yes,1,divorced/separated
... < 0 DM,4,existing credits paid back duly till now,radio/television,2418,... < 100 DM,... < 1 year,4,male,none,4,building society savings agreement / life insurance,39,none,own,1,skilled employee / official,1,none,yes,2,divorced/separated
no checking account,12,delay in paying off in the past,radio/television,2869,500 <= ... < 1000 DM,... >= 7 years,4,female,none,4,"car or other, not in savings account",56,none,own,2,skilled employee / official,2,none,yes,2,single
0 <= ... < 200 DM,6,existing credits paid back duly till now,business,3444,100 <= ... < 500 DM,1 <= ... < 4 years,4,male,none,4,"car or other, not in savings account",65,none,own,1,skilled employee / official,1,"yes, registered under customer's name",yes,1,single
no checking account,15,delay in paying off in the past,car (new),2530,unknown / no savings account,... >= 7 years,4,female,none,4,"car or other, not in savings account",28,none,own,1,unemployed / unskilled - non-resident,1,none,yes,2,single
no checking account,5,delay in paying off in the past,furniture/equipment,5456,100 <= ... < 500 DM,1 <= ... < 4 years,4,male,none,4,real estate,47,none,own,1,skilled employee / official,1,none,yes,2,single
... < 0 DM,21,critical account / other credits existing (not at this bank),car (used),2968,unknown / no savings account,unemployed,1,female,none,3,real estate,33,none,own,1,skilled employee / official,2,"yes, registered under customer's name",yes,1,divorced/separated
... < 0 DM,4,existing credits paid back duly till now,car (new),5973,100 <= ... < 500 DM,4 <= ... < 7 years,3,male,co-applicant,4,real estate,19,none,own,1,skilled employee / official,2,none,yes,1,single
no checking account,4,critical account / other credits existing (not at this bank),others,2020,... < 100 DM,1 <= ... < 4 years,3,male,none,2,building society savings agreement / life insurance,36,none,own,1,skilled employee / official,2,none,yes,1,single
no checking account,31,all credits at this bank paid back duly,car (new),3603,... < 100 DM,1 <= ... < 4 years,1,male,none,4,"car or other, not in savings account",33,none,own,1,skilled employee / official,2,none,no,1,divorced/separated
... < 0 DM,4,all credits at this bank paid back duly,radio/television,11906,... < 100 DM,... < 1 year,2,male,none,4,unknown / no property,24,none,own,1,skilled employee / official,1,none,yes,1,divorced/separated
no checking account,4,existing credits paid back duly till now,radio/television,617,... < 100 DM,... >= 7 years,4,female,none,4,building society savings agreement / life insurance,74,none,own,1,skilled employee / official,1,none,yes,1,divorced/separated
0 <= ... < 200 DM,20,critical account / other credits existing (not at this bank),repairs,2983,... < 100 DM,1 <= ... < 4 years,4,male,none,1,unknown / no property,51,none,own,2,skilled employee / official,1,none,yes,1,divorced/separated
no checking account,4,all credits at this bank paid back duly,business,2672,unknown / no savings account,4 <= ... < 7 years,2,male,none,4,real estate,36,none,own,2,skilled employee / official,1,none,yes,1,divorced/separated
... < 0 DM,5,delay in paying off in the past,radio/television,430,unknown / no savings account,... >= 7 years,4,female,none,2,building society savings agreement / life insurance,20,none,rent,1,unskilled - resident,1,none,yes,1,divorced/separated
... < 0 DM,5,existing credits paid back duly till now,radio/television,1463,... < 100 DM,1 <= ... < 4 years,4,female,none,3,unknown / no property,25,none,own,1,skilled employee / official,2,none,yes,1,single
... >= 200 DM / salary assignments for at least 1 year,25,existing credits paid back duly till now,car (new),15945,... < 100 DM,... >= 7 years,4,male,none,4,"car or other, not in savings account",46,none,own,2,management / self-employed / highly qualified employee / officer,1,"yes, registered under customer's name",yes,1,divorced/separated
... < 0 DM,4,delay in paying off in the past,domestic appliances,250,... < 100 DM,4 <= ... < 7 years,1,male,none,3,"car or other, not in savings account",48,none,for free,1,skilled employee / official,1,none,yes,1,single
no checking account,15,existing credits paid back duly till now,car (new),2084,... < 100 DM,1 <= ... < 4 years,1,male,none,4,building society savings agreement / life insurance,47,none,own,1,skilled employee / official,1,none,yes,1,divorced/separated
no checking account,26,existing credits paid back duly till now,furniture/equipment,3188,... < 100 DM,4 <= ... < 7 years,2,male,none,4,unknown / no property,75,stores,own,1,skilled employee / official,1,none,yes,1,single
no checking account,4,delay in paying off in the past,radio/television,1289,unknown / no savings account,... >= 7 years,4,male,none,4,building society savings agreement / life insurance,22,none,rent,2,skilled employee / official,1,none,yes,2,single
no checking account,16,critical account / other credits existing (not at this bank),business,2468,... >= 1000 DM,1 <= ... < 4 years,2,male,co-applicant,2,real estate,34,none,rent,1,skilled employee / official,1,none,yes,1,divorced/separated
no checking account,4,critical account / other credits existing (not at this bank),business,250,100 <= ... < 500 DM,... < 1 year,3,male,none,1,real estate,38,none,own,2,skilled employee / official,1,none,yes,2,single
... < 0 DM,27,critical account / other credits existing (not at this bank),furniture/equipment,4286,... >= 1000 DM,... >= 7 years,4,male,none,4,building society savings agreement / life insurance,36,bank,own,2,skilled employee / official,1,"yes, registered under customer's name",yes,1,single
no checking account,4,critical account / other credits existing (not at this bank),radio/television,3131,... < 100 DM,4 <= ... < 7 years,3,female,none,4,real estate,38,none,rent,1,skilled employee / official,2,none,yes,1,divorced/separated
no checking account,4,critical account / other credits existing (not at this bank),repairs,1021,... >= 1000 DM,... >= 7 years,4,female,none,4,"car or other, not in savings account",44,none,own,1,management / self-employed / highly qualified employee / officer,1,none,yes,1,divorced/separated
0 <= ... < 200 DM,13,all credits at this bank paid back duly,car (used),1029,... < 100 DM,... >= 7 years,4,male,none,2,real estate,75,none,for free,1,skilled employee / official,1,"yes, registered under customer's name",yes,1,single
0 <= ... < 200 DM,5,delay in paying off in the past,business,2807,100 <= ... < 500 DM,... >= 7 years,4,male,co-applicant,4,"car or other, not in savings account",29,none,own,1,management / self-employed / highly qualified employee / officer,2,none,yes,2,single
no checking account,11,delay in paying off in the past,car (new),3152,... < 100 DM,4 <= ... < 7 years,2,male,none,2,"car or other, not in savings account",23,none,rent,1,skilled employee / official,1,"yes, registered under customer's name",yes,1,single
... < 0 DM,4,existing credits paid back duly till now,car (new),2450,... < 100 DM,... >= 7 years,1,male,none,4,unknown / no property,34,none,own,2,skilled employee / official,2,none,yes,1,single
no checking account,7,critical account / other credits existing (not at this bank),radio/television,1361,100 <= ... < 500 DM,unemployed,4,male,co-applicant,4,unknown / no property,75,bank,own,2,skilled employee / official,1,none,no,1,single
... < 0 DM,13,critical account / other credits existing (not at this bank),business,1382,100 <= ... < 500 DM,... >= 7 years,4,female,none,4,"car or other, not in savings account",36,none,own,2,skilled employee / official,1,none,yes,1,divorced/separated
no checking account,4,all credits at this bank paid back duly,radio/television,1185,unknown / no savings account,1 <= ... < 4 years,4,male,none,2,real estate,57,none,own,2,skilled employee / official,1,"yes, registered under customer's name",yes,1,single
no checking account,14,no credits taken / all credits paid back duly,car (used),1757,... < 100 DM,1 <= ... < 4 years,4,male,none,4,unknown / no property,43,none,own,1,skilled employee / official,1,none,yes,1,divorced/separated
... < 0 DM,23,critical account / other credits existing (not at this bank),car (used),2552,500 <= ... < 1000 DM,4 <= ... < 7 years,4,male,none,4,building society savings agreement / life insurance,54,none,rent,1,skilled employee / official,2,none,yes,1,single
no checking account,27,critical account / other credits existing (not at this bank),radio/television,5414,unknown / no savings account,1 <= ... < 4 years,4,male,none,4,unknown / no property,28,none,for free,2,skilled employee / official,1,none,yes,1,single
... < 0 DM,4,existing credits paid back duly till now,domestic appliances,1996,unknown / no savings account,4 <= ... < 7 years,4,female,none,3,"car or other, not in savings account",28,none,own,2,skilled employee / official,1,none,yes,1,divorced/separated
... < 0 DM,5,critical account / other credits existing (not at this bank),radio/television,2121,unknown / no savings account,... >= 7 years,4,male,none,3,building society savings agreement / life insurance,37,bank,rent,1,skilled employee / official,2,none,yes,1,divorced/separated
no checking account,6,all credits at this bank paid back duly,radio/television,6434,... < 100 DM,unemployed,3,female,co-applicant,4,real estate,68,none,own,2,unskilled - resident,1,"yes, registered under customer's name",yes,2,divorced/separated
no checking account,4,critical account / other credits existing (not at this bank),car (used),6388,... < 100 DM,1 <= ... < 4 years,4,male,none,4,"car or other, not in savings account",45,none,own,1,skilled employee / official,1,none,yes,2,divorced/separated
no checking account,5,critical account / other credits existing (not at this bank),car (new),1794,... < 100 DM,... < 1 year,4,male,none,4,building society savings agreement / life insurance,75,none,rent,2,skilled employee / official,2,none,yes,1,single
no checking account,14,existing credits paid back duly till now,furniture/equipment,1767,500 <= ... < 1000 DM,... >= 7 years,4,male,none,2,"car or other, not in savings account",35,none,rent,2,skilled employee / official,1,"yes, registered under customer's name",yes,1,single
... < 0 DM,72,critical account / other credits existing (not at this bank),car (new),1132,... < 100 DM,... >= 7 years,1,male,none,4,real estate,34,none,rent,1,skilled employee / official,1,"yes, registered under customer's name",yes,1,single
0 <= ... < 200 DM,15,critical account / other credits existing (not at this bank),others,3421,... < 100 DM,... >= 7 years,4,male,none,4,building society savings agreement / life insurance,57,none,own,1,skilled employee / official,1,none,yes,2,divorced/separated
0 <= ... < 200 DM,28,critical account / other credits existing (not at this bank),furniture/equipment,4785,unknown / no savings account,... >= 7 years,4,male,none,2,building society savings agreement / life insurance,28,none,for free,1,skilled employee / official,1,"yes, registered under customer's name",yes,1,divorced/separated
... < 0 DM,4,critical account / other credits existing (not at this bank),repairs,250,100 <= ... < 500 DM,... >= 7 years,4,male,none,2,"car or other, not in savings account",19,none,rent,2,unskilled - resident,1,none,yes,1,divorced/separated
no checking account,10,existing credits paid back duly till now,radio/television,3020,100 <= ... < 500 DM,... < 1 year,4,female,none,4,real estate,75,stores,rent,1,unskilled - resident,1,"yes, registered under customer's name",yes,1,divorced/separated
0 <= ... < 200 DM,4,critical account / other credits existing (not at this bank),business,1577,... < 100 DM,1 <= ... < 4 years,3,male,none,4,"car or other, not in savings account",64,none,own,2,skilled employee / official,1,none,yes,1,divorced/separated
no checking account,4,critical account / other credits existing (not at this bank),car (new),2882,... < 100 DM,... < 1 year,4,male,none,3,real estate,75,none,rent,1,skilled employee / official,1,none,yes,1,divorced/separated
... < 0 DM,4,critical account / other credits existing (not at this bank),others,1066,... >= 1000 DM,4 <= ... < 7 years,4,male,co-applicant,2,"car or other, not in savings account",21,none,own,2,management / self-employed / highly qualified employee / officer,1,"yes, registered under customer's name",yes,1,divorced/separated
no checking account,24,existing credits paid back duly till now,car (new),2312,500 <= ... < 1000 DM,1 <= ... < 4 years,4,male,none,4,"car or other, not in savings account",32,none,rent,2,skilled employee / official,1,"yes, registered under customer's name",yes,2,single
... < 0 DM,10,existing credits paid back duly till now,others,1039,... >= 1000 DM,1 <= ... < 4 years,2,male,guarantor,4,"car or other, not in savings account",59,none,rent,1,skilled employee / official,1,"yes, registered under customer's name",yes,1,divorced/separated
no checking account,16,existing credits paid back duly till now,radio/television,2300,unknown / no savings account,4 <= ... < 7 years,4,female,none,3,building society savings agreement / life insurance,55,none,own,1,skilled employee / official,1,none,no,1,single
... < 0 DM,5,all credits at this bank paid back duly,radio/television,2858,... >= 1000 DM,... < 1 year,4,male,none,4,building society savings agreement / life insurance,22,none,for free,1,unskilled - resident,1,"yes, registered under customer's name",yes,2,single
... >= 200 DM / salary assignments for at least 1 year,7,critical account / other credits existing (not at this bank),business,6497,... >= 1000 DM,unemployed,3,female,none,3,real estate,33,stores,own,1,skilled employee / official,1,"yes, registered under customer's name",yes,1,single
no checking account,4,existing credits paid back duly till now,car (new),2149,unknown / no savings account,1 <= ... < 4 years,4,male,none,4,real estate,34,none,for free,1,unskilled - resident,1,none,yes,2,single
0 <= ... < 200 DM,15,critical account / other credits existing (not at this bank),radio/television,3056,... < 100 DM,... < 1 year,3,male,none,1,"car or other, not in savings account",24,none,own,1,management / self-employed / highly qualified employee / officer,1,"yes, registered under customer's name",yes,1,divorced/separated
no checking account,4,existing credits paid back duly till now,radio/television,3182,unknown / no savings account,... >= 7 years,4,male,none,4,"car or other, not in savings account",29,none,own,1,skilled employee / official,1,none,yes,1,single
... < 0 DM,21,critical account / other credits existing (not at this bank),education,2921,... < 100 DM,4 <= ... < 7 years,1,male,none,4,building society savings agreement / life insurance,22,none,own,1,management / self-employed / highly qualified employee / officer,1,none,yes,1,divorced/separated
0 <= ... < 200 DM,20,existing credits paid back duly till now,radio/television,420,... < 100 DM,... >= 7 years,4,male,none,2,"car or other, not in savings account",41,none,own,1,skilled employee / official,1,none,yes,1,single
... < 0 DM,15,critical account / other credits existing (not at this bank),car (new),2815,... < 100 DM,1 <= ... < 4 years,4,female,none,4,building society savings agreement / life insurance,29,bank,own,1,skilled employee / official,1,none,yes,2,married/widowed
0 <= ... < 200 DM,5,delay in paying off in the past,education,3450,100 <= ... < 500 DM,1 <= ... < 4 years,4,male,none,4,unknown / no property,29,bank,own,2,management / self-employed / highly qualified employee / officer,1,none,yes,2,divorced/separated
... < 0 DM,19,existing credits paid back duly till now,radio/television,2828,100 <= ... < 500 DM,... >= 7 years,2,male,none,4,unknown / no property,42,none,rent,1,skilled employee / official,1,"yes, registered under customer's name",yes,1,single
0 <= ... < 200 DM,9,delay in paying off in the past,car (new),445,unknown / no savings account,1 <= ... < 4 years,4,male,none,4,"car or other, not in savings account",36,none,for free,1,management / self-employed / highly qualified employee / officer,2,"yes, registered under customer's name",yes,1,single
no checking account,13,existing credits paid back duly till now,car (used),1464,... < 100 DM,1 <= ... < 4 years,4,male,none,4,"car or other, not in savings account",31,none,own,1,skilled employee / official,2,none,yes,1,divorced/separated
... < 0 DM,29,existing credits paid back duly till now,car (new),2625,unknown / no savings account,... >= 7 years,4,male,none,2,"car or other, not in savings account",61,none,own,1,skilled employee / official,1,"yes, registered under customer's name",yes,2,single
0 <= ... < 200 DM,4,critical account / other credits existing (not at this bank),car (new),325,... < 100 DM,... >= 7 years,4,male,none,1,building society savings agreement / life insurance,19,none,own,2,unskilled - resident,1,"yes, registered under customer's name",yes,1,divorced/separated
... >= 200 DM / salary assignments for at least 1 year,4,no credits taken / all credits paid back duly,education,3356,... < 100 DM,... >= 7 years,3,female,none,2,real estate,30,none,own,1,skilled employee / official,1,none,yes,1,divorced/separated
... < 0 DM,22,existing credits paid back duly till now,business,6434,... < 100 DM,4 <= ... < 7 years,3,male,none,4,building society savings agreement / life insurance,22,stores,own,2,skilled employee / official,1,"yes, registered under customer's name",yes,2,single
... >= 200 DM / salary assignments for at least 1 year,17,existing credits paid back duly till now,car (new),7718,100 <= ... < 500 DM,1 <= ... < 4 years,4,male,none,4,unknown / no property,26,none,rent,1,unskilled - resident,1,"yes, registered under customer's name",yes,1,divorced/separated
no checking account,19,existing credits paid back duly till now,business,250,100 <= ... < 500 DM,4 <= ... < 7 years,4,male,none,3,unknown / no property,33,none,for free,1,skilled employee / official,2,none,yes,1,married/widowed
0 <= ... < 200 DM,4,critical account / other credits existing (not at this bank),domestic appliances,2322,... < 100 DM,1 <= ... < 4 years,4,male,none,4,building society savings agreement / life insurance,35,none,own,1,skilled employee / official,1,none,yes,1,single
0 <= ... < 200 DM,4,critical account / other credits existing (not at this bank),car (used),6115,... < 100 DM,4 <= ... < 7 years,2,male,none,4,building society savings agreement / life insurance,65,bank,own,1,skilled employee / official,1,none,yes,1,single
no checking account,20,existing credits paid back duly till now,education,3116,... < 100 DM,1 <= ... < 4 years,4,male,none,2,"car or other, not in savings account",36,none,own,1,skilled employee / official,1,none,yes,1,married/widowed
no checking account,11,all credits at this bank paid back duly,business,250,100 <= ... < 500 DM,4 <= ... < 7 years,4,male,none,3,unknown / no property,37,none,rent,1,skilled employee / official,1,none,yes,1,divorced/separated
no checking account,16,all credits at this bank paid back duly,radio/television,5794,... >= 1000 DM,1 <= ... < 4 years,4,male,none,4,unknown / no property,35,none,rent,1,skilled employee / official,2,"yes, registered under customer's name",yes,1,married/widowed
no checking account,4,existing credits paid back duly till now,radio/television,2680,... < 100 DM,... < 1 year,1,male,guarantor,4,"car or other, not in savings account",32,none,own,1,management / self-employed / highly qualified employee / officer,1,none,yes,1,single
... < 0 DM,4,existing credits paid back duly till now,radio/television,5383,unknown / no savings account,... >= 7 years,4,female,none,3,unknown / no property,30,none,own,1,skilled employee / official,2,"yes, registered under customer's name",yes,2,single
... < 0 DM,72,existing credits paid back duly till now,retraining,3656,500 <= ... < 1000 DM,... >= 7 years,2,male,none,3,building society savings agreement / life insurance,33,none,own,1,skilled employee / official,1,none,yes,1,divorced/separated
0 <= ... < 200 DM,4,existing credits paid back duly till now,car (new),15945,100 <= ... < 500 DM,... >= 7 years,4,male,none,4,real estate,24,none,own,1,skilled employee / official,1,none,yes,1,divorced/separated
... < 0 DM,4,critical account / other credits existing (not at this bank),furniture/equipment,250,... >= 1000 DM,unemployed,3,male,none,4,"car or other, not in savings account",30,none,rent,1,skilled employee / official,2,none,yes,1,single
... >= 200 DM / salary assignments for at least 1 year,4,existing credits paid back duly till now,furniture/equipment,888,unknown / no savings account,... >= 7 years,4,male,guarantor,2,real estate,25,none,own,2,management / self-employed / highly qualified employee / officer,1,none,yes,1,divorced/separated
... < 0 DM,4,critical account / other credits existing (not at this bank),car (new),3313,500 <= ... < 1000 DM,4 <= ... < 7 years,4,male,none,3,real estate,36,none,own,2,management / self-employed / highly qualified employee / officer,1,none,yes,1,divorced/separated
... < 0 DM,7,all credits at this bank paid back duly,furniture/equipment,3302,... < 100 DM,... >= 7 years,1,female,none,4,building society savings agreement / life insurance,22,none,own,1,skilled employee / official,1,none,yes,2,divorced/separated
no checking account,4,critical account / other credits existing (not at this bank),car (used),6107,100 <= ... < 500 DM,1 <= ... < 4 years,2,female,none,4,unknown / no property,37,none,own,2,skilled employee / official,1,"yes, registered under customer's name",yes,2,single
no checking account,4,existing credits paid back duly till now,business,1240,... < 100 DM,4 <= ... < 7 years,4,male,none,1,real estate,43,none,own,2,skilled employee / official,1,"yes, registered under customer's name",no,1,single
... < 0 DM,4,existing credits paid back duly till now,radio/television,3151,100 <= ... < 500 DM,... >= 7 years,2,male,guarantor,4,real estate,38,none,own,1,skilled employee / official,2,"yes, registered under customer's name",yes,1,single
... < 0 DM,4,critical account / other credits existing (not at this bank),education,250,... < 100 DM,... >= 7 years,4,female,none,4,building society savings agreement / life insurance,20,none,own,2,skilled employee / official,2,none,yes,1,single
0 <= ... < 200 DM,14,existing credits paid back duly till now,car (new),2872,... < 100 DM,4 <= ... < 7 years,4,male,none,2,real estate,27,none,rent,1,skilled employee / official,1,none,yes,2,divorced/separated
no checking account,14,existing credits paid back duly till now,radio/television,1083,... < 100 DM,... >= 7 years,4,female,none,4,unknown / no property,33,none,own,1,skilled employee / official,1,none,yes,1,divorced/separated
... < 0 DM,4,existing credits paid back duly till now,car (used),3360,... < 100 DM,... < 1 year,1,male,none,4,unknown / no property,75,none,own,2,skilled employee / official,1,"yes, registered under customer's name",yes,2,divorced/separated
no checking account,5,delay in paying off in the past,radio/television,9804,... < 100 DM,... >= 7 years,4,male,none,4,"car or other, not in savings account",36,none,rent,1,skilled employee / official,2,none,yes,2,married/widowed
no checking account,4,existing credits paid back duly till now,car (new),2311,... < 100 DM,... >= 7 years,1,male,none,4,"car or other, not in savings account",46,none,own,2,skilled employee / official,1,none,yes,1,divorced/separated
0 <= ... < 200 DM,4,all credits at this bank paid back duly,car (used),731,... < 100 DM,... < 1 year,4,male,none,3,"car or other, not in savings account",42,none,own,2,skilled employee / official,2,"yes, registered under customer's name",yes,1,single
... >= 200 DM / salary assignments for at least 1 year,35,existing credits paid back duly till now,car (new),3384,unknown / no savings account,... >= 7 years,3,female,none,4,"car or other, not in savings account",46,none,own,1,skilled employee / official,1,"yes, registered under customer's name",yes,1,divorced/separated
no checking account,20,existing credits paid back duly till now,radio/television,3109,500 <= ... < 1000 DM,... >= 7 years,4,male,guarantor,4,real estate,23,stores,rent,1,management / self-employed / highly qualified employee / officer,1,"yes, registered under customer's name",no,1,single
no checking account,24,all credits at this bank paid back duly,retraining,1393,... >= 1000 DM,4 <= ... < 7 years,2,male,none,4,"car or other, not in savings account",69,none,for free,2,unskilled - resident,1,none,yes,2,married/widowed
0 <= ... < 200 DM,27,critical account / other credits existing (not at this bank),furniture/equipment,3646,... < 100 DM,unemployed,2,male,none,3,real estate,40,none,rent,1,skilled employee / official,2,"yes, registered under customer's name",yes,1,single
... < 0 DM,4,critical account / other credits existing (not at this bank),business,1826,... < 100 DM,1 <= ... < 4 years,4,female,none,4,building society savings agreement / life insurance,58,none,own,1,skilled employee / official,1,"yes, registered under customer's name",yes,1,single
... < 0 DM,32,critical account / other credits existing (not at this bank),radio/television,3503,... < 100 DM,1 <= ... < 4 years,1,male,guarantor,4,building society savings agreement / life insurance,31,none,rent,1,unskilled - resident,1,none,yes,2,divorced/separated
0 <= ... < 200 DM,4,all credits at this bank paid back duly,radio/television,1948,unknown / no savings account,unemployed,4,male,none,3,unknown / no property,53,none,own,1,skilled employee / official,1,none,yes,1,single
... < 0 DM,8,existing credits paid back duly till now,radio/television,2438,unknown / no savings account,4 <= ... < 7 years,4,female,guarantor,4,"car or other, not in savings account",31,none,for free,1,unskilled - resident,1,none,yes,1,divorced/separated
no checking account,4,critical account / other credits existing (not at this bank),furniture/equipment,3256,... < 100 DM,... >= 7 years,1,male,none,4,real estate,37,none,own,1,skilled employee / official,1,"yes, registered under customer's name",yes,1,divorced/separated
no checking account,28,critical account / other credits existing (not at this bank),domestic appliances,3270,... < 100 DM,1 <= ... < 4 years,4,male,none,4,real estate,44,bank,rent,1,unskilled - resident,1,"yes, registered under customer's name",yes,1,divorced/separated
... < 0 DM,4,delay in paying off in the past,furniture/equipment,3462,unknown / no savings account,... >= 7 years,3,male,none,1,building society savings agreement / life insurance,37,bank,own,2,skilled employee / official,1,"yes, registered under customer's name",yes,1,single
no checking account,4,critical account / other credits existing (not at this bank),radio/television,3797,... < 100 DM,... >= 7 years,4,female,none,4,unknown / no property,34,none,own,2,skilled employee / official,2,none,yes,1,single
no checking account,14,critical account / other credits existing (not at this bank),car (new),5099,500 <= ... < 1000 DM,1 <= ... < 4 years,4,male,none,4,building society savings agreement / life insurance,32,none,own,2,management / self-employed / highly qualified employee / officer,1,none,yes,1,divorced/separated
... < 0 DM,17,critical account / other credits existing (not at this bank),repairs,1956,500 <= ... < 1000 DM,unemployed,4,male,none,4,real estate,64,none,own,2,unskilled - resident,1,none,yes,1,single
... >= 200 DM / salary assignments for at least 1 year,46,existing credits paid back duly till now,radio/television,4630,unknown / no savings account,4 <= ... < 7 years,2,male,none,1,unknown / no property,28,none,own,1,skilled employee / official,1,"yes, registered under customer's name",yes,1,married/widowed
... < 0 DM,20,delay in paying off in the past,car (new),1725,100 <= ... < 500 DM,4 <= ... < 7 years,4,female,none,2,building society savings agreement / life insurance,40,bank,own,2,skilled employee / official,1,"yes, registered under customer's name",yes,1,married/widowed
no checking account,5,critical account / other credits existing (not at this bank),radio/television,1947,unknown / no savings account,4 <= ... < 7 years,4,female,none,4,real estate,32,none,own,1,unskilled - resident,1,none,yes,1,divorced/separated
0 <= ... < 200 DM,23,critical account / other credits existing (not at this bank),business,1849,unknown / no savings account,unemployed,4,male,none,2,unknown / no property,31,none,rent,1,skilled employee / official,1,none,yes,1,married/widowed
no checking account,26,critical account / other credits existing (not at this bank),furniture/equipment,5348,100 <= ... < 500 DM,4 <= ... < 7 years,4,male,none,4,real estate,19,stores,own,1,management / self-employed / highly qualified employee / officer,1,none,yes,1,single
no checking account,11,existing credits paid back duly till now,car (new),2417,... >= 1000 DM,... >= 7 years,4,male,none,4,real estate,25,none,rent,1,skilled employee / official,1,"yes, registered under customer's name",yes,1,divorced/separated
... < 0 DM,22,existing credits paid back duly till now,radio/television,5471,... < 100 DM,1 <= ... < 4 years,4,female,none,4,"car or other, not in savings account",33,none,rent,1,unskilled - resident,1,none,yes,1,divorced/separated
0 <= ... < 200 DM,17,critical account / other credits existing (not at this bank),car (new),1960,unknown / no savings account,4 <= ... < 7 years,4,male,none,3,unknown / no property,52,none,own,2,skilled employee / official,1,none,yes,2,single
no checking account,8,no credits taken / all credits paid back duly,furniture/equipment,1655,unknown / no savings account,1 <= ... < 4 years,1,male,none,2,real estate,36,none,for free,1,skilled employee / official,1,none,yes,2,married/widowed
no checking account,4,critical account / other credits existing (not at this bank),radio/television,3061,... < 100 DM,unemployed,1,female,none,4,real estate,33,none,own,1,skilled employee / official,1,"yes, registered under customer's name",yes,1,married/widowed
... < 0 DM,40,all credits at this bank paid back duly,business,9999,... < 100 DM,4 <= ... < 7 years,4,male,none,1,building society savings agreement / life insurance,48,none,own,2,skilled employee / official,2,none,yes,1,divorced/separated
no checking account,13,existing credits paid back duly till now,radio/television,3149,unknown / no savings account,4 <= ... < 7 years,1,male,none,2,"car or other, not in savings account",34,none,for free,1,unskilled - resident,2,"yes, registered under customer's name",yes,2,single
0 <= ... < 200 DM,4,existing credits paid back duly till now,business,1697,... < 100 DM,... >= 7 years,2,male,none,4,building society savings agreement / life insurance,40,none,own,1,skilled employee / official,2,none,no,1,single
... < 0 DM,34,critical account / other credits existing (not at this bank),domestic appliances,2173,... < 100 DM,1 <= ... < 4 years,4,male,none,2,real estate,52,none,own,2,skilled employee / official,1,none,yes,1,divorced/separated
0 <= ... < 200 DM,8,existing credits paid back duly till now,radio/television,5218,500 <= ... < 1000 DM,1 <= ... < 4 years,4,female,none,4,unknown / no property,63,none,own,1,skilled employee / official,1,none,yes,1,divorced/separated
... < 0 DM,15,existing credits paid back duly till now,car (new),2778,... >= 1000 DM,... < 1 year,4,male,none,3,real estate,37,none,for free,2,management / self-employed / highly qualified employee / officer,1,none,yes,1,divorced/separated
... < 0 DM,13,delay in paying off in the past,car (used),3704,unknown / no savings account,unemployed,3,male,none,1,"car or other, not in savings account",37,none,for free,2,skilled employee / official,2,"yes, registered under customer's name",yes,1,divorced/separated
no checking account,18,critical account / other credits existing (not at this bank),furniture/equipment,2225,... < 100 DM,4 <= ... < 7 years,4,male,none,4,building society savings agreement / life insurance,43,none,rent,1,skilled employee / official,1,none,yes,2,single
no checking account,21,existing credits paid back duly till now,car (used),3123,unknown / no savings account,... < 1 year,1,male,none,4,"car or other, not in savings account",40,none,for free,1,skilled employee / official,1,none,yes,1,single
no checking account,41,existing credits paid back duly till now,furniture/equipment,2444,... < 100 DM,... < 1 year,4,female,none,4,building society savings agreement / life insurance,55,none,for free,2,skilled employee / official,1,"yes, registered under customer's name",yes,1,single
no checking account,4,existing credits paid back duly till now,car (new),250,100 <= ... < 500 DM,... >= 7 years,2,female,none,4,building society savings agreement / life insurance,25,stores,rent,1,unskilled - resident,1,none,yes,2,single
no checking account,22,critical account / other credits existing (not at this bank),others,5894,unknown / no savings account,1 <= ... < 4 years,4,male,guarantor,2,real estate,75,none,for free,1,unemployed / unskilled - non-resident,1,"yes, registered under customer's name",yes,1,divorced/separated
no checking account,17,critical account / other credits existing (not at this bank),radio/television,3052,... < 100 DM,4 <= ... < 7 years,4,male,none,4,real estate,35,none,own,1,skilled employee / official,1,none,yes,1,single
no checking account,7,existing credits paid back duly till now,car (new),3622,... >= 1000 DM,unemployed,3,female,guarantor,4,real estate,30,none,own,1,skilled employee / official,2,"yes, registered under customer's name",yes,1,single
... >= 200 DM / salary assignments for at least 1 year,18,existing credits paid back duly till now,car (new),10304,... < 100 DM,4 <= ... < 7 years,4,male,none,4,real estate,34,bank,rent,2,skilled employee / official,1,none,yes,2,divorced/separated
0 <= ... < 200 DM,16,existing credits paid back duly till now,education,3165,... < 100 DM,... >= 7 years,4,female,none,2,"car or other, not in savings account",19,stores,rent,1,unemployed / unskilled - non-resident,1,none,yes,1,single
... < 0 DM,12,critical account / other credits existing (not at this bank),furniture/equipment,574,unknown / no savings account,... < 1 year,3,female,none,4,"car or other, not in savings account",28,none,for free,1,skilled employee / official,1,none,yes,1,divorced/separated
0 <= ... < 200 DM,4,existing credits paid back duly till now,car (new),2506,... < 100 DM,... >= 7 years,4,male,none,4,real estate,75,none,own,1,skilled employee / official,2,none,yes,1,single
no checking account,5,all credits at this bank paid back duly,radio/television,3347,100 <= ... < 500 DM,... >= 7 years,4,male,none,4,building society savings agreement / life insurance,36,bank,own,2,skilled employee / official,1,none,yes,1,single
... < 0 DM,19,existing credits paid back duly till now,radio/television,2849,... < 100 DM,... >= 7 years,4,female,guarantor,1,"car or other, not in savings account",66,none,own,1,unemployed / unskilled - non-resident,1,none,yes,1,single
... < 0 DM,4,existing credits paid back duly till now,car (new),2430,... < 100 DM,1 <= ... < 4 years,2,male,none,4,"car or other, not in savings account",64,none,rent,1,skilled employee / official,2,none,yes,1,single
0 <= ... < 200 DM,4,delay in paying off in the past,radio/television,11937,... < 100 DM,... >= 7 years,4,male,none,4,real estate,30,none,own,1,skilled employee / official,1,"yes, registered under customer's name",yes,1,single
no checking account,24,delay in paying off in the past,radio/television,1640,unknown / no savings account,4 <= ... < 7 years,4,female,none,2,"car or other, not in savings account",42,stores,for free,1,skilled employee / official,1,"yes, registered under customer's name",yes,2,divorced/separated
0 <= ... < 200 DM,4,critical account / other credits existing (not at this bank),car (new),1995,... < 100 DM,... >= 7 years,4,male,none,3,building society savings agreement / life insurance,28,none,rent,1,skilled employee / official,2,none,yes,2,divorced/separated
no checking account,4,existing credits paid back duly till now,radio/television,2619,... < 100 DM,unemployed,4,female,none,1,real estate,64,none,own,1,skilled employee / official,2,none,yes,1,divorced/separated
0 <= ... < 200 DM,4,critical account / other credits existing (not at this bank),car (new),345,... < 100 DM,1 <= ... < 4 years,4,male,none,4,"car or other, not in savings account",30,none,for free,2,unskilled - resident,1,none,yes,1,divorced/separated
... >= 200 DM / salary assignments for at least 1 year,4,existing credits paid back duly till now,car (used),1172,100 <= ... < 500 DM,1 <= ... < 4 years,4,male,none,4,"car or other, not in savings account",28,none,rent,1,unskilled - resident,1,none,yes,1,divorced/separated
... < 0 DM,4,existing credits paid back duly till now,business,10078,... < 100 DM,unemployed,2,male,none,4,building society savings agreement / life insurance,30,none,rent,1,skilled employee / official,1,"yes, registered under customer's name",yes,1,single
... < 0 DM,11,existing credits paid back duly till now,car (new),1877,... < 100 DM,unemployed,2,female,guarantor,4,real estate,45,none,own,1,skilled employee / official,1,none,yes,1,single
no checking account,4,existing credits paid back duly till now,radio/television,5561,... < 100 DM,... < 1 year,2,male,none,4,building society savings agreement / life insurance,75,none,own,2,skilled employee / official,1,none,yes,1,single
no checking account,10,critical account / other credits existing (not at this bank),domestic appliances,3278,100 <= ... < 500 DM,... < 1 year,1,male,guarantor,1,building society savings agreement / life insurance,36,none,own,1,management / self-employed / highly qualified employee / officer,1,none,no,2,divorced/separated
... >= 200 DM / salary assignments for at least 1 year,4,critical account / other credits existing (not at this bank),radio/television,3737,500 <= ... < 1000 DM,... < 1 year,4,male,guarantor,2,building society savings agreement / life insurance,33,none,rent,1,unemployed / unskilled - non-resident,1,"yes, registered under customer's name",yes,1,divorced/separated
no checking account,14,existing credits paid back duly till now,car (used),757,... < 100 DM,... < 1 year,4,male,none,4,real estate,21,none,for free,1,management / self-employed / highly qualified employee / officer,2,none,yes,1,divorced/separated
no checking account,4,no credits taken / all credits paid back duly,furniture/equipment,2519,100 <= ... < 500 DM,4 <= ... < 7 years,4,male,none,4,real estate,31,none,rent,1,skilled employee / official,1,"yes, registered under customer's name",yes,1,divorced/separated
... >= 200 DM / salary assignments for at least 1 year,57,critical account / other credits existing (not at this bank),radio/television,8626,500 <= ... < 1000 DM,unemployed,4,female,co-applicant,1,real estate,26,none,own,1,unskilled - resident,1,none,yes,1,divorced/separated
no checking account,20,no credits taken / all credits paid back duly,business,648,100 <= ... < 500 DM,... < 1 year,4,female,none,1,building society savings agreement / life insurance,37,bank,own,1,skilled employee / official,1,"yes, registered under customer's name",yes,1,married/widowed
0 <= ... < 200 DM,5,all credits at this bank paid back duly,car (new),1626,100 <= ... < 500 DM,1 <= ... < 4 years,2,male,none,4,real estate,25,none,own,1,management / self-employed / highly qualified employee / officer,1,none,yes,1,divorced/separated
no checking account,13,critical account / other credits existing (not at this bank),business,3224,... < 100 DM,... < 1 year,4,male,none,4,"car or other, not in savings account",41,none,own,2,skilled employee / official,2,none,yes,1,divorced/separated
no checking account,6,existing credits paid back duly till now,radio/television,4696,... < 100 DM,1 <= ... < 4 years,3,male,none,2,building society savings agreement / life insurance,53,none,own,1,management / self-employed / highly qualified employee / officer,2,none,no,1,single
no checking account,27,existing credits paid back duly till now,business,3103,100 <= ... < 500 DM,... < 1 year,4,male,co-applicant,3,building society savings agreement / life insurance,27,none,own,1,management / self-employed / highly qualified employee / officer,1,none,yes,1,single
no checking account,18,existing credits paid back duly till now,radio/television,2319,unknown / no savings account,... >= 7 years,4,male,guarantor,4,real estate,56,none,for free,1,skilled employee / official,1,"yes, registered under customer's name",yes,1,single
no checking account,24,existing credits paid back duly till now,furniture/equipment,939,100 <= ... < 500 DM,... >= 7 years,4,male,none,4,unknown / no property,42,none,own,1,skilled employee / official,2,none,yes,1,divorced/separated
no checking account,4,existing credits paid back duly till now,car (new),3099,... < 100 DM,1 <= ... < 4 years,4,male,none,4,"car or other, not in savings account",75,none,for free,1,skilled employee / official,1,"yes, registered under customer's name",yes,1,single
no checking account,4,all credits at this bank paid back duly,car (new),1390,500 <= ... < 1000 DM,... >= 7 years,4,male,none,3,building society savings agreement / life insurance,59,bank,rent,1,skilled employee / official,1,"yes, registered under customer's name",yes,1,single
no checking account,20,critical account / other credits existing (not at this bank),business,2020,500 <= ... < 1000 DM,... < 1 year,4,male,none,1,real estate,19,stores,rent,1,skilled employee / official,1,"yes, registered under customer's name",yes,1,single
no checking account,4,existing credits paid back duly till now,education,250,... < 100 DM,1 <= ... < 4 years,4,female,none,2,"car or other, not in savings account",75,stores,rent,1,management / self-employed / highly qualified employee / officer,1,"yes, registered under customer's name",yes,1,divorced/separated
... < 0 DM,4,existing credits paid back duly till now,radio/television,2005,500 <= ... < 1000 DM,... >= 7 years,2,female,none,4,building society savings agreement / life insurance,75,none,own,1,management / self-employed / highly qualified employee / officer,1,none,yes,2,single
no checking account,18,critical account / other credits existing (not at this bank),domestic appliances,2513,100 <= ... < 500 DM,... >= 7 years,4,male,none,4,unknown / no property,64,none,own,2,unskilled - resident,1,"yes, registered under customer's name",yes,1,single
0 <= ... < 200 DM,4,critical account / other credits existing (not at this bank),business,4280,500 <= ... < 1000 DM,... >= 7 years,4,male,none,3,"car or other, not in savings account",59,none,own,1,unskilled - resident,2,none,yes,1,single
0 <= ... < 200 DM,4,critical account / other credits existing (not at this bank),business,3194,... < 100 DM,1 <= ... < 4 years,2,male,none,4,"car or other, not in savings account",61,bank,for free,2,skilled employee / official,1,none,yes,1,divorced/separated
no checking account,14,critical account / other credits existing (not at this bank),car (new),5923,unknown / no savings account,1 <= ... < 4 years,1,male,co-applicant,1,building society savings agreement / life insurance,51,none,rent,2,unskilled - resident,1,none,yes,1,divorced/separated
0 <= ... < 200 DM,5,all credits at this bank paid back duly,car (new),14429,... < 100 DM,1 <= ... < 4 years,4,female,none,4,unknown / no property,19,none,for free,1,management / self-employed / highly qualified employee / officer,1,none,yes,2,single
0 <= ... < 200 DM,5,all credits at this bank paid back duly,business,2403,unknown / no savings account,1 <= ... < 4 years,4,male,none,4,"car or other, not in savings account",46,bank,rent,1,skilled employee / official,1,none,yes,1,single
no checking account,4,existing credits paid back duly till now,car (new),2230,... < 100 DM,4 <= ... < 7 years,2,male,none,4,unknown / no property,32,none,own,1,skilled employee / official,1,none,yes,1,divorced/separated
no checking account,8,all credits at this bank paid back duly,furniture/equipment,4092,... < 100 DM,... >= 7 years,4,male,none,3,"car or other, not in savings account",19,none,own,1,skilled employee / official,1,none,yes,1,single
no checking account,4,existing credits paid back duly till now,business,2609,... < 100 DM,4 <= ... < 7 years,4,male,none,4,real estate,46,none,own,1,skilled employee / official,1,none,yes,1,single
no checking account,4,existing credits paid back duly till now,radio/television,6106,... < 100 DM,... >= 7 years,4,male,none,4,unknown / no property,23,none,own,1,skilled employee / official,2,none,yes,1,single
no checking account,13,critical account / other credits existing (not at this bank),furniture/equipment,2874,... < 100 DM,4 <= ... < 7 years,2,female,none,2,"car or other, not in savings account",26,none,rent,2,skilled employee / official,1,none,yes,1,married/widowed
... < 0 DM,4,all credits at this bank paid back duly,car (new),2450,... < 100 DM,4 <= ... < 7 years,2,male,none,2,"car or other, not in savings account",36,bank,own,1,skilled employee / official,1,none,yes,1,single
no checking account,12,critical account / other credits existing (not at this bank),education,801,... >= 1000 DM,... < 1 year,4,female,none,4,real estate,27,bank,own,1,unskilled - resident,2,none,yes,1,divorced/separated
no checking account,22,existing credits paid back duly till now,radio/television,1663,... < 100 DM,1 <= ... < 4 years,4,male,none,1,real estate,45,none,own,1,skilled employee / official,2,"yes, registered under customer's name",yes,1,single
... < 0 DM,5,existing credits paid back duly till now,radio/television,2549,100 <= ... < 500 DM,4 <= ... < 7 years,4,female,none,1,building society savings agreement / life insurance,19,none,own,2,skilled employee / official,1,none,yes,2,single
no checking account,4,critical account / other credits existing (not at this bank),radio/television,9640,unknown / no savings account,... >= 7 years,3,male,none,4,building society savings agreement / life insurance,41,bank,for free,1,skilled employee / official,1,none,yes,1,single
... < 0 DM,4,existing credits paid back duly till now,radio/television,768,500 <= ... < 1000 DM,... < 1 year,1,male,none,1,"car or other, not in savings account",35,none,own,1,skilled employee / official,1,none,yes,1,single
0 <= ... < 200 DM,20,existing credits paid back duly till now,radio/television,3726,unknown / no savings account,1 <= ... < 4 years,2,female,guarantor,2,real estate,31,none,rent,1,unemployed / unskilled - non-resident,2,none,no,1,single
no checking account,6,critical account / other credits existing (not at this bank),business,954,100 <= ... < 500 DM,4 <= ... < 7 years,2,female,none,4,"car or other, not in savings account",35,none,own,1,skilled employee / official,1,none,yes,1,single
no checking account,4,all credits at this bank paid back duly,repairs,3233,... < 100 DM,... >= 7 years,2,male,none,2,real estate,19,none,own,2,skilled employee / official,1,none,yes,2,single
no checking account,16,critical account / other credits existing (not at this bank),domestic appliances,2765,100 <= ... < 500 DM,... >= 7 years,1,male,co-applicant,4,unknown / no property,47,none,own,1,skilled employee / official,2,none,yes,1,single
0 <= ... < 200 DM,20,existing credits paid back duly till now,car (new),910,... < 100 DM,4 <= ... < 7 years,2,male,none,3,"car or other, not in savings account",36,none,for free,1,unskilled - resident,1,"yes, registered under customer's name",yes,1,divorced/separated
no checking account,19,all credits at this bank paid back duly,radio/television,4436,... < 100 DM,1 <= ... < 4 years,2,male,none,4,"car or other, not in savings account",25,none,own,2,skilled employee / official,1,"yes, registered under customer's name",yes,1,single
... < 0 DM,23,existing credits paid back duly till now,business,250,500 <= ... < 1000 DM,... >= 7 years,2,male,none,4,unknown / no property,58,none,own,1,skilled employee / official,1,none,yes,1,single
... < 0 DM,4,existing credits paid back duly till now,radio/television,250,unknown / no savings account,... >= 7 years,4,female,none,4,building society savings agreement / life insurance,29,none,own,1,skilled employee / official,2,none,yes,1,divorced/separated
no checking account,4,existing credits paid back duly till now,furniture/equipment,1958,... < 100 DM,... >= 7 years,4,female,none,3,"car or other, not in savings account",23,none,own,1,skilled employee / official,1,none,yes,1,single
... < 0 DM,9,critical account / other credits existing (not at this bank),car (used),2409,... < 100 DM,... < 1 year,4,female,none,2,real estate,20,none,for free,1,skilled employee / official,1,none,yes,2,single
no checking account,12,existing credits paid back duly till now,radio/television,1487,500 <= ... < 1000 DM,... >= 7 years,4,male,none,4,real estate,38,none,own,1,unskilled - resident,1,none,yes,1,single
... < 0 DM,22,delay in paying off in the past,furniture/equipment,3206,... < 100 DM,1 <= ... < 4 years,2,female,none,2,building society savings agreement / life insurance,44,bank,own,1,skilled employee / official,1,none,yes,1,divorced/separated
no checking account,7,existing credits paid back duly till now,car (new),4075,... < 100 DM,4 <= ... < 7 years,4,male,none,4,"car or other, not in savings account",58,none,own,1,unskilled - resident,1,none,yes,1,single
no checking account,23,critical account / other credits existing (not at this bank),car (used),2754,unknown / no savings account,4 <= ... < 7 years,2,male,none,4,building society savings agreement / life insurance,40,bank,own,1,skilled employee / official,1,none,yes,1,single
no checking account,7,existing credits paid back duly till now,business,2157,... < 100 DM,1 <= ... < 4 years,4,female,none,3,"car or other, not in savings account",42,none,for free,2,skilled employee / official,1,"yes, registered under customer's name",yes,1,single
no checking account,12,delay in paying off in the past,car (used),6080,... < 100 DM,1 <= ... < 4 years,4,male,none,2,real estate,42,stores,rent,2,skilled employee / official,1,"yes, registered under customer's name",no,1,single
... < 0 DM,41,critical account / other credits existing (not at this bank),domestic appliances,6141,100 <= ... < 500 DM,... < 1 year,4,female,none,4,"car or other, not in savings account",33,none,own,1,skilled employee / official,1,none,yes,1,divorced/separated
... < 0 DM,21,all credits at this bank paid back duly,others,3549,unknown / no savings account,4 <= ... < 7 years,4,male,guarantor,4,real estate,38,bank,for free,2,skilled employee / official,2,none,yes,1,single
... < 0 DM,18,delay in paying off in the past,radio/television,1597,unknown / no savings account,... >= 7 years,2,female,none,4,building society savings agreement / life insurance,32,none,for free,1,management / self-employed / highly qualified employee / officer,2,none,yes,1,married/widowed
... < 0 DM,7,existing credits paid back duly till now,furniture/equipment,2739,... < 100 DM,unemployed,1,male,co-applicant,4,unknown / no property,41,none,own,1,unskilled - resident,2,none,yes,1,divorced/separated
... < 0 DM,24,existing credits paid back duly till now,car (new),2687,... < 100 DM,4 <= ... < 7 years,2,male,none,3,building society savings agreement / life insurance,29,none,rent,1,skilled employee / official,2,none,yes,1,married/widowed
no checking account,4,critical account / other credits existing (not at this bank),car (used),250,... >= 1000 DM,4 <= ... < 7 years,4,female,none,4,"car or other, not in savings account",70,none,for free,2,skilled employee / official,1,none,yes,2,divorced/separated
0 <= ... < 200 DM,4,delay in paying off in the past,furniture/equipment,7101,... < 100 DM,4 <= ... < 7 years,4,male,none,4,building society savings agreement / life insurance,73,none,own,2,skilled employee / official,1,none,yes,1,single
... < 0 DM,22,critical account / other credits existing (not at this bank),others,5490,500 <= ... < 1000 DM,... < 1 year,4,male,none,4,"car or other, not in savings account",75,none,own,1,skilled employee / official,1,none,yes,1,single
no checking account,4,no credits taken / all credits paid back duly,others,4696,... < 100 DM,unemployed,4,male,none,4,"car or other, not in savings account",24,none,own,1,skilled employee / official,1,none,yes,1,single
... >= 200 DM / salary assignments for at least 1 year,4,critical account / other credits existing (not at this bank),radio/television,4389,unknown / no savings account,... >= 7 years,4,male,none,2,building society savings agreement / life insurance,36,none,own,1,skilled employee / official,1,none,yes,1,divorced/separated
no checking account,4,existing credits paid back duly till now,furniture/equipment,1529,unknown / no savings account,4 <= ... < 7 years,4,female,none,4,"car or other, not in savings account",58,none,rent,2,skilled employee / official,1,none,yes,1,single
... < 0 DM,4,existing credits paid back duly till now,car (new),819,unknown / no savings account,... < 1 year,4,male,none,1,"car or other, not in savings account",27,none,for free,1,management / self-employed / highly qualified employee / officer,1,"yes, registered under customer's name",yes,1,single
0 <= ... < 200 DM,14,delay in paying off in the past,car (used),5392,unknown / no savings account,1 <= ... < 4 years,4,male,none,1,building society savings agreement / life insurance,29,none,rent,1,skilled employee / official,1,none,yes,1,single
no checking account,4,critical account / other credits existing (not at this bank),car (used),1986,unknown / no savings account,... >= 7 years,4,female,none,2,building society savings agreement / life insurance,28,none,own,1,skilled employee / official,2,"yes, registered under customer's name",yes,1,single
no checking account,4,existing credits paid back duly till now,car (new),5367,... < 100 DM,1 <= ... < 4 years,4,male,none,3,building society savings agreement / life insurance,75,none,own,1,skilled employee / official,1,none,yes,1,married/widowed
0 <= ... < 200 DM,4,existing credits paid back duly till now,car (new),3323,unknown / no savings account,... >= 7 years,4,female,none,4,"car or other, not in savings account",75,none,own,2,unskilled - resident,2,none,yes,1,single
no checking account,22,critical account / other credits existing (not at this bank),radio/television,5251,... < 100 DM,... < 1 year,1,male,none,4,building society savings agreement / life insurance,33,bank,own,1,skilled employee / official,1,none,yes,1,single
... >= 200 DM / salary assignments for at least 1 year,5,no credits taken / all credits paid back duly,others,3280,unknown / no savings account,... >= 7 years,2,male,none,3,building society savings agreement / life insurance,26,none,own,1,skilled employee / official,1,none,yes,1,single
... < 0 DM,24,no credits taken / all credits paid back duly,furniture/equipment,5116,100 <= ... < 500 DM,unemployed,4,female,none,3,"car or other, not in savings account",59,none,own,1,skilled employee / official,1,none,yes,1,divorced/separated
... >= 200 DM / salary assignments for at least 1 year,20,delay in paying off in the past,education,1538,100 <= ... < 500 DM,... >= 7 years,4,male,none,4,unknown / no property,38,none,own,2,management / self-employed / highly qualified employee / officer,1,"yes, registered under customer's name",yes,2,divorced/separated
... < 0 DM,20,existing credits paid back duly till now,business,3177,... < 100 DM,... < 1 year,1,male,none,4,"car or other, not in savings account",75,none,own,1,unskilled - resident,1,none,no,1,married/widowed
0 <= ... < 200 DM,16,all credits at this bank paid back duly,car (used),3384,... < 100 DM,... >= 7 years,4,male,none,3,building society savings agreement / life insurance,35,none,own,2,skilled employee / official,2,none,yes,1,single
0 <= ... < 200 DM,4,existing credits paid back duly till now,car (new),3233,100 <= ... < 500 DM,... < 1 year,2,male,none,4,"car or other, not in savings account",33,none,own,2,skilled employee / official,2,none,no,2,single
no checking account,20,delay in paying off in the past,furniture/equipment,2248,... >= 1000 DM,... >= 7 years,2,male,none,4,real estate,57,none,own,2,skilled employee / official,1,none,yes,2,divorced/separated
... < 0 DM,12,critical account / other credits existing (not at this bank),radio/television,2005,unknown / no savings account,4 <= ... < 7 years,3,male,none,3,real estate,75,none,own,1,skilled employee / official,2,"yes, registered under customer's name",yes,1,married/widowed
no checking account,17,critical account / other credits existing (not at this bank),radio/television,15945,unknown / no savings account,... >= 7 years,1,male,none,4,real estate,41,none,own,2,skilled employee / official,1,"yes, registered under customer's name",yes,1,single
0 <= ... < 200 DM,20,existing credits paid back duly till now,repairs,2066,... < 100 DM,unemployed,4,male,none,4,building society savings agreement / life insurance,55,none,own,1,skilled employee / official,2,"yes, registered under customer's name",yes,1,divorced/separated
... < 0 DM,4,existing credits paid back duly till now,radio/television,1561,100 <= ... < 500 DM,... >= 7 years,4,female,none,1,unknown / no property,50,none,own,2,skilled employee / official,1,"yes, registered under customer's name",yes,1,single
no checking account,4,existing credits paid back duly till now,car (new),339,unknown / no savings account,1 <= ... < 4 years,2,male,none,4,"car or other, not in savings account",37,none,own,1,unskilled - resident,1,"yes, registered under customer's name",yes,1,single
no checking account,22,existing credits paid back duly till now,radio/television,15945,unknown / no savings account,4 <= ... < 7 years,4,male,guarantor,3,real estate,31,none,own,1,skilled employee / official,1,none,yes,1,divorced/separated
... < 0 DM,4,existing credits paid back duly till now,repairs,4284,500 <= ... < 1000 DM,4 <= ... < 7 years,4,male,none,4,"car or other, not in savings account",75,stores,rent,1,skilled employee / official,1,none,yes,1,single
... < 0 DM,4,critical account / other credits existing (not at this bank),radio/television,3042,... < 100 DM,... >= 7 years,1,male,none,4,real estate,52,none,own,1,skilled employee / official,2,none,yes,1,divorced/separated
no checking account,4,existing credits paid back duly till now,radio/television,415,500 <= ... < 1000 DM,4 <= ... < 7 years,4,male,co-applicant,4,"car or other, not in savings account",33,none,own,2,skilled employee / official,1,none,yes,1,single
no checking account,23,critical account / other credits existing (not at this bank),car (new),2403,100 <= ... < 500 DM,... >= 7 years,1,male,none,4,"car or other, not in savings account",57,none,for free,2,skilled employee / official,2,none,yes,1,single
no checking account,39,critical account / other credits existing (not at this bank),car (new),15945,... < 100 DM,unemployed,4,male,none,2,building society savings agreement / life insurance,73,none,rent,4,skilled employee / official,2,"yes, registered under customer's name",yes,1,single
... >= 200 DM / salary assignments for at least 1 year,4,critical account / other credits existing (not at this bank),radio/television,931,unknown / no savings account,4 <= ... < 7 years,4,female,none,2,real estate,27,none,for free,2,skilled employee / official,1,none,yes,1,single
no checking account,19,critical account / other credits existing (not at this bank),education,1053,... < 100 DM,... >= 7 years,4,female,none,1,"car or other, not in savings account",33,none,for free,1,skilled employee / official,1,none,yes,1,divorced/separated
... < 0 DM,4,critical account / other credits existing (not at this bank),others,3043,unknown / no savings account,... < 1 year,4,male,none,4,real estate,35,none,own,1,skilled employee / official,1,none,yes,2,divorced/separated
no checking account,4,critical account / other credits existing (not at this bank),furniture/equipment,1465,... < 100 DM,4 <= ... < 7 years,4,female,none,2,"car or other, not in savings account",26,none,rent,2,skilled employee / official,1,"yes, registered under customer's name",yes,1,single
no checking account,10,existing credits paid back duly till now,radio/television,2180,... < 100 DM,... < 1 year,4,male,co-applicant,4,building society savings agreement / life insurance,39,none,for free,1,skilled employee / official,1,"yes, registered under customer's name",yes,1,single
0 <= ... < 200 DM,4,existing credits paid back duly till now,radio/television,3125,... < 100 DM,4 <= ... < 7 years,2,female,none,4,real estate,37,none,for free,2,skilled employee / official,1,none,yes,1,divorced/separated
no checking account,4,critical account / other credits existing (not at this bank),car (new),2369,... < 100 DM,1 <= ... < 4 years,2,male,none,3,building society savings agreement / life insurance,75,none,own,2,skilled employee / official,1,none,yes,1,single
no checking account,14,delay in paying off in the past,business,1810,unknown / no savings account,4 <= ... < 7 years,3,female,none,3,real estate,62,none,for free,1,skilled employee / official,1,none,yes,1,divorced/separated
no checking account,22,delay in paying off in the past,car (new),3283,... < 100 DM,1 <= ... < 4 years,4,female,none,3,real estate,43,stores,own,1,skilled employee / official,2,none,no,1,married/widowed
no checking account,4,existing credits paid back duly till now,business,2800,unknown / no savings account,4 <= ... < 7 years,4,male,none,3,real estate,29,none,own,2,skilled employee / official,1,none,yes,1,single
no checking account,43,critical account / other credits existing (not at this bank),radio/television,372,... >= 1000 DM,... < 1 year,4,male,guarantor,4,building society savings agreement / life insurance,42,bank,rent,2,skilled employee / official,1,none,yes,2,single
no checking account,4,existing credits paid back duly till now,business,1800,unknown / no savings account,1 <= ... < 4 years,3,male,none,4,unknown / no property,35,none,own,2,management / self-employed / highly qualified employee / officer,2,"yes, registered under customer's name",yes,1,divorced/separated
... < 0 DM,38,critical account / other credits existing (not at this bank),car (used),406,... >= 1000 DM,4 <= ... < 7 years,2,female,none,4,building society savings agreement / life insurance,43,none,own,1,skilled employee / official,1,"yes, registered under customer's name",yes,1,single
... < 0 DM,4,critical account / other credits existing (not at this bank),radio/television,2313,... < 100 DM,... >= 7 years,2,male,co-applicant,1,unknown / no property,66,none,for free,1,skilled employee / official,1,none,yes,2,single
... < 0 DM,4,existing credits paid back duly till now,car (new),1444,... < 100 DM,... >= 7 years,2,male,none,4,real estate,75,none,for free,1,skilled employee / official,1,"yes, registered under customer's name",yes,1,single
... < 0 DM,4,existing credits paid back duly till now,radio/television,1636,... < 100 DM,... < 1 year,4,male,none,4,"car or other, not in savings account",38,none,rent,1,skilled employee / official,2,none,yes,1,divorced/separated
no checking account,4,existing credits paid back duly till now,radio/television,1259,100 <= ... < 500 DM,... < 1 year,4,female,none,4,real estate,32,none,own,1,management / self-employed / highly qualified employee / officer,1,"yes, registered under customer's name",yes,1,married/widowed
no checking account,11,critical account / other credits existing (not at this bank),car (new),1863,... < 100 DM,... >= 7 years,4,male,none,1,"car or other, not in savings account",34,none,own,1,skilled employee / official,2,"yes, registered under customer's name",yes,1,married/widowed
... < 0 DM,7,existing credits paid back duly till now,radio/television,2062,500 <= ... < 1000 DM,... >= 7 years,4,female,none,4,"car or other, not in savings account",75,none,own,2,skilled employee / official,2,"yes, registered under customer's name",yes,1,married/widowed
... < 0 DM,28,critical account / other credits existing (not at this bank),car (used),2628,... < 100 DM,1 <= ... < 4 years,2,male,none,2,building society savings agreement / life insurance,33,none,own,1,skilled employee / official,2,none,yes,1,divorced/separated
0 <= ... < 200 DM,7,critical account / other credits existing (not at this bank),domestic appliances,250,100 <= ... < 500 DM,... >= 7 years,4,female,none,4,unknown / no property,75,none,own,1,skilled employee / official,1,none,yes,1,divorced/separated
no checking account,27,critical account / other credits existing (not at this bank),car (used),2614,100 <= ... < 500 DM,4 <= ... < 7 years,4,male,none,4,unknown / no property,38,none,rent,1,skilled employee / official,2,none,yes,1,divorced/separated
... < 0 DM,4,existing credits paid back duly till now,business,6301,... < 100 DM,4 <= ... < 7 years,4,male,co-applicant,1,real estate,38,none,for free,1,unskilled - resident,1,none,yes,1,single
0 <= ... < 200 DM,15,existing credits paid back duly till now,business,5212,... < 100 DM,... >= 7 years,4,male,none,1,real estate,41,none,own,1,skilled employee / official,1,none,yes,1,divorced/separated
no checking account,28,critical account / other credits existing (not at this bank),radio/television,2063,... < 100 DM,1 <= ... < 4 years,2,male,none,4,"car or other, not in savings account",38,none,own,1,skilled employee / official,1,none,yes,1,divorced/separated
... < 0 DM,4,all credits at this bank paid back duly,business,8737,100 <= ... < 500 DM,4 <= ... < 7 years,2,female,none,4,unknown / no property,19,none,rent,1,skilled employee / official,2,"yes, registered under customer's name",yes,1,single
... < 0 DM,7,delay in paying off in the past,car (new),3480,... < 100 DM,unemployed,1,female,none,1,building society savings agreement / life insurance,43,none,own,1,management / self-employed / highly qualified employee / officer,2,"yes, registered under customer's name",yes,1,divorced/separated
... >= 200 DM / salary assignments for at least 1 year,4,critical account / other credits existing (not at this bank),business,1309,unknown / no savings account,... >= 7 years,4,male,none,2,building society savings agreement / life insurance,34,none,own,1,unemployed / unskilled - non-resident,2,none,yes,1,single
no checking account,14,critical account / other credits existing (not at this bank),radio/television,3290,unknown / no savings account,4 <= ... < 7 years,1,male,none,2,real estate,35,none,for free,2,management / self-employed / highly qualified employee / officer,1,none,yes,1,divorced/separated
no checking account,21,critical account / other credits existing (not at this bank),furniture/equipment,2262,... < 100 DM,... >= 7 years,1,male,guarantor,4,real estate,50,none,own,2,unskilled - resident,1,none,yes,1,single
... < 0 DM,4,existing credits paid back duly till now,radio/television,4095,... >= 1000 DM,... >= 7 years,2,male,none,4,building society savings agreement / life insurance,35,bank,for free,2,skilled employee / official,1,"yes, registered under customer's name",yes,1,single
0 <= ... < 200 DM,7,no credits taken / all credits paid back duly,car (new),1028,... < 100 DM,4 <= ... < 7 years,4,male,none,4,building society savings agreement / life insurance,29,none,own,1,skilled employee / official,1,none,yes,1,single
... < 0 DM,4,existing credits paid back duly till now,radio/television,1411,... < 100 DM,... >= 7 years,4,female,co-applicant,3,building society savings agreement / life insurance,57,none,own,2,skilled employee / official,1,none,yes,1,divorced/separated
no checking account,9,existing credits paid back duly till now,business,6590,... < 100 DM,4 <= ... < 7 years,4,male,none,4,building society savings agreement / life insurance,69,none,own,2,management / self-employed / highly qualified employee / officer,1,none,yes,2,single
no checking account,10,critical account / other credits existing (not at this bank),radio/television,3334,... < 100 DM,4 <= ... < 7 years,2,male,none,1,unknown / no property,44,none,own,1,skilled employee / official,1,none,yes,1,divorced/separated
... < 0 DM,4,existing credits paid back duly till now,car (new),250,... < 100 DM,... < 1 year,4,female,none,4,real estate,37,none,for free,2,management / self-employed / highly qualified employee / officer,1,none,yes,1,married/widowed
no checking account,11,existing credits paid back duly till now,car (new),2236,... < 100 DM,... >= 7 years,3,male,none,2,real estate,48,none,own,2,unskilled - resident,1,"yes, registered under customer's name",no,1,divorced/separated
0 <= ... < 200 DM,4,existing credits paid back duly till now,business,3266,... < 100 DM,1 <= ... < 4 years,3,male,none,3,real estate,33,bank,own,1,unskilled - resident,1,none,yes,1,single
0 <= ... < 200 DM,12,critical account / other credits existing (not at this bank),radio/television,2772,... < 100 DM,1 <= ... < 4 years,4,male,none,4,building society savings agreement / life insurance,28,none,own,1,skilled employee / official,1,none,yes,1,divorced/separated
no checking account,19,all credits at this bank paid back duly,car (used),1908,... < 100 DM,... >= 7 years,2,male,none,3,real estate,35,none,own,1,skilled employee / official,1,none,yes,1,married/widowed
... < 0 DM,4,all credits at this bank paid back duly,furniture/equipment,250,... < 100 DM,... >= 7 years,4,female,none,3,building society savings agreement / life insurance,41,none,own,2,skilled employee / official,1,none,yes,2,divorced/separated
no checking account,5,critical account / other credits existing (not at this bank),repairs,2004,... < 100 DM,... >= 7 years,2,female,none,4,real estate,35,none,own,1,skilled employee / official,1,none,yes,1,single
no checking account,9,existing credits paid back duly till now,furniture/equipment,6508,... < 100 DM,... >= 7 years,2,male,none,4,"car or other, not in savings account",63,none,own,1,skilled employee / official,1,none,yes,1,divorced/separated
0 <= ... < 200 DM,14,critical account / other credits existing (not at this bank),business,1523,... >= 1000 DM,1 <= ... < 4 years,3,female,none,4,"car or other, not in savings account",25,none,own,1,skilled employee / official,1,"yes, registered under customer's name",yes,2,single
... < 0 DM,4,existing credits paid back duly till now,radio/television,10303,... < 100 DM,... >= 7 years,2,female,none,1,unknown / no property,30,none,own,2,skilled employee / official,1,none,yes,1,single
no checking account,4,existing credits paid back duly till now,car (new),2150,unknown / no savings account,1 <= ... < 4 years,4,male,none,4,real estate,48,bank,own,2,skilled employee / official,1,none,yes,1,divorced/separated
no checking account,21,existing credits paid back duly till now,business,3456,... < 100 DM,4 <= ... < 7 years,1,male,none,4,real estate,75,none,own,2,skilled employee / official,1,none,yes,1,single
0 <= ... < 200 DM,11,critical account / other credits existing (not at this bank),radio/television,2582,... < 100 DM,... >= 7 years,4,male,none,4,unknown / no property,31,none,own,1,unskilled - resident,2,none,yes,1,single
0 <= ... < 200 DM,10,critical account / other credits existing (not at this bank),radio/television,2998,... < 100 DM,4 <= ... < 7 years,3,male,none,2,building society savings agreement / life insurance,70,none,own,1,skilled employee / official,1,none,yes,1,single
... < 0 DM,4,existing credits paid back duly till now,radio/television,250,100 <= ... < 500 DM,... < 1 year,3,male,none,4,"car or other, not in savings account",33,none,rent,1,skilled employee / official,2,"yes, registered under customer's name",yes,1,divorced/separated
... < 0 DM,4,existing credits paid back duly till now,radio/television,2650,... < 100 DM,4 <= ... < 7 years,2,male,none,1,"car or other, not in savings account",45,none,own,1,skilled employee / official,1,none,yes,1,divorced/separated
no checking account,35,critical account / other credits existing (not at this bank),business,1772,... < 100 DM,4 <= ... < 7 years,4,male,guarantor,3,real estate,37,bank,own,1,skilled employee / official,2,none,yes,1,single
no checking account,12,critical account / other credits existing (not at this bank),business,250,100 <= ... < 500 DM,... >= 7 years,4,male,none,4,real estate,33,none,own,2,skilled employee / official,1,none,yes,1,single
no checking account,20,critical account / other credits existing (not at this bank),others,3244,100 <= ... < 500 DM,... >= 7 years,4,male,none,4,building society savings agreement / life insurance,54,none,own,1,skilled employee / official,2,none,yes,1,single
... < 0 DM,4,all credits at this bank paid back duly,radio/television,1987,... < 100 DM,1 <= ... < 4 years,4,female,none,2,building society savings agreement / life insurance,61,none,own,1,skilled employee / official,1,"yes, registered under customer's name",yes,1,single
no checking account,19,critical account / other credits existing (not at this bank),radio/television,3119,unknown / no savings account,... >= 7 years,4,male,none,2,real estate,19,none,rent,1,skilled employee / official,2,"yes, registered under customer's name",yes,1,single
no checking account,13,critical account / other credits existing (not at this bank),car (new),3661,... < 100 DM,... < 1 year,4,male,none,2,unknown / no property,47,bank,own,1,skilled employee / official,1,none,yes,1,single
... < 0 DM,20,critical account / other credits existing (not at this bank),radio/television,2501,unknown / no savings account,... >= 7 years,4,male,none,4,unknown / no property,32,none,for free,1,skilled employee / official,1,"yes, registered under customer's name",yes,1,single
no checking account,4,all credits at this bank paid back duly,car (used),9048,unknown / no savings account,... < 1 year,2,male,none,4,unknown / no property,40,none,for free,2,skilled employee / official,1,"yes, registered under customer's name",no,2,single
... < 0 DM,4,existing credits paid back duly till now,radio/television,971,unknown / no savings account,unemployed,4,male,guarantor,2,real estate,71,none,own,1,skilled employee / official,1,"yes, registered under customer's name",yes,1,divorced/separated
no checking account,4,no credits taken / all credits paid back duly,education,6699,... >= 1000 DM,... < 1 year,3,female,none,4,unknown / no property,40,none,rent,3,skilled employee / official,1,none,yes,2,single
no checking account,15,all credits at this bank paid back duly,furniture/equipment,2905,... >= 1000 DM,... < 1 year,1,female,none,4,real estate,51,none,rent,1,skilled employee / official,2,"yes, registered under customer's name",yes,1,divorced/separated
no checking account,4,critical account / other credits existing (not at this bank),car (new),1837,... < 100 DM,1 <= ... < 4 years,4,female,none,4,"car or other, not in savings account",28,none,own,2,skilled employee / official,1,none,yes,2,single
no checking account,4,existing credits paid back duly till now,education,2012,... < 100 DM,4 <= ... < 7 years,4,male,none,4,"car or other, not in savings account",49,none,own,1,unemployed / unskilled - non-resident,1,none,yes,1,divorced/separated
... >= 200 DM / salary assignments for at least 1 year,26,existing credits paid back duly till now,education,1275,... < 100 DM,4 <= ... < 7 years,4,male,none,3,"car or other, not in savings account",32,stores,own,2,unemployed / unskilled - non-resident,1,none,yes,1,married/widowed
... < 0 DM,5,critical account / other credits existing (not at this bank),education,2557,100 <= ... < 500 DM,1 <= ... < 4 years,4,male,none,2,"car or other, not in savings account",38,none,own,1,skilled employee / official,1,none,yes,1,divorced/separated
... < 0 DM,15,all credits at this bank paid back duly,domestic appliances,1291,... < 100 DM,4 <= ... < 7 years,2,male,co-applicant,2,building society savings agreement / life insurance,43,none,own,2,unskilled - resident,1,none,yes,1,single
no checking account,8,critical account / other credits existing (not at this bank),repairs,2467,... < 100 DM,... >= 7 years,4,female,none,3,real estate,32,none,for free,1,skilled employee / official,1,"yes, registered under customer's name",yes,1,single
no checking account,7,critical account / other credits existing (not at this bank),radio/television,1941,500 <= ... < 1000 DM,1 <= ... < 4 years,1,female,none,4,building society savings agreement / life insurance,38,none,own,1,skilled employee / official,1,none,no,2,single
no checking account,4,all credits at this bank paid back duly,business,3192,100 <= ... < 500 DM,unemployed,2,male,none,2,"car or other, not in savings account",46,none,own,2,skilled employee / official,1,none,yes,1,single
... < 0 DM,4,critical account / other credits existing (not at this bank),business,2459,... < 100 DM,... >= 7 years,4,male,none,4,building society savings agreement / life insurance,21,none,rent,1,skilled employee / official,1,none,yes,1,divorced/separated
no checking account,20,critical account / other credits existing (not at this bank),radio/television,3065,100 <= ... < 500 DM,4 <= ... < 7 years,3,male,none,4,real estate,36,none,own,2,skilled employee / official,1,"yes, registered under customer's name",yes,1,single
... < 0 DM,6,critical account / other credits existing (not at this bank),car (new),2226,unknown / no savings account,... >= 7 years,4,female,none,1,"car or other, not in savings account",28,none,own,2,skilled employee / official,1,none,yes,1,single
... < 0 DM,14,critical account / other credits existing (not at this bank),furniture/equipment,2105,... < 100 DM,1 <= ... < 4 years,4,female,co-applicant,4,building society savings agreement / life insurance,33,none,own,1,skilled employee / official,1,none,yes,1,divorced/separated
... < 0 DM,9,existing credits paid back duly till now,radio/television,3644,100 <= ... < 500 DM,... >= 7 years,4,female,none,2,real estate,33,none,own,2,management / self-employed / highly qualified employee / officer,1,"yes, registered under customer's name",yes,1,divorced/separated
... < 0 DM,6,existing credits paid back duly till now,car (used),15714,500 <= ... < 1000 DM,... >= 7 years,2,female,none,2,"car or other, not in savings account",40,none,own,1,skilled employee / official,1,none,yes,1,married/widowed
0 <= ... < 200 DM,12,critical account / other credits existing (not at this bank),education,2214,... < 100 DM,unemployed,2,male,none,2,unknown / no property,30,none,for free,1,skilled employee / official,2,"yes, registered under customer's name",yes,1,single
no checking account,7,critical account / other credits existing (not at this bank),business,4909,... < 100 DM,4 <= ... < 7 years,4,male,none,4,unknown / no property,39,none,own,1,skilled employee / official,1,"yes, registered under customer's name",yes,1,divorced/separated
0 <= ... < 200 DM,4,no credits taken / all credits paid back duly,car (new),2048,... < 100 DM,4 <= ... < 7 years,3,male,none,3,building society savings agreement / life insurance,27,bank,own,1,skilled employee / official,2,none,yes,1,single
... < 0 DM,8,existing credits paid back duly till now,car (used),250,100 <= ... < 500 DM,... >= 7 years,2,female,co-applicant,3,building society savings agreement / life insurance,28,none,rent,1,skilled employee / official,1,none,yes,1,single
no checking account,17,existing credits paid back duly till now,education,3474,500 <= ... < 1000 DM,... >= 7 years,4,female,none,4,"car or other, not in savings account",54,none,rent,1,skilled employee / official,1,none,yes,2,single
no checking account,4,existing credits paid back duly till now,car (new),1300,unknown / no savings account,1 <= ... < 4 years,3,male,none,1,unknown / no property,62,none,own,1,skilled employee / official,2,none,yes,1,single
... >= 200 DM / salary assignments for at least 1 year,8,all credits at this bank paid back duly,furniture/equipment,5015,unknown / no savings account,... >= 7 years,2,male,none,3,real estate,43,none,for free,1,skilled employee / official,1,none,yes,1,single
0 <= ... < 200 DM,4,delay in paying off in the past,furniture/equipment,12596,... >= 1000 DM,unemployed,4,male,none,4,real estate,41,none,own,1,skilled employee / official,1,"yes, registered under customer's name",yes,2,divorced/separated
no checking account,4,delay in paying off in the past,car (new),2034,... < 100 DM,unemployed,4,male,none,4,real estate,61,none,own,1,skilled employee / official,1,none,yes,1,divorced/separated
... < 0 DM,4,critical account / other credits existing (not at this bank),business,388,... >= 1000 DM,... >= 7 years,3,male,guarantor,4,unknown / no property,42,none,for free,1,skilled employee / official,1,none,yes,1,single
0 <= ... < 200 DM,11,existing credits paid back duly till now,furniture/equipment,10590,... < 100 DM,... >= 7 years,2,female,none,3,real estate,30,none,own,1,management / self-employed / highly qualified employee / officer,1,none,yes,1,divorced/separated
... < 0 DM,23,critical account / other credits existing (not at this bank),business,1579,100 <= ... < 500 DM,1 <= ... < 4 years,2,male,none,4,"car or other, not in savings account",45,none,rent,2,unskilled - resident,1,"yes, registered under customer's name",yes,1,single
no checking account,33,all credits at this bank paid back duly,radio/television,4018,... < 100 DM,4 <= ... < 7 years,3,male,none,3,building society savings agreement / life insurance,40,none,own,1,unemployed / unskilled - non-resident,2,"yes, registered under customer's name",yes,2,single
no checking account,13,critical account / other credits existing (not at this bank),car (used),1851,100 <= ... < 500 DM,4 <= ... < 7 years,2,male,none,2,"car or other, not in savings account",28,none,own,1,skilled employee / official,1,none,yes,1,married/widowed
0 <= ... < 200 DM,52,existing credits paid back duly till now,car (new),2189,... < 100 DM,4 <= ... < 7 years,4,male,none,4,"car or other, not in savings account",34,stores,for free,1,skilled employee / official,1,"yes, registered under customer's name",yes,1,single
no checking account,4,no credits taken / all credits paid back duly,car (new),3982,100 <= ... < 500 DM,4 <= ... < 7 years,3,male,none,4,unknown / no property,32,none,own,1,skilled employee / official,1,"yes, registered under customer's name",yes,1,single
no checking account,33,existing credits paid back duly till now,business,3060,... < 100 DM,1 <= ... < 4 years,3,female,none,4,"car or other, not in savings account",46,none,rent,2,unskilled - resident,1,none,yes,1,single
0 <= ... < 200 DM,20,delay in paying off in the past,radio/television,2051,500 <= ... < 1000 DM,... >= 7 years,4,male,none,3,unknown / no property,64,none,for free,1,skilled employee / official,1,none,yes,1,divorced/separated
... < 0 DM,7,delay in paying off in the past,business,5185,unknown / no savings account,4 <= ... < 7 years,2,female,none,4,"car or other, not in savings account",19,none,own,1,skilled employee / official,2,none,yes,2,divorced/separated
... < 0 DM,4,existing credits paid back duly till now,radio/television,250,... < 100 DM,... >= 7 years,4,male,none,3,"car or other, not in savings account",57,none,rent,2,management / self-employed / highly qualified employee / officer,1,none,yes,1,married/widowed
... < 0 DM,4,critical account / other credits existing (not at this bank),radio/television,7107,... < 100 DM,... >= 7 years,2,male,none,4,building society savings agreement / life insurance,70,none,rent,1,skilled employee / official,1,none,yes,2,single
no checking account,4,existing credits paid back duly till now,car (new),351,100 <= ... < 500 DM,4 <= ... < 7 years,4,male,guarantor,3,building society savings agreement / life insurance,35,bank,for free,1,skilled employee / official,2,none,yes,1,divorced/separated
... < 0 DM,17,critical account / other credits existing (not at this bank),business,3554,500 <= ... < 1000 DM,4 <= ... < 7 years,2,male,co-applicant,4,building society savings agreement / life insurance,30,none,rent,2,skilled employee / official,1,"yes, registered under customer's name",yes,1,married/widowed
... < 0 DM,26,critical account / other credits existing (not at this bank),radio/television,11972,unknown / no savings account,1 <= ... < 4 years,4,male,none,4,"car or other, not in savings account",40,none,own,2,skilled employee / official,1,"yes, registered under customer's name",yes,2,single
no checking account,4,critical account / other credits existing (not at this bank),radio/television,4689,... < 100 DM,... >= 7 years,3,male,none,4,unknown / no property,37,bank,own,2,skilled employee / official,2,"yes, registered under customer's name",yes,1,single
... < 0 DM,4,delay in paying off in the past,repairs,1975,unknown / no savings account,4 <= ... < 7 years,2,male,none,4,building society savings agreement / life insurance,27,none,own,1,skilled employee / official,1,"yes, registered under customer's name",yes,1,single
... < 0 DM,27,all credits at this bank paid back duly,radio/television,3115,... < 100 DM,... < 1 year,3,male,none,2,real estate,21,none,for free,1,skilled employee / official,1,"yes, registered under customer's name",yes,1,single
no checking account,4,existing credits paid back duly till now,radio/television,2286,unknown / no savings account,... >= 7 years,4,male,none,4,real estate,32,none,own,2,management / self-employed / highly qualified employee / officer,1,"yes, registered under customer's name",yes,1,single
... < 0 DM,4,critical account / other credits existing (not at this bank),car (used),380,100 <= ... < 500 DM,... >= 7 years,4,female,guarantor,2,building society savings agreement / life insurance,26,none,own,1,skilled employee / official,1,none,yes,2,single
0 <= ... < 200 DM,4,existing credits paid back duly till now,furniture/equipment,2320,... < 100 DM,4 <= ... < 7 years,3,male,none,4,building society savings agreement / life insurance,36,none,own,1,skilled employee / official,1,"yes, registered under customer's name",yes,1,divorced/separated
no checking account,17,no credits taken / all credits paid back duly,business,3580,... < 100 DM,unemployed,1,female,none,4,"car or other, not in savings account",36,none,own,1,skilled employee / official,1,"yes, registered under customer's name",yes,1,divorced/separated
no checking account,53,existing credits paid back duly till now,furniture/equipment,3263,500 <= ... < 1000 DM,... < 1 year,1,female,co-applicant,4,building society savings agreement / life insurance,64,none,own,1,skilled employee / official,1,"yes, registered under customer's name",yes,1,divorced/separated
no checking account,24,critical account / other credits existing (not at this bank),car (new),695,unknown / no savings account,4 <= ... < 7 years,4,male,none,2,real estate,36,none,rent,1,skilled employee / official,1,none,yes,1,single
no checking account,19,existing credits paid back duly till now,car (used),872,unknown / no savings account,4 <= ... < 7 years,1,male,none,3,building society savings agreement / life insurance,38,none,own,1,unskilled - resident,1,"yes, registered under customer's name",yes,2,single
... < 0 DM,42,critical account / other credits existing (not at this bank),furniture/equipment,466,100 <= ... < 500 DM,... >= 7 years,2,male,none,2,"car or other, not in savings account",28,bank,own,1,skilled employee / official,1,none,yes,1,divorced/separated
no checking account,4,critical account / other credits existing (not at this bank),radio/television,3599,... < 100 DM,unemployed,4,male,none,4,"car or other, not in savings account",40,none,own,1,skilled employee / official,2,none,yes,1,single
no checking account,19,existing credits paid back duly till now,car (new),1126,100 <= ... < 500 DM,1 <= ... < 4 years,2,male,none,3,real estate,58,none,rent,1,skilled employee / official,2,"yes, registered under customer's name",yes,1,single
... < 0 DM,14,critical account / other credits existing (not at this bank),business,2385,100 <= ... < 500 DM,4 <= ... < 7 years,4,male,co-applicant,4,building society savings agreement / life insurance,31,none,own,2,unemployed / unskilled - non-resident,1,none,yes,1,divorced/separated
no checking account,23,existing credits paid back duly till now,business,2508,... < 100 DM,... >= 7 years,1,female,none,4,building society savings agreement / life insurance,32,none,own,1,management / self-employed / highly qualified employee / officer,2,none,yes,1,divorced/separated
... < 0 DM,4,critical account / other credits existing (not at this bank),furniture/equipment,2947,unknown / no savings account,4 <= ... < 7 years,4,male,none,3,building society savings agreement / life insurance,59,bank,own,2,skilled employee / official,1,"yes, registered under customer's name",yes,1,divorced/separated
no checking account,5,critical account / other credits existing (not at this bank),car (used),1507,... < 100 DM,... >= 7 years,4,male,none,4,building society savings agreement / life insurance,75,none,own,1,skilled employee / official,1,none,yes,1,single
no checking account,20,critical account / other credits existing (not at this bank),car (new),1052,... < 100 DM,... >= 7 years,4,male,none,2,building society savings agreement / life insurance,30,none,own,2,skilled employee / official,1,none,yes,1,married/widowed
0 <= ... < 200 DM,4,critical account / other credits existing (not at this bank),furniture/equipment,1034,... < 100 DM,4 <= ... < 7 years,2,male,guarantor,3,real estate,35,none,own,1,skilled employee / official,1,"yes, registered under customer's name",no,2,single
... < 0 DM,4,existing credits paid back duly till now,car (new),4859,unknown / no savings account,... < 1 year,3,male,none,2,unknown / no property,25,none,own,2,management / self-employed / highly qualified employee / officer,1,none,yes,1,single
no checking account,4,existing credits paid back duly till now,radio/television,2408,unknown / no savings account,4 <= ... < 7 years,3,male,none,4,unknown / no property,26,none,rent,1,unemployed / unskilled - non-resident,1,none,yes,2,single
0 <= ... < 200 DM,4,critical account / other credits existing (not at this bank),education,593,... < 100 DM,... >= 7 years,4,female,none,4,real estate,30,none,rent,1,skilled employee / official,2,none,yes,1,single
... < 0 DM,4,delay in paying off in the past,car (new),1970,... < 100 DM,4 <= ... < 7 years,4,male,none,4,"car or other, not in savings account",19,none,rent,1,management / self-employed / highly qualified employee / officer,1,none,yes,1,married/widowed
0 <= ... < 200 DM,4,all credits at this bank paid back duly,car (new),2661,unknown / no savings account,unemployed,3,male,none,4,real estate,50,none,for free,1,skilled employee / official,2,"yes, registered under customer's name",yes,1,single
... >= 200 DM / salary assignments for at least 1 year,12,existing credits paid back duly till now,radio/television,1728,... < 100 DM,... >= 7 years,3,male,none,4,real estate,51,none,rent,1,skilled employee / official,1,"yes, registered under customer's name",yes,1,single
no checking account,21,existing credits paid back duly till now,business,15945,unknown / no savings account,1 <= ... < 4 years,2,female,none,4,"car or other, not in savings account",28,none,own,1,skilled employee / official,2,"yes, registered under customer's name",yes,1,divorced/separated
0 <= ... < 200 DM,4,critical account / other credits existing (not at this bank),car (new),1898,100 <= ... < 500 DM,... >= 7 years,2,male,none,4,real estate,38,none,own,2,skilled employee / official,1,"yes, registered under customer's name",yes,1,single
... < 0 DM,4,existing credits paid back duly till now,car (new),250,... < 100 DM,1 <= ... < 4 years,4,female,none,4,"car or other, not in savings account",21,none,own,2,skilled employee / official,1,"yes, registered under customer's name",yes,1,single
no checking account,4,existing credits paid back duly till now,radio/television,1587,... < 100 DM,4 <= ... < 7 years,4,male,none,4,real estate,75,none,own,1,skilled employee / official,2,"yes, registered under customer's name",yes,1,single
no checking account,4,existing credits paid back duly till now,car (new),1212,... < 100 DM,1 <= ... < 4 years,2,female,none,4,"car or other, not in savings account",29,none,own,2,skilled employee / official,2,none,yes,1,divorced/separated
0 <= ... < 200 DM,19,existing credits paid back duly till now,repairs,6970,... < 100 DM,1 <= ... < 4 years,1,male,none,4,"car or other, not in savings account",30,stores,rent,2,skilled employee / official,1,none,yes,2,single
no checking account,15,existing credits paid back duly till now,education,2253,... < 100 DM,... >= 7 years,2,male,none,4,"car or other, not in savings account",29,none,own,1,unskilled - resident,1,"yes, registered under customer's name",yes,1,married/widowed
no checking account,21,critical account / other credits existing (not at this bank),radio/television,3056,500 <= ... < 1000 DM,... >= 7 years,2,male,none,2,building society savings agreement / life insurance,49,none,rent,2,unskilled - resident,1,none,yes,1,single
... < 0 DM,9,existing credits paid back duly till now,radio/television,6357,... >= 1000 DM,... < 1 year,1,female,none,4,building society savings agreement / life insurance,19,none,own,1,skilled employee / official,1,none,yes,1,divorced/separated
... < 0 DM,13,all credits at this bank paid back duly,furniture/equipment,4521,100 <= ... < 500 DM,4 <= ... < 7 years,4,male,none,4,real estate,47,none,rent,1,management / self-employed / highly qualified employee / officer,1,"yes, registered under customer's name",yes,2,divorced/separated
0 <= ... < 200 DM,22,existing credits paid back duly till now,car (new),250,100 <= ... < 500 DM,... >= 7 years,2,male,none,4,real estate,35,none,own,2,skilled employee / official,1,none,yes,2,divorced/separated
0 <= ... < 200 DM,4,no credits taken / all credits paid back duly,business,2106,... < 100 DM,4 <= ... < 7 years,4,male,none,4,real estate,34,none,own,1,skilled employee / official,1,none,yes,1,married/widowed
no checking account,4,delay in paying off in the past,radio/television,2384,100 <= ... < 500 DM,... >= 7 years,3,male,guarantor,3,"car or other, not in savings account",75,none,rent,1,skilled employee / official,1,"yes, registered under customer's name",yes,1,single
no checking account,23,critical account / other credits existing (not at this bank),education,3848,... < 100 DM,unemployed,4,male,none,4,real estate,58,stores,rent,1,management / self-employed / highly qualified employee / officer,2,"yes, registered under customer's name",no,1,divorced/separated
... < 0 DM,46,critical account / other credits existing (not at this bank),car (new),10641,unknown / no savings account,4 <= ... < 7 years,4,male,none,4,building society savings agreement / life insurance,23,none,own,2,management / self-employed / highly qualified employee / officer,1,none,yes,1,single
... < 0 DM,65,all credits at this bank paid back duly,car (new),2784,unknown / no savings account,4 <= ... < 7 years,4,male,none,4,real estate,24,bank,own,1,skilled employee / official,1,none,yes,1,single
no checking account,4,existing credits paid back duly till now,radio/television,1837,... < 100 DM,1 <= ... < 4 years,4,female,none,4,building society savings agreement / life insurance,75,none,own,1,skilled employee / official,2,"yes, registered under customer's name",yes,1,divorced/separated
no checking account,17,all credits at this bank paid back duly,radio/television,468,100 <= ... < 500 DM,4 <= ... < 7 years,4,male,none,2,building society savings agreement / life insurance,24,none,own,1,unskilled - resident,1,none,no,2,single
... < 0 DM,5,delay in paying off in the past,radio/television,1488,unknown / no savings account,4 <= ... < 7 years,1,female,none,4,real estate,30,none,own,1,skilled employee / official,1,none,yes,1,divorced/separated
... < 0 DM,4,all credits at this bank paid back duly,radio/television,1978,500 <= ... < 1000 DM,unemployed,4,female,none,3,unknown / no property,75,none,own,1,skilled employee / official,1,none,yes,1,single
0 <= ... < 200 DM,26,existing credits paid back duly till now,radio/television,2725,... < 100 DM,... >= 7 years,3,male,none,4,"car or other, not in savings account",19,none,rent,1,skilled employee / official,2,none,yes,1,married/widowed
... < 0 DM,4,existing credits paid back duly till now,education,5924,unknown / no savings account,... < 1 year,4,male,none,4,real estate,23,none,own,1,skilled employee / official,1,none,yes,2,divorced/separated
... < 0 DM,14,existing credits paid back duly till now,car (used),2498,... < 100 DM,... >= 7 years,4,male,none,4,"car or other, not in savings account",24,bank,rent,1,skilled employee / official,1,none,yes,1,divorced/separated
no checking account,11,existing credits paid back duly till now,car (new),6320,... < 100 DM,1 <= ... < 4 years,4,female,none,1,building society savings agreement / life insurance,26,none,own,1,skilled employee / official,1,none,yes,1,divorced/separated
... < 0 DM,9,existing credits paid back duly till now,car (used),250,100 <= ... < 500 DM,... >= 7 years,4,male,none,2,real estate,33,none,own,2,unskilled - resident,1,none,yes,1,divorced/separated
no checking account,35,existing credits paid back duly till now,radio/television,2842,500 <= ... < 1000 DM,4 <= ... < 7 years,4,male,none,1,real estate,31,none,own,1,skilled employee / official,1,none,yes,1,divorced/separated
... < 0 DM,7,critical account / other credits existing (not at this bank),furniture/equipment,1745,100 <= ... < 500 DM,4 <= ... < 7 years,1,female,none,3,unknown / no property,29,none,own,2,management / self-employed / highly qualified employee / officer,2,"yes, registered under customer's name",yes,2,single
no checking account,20,existing credits paid back duly till now,radio/television,1909,... < 100 DM,4 <= ... < 7 years,3,female,none,3,real estate,47,none,own,1,unskilled - resident,2,none,yes,1,divorced/separated
no checking account,4,existing credits paid back duly till now,car (used),2208,... < 100 DM,... >= 7 years,2,male,guarantor,4,real estate,35,none,own,1,unemployed / unskilled - non-resident,1,none,yes,1,single
... < 0 DM,22,existing credits paid back duly till now,car (new),15945,100 <= ... < 500 DM,... >= 7 years,4,male,none,3,real estate,35,none,own,2,unskilled - resident,2,"yes, registered under customer's name",yes,1,single
0 <= ... < 200 DM,4,existing credits paid back duly till now,furniture/equipment,3284,100 <= ... < 500 DM,4 <= ... < 7 years,2,male,none,4,"car or other, not in savings account",34,none,own,1,skilled employee / official,1,none,yes,1,single
... >= 200 DM / salary assignments for at least 1 year,4,critical account / other credits existing (not at this bank),car (new),2201,... < 100 DM,... < 1 year,4,male,co-applicant,3,"car or other, not in savings account",51,none,own,1,unskilled - resident,1,none,yes,1,divorced/separated
no checking account,4,critical account / other credits existing (not at this bank),education,3172,... < 100 DM,4 <= ... < 7 years,4,male,none,2,real estate,30,none,rent,1,skilled employee / official,1,none,yes,1,single
0 <= ... < 200 DM,4,existing credits paid back duly till now,radio/television,1532,... < 100 DM,4 <= ... < 7 years,3,female,none,3,"car or other, not in savings account",45,none,rent,2,skilled employee / official,1,none,yes,1,divorced/separated
no checking account,22,all credits at this bank paid back duly,furniture/equipment,2463,... < 100 DM,1 <= ... < 4 years,3,male,none,4,building society savings agreement / life insurance,37,bank,rent,1,skilled employee / official,2,none,yes,1,married/widowed
... < 0 DM,4,critical account / other credits existing (not at this bank),radio/television,1524,unknown / no savings account,4 <= ... < 7 years,1,male,none,4,building society savings agreement / life insurance,70,bank,own,1,skilled employee / official,1,none,yes,1,single
no checking account,24,critical account / other credits existing (not at this bank),car (new),3220,500 <= ... < 1000 DM,4 <= ... < 7 years,2,male,none,4,real estate,62,none,own,2,unskilled - resident,2,none,yes,1,single
no checking account,4,critical account / other credits existing (not at this bank),radio/television,264,... < 100 DM,... >= 7 years,3,female,none,4,real estate,32,none,own,1,unskilled - resident,1,none,yes,1,single
... < 0 DM,16,existing credits paid back duly till now,furniture/equipment,3047,500 <= ... < 1000 DM,... >= 7 years,1,male,guarantor,4,"car or other, not in savings account",75,none,for free,2,unskilled - resident,1,none,yes,2,divorced/separated
no checking account,26,critical account / other credits existing (not at this bank),business,2919,... < 100 DM,... >= 7 years,1,male,co-applicant,2,unknown / no property,42,none,own,1,unskilled - resident,2,"yes, registered under customer's name",yes,2,married/widowed
0 <= ... < 200 DM,4,critical account / other credits existing (not at this bank),radio/television,3252,100 <= ... < 500 DM,... >= 7 years,4,female,none,4,unknown / no property,21,none,own,1,unskilled - resident,2,none,yes,1,divorced/separated
no checking account,4,all credits at this bank paid back duly,car (new),2420,... >= 1000 DM,4 <= ... < 7 years,4,male,none,2,building society savings agreement / life insurance,27,none,rent,1,management / self-employed / highly qualified employee / officer,2,none,yes,1,single
... >= 200 DM / salary assignments for at least 1 year,4,critical account / other credits existing (not at this bank),education,3010,unknown / no savings account,... < 1 year,3,male,none,4,building society savings agreement / life insurance,34,bank,rent,1,unemployed / unskilled - non-resident,2,"yes, registered under customer's name",yes,2,single
... < 0 DM,4,critical account / other credits existing (not at this bank),business,831,... < 100 DM,1 <= ... < 4 years,4,male,none,4,real estate,59,bank,own,1,skilled employee / official,1,none,yes,1,divorced/separated
no checking account,4,critical account / other credits existing (not at this bank),car (new),3120,unknown / no savings account,4 <= ... < 7 years,4,male,none,2,"car or other, not in savings account",29,none,rent,3,management / self-employed / highly qualified employee / officer,1,none,yes,1,divorced/separated
... < 0 DM,22,critical account / other credits existing (not at this bank),business,3572,... < 100 DM,... < 1 year,4,female,none,3,building society savings agreement / life insurance,34,none,own,1,skilled employee / official,1,"yes, registered under customer's name",yes,2,divorced/separated
no checking account,26,delay in paying off in the past,others,2154,... < 100 DM,4 <= ... < 7 years,1,male,none,4,real estate,62,bank,own,2,management / self-employed / highly qualified employee / officer,1,none,yes,1,single
... < 0 DM,13,existing credits paid back duly till now,furniture/equipment,2650,... < 100 DM,4 <= ... < 7 years,4,female,none,4,"car or other, not in savings account",30,none,for free,1,unskilled - resident,1,none,yes,1,single
no checking account,10,existing credits paid back duly till now,furniture/equipment,1259,... < 100 DM,... < 1 year,4,male,none,3,real estate,32,none,own,2,skilled employee / official,1,"yes, registered under customer's name",yes,1,divorced/separated
... < 0 DM,20,critical account / other credits existing (not at this bank),radio/television,3414,unknown / no savings account,1 <= ... < 4 years,1,male,none,4,"car or other, not in savings account",33,none,own,2,management / self-employed / highly qualified employee / officer,1,none,yes,1,divorced/separated
no checking account,12,no credits taken / all credits paid back duly,business,1923,100 <= ... < 500 DM,4 <= ... < 7 years,2,female,none,4,"car or other, not in savings account",35,none,rent,1,skilled employee / official,1,none,yes,1,single
... < 0 DM,46,critical account / other credits existing (not at this bank),business,5131,... < 100 DM,1 <= ... < 4 years,2,female,none,4,"car or other, not in savings account",30,stores,rent,1,skilled employee / official,1,none,yes,1,divorced/separated
... < 0 DM,31,critical account / other credits existing (not at this bank),furniture/equipment,5871,... < 100 DM,... >= 7 years,3,male,none,3,building society savings agreement / life insurance,54,none,rent,1,unemployed / unskilled - non-resident,1,"yes, registered under customer's name",yes,1,single
... < 0 DM,22,no credits taken / all credits paid back duly,car (used),1929,unknown / no savings account,1 <= ... < 4 years,1,male,none,4,"car or other, not in savings account",35,none,for free,1,management / self-employed / highly qualified employee / officer,2,none,yes,1,divorced/separated
no checking account,47,no credits taken / all credits paid back duly,radio/television,1682,... < 100 DM,4 <= ... < 7 years,2,female,none,4,"car or other, not in savings account",40,none,rent,2,skilled employee / official,2,none,yes,1,divorced/separated
no checking account,4,existing credits paid back duly till now,car (new),1275,... < 100 DM,... < 1 year,4,male,none,2,real estate,58,none,own,1,skilled employee / official,1,none,yes,1,divorced/separated
no checking account,8,no credits taken / all credits paid back duly,car (new),2868,100 <= ... < 500 DM,4 <= ... < 7 years,2,male,none,4,"car or other, not in savings account",30,none,for free,1,management / self-employed / highly qualified employee / officer,1,none,yes,1,divorced/separated
0 <= ... < 200 DM,5,existing credits paid back duly till now,radio/television,3447,... < 100 DM,1 <= ... < 4 years,1,female,co-applicant,3,real estate,27,none,own,1,skilled employee / official,1,none,yes,1,single
no checking account,11,critical account / other credits existing (not at this bank),car (new),3266,... < 100 DM,... < 1 year,4,male,none,2,building society savings agreement / life insurance,22,none,own,1,skilled employee / official,2,"yes, registered under customer's name",yes,1,single
0 <= ... < 200 DM,19,critical account / other credits existing (not at this bank),car (used),6522,... < 100 DM,... >= 7 years,4,male,none,3,building society savings agreement / life insurance,19,bank,rent,1,unemployed / unskilled - non-resident,1,none,yes,1,single
no checking account,21,critical account / other credits existing (not at this bank),others,2764,500 <= ... < 1000 DM,... >= 7 years,4,female,none,4,real estate,32,none,rent,1,skilled employee / official,1,none,yes,1,divorced/separated
... < 0 DM,8,existing credits paid back duly till now,furniture/equipment,5507,... < 100 DM,4 <= ... < 7 years,4,male,none,1,building society savings agreement / life insurance,32,none,rent,1,skilled employee / official,1,none,no,1,single
no checking account,4,delay in paying off in the past,car (new),393,... < 100 DM,... >= 7 years,4,female,none,4,real estate,33,none,own,2,management / self-employed / highly qualified employee / officer,1,none,yes,1,divorced/separated
no checking account,11,existing credits paid back duly till now,furniture/equipment,2039,... < 100 DM,4 <= ... < 7 years,4,male,none,3,real estate,75,none,own,1,skilled employee / official,2,none,yes,1,single
... >= 200 DM / salary assignments for at least 1 year,37,critical account / other credits existing (not at this bank),radio/television,588,... >= 1000 DM,... >= 7 years,4,male,none,4,unknown / no property,33,none,own,2,unskilled - resident,1,"yes, registered under customer's name",yes,1,single
no checking account,12,critical account / other credits existing (not at this bank),car (new),467,... >= 1000 DM,... >= 7 years,2,female,co-applicant,3,"car or other, not in savings account",47,none,for free,2,management / self-employed / highly qualified employee / officer,1,none,yes,1,divorced/separated
no checking account,5,critical account / other credits existing (not at this bank),car (new),2699,500 <= ... < 1000 DM,... >= 7 years,3,male,none,4,"car or other, not in savings account",55,none,rent,1,unskilled - resident,1,none,yes,1,married/widowed
... < 0 DM,5,existing credits paid back duly till now,radio/television,3603,... < 100 DM,... < 1 year,4,female,none,3,"car or other, not in savings account",28,none,rent,1,skilled employee / official,1,none,yes,2,single
0 <= ... < 200 DM,11,critical account / other credits existing (not at this bank),radio/television,2421,100 <= ... < 500 DM,4 <= ... < 7 years,2,male,none,3,real estate,34,none,own,2,skilled employee / official,1,none,yes,1,single
... >= 200 DM / salary assignments for at least 1 year,21,existing credits paid back duly till now,car (new),271,... < 100 DM,1 <= ... < 4 years,3,male,co-applicant,4,"car or other, not in savings account",33,bank,own,1,unemployed / unskilled - non-resident,1,none,yes,1,single
no checking account,22,existing credits paid back duly till now,repairs,3176,... < 100 DM,... >= 7 years,1,male,none,4,real estate,19,none,for free,1,skilled employee / official,1,"yes, registered under customer's name",no,2,single
no checking account,4,critical account / other credits existing (not at this bank),car (new),1324,unknown / no savings account,4 <= ... < 7 years,4,male,none,4,real estate,32,none,for free,2,management / self-employed / highly qualified employee / officer,1,"yes, registered under customer's name",yes,1,divorced/separated
no checking account,4,existing credits paid back duly till now,radio/television,9926,100 <= ... < 500 DM,... >= 7 years,3,male,none,4,unknown / no property,48,none,own,2,skilled employee / official,1,none,yes,1,single
... < 0 DM,19,existing credits paid back duly till now,furniture/equipment,4896,... < 100 DM,... < 1 year,4,male,none,4,real estate,59,none,own,2,skilled employee / official,2,none,yes,1,divorced/separated
... < 0 DM,21,critical account / other credits existing (not at this bank),furniture/equipment,2754,100 <= ... < 500 DM,... < 1 year,3,male,none,4,real estate,26,none,own,1,skilled employee / official,1,"yes, registered under customer's name",yes,2,married/widowed
... < 0 DM,8,existing credits paid back duly till now,radio/television,3455,100 <= ... < 500 DM,1 <= ... < 4 years,4,male,co-applicant,3,unknown / no property,60,none,rent,1,skilled employee / official,2,none,yes,1,divorced/separated
... < 0 DM,6,critical account / other credits existing (not at this bank),business,2000,unknown / no savings account,1 <= ... < 4 years,4,male,none,2,"car or other, not in savings account",20,none,own,2,management / self-employed / highly qualified employee / officer,1,"yes, registered under customer's name",yes,2,single
no checking account,9,existing credits paid back duly till now,car (used),4058,unknown / no savings account,1 <= ... < 4 years,3,male,none,2,unknown / no property,43,none,rent,1,skilled employee / official,2,none,no,1,married/widowed
no checking account,4,existing credits paid back duly till now,radio/television,592,... < 100 DM,... < 1 year,4,male,none,4,real estate,37,none,own,1,skilled employee / official,1,"yes, registered under customer's name",yes,1,divorced/separated
no checking account,16,existing credits paid back duly till now,furniture/equipment,5512,100 <= ... < 500 DM,4 <= ... < 7 years,2,male,none,4,real estate,22,none,own,1,skilled employee / official,2,"yes, registered under customer's name",yes,1,single
no checking account,4,delay in paying off in the past,car (used),3354,unknown / no savings account,4 <= ... < 7 years,2,male,none,3,"car or other, not in savings account",32,none,for free,1,unemployed / unskilled - non-resident,1,"yes, registered under customer's name",yes,1,divorced/separated
... < 0 DM,7,existing credits paid back duly till now,car (used),5736,... >= 1000 DM,... < 1 year,3,male,none,4,building society savings agreement / life insurance,25,stores,own,1,skilled employee / official,2,"yes, registered under customer's name",yes,1,divorced/separated
no checking account,4,delay in paying off in the past,car (new),250,... < 100 DM,4 <= ... < 7 years,4,female,co-applicant,4,building society savings agreement / life insurance,42,none,own,1,skilled employee / official,1,none,yes,2,divorced/separated
no checking account,4,existing credits paid back duly till now,radio/television,5493,... < 100 DM,1 <= ... < 4 years,4,male,none,4,building society savings agreement / life insurance,36,none,own,1,skilled employee / official,1,"yes, registered under customer's name",yes,2,married/widowed
... >= 200 DM / salary assignments for at least 1 year,12,critical account / other credits existing (not at this bank),car (used),2409,unknown / no savings account,4 <= ... < 7 years,1,male,none,4,unknown / no property,43,none,own,1,management / self-employed / highly qualified employee / officer,1,"yes, registered under customer's name",yes,1,single
no checking account,21,existing credits paid back duly till now,car (used),2480,100 <= ... < 500 DM,4 <= ... < 7 years,4,male,none,3,unknown / no property,42,none,own,1,skilled employee / official,2,none,yes,2,divorced/separated
no checking account,17,critical account / other credits existing (not at this bank),radio/television,1088,... < 100 DM,1 <= ... < 4 years,2,female,none,4,"car or other, not in savings account",30,none,own,2,management / self-employed / highly qualified employee / officer,1,"yes, registered under customer's name",yes,1,divorced/separated
no checking account,4,critical account / other credits existing (not at this bank),radio/television,848,... < 100 DM,... < 1 year,4,male,none,3,building society savings agreement / life insurance,35,none,own,2,unskilled - resident,1,none,yes,1,divorced/separated
... >= 200 DM / salary assignments for at least 1 year,4,critical account / other credits existing (not at this bank),furniture/equipment,2784,100 <= ... < 500 DM,... >= 7 years,3,male,none,4,real estate,60,none,own,1,skilled employee / official,1,"yes, registered under customer's name",yes,2,single
... < 0 DM,4,critical account / other credits existing (not at this bank),car (used),7865,... < 100 DM,... >= 7 years,4,male,none,2,real estate,69,none,rent,1,skilled employee / official,1,"yes, registered under customer's name",yes,1,divorced/separated
no checking account,4,delay in paying off in the past,furniture/equipment,1160,unknown / no savings account,... < 1 year,4,male,none,4,real estate,23,bank,rent,2,skilled employee / official,1,none,yes,1,divorced/separated
... >= 200 DM / salary assignments for at least 1 year,25,existing credits paid back duly till now,car (new),1268,... >= 1000 DM,... < 1 year,2,female,none,3,real estate,73,none,rent,1,skilled employee / official,1,"yes, registered under customer's name",yes,1,single
no checking account,20,delay in paying off in the past,car (used),4489,100 <= ... < 500 DM,1 <= ... < 4 years,4,male,none,2,real estate,33,none,for free,2,skilled employee / official,1,none,yes,1,single
... < 0 DM,4,critical account / other credits existing (not at this bank),furniture/equipment,1974,... >= 1000 DM,... >= 7 years,4,female,co-applicant,2,"car or other, not in savings account",46,none,own,1,skilled employee / official,1,none,yes,1,single
... >= 200 DM / salary assignments for at least 1 year,26,critical account / other credits existing (not at this bank),car (new),283,... < 100 DM,... >= 7 years,4,male,none,4,unknown / no property,20,none,own,1,skilled employee / official,1,none,yes,2,single
... < 0 DM,23,critical account / other credits existing (not at this bank),car (new),562,... < 100 DM,4 <= ... < 7 years,4,male,co-applicant,4,unknown / no property,23,none,for free,1,skilled employee / official,2,none,yes,1,single
... < 0 DM,9,existing credits paid back duly till now,car (new),1737,... < 100 DM,1 <= ... < 4 years,4,male,none,4,real estate,41,none,own,2,unskilled - resident,1,none,yes,1,divorced/separated
0 <= ... < 200 DM,4,existing credits paid back duly till now,radio/television,6490,... < 100 DM,4 <= ... < 7 years,2,male,none,4,"car or other, not in savings account",69,bank,own,2,unemployed / unskilled - non-resident,1,"yes, registered under customer's name",yes,1,single
no checking account,27,critical account / other credits existing (not at this bank),car (new),2046,500 <= ... < 1000 DM,unemployed,4,female,none,4,unknown / no property,47,none,for free,1,unemployed / unskilled - non-resident,1,none,yes,1,single
0 <= ... < 200 DM,6,critical account / other credits existing (not at this bank),car (new),250,unknown / no savings account,... >= 7 years,2,male,none,4,unknown / no property,31,none,own,1,skilled employee / official,1,none,yes,1,single
... < 0 DM,4,existing credits paid back duly till now,car (new),1573,... < 100 DM,... >= 7 years,4,female,none,1,"car or other, not in savings account",58,none,own,2,skilled employee / official,1,none,yes,1,divorced/separated
... < 0 DM,27,critical account / other credits existing (not at this bank),car (new),3429,... < 100 DM,4 <= ... < 7 years,4,female,none,4,"car or other, not in savings account",32,none,own,2,skilled employee / official,1,none,yes,1,divorced/separated
0 <= ... < 200 DM,26,critical account / other credits existing (not at this bank),education,1397,500 <= ... < 1000 DM,... >= 7 years,4,male,none,4,building society savings agreement / life insurance,49,none,rent,1,skilled employee / official,2,none,yes,1,single
... < 0 DM,4,critical account / other credits existing (not at this bank),car (new),2184,... < 100 DM,... >= 7 years,4,female,none,4,unknown / no property,47,none,for free,1,skilled employee / official,1,"yes, registered under customer's name",yes,1,divorced/separated
no checking account,15,no credits taken / all credits paid back duly,business,250,... < 100 DM,unemployed,1,male,none,2,"car or other, not in savings account",45,bank,own,1,skilled employee / official,1,none,yes,1,single
no checking account,8,critical account / other credits existing (not at this bank),business,3067,100 <= ... < 500 DM,4 <= ... < 7 years,3,male,none,1,"car or other, not in savings account",75,none,for free,1,skilled employee / official,1,none,yes,1,single
... < 0 DM,4,critical account / other credits existing (not at this bank),car (used),4333,500 <= ... < 1000 DM,1 <= ... < 4 years,1,female,none,4,"car or other, not in savings account",48,none,for free,1,skilled employee / official,1,none,yes,1,single
... < 0 DM,62,critical account / other credits existing (not at this bank),radio/television,250,... < 100 DM,4 <= ... < 7 years,3,male,none,4,unknown / no property,34,none,rent,1,skilled employee / official,2,none,yes,1,single
... < 0 DM,28,existing credits paid back duly till now,radio/television,2447,... < 100 DM,4 <= ... < 7 years,4,male,none,4,real estate,42,bank,for free,2,unskilled - resident,1,none,yes,1,divorced/separated
0 <= ... < 200 DM,4,critical account / other credits existing (not at this bank),car (used),8440,unknown / no savings account,1 <= ... < 4 years,1,male,co-applicant,1,real estate,75,none,own,1,skilled employee / official,2,none,yes,1,divorced/separated
no checking account,4,critical account / other credits existing (not at this bank),car (new),2794,... < 100 DM,... >= 7 years,3,male,none,1,real estate,55,none,own,1,management / self-employed / highly qualified employee / officer,1,none,yes,1,single
no checking account,4,existing credits paid back duly till now,repairs,2773,... < 100 DM,4 <= ... < 7 years,4,male,none,1,"car or other, not in savings account",35,none,own,2,management / self-employed / highly qualified employee / officer,1,none,yes,1,married/widowed
no checking account,4,existing credits paid back duly till now,car (new),2174,500 <= ... < 1000 DM,unemployed,3,male,none,1,building society savings agreement / life insurance,47,none,own,1,skilled employee / official,1,none,yes,2,married/widowed
no checking account,23,critical account / other credits existing (not at this bank),repairs,5802,... < 100 DM,... >= 7 years,4,female,none,1,"car or other, not in savings account",57,none,for free,1,skilled employee / official,1,none,yes,1,married/widowed
no checking account,7,critical account / other credits existing (not at this bank),car (used),1382,... < 100 DM,1 <= ... < 4 years,4,male,none,2,"car or other, not in savings account",48,none,own,1,skilled employee / official,2,"yes, registered under customer's name",yes,1,single
no checking account,25,critical account / other credits existing (not at this bank),education,5877,500 <= ... < 1000 DM,1 <= ... < 4 years,1,male,none,4,real estate,22,none,own,1,skilled employee / official,1,none,yes,1,divorced/separated
no checking account,22,critical account / other credits existing (not at this bank),car (new),906,unknown / no savings account,... >= 7 years,4,male,guarantor,3,"car or other, not in savings account",61,none,own,1,skilled employee / official,2,"yes, registered under customer's name",yes,1,single
no checking account,4,existing credits paid back duly till now,radio/television,5526,unknown / no savings account,unemployed,1,male,none,2,unknown / no property,44,none,for free,1,skilled employee / official,1,"yes, registered under customer's name",yes,1,divorced/separated
no checking account,22,delay in paying off in the past,business,663,100 <= ... < 500 DM,... >= 7 years,4,male,co-applicant,4,unknown / no property,35,bank,rent,1,skilled employee / official,1,"yes, registered under customer's name",yes,1,single
0 <= ... < 200 DM,4,delay in paying off in the past,radio/television,6083,... < 100 DM,4 <= ... < 7 years,1,male,none,4,real estate,50,none,own,1,unskilled - resident,2,none,yes,1,single
0 <= ... < 200 DM,4,existing credits paid back duly till now,car (new),2433,... < 100 DM,... >= 7 years,4,male,none,2,unknown / no property,35,none,own,1,skilled employee / official,1,none,yes,1,divorced/separated
no checking account,18,critical account / other credits existing (not at this bank),radio/television,3136,500 <= ... < 1000 DM,4 <= ... < 7 years,4,male,none,4,building society savings agreement / life insurance,26,bank,rent,1,skilled employee / official,1,none,yes,1,single
0 <= ... < 200 DM,4,critical account / other credits existing (not at this bank),education,3529,... >= 1000 DM,1 <= ... < 4 years,4,male,co-applicant,4,building society savings agreement / life insurance,25,none,own,1,skilled employee / official,1,none,yes,1,single
no checking account,22,critical account / other credits existing (not at this bank),radio/television,2496,... < 100 DM,4 <= ... < 7 years,4,male,none,3,"car or other, not in savings account",23,none,own,1,unskilled - resident,1,"yes, registered under customer's name",yes,1,divorced/separated
no checking account,6,no credits taken / all credits paid back duly,education,4392,100 <= ... < 500 DM,... >= 7 years,4,female,none,4,real estate,34,none,own,1,management / self-employed / highly qualified employee / officer,1,none,yes,1,divorced/separated
no checking account,15,critical account / other credits existing (not at this bank),radio/television,250,unknown / no savings account,... >= 7 years,4,female,none,1,real estate,21,none,own,2,skilled employee / official,1,none,yes,1,divorced/separated
... < 0 DM,9,critical account / other credits existing (not at this bank),car (new),250,... < 100 DM,4 <= ... < 7 years,4,male,none,4,building society savings agreement / life insurance,29,none,own,1,skilled employee / official,1,none,yes,1,married/widowed
no checking account,17,critical account / other credits existing (not at this bank),radio/television,2601,100 <= ... < 500 DM,... >= 7 years,4,male,none,4,real estate,27,stores,rent,2,unskilled - resident,1,"yes, registered under customer's name",yes,1,single
... >= 200 DM / salary assignments for at least 1 year,4,critical account / other credits existing (not at this bank),car (new),2243,100 <= ... < 500 DM,1 <= ... < 4 years,3,male,none,4,"car or other, not in savings account",21,none,for free,2,skilled employee / official,1,none,yes,1,married/widowed
