checking_account_status,duration_months,credit_history,purpose,credit_amount,savings_account,employment_duration,installment_rate,sex,other_debtors,residence_duration,property,age,other_installment_plans,housing,existing_credits,job,num_dependents,telephone,foreign_worker,target,relationship status
... >= 200 DM / salary assignments for at least 1 year,9,existing credits paid back duly till now,furniture/equipment,1991,... < 100 DM,... < 1 year,3,male,none,3,"car or other, not in savings account",36,none,own,1,skilled employee / official,1,"yes, registered under customer's name",no,1,single
0 <= ... < 200 DM,31,critical account / other credits existing (not at this bank),car (new),15945,... < 100 DM,... < 1 year,4,male,none,2,"car or other, not in savings account",48,none,own,1,skilled employee / official,1,"yes, registered under customer's name",yes,1,single
0 <= ... < 200 DM,14,existing credits paid back duly till now,business,3303,... < 100 DM,1 <= ... < 4 years,4,male,none,2,real estate,53,none,rent,1,skilled employee / official,1,"yes, registered under customer's name",yes,1,single
... < 0 DM,8,no credits taken / all credits paid back duly,domestic appliances,2612,... < 100 DM,... >= 7 years,4,male,co-applicant,2,"car or other, not in savings account",20,none,own,1,management / self-employed / highly qualified employee / officer,1,"yes, registered under customer's name",yes,1,divorced/separated
no checking account,25,existing credits paid back duly till now,repairs,873,... < 100 DM,4 <= ... < 7 years,3,male,none,3,"car or other, not in savings account",23,none,own,2,management / self-employed / highly qualified employee / officer,1,"yes, registered under customer's name",yes,1,divorced/separated
... < 0 DM,13,existing credits paid back duly till now,others,1076,100 <= ... < 500 DM,1 <= ... < 4 years,4,male,none,1,real estate,40,none,own,1,skilled employee / official,1,none,yes,1,single
no checking account,28,critical account / other credits existing (not at this bank),radio/television,250,... < 100 DM,unemployed,2,male,co-applicant,3,real estate,30,stores,own,2,management / self-employed / highly qualified employee / officer,1,none,yes,2,single
... >= 200 DM / salary assignments for at least 1 year,27,no credits taken / all credits paid back duly,radio/television,1519,... >= 1000 DM,4 <= ... < 7 years,2,female,co-applicant,3,real estate,42,none,own,1,skilled employee / official,1,none,yes,1,divorced/separated
no checking account,16,existing credits paid back duly till now,education,1270,... < 100 DM,1 <= ... < 4 years,4,male,none,2,building society savings agreement / life insurance,33,none,rent,2,unskilled - resident,1,none,yes,1,divorced/separated
... < 0 DM,24,existing credits paid back duly till now,domestic appliances,3002,100 <= ... < 500 DM,1 <= ... < 4 years,4,male,none,1,"car or other, not in savings account",49,none,own,1,skilled employee / official,1,none,yes,2,married/widowed
... >= 200 DM / salary assignments for at least 1 year,10,existing credits paid back duly till now,car (new),4644,... >= 1000 DM,... >= 7 years,4,female,none,2,real estate,69,none,own,1,management / self-employed / highly qualified employee / officer,1,"yes, registered under customer's name",yes,1,single
no checking account,20,existing credits paid back duly till now,car (used),1732,... >= 1000 DM,unemployed,4,male,none,4,real estate,25,stores,own,1,skilled employee / official,1,none,yes,1,single
... >= 200 DM / salary assignments for at least 1 year,8,existing credits paid back duly till now,radio/television,1435,... < 100 DM,... < 1 year,4,male,co-applicant,4,"car or other, not in savings account",56,none,own,1,skilled employee / official,1,none,yes,1,married/widowed
no checking account,11,existing credits paid back duly till now,furniture/equipment,3226,... < 100 DM,4 <= ... < 7 years,3,male,guarantor,2,building society savings agreement / life insurance,23,bank,own,1,unemployed / unskilled - non-resident,1,none,yes,1,single
... >= 200 DM / salary assignments for at least 1 year,25,existing credits paid back duly till now,car (used),3172,... >= 1000 DM,... >= 7 years,2,female,none,1,unknown / no property,30,bank,own,1,skilled employee / official,1,none,yes,1,divorced/separated
0 <= ... < 200 DM,24,existing credits paid back duly till now,furniture/equipment,3234,... < 100 DM,unemployed,4,male,none,4,real estate,48,none,own,1,skilled employee / official,1,"yes, registered under customer's name",yes,2,single
no checking account,24,existing credits paid back duly till now,car (new),1824,... < 100 DM,unemployed,4,male,none,4,building society savings agreement / life insurance,25,none,own,2,skilled employee / official,1,none,yes,2,single
no checking account,22,no credits taken / all credits paid back duly,radio/television,2883,... < 100 DM,... >= 7 years,4,male,none,2,"car or other, not in savings account",36,none,own,1,skilled employee / official,1,none,yes,2,single
0 <= ... < 200 DM,17,delay in paying off in the past,radio/television,746,... < 100 DM,... < 1 year,4,female,none,3,building society savings agreement / life insurance,19,none,own,1,unemployed / unskilled - non-resident,1,none,yes,2,divorced/separated
... < 0 DM,19,existing credits paid back duly till now,furniture/equipment,1203,... < 100 DM,unemployed,4,male,none,2,real estate,46,none,own,1,skilled employee / official,1,none,yes,1,single
no checking account,23,existing credits paid back duly till now,radio/television,2229,... < 100 DM,... < 1 year,3,male,none,2,real estate,21,stores,own,1,skilled employee / official,1,none,yes,1,single
no checking account,17,critical account / other credits existing (not at this bank),car (new),595,100 <= ... < 500 DM,... < 1 year,1,male,none,2,"car or other, not in savings account",30,stores,own,1,skilled employee / official,1,none,yes,2,divorced/separated
0 <= ... < 200 DM,28,existing credits paid back duly till now,furniture/equipment,2733,... < 100 DM,... >= 7 years,4,female,none,4,unknown / no property,70,none,own,1,unskilled - resident,2,none,yes,1,divorced/separated
... < 0 DM,29,existing credits paid back duly till now,furniture/equipment,1321,... >= 1000 DM,1 <= ... < 4 years,4,male,none,4,real estate,32,none,own,2,skilled employee / official,1,"yes, registered under customer's name",yes,1,divorced/separated
no checking account,4,existing credits paid back duly till now,radio/television,630,500 <= ... < 1000 DM,1 <= ... < 4 years,4,male,none,4,real estate,30,none,own,1,unskilled - resident,1,none,yes,1,single
... < 0 DM,16,existing credits paid back duly till now,car (new),1960,500 <= ... < 1000 DM,... >= 7 years,4,male,none,2,"car or other, not in savings account",19,stores,rent,1,unskilled - resident,1,none,yes,1,single
... < 0 DM,26,no credits taken / all credits paid back duly,business,2790,... < 100 DM,unemployed,4,male,none,4,building society savings agreement / life insurance,21,none,own,1,skilled employee / official,1,none,yes,1,married/widowed
no checking account,22,no credits taken / all credits paid back duly,car (used),4702,... < 100 DM,1 <= ... < 4 years,4,male,none,2,real estate,26,none,own,1,skilled employee / official,2,"yes, registered under customer's name",yes,2,single
0 <= ... < 200 DM,14,delay in paying off in the past,radio/television,15072,unknown / no savings account,1 <= ... < 4 years,2,male,co-applicant,3,"car or other, not in savings account",23,bank,rent,2,skilled employee / official,1,"yes, registered under customer's name",yes,1,single
... < 0 DM,27,existing credits paid back duly till now,radio/television,250,100 <= ... < 500 DM,1 <= ... < 4 years,2,male,none,4,unknown / no property,21,none,own,2,skilled employee / official,1,none,no,1,single
... < 0 DM,4,all credits at this bank paid back duly,car (new),401,unknown / no savings account,1 <= ... < 4 years,4,male,none,4,building society savings agreement / life insurance,35,none,own,1,skilled employee / official,1,"yes, registered under customer's name",yes,2,divorced/separated
... < 0 DM,44,existing credits paid back duly till now,car (new),1975,... < 100 DM,4 <= ... < 7 years,4,male,none,4,"car or other, not in savings account",32,none,own,2,skilled employee / official,1,none,yes,2,single
... < 0 DM,8,existing credits paid back duly till now,radio/television,2579,500 <= ... < 1000 DM,1 <= ... < 4 years,4,male,none,2,"car or other, not in savings account",60,bank,rent,2,unskilled - resident,1,none,no,1,married/widowed
0 <= ... < 200 DM,14,existing credits paid back duly till now,car (new),3024,100 <= ... < 500 DM,1 <= ... < 4 years,4,male,guarantor,3,building society savings agreement / life insurance,32,none,own,2,management / self-employed / highly qualified employee / officer,1,none,yes,2,divorced/separated
no checking account,5,critical account / other credits existing (not at this bank),radio/television,1160,500 <= ... < 1000 DM,1 <= ... < 4 years,3,female,none,4,building society savings agreement / life insurance,31,none,own,1,skilled employee / official,2,none,yes,1,single
0 <= ... < 200 DM,6,all credits at this bank paid back duly,radio/television,15613,... < 100 DM,unemployed,4,male,none,4,building society savings agreement / life insurance,37,stores,own,2,management / self-employed / highly qualified employee / officer,2,"yes, registered under customer's name",yes,2,married/widowed
... < 0 DM,29,delay in paying off in the past,car (new),4398,... < 100 DM,1 <= ... < 4 years,3,male,none,2,"car or other, not in savings account",25,none,own,1,unskilled - resident,1,"yes, registered under customer's name",no,1,divorced/separated
... < 0 DM,25,existing credits paid back duly till now,radio/television,3230,unknown / no savings account,... >= 7 years,4,male,none,4,unknown / no property,40,none,own,1,unskilled - resident,1,"yes, registered under customer's name",yes,1,married/widowed
no checking account,20,critical account / other credits existing (not at this bank),furniture/equipment,2710,... < 100 DM,1 <= ... < 4 years,4,male,none,4,real estate,43,bank,own,1,skilled employee / official,2,none,yes,1,married/widowed
0 <= ... < 200 DM,49,critical account / other credits existing (not at this bank),car (new),3057,... < 100 DM,... >= 7 years,4,female,none,2,building society savings agreement / life insurance,33,none,rent,1,skilled employee / official,1,none,yes,1,single
no checking account,44,critical account / other credits existing (not at this bank),education,7302,... < 100 DM,1 <= ... < 4 years,2,female,none,3,building society savings agreement / life insurance,45,none,own,3,unskilled - resident,1,none,yes,1,single
... < 0 DM,60,critical account / other credits existing (not at this bank),furniture/equipment,2795,... < 100 DM,4 <= ... < 7 years,4,male,none,2,real estate,27,none,rent,1,skilled employee / official,2,"yes, registered under customer's name",yes,1,single
0 <= ... < 200 DM,44,delay in paying off in the past,education,830,... >= 1000 DM,1 <= ... < 4 years,4,female,none,3,real estate,33,none,for free,2,skilled employee / official,1,none,yes,1,single
0 <= ... < 200 DM,14,existing credits paid back duly till now,radio/television,1269,500 <= ... < 1000 DM,1 <= ... < 4 years,3,female,co-applicant,2,"car or other, not in savings account",24,none,own,2,skilled employee / official,1,none,yes,1,divorced/separated
no checking account,22,delay in paying off in the past,radio/television,2047,... < 100 DM,... < 1 year,4,male,none,3,building society savings agreement / life insurance,29,bank,own,1,skilled employee / official,1,none,yes,1,divorced/separated
no checking account,11,critical account / other credits existing (not at this bank),car (used),2010,... < 100 DM,1 <= ... < 4 years,4,male,co-applicant,1,"car or other, not in savings account",28,none,own,1,skilled employee / official,1,none,yes,1,single
0 <= ... < 200 DM,7,existing credits paid back duly till now,furniture/equipment,3151,... < 100 DM,unemployed,4,male,co-applicant,4,real estate,30,bank,for free,2,skilled employee / official,1,none,yes,2,single
no checking account,28,existing credits paid back duly till now,retraining,4492,... >= 1000 DM,4 <= ... < 7 years,2,female,guarantor,4,"car or other, not in savings account",39,bank,own,1,skilled employee / official,1,"yes, registered under customer's name",no,2,single
no checking account,26,existing credits paid back duly till now,domestic appliances,1391,100 <= ... < 500 DM,... < 1 year,4,male,none,1,real estate,21,bank,own,1,skilled employee / official,1,"yes, registered under customer's name",no,2,single
no checking account,72,existing credits paid back duly till now,radio/television,1598,100 <= ... < 500 DM,1 <= ... < 4 years,4,female,none,3,real estate,35,none,own,1,skilled employee / official,1,none,yes,2,divorced/separated
... < 0 DM,23,critical account / other credits existing (not at this bank),radio/television,6064,... < 100 DM,1 <= ... < 4 years,3,male,guarantor,2,"car or other, not in savings account",20,none,own,2,skilled employee / official,1,"yes, registered under customer's name",yes,1,single
no checking account,25,existing credits paid back duly till now,education,2183,... < 100 DM,4 <= ... < 7 years,1,male,guarantor,1,building society savings agreement / life insurance,22,none,rent,1,unskilled - resident,1,"yes, registered under customer's name",yes,1,single
no checking account,23,delay in paying off in the past,repairs,4001,... < 100 DM,... >= 7 years,2,male,none,4,real estate,30,none,own,1,skilled employee / official,1,none,yes,1,divorced/separated
... < 0 DM,21,delay in paying off in the past,retraining,4626,... < 100 DM,1 <= ... < 4 years,2,male,none,1,"car or other, not in savings account",47,bank,own,2,skilled employee / official,1,none,yes,1,divorced/separated
... < 0 DM,49,existing credits paid back duly till now,education,1328,... < 100 DM,1 <= ... < 4 years,4,male,none,4,real estate,50,none,own,2,unemployed / unskilled - non-resident,1,none,yes,2,single
0 <= ... < 200 DM,21,existing credits paid back duly till now,business,2761,500 <= ... < 1000 DM,unemployed,3,male,none,2,"car or other, not in savings account",39,none,own,1,unemployed / unskilled - non-resident,1,"yes, registered under customer's name",no,2,single
no checking account,40,existing credits paid back duly till now,others,363,... < 100 DM,4 <= ... < 7 years,3,male,none,1,real estate,75,none,own,1,management / self-employed / highly qualified employee / officer,1,"yes, registered under customer's name",yes,1,divorced/separated
no checking account,28,existing credits paid back duly till now,domestic appliances,983,100 <= ... < 500 DM,1 <= ... < 4 years,4,male,none,4,"car or other, not in savings account",19,none,own,2,skilled employee / official,1,"yes, registered under customer's name",yes,1,single
... < 0 DM,20,all credits at this bank paid back duly,education,1753,... < 100 DM,4 <= ... < 7 years,4,male,co-applicant,4,real estate,19,none,own,2,skilled employee / official,1,"yes, registered under customer's name",yes,2,single
0 <= ... < 200 DM,4,existing credits paid back duly till now,radio/television,250,... < 100 DM,... >= 7 years,4,male,guarantor,4,real estate,43,none,rent,1,skilled employee / official,1,"yes, registered under customer's name",yes,1,divorced/separated
no checking account,22,delay in paying off in the past,education,4373,unknown / no savings account,... < 1 year,4,male,none,4,"car or other, not in savings account",51,bank,own,1,skilled employee / official,1,none,yes,1,single
... < 0 DM,34,existing credits paid back duly till now,domestic appliances,983,... >= 1000 DM,... < 1 year,4,male,none,4,real estate,34,none,own,2,unemployed / unskilled - non-resident,1,none,yes,2,divorced/separated
... < 0 DM,5,critical account / other credits existing (not at this bank),repairs,1564,100 <= ... < 500 DM,... >= 7 years,4,male,none,2,unknown / no property,30,none,own,2,skilled employee / official,1,none,yes,1,single
no checking account,23,existing credits paid back duly till now,repairs,1697,... < 100 DM,unemployed,3,female,none,3,"car or other, not in savings account",28,none,for free,1,unemployed / unskilled - non-resident,1,"yes, registered under customer's name",no,1,married/widowed
... < 0 DM,17,existing credits paid back duly till now,education,558,... < 100 DM,... < 1 year,4,male,guarantor,2,"car or other, not in savings account",39,none,rent,1,unemployed / unskilled - non-resident,1,"yes, registered under customer's name",yes,1,single
... < 0 DM,25,existing credits paid back duly till now,furniture/equipment,1500,unknown / no savings account,... < 1 year,4,male,guarantor,4,"car or other, not in savings account",25,none,own,3,skilled employee / official,1,"yes, registered under customer's name",yes,2,single
... >= 200 DM / salary assignments for at least 1 year,19,critical account / other credits existing (not at this bank),radio/television,2327,100 <= ... < 500 DM,4 <= ... < 7 years,2,male,none,4,real estate,34,none,rent,1,skilled employee / official,2,none,yes,1,divorced/separated
no checking account,8,critical account / other credits existing (not at this bank),car (new),4162,... < 100 DM,... >= 7 years,4,male,none,3,unknown / no property,55,none,own,2,unskilled - resident,1,"yes, registered under customer's name",no,2,single
... >= 200 DM / salary assignments for at least 1 year,22,existing credits paid back duly till now,education,1157,unknown / no savings account,... >= 7 years,2,female,none,2,"car or other, not in savings account",41,stores,own,1,skilled employee / official,1,"yes, registered under customer's name",no,1,single
no checking account,7,critical account / other credits existing (not at this bank),retraining,2159,... >= 1000 DM,unemployed,1,male,none,4,"car or other, not in savings account",20,none,own,1,unemployed / unskilled - non-resident,2,none,yes,1,married/widowed
no checking account,21,delay in paying off in the past,repairs,441,... < 100 DM,1 <= ... < 4 years,4,male,guarantor,2,"car or other, not in savings account",21,stores,own,1,skilled employee / official,1,none,yes,1,single
0 <= ... < 200 DM,13,existing credits paid back duly till now,car (new),3586,... < 100 DM,... < 1 year,4,female,none,2,real estate,23,bank,own,1,skilled employee / official,1,none,yes,2,married/widowed
0 <= ... < 200 DM,26,critical account / other credits existing (not at this bank),education,2139,... < 100 DM,... >= 7 years,2,male,none,4,building society savings agreement / life insurance,38,none,rent,2,skilled employee / official,2,none,no,1,single
0 <= ... < 200 DM,16,existing credits paid back duly till now,furniture/equipment,1980,... < 100 DM,4 <= ... < 7 years,4,male,none,2,real estate,28,bank,for free,1,skilled employee / official,2,none,yes,1,single
no checking account,34,existing credits paid back duly till now,car (used),1367,... < 100 DM,... >= 7 years,2,male,guarantor,3,"car or other, not in savings account",25,none,own,1,management / self-employed / highly qualified employee / officer,2,"yes, registered under customer's name",yes,2,single
0 <= ... < 200 DM,24,existing credits paid back duly till now,car (new),1960,... < 100 DM,4 <= ... < 7 years,2,female,guarantor,3,real estate,42,none,rent,1,skilled employee / official,2,"yes, registered under customer's name",no,2,single
no checking account,37,critical account / other credits existing (not at this bank),education,2773,... < 100 DM,... < 1 year,4,male,guarantor,1,building society savings agreement / life insurance,31,none,own,1,skilled employee / official,1,none,yes,1,single
0 <= ... < 200 DM,23,critical account / other credits existing (not at this bank),business,1891,unknown / no savings account,1 <= ... < 4 years,4,female,none,4,"car or other, not in savings account",29,none,rent,1,skilled employee / official,1,none,yes,1,single
... < 0 DM,10,critical account / other credits existing (not at this bank),repairs,1386,... < 100 DM,... >= 7 years,1,male,co-applicant,1,"car or other, not in savings account",37,none,own,1,skilled employee / official,1,"yes, registered under customer's name",yes,1,single
0 <= ... < 200 DM,19,critical account / other credits existing (not at this bank),retraining,1446,... < 100 DM,unemployed,4,female,guarantor,2,real estate,70,none,own,2,management / self-employed / highly qualified employee / officer,2,"yes, registered under customer's name",yes,1,single
0 <= ... < 200 DM,27,existing credits paid back duly till now,car (new),2494,500 <= ... < 1000 DM,... < 1 year,4,male,guarantor,4,building society savings agreement / life insurance,38,bank,for free,1,management / self-employed / highly qualified employee / officer,1,"yes, registered under customer's name",no,2,single
no checking account,5,delay in paying off in the past,education,1206,... >= 1000 DM,1 <= ... < 4 years,3,female,none,4,unknown / no property,52,bank,own,1,skilled employee / official,1,none,yes,2,divorced/separated
no checking account,24,critical account / other credits existing (not at this bank),car (new),250,... < 100 DM,... >= 7 years,4,female,none,2,"car or other, not in savings account",26,none,own,1,management / self-employed / highly qualified employee / officer,2,"yes, registered under customer's name",yes,1,single
... < 0 DM,25,existing credits paid back duly till now,car (used),2723,... < 100 DM,... < 1 year,4,male,none,2,"car or other, not in savings account",27,bank,own,3,skilled employee / official,1,none,yes,1,single
... >= 200 DM / salary assignments for at least 1 year,13,existing credits paid back duly till now,car (new),2917,... < 100 DM,... >= 7 years,2,male,none,4,"car or other, not in savings account",22,none,own,1,skilled employee / official,2,none,yes,1,married/widowed
... >= 200 DM / salary assignments for at least 1 year,9,existing credits paid back duly till now,education,1469,... < 100 DM,1 <= ... < 4 years,3,male,none,4,real estate,32,bank,own,1,management / self-employed / highly qualified employee / officer,1,none,yes,1,single
... < 0 DM,29,critical account / other credits existing (not at this bank),car (used),259,100 <= ... < 500 DM,... < 1 year,4,male,guarantor,4,real estate,47,bank,rent,1,skilled employee / official,1,none,yes,1,divorced/separated
no checking account,17,critical account / other credits existing (not at this bank),car (used),2797,... < 100 DM,... >= 7 years,2,male,none,4,real estate,46,none,rent,1,skilled employee / official,1,"yes, registered under customer's name",yes,2,single
no checking account,4,critical account / other credits existing (not at this bank),repairs,1562,unknown / no savings account,1 <= ... < 4 years,4,male,none,4,building society savings agreement / life insurance,33,none,own,2,management / self-employed / highly qualified employee / officer,1,none,yes,2,divorced/separated
... >= 200 DM / salary assignments for at least 1 year,4,critical account / other credits existing (not at this bank),radio/television,678,500 <= ... < 1000 DM,1 <= ... < 4 years,3,male,co-applicant,4,"car or other, not in savings account",25,none,for free,1,skilled employee / official,1,"yes, registered under customer's name",yes,2,single
... < 0 DM,72,existing credits paid back duly till now,furniture/equipment,874,... >= 1000 DM,4 <= ... < 7 years,4,male,none,2,building society savings agreement / life insurance,23,none,own,1,skilled employee / official,1,none,yes,1,married/widowed
no checking account,20,existing credits paid back duly till now,retraining,2426,... < 100 DM,1 <= ... < 4 years,4,female,guarantor,4,unknown / no property,21,stores,own,1,unemployed / unskilled - non-resident,1,none,yes,2,single
... >= 200 DM / salary assignments for at least 1 year,60,critical account / other credits existing (not at this bank),radio/television,1046,unknown / no savings account,... >= 7 years,4,male,none,3,"car or other, not in savings account",26,none,own,1,unskilled - resident,1,none,yes,1,single
0 <= ... < 200 DM,15,existing credits paid back duly till now,furniture/equipment,2121,... < 100 DM,... >= 7 years,2,male,none,2,unknown / no property,41,none,rent,1,management / self-employed / highly qualified employee / officer,1,none,yes,1,single
0 <= ... < 200 DM,36,delay in paying off in the past,education,5869,... < 100 DM,... < 1 year,2,female,guarantor,2,"car or other, not in savings account",21,none,own,2,unemployed / unskilled - non-resident,1,"yes, registered under customer's name",yes,1,divorced/separated
0 <= ... < 200 DM,11,existing credits paid back duly till now,car (new),1648,... < 100 DM,4 <= ... < 7 years,3,male,none,2,real estate,23,none,own,1,skilled employee / official,1,"yes, registered under customer's name",yes,1,single
no checking account,49,existing credits paid back duly till now,car (new),1055,... >= 1000 DM,1 <= ... < 4 years,3,male,none,4,real estate,37,none,own,1,unskilled - resident,1,"yes, registered under customer's name",yes,1,single
0 <= ... < 200 DM,4,existing credits paid back duly till now,radio/television,940,... < 100 DM,1 <= ... < 4 years,4,female,none,3,"car or other, not in savings account",24,bank,own,1,skilled employee / official,1,none,yes,1,single
no checking account,32,all credits at this bank paid back duly,car (new),1006,... < 100 DM,4 <= ... < 7 years,2,male,none,4,real estate,29,bank,own,1,skilled employee / official,1,"yes, registered under customer's name",yes,1,divorced/separated
no checking account,18,all credits at this bank paid back duly,radio/television,2385,500 <= ... < 1000 DM,4 <= ... < 7 years,4,male,none,3,unknown / no property,30,none,own,2,skilled employee / official,1,"yes, registered under customer's name",yes,1,single
0 <= ... < 200 DM,20,critical account / other credits existing (not at this bank),radio/television,5998,... < 100 DM,1 <= ... < 4 years,2,male,none,2,building society savings agreement / life insurance,23,none,rent,1,management / self-employed / highly qualified employee / officer,2,none,yes,1,married/widowed
... < 0 DM,4,existing credits paid back duly till now,others,5634,... < 100 DM,1 <= ... < 4 years,4,male,guarantor,4,"car or other, not in savings account",54,none,own,2,skilled employee / official,1,none,yes,2,single
... < 0 DM,60,no credits taken / all credits paid back duly,repairs,1567,500 <= ... < 1000 DM,unemployed,4,male,co-applicant,2,"car or other, not in savings account",19,none,own,1,skilled employee / official,1,"yes, registered under customer's name",yes,2,single
0 <= ... < 200 DM,26,existing credits paid back duly till now,radio/television,3976,... < 100 DM,1 <= ... < 4 years,1,female,none,2,building society savings agreement / life insurance,31,none,own,1,unskilled - resident,1,"yes, registered under customer's name",yes,2,single
no checking account,10,all credits at this bank paid back duly,radio/television,3573,unknown / no savings account,... < 1 year,4,female,none,2,real estate,27,none,own,1,skilled employee / official,2,none,yes,2,single
... < 0 DM,23,existing credits paid back duly till now,car (new),15945,unknown / no savings account,4 <= ... < 7 years,3,male,guarantor,3,"car or other, not in savings account",36,stores,own,1,skilled employee / official,1,"yes, registered under customer's name",yes,2,divorced/separated
no checking account,27,existing credits paid back duly till now,car (new),1391,100 <= ... < 500 DM,4 <= ... < 7 years,4,male,none,4,real estate,45,bank,own,2,unskilled - resident,1,none,yes,1,married/widowed
0 <= ... < 200 DM,20,all credits at this bank paid back duly,repairs,728,500 <= ... < 1000 DM,... >= 7 years,4,female,none,4,"car or other, not in savings account",24,none,own,1,management / self-employed / highly qualified employee / officer,1,none,yes,1,married/widowed
no checking account,21,existing credits paid back duly till now,furniture/equipment,2649,... < 100 DM,1 <= ... < 4 years,3,male,none,1,real estate,44,none,own,1,skilled employee / official,1,none,yes,1,single
no checking account,25,existing credits paid back duly till now,retraining,6062,... < 100 DM,... < 1 year,4,male,guarantor,1,building society savings agreement / life insurance,36,stores,own,2,unskilled - resident,1,none,yes,1,married/widowed
no checking account,24,existing credits paid back duly till now,furniture/equipment,9117,unknown / no savings account,... >= 7 years,4,male,none,4,building society savings agreement / life insurance,26,none,rent,1,unskilled - resident,1,none,yes,1,divorced/separated
no checking account,4,existing credits paid back duly till now,car (used),2764,... < 100 DM,1 <= ... < 4 years,1,male,none,2,real estate,31,none,for free,1,skilled employee / official,1,"yes, registered under customer's name",yes,2,divorced/separated
no checking account,27,critical account / other credits existing (not at this bank),furniture/equipment,14591,... < 100 DM,... < 1 year,3,male,none,4,"car or other, not in savings account",22,none,for free,1,skilled employee / official,2,"yes, registered under customer's name",yes,1,single
0 <= ... < 200 DM,34,critical account / other credits existing (not at this bank),car (new),7122,... < 100 DM,... < 1 year,4,male,none,2,real estate,28,none,own,1,unskilled - resident,1,none,yes,1,divorced/separated
0 <= ... < 200 DM,4,all credits at this bank paid back duly,car (new),3176,unknown / no savings account,4 <= ... < 7 years,3,male,none,2,unknown / no property,29,none,own,1,skilled employee / official,1,none,yes,1,divorced/separated
no checking account,27,delay in paying off in the past,car (used),11978,... < 100 DM,4 <= ... < 7 years,4,male,none,4,unknown / no property,35,none,own,1,skilled employee / official,1,none,no,2,single
no checking account,7,existing credits paid back duly till now,radio/television,1889,... < 100 DM,... >= 7 years,4,female,none,2,real estate,38,none,own,1,unemployed / unskilled - non-resident,1,none,yes,1,divorced/separated
0 <= ... < 200 DM,19,critical account / other credits existing (not at this bank),furniture/equipment,3061,100 <= ... < 500 DM,... >= 7 years,4,male,none,3,real estate,36,none,own,1,skilled employee / official,2,none,yes,1,single
no checking account,23,critical account / other credits existing (not at this bank),others,2422,... < 100 DM,... >= 7 years,4,female,none,4,"car or other, not in savings account",69,none,own,1,management / self-employed / highly qualified employee / officer,1,none,yes,1,divorced/separated
0 <= ... < 200 DM,8,existing credits paid back duly till now,radio/television,1047,... < 100 DM,unemployed,1,male,none,4,real estate,22,stores,rent,1,skilled employee / official,1,"yes, registered under customer's name",yes,1,divorced/separated
no checking account,44,existing credits paid back duly till now,car (new),3614,... >= 1000 DM,... < 1 year,2,male,none,3,"car or other, not in savings account",38,stores,own,1,unskilled - resident,1,"yes, registered under customer's name",yes,1,single
... < 0 DM,21,critical account / other credits existing (not at this bank),radio/television,10441,... < 100 DM,... < 1 year,4,male,none,2,unknown / no property,44,stores,rent,2,unskilled - resident,2,none,yes,1,divorced/separated
0 <= ... < 200 DM,45,existing credits paid back duly till now,domestic appliances,1044,... >= 1000 DM,... >= 7 years,3,male,guarantor,1,real estate,33,none,own,1,skilled employee / official,1,none,no,2,married/widowed
... >= 200 DM / salary assignments for at least 1 year,39,existing credits paid back duly till now,domestic appliances,971,500 <= ... < 1000 DM,... >= 7 years,1,male,none,2,"car or other, not in savings account",29,bank,own,1,management / self-employed / highly qualified employee / officer,1,none,yes,1,single
no checking account,23,critical account / other credits existing (not at this bank),furniture/equipment,1517,100 <= ... < 500 DM,unemployed,4,male,none,3,building society savings agreement / life insurance,28,none,own,1,management / self-employed / highly qualified employee / officer,1,none,yes,1,divorced/separated
no checking account,14,existing credits paid back duly till now,car (used),4355,unknown / no savings account,4 <= ... < 7 years,4,female,none,2,building society savings agreement / life insurance,37,stores,own,1,skilled employee / official,2,none,yes,1,divorced/separated
0 <= ... < 200 DM,16,existing credits paid back duly till now,car (new),1694,100 <= ... < 500 DM,1 <= ... < 4 years,2,female,none,4,real estate,19,none,own,1,unskilled - resident,1,none,yes,1,single
no checking account,24,existing credits paid back duly till now,others,4923,500 <= ... < 1000 DM,unemployed,3,male,none,3,building society savings agreement / life insurance,24,none,own,1,skilled employee / official,1,none,yes,1,divorced/separated
0 <= ... < 200 DM,22,critical account / other credits existing (not at this bank),domestic appliances,1635,500 <= ... < 1000 DM,... >= 7 years,4,male,none,2,"car or other, not in savings account",27,none,own,4,skilled employee / official,1,none,yes,2,divorced/separated
0 <= ... < 200 DM,21,delay in paying off in the past,car (new),1773,100 <= ... < 500 DM,1 <= ... < 4 years,3,female,none,2,building society savings agreement / life insurance,32,bank,own,1,skilled employee / official,1,"yes, registered under customer's name",no,1,single
0 <= ... < 200 DM,72,existing credits paid back duly till now,radio/television,2701,... >= 1000 DM,1 <= ... < 4 years,4,male,none,4,unknown / no property,19,none,own,3,skilled employee / official,2,none,yes,1,married/widowed
no checking account,4,existing credits paid back duly till now,car (new),3163,... < 100 DM,1 <= ... < 4 years,4,female,none,4,building society savings agreement / life insurance,45,none,own,1,skilled employee / official,1,"yes, registered under customer's name",yes,1,married/widowed
no checking account,63,existing credits paid back duly till now,furniture/equipment,4344,... < 100 DM,1 <= ... < 4 years,4,male,none,1,"car or other, not in savings account",27,none,own,1,skilled employee / official,1,"yes, registered under customer's name",yes,1,divorced/separated
0 <= ... < 200 DM,21,critical account / other credits existing (not at this bank),radio/television,1455,... < 100 DM,1 <= ... < 4 years,4,male,none,4,building society savings agreement / life insurance,27,none,own,2,skilled employee / official,1,none,yes,2,divorced/separated
0 <= ... < 200 DM,16,existing credits paid back duly till now,furniture/equipment,2746,... < 100 DM,unemployed,4,male,none,4,real estate,22,none,own,1,skilled employee / official,1,none,yes,1,divorced/separated
0 <= ... < 200 DM,5,existing credits paid back duly till now,car (new),5691,... < 100 DM,... < 1 year,4,male,co-applicant,1,real estate,26,none,own,2,skilled employee / official,1,none,yes,2,divorced/separated
... < 0 DM,6,delay in paying off in the past,radio/television,1645,... < 100 DM,... >= 7 years,4,male,none,1,building society savings agreement / life insurance,19,stores,rent,2,unskilled - resident,1,none,yes,1,single
0 <= ... < 200 DM,11,existing credits paid back duly till now,repairs,2236,500 <= ... < 1000 DM,... >= 7 years,4,male,none,3,"car or other, not in savings account",28,none,own,1,management / self-employed / highly qualified employee / officer,1,none,yes,1,single
0 <= ... < 200 DM,16,critical account / other credits existing (not at this bank),others,1738,... < 100 DM,... < 1 year,2,female,none,1,real estate,26,none,for free,1,skilled employee / official,1,"yes, registered under customer's name",yes,1,single
0 <= ... < 200 DM,12,existing credits paid back duly till now,radio/television,1751,... < 100 DM,... < 1 year,4,male,none,2,unknown / no property,45,bank,own,3,skilled employee / official,1,"yes, registered under customer's name",yes,1,single
no checking account,21,existing credits paid back duly till now,furniture/equipment,945,... < 100 DM,unemployed,4,male,none,3,building society savings agreement / life insurance,22,none,rent,1,unskilled - resident,1,none,yes,2,single
... >= 200 DM / salary assignments for at least 1 year,17,delay in paying off in the past,car (used),1423,100 <= ... < 500 DM,1 <= ... < 4 years,4,male,none,4,unknown / no property,30,none,rent,1,skilled employee / official,1,none,yes,1,single
0 <= ... < 200 DM,17,all credits at this bank paid back duly,radio/television,9846,... < 100 DM,... >= 7 years,1,male,guarantor,2,"car or other, not in savings account",36,none,own,1,skilled employee / official,1,"yes, registered under customer's name",yes,2,single
0 <= ... < 200 DM,21,no credits taken / all credits paid back duly,domestic appliances,2667,... < 100 DM,1 <= ... < 4 years,4,female,none,4,unknown / no property,28,bank,for free,1,skilled employee / official,1,none,yes,1,single
no checking account,25,critical account / other credits existing (not at this bank),radio/television,1237,... < 100 DM,4 <= ... < 7 years,1,female,guarantor,2,unknown / no property,23,none,own,1,management / self-employed / highly qualified employee / officer,1,none,yes,1,single
0 <= ... < 200 DM,23,existing credits paid back duly till now,furniture/equipment,574,... < 100 DM,1 <= ... < 4 years,4,male,none,4,building society savings agreement / life insurance,23,none,own,1,skilled employee / official,1,none,no,2,single
0 <= ... < 200 DM,20,existing credits paid back duly till now,furniture/equipment,3026,... < 100 DM,4 <= ... < 7 years,4,male,none,3,"car or other, not in savings account",64,none,own,1,management / self-employed / highly qualified employee / officer,1,none,yes,1,single
... < 0 DM,30,critical account / other credits existing (not at this bank),radio/television,866,500 <= ... < 1000 DM,... < 1 year,1,male,none,4,"car or other, not in savings account",27,none,own,1,skilled employee / official,1,"yes, registered under customer's name",yes,1,divorced/separated
no checking account,25,existing credits paid back duly till now,furniture/equipment,1196,... < 100 DM,... < 1 year,3,male,none,1,real estate,28,none,own,4,skilled employee / official,1,none,yes,2,single
... < 0 DM,59,critical account / other credits existing (not at this bank),car (used),1641,... < 100 DM,1 <= ... < 4 years,4,female,none,2,"car or other, not in savings account",41,none,own,2,skilled employee / official,1,none,yes,1,single
0 <= ... < 200 DM,26,existing credits paid back duly till now,radio/television,2482,... < 100 DM,unemployed,4,male,none,1,real estate,19,bank,own,1,skilled employee / official,1,none,yes,1,single
no checking account,24,existing credits paid back duly till now,repairs,2691,... < 100 DM,1 <= ... < 4 years,4,male,none,3,real estate,23,stores,own,2,skilled employee / official,1,none,yes,2,divorced/separated
... >= 200 DM / salary assignments for at least 1 year,24,existing credits paid back duly till now,furniture/equipment,945,... < 100 DM,... >= 7 years,4,male,none,1,"car or other, not in savings account",19,stores,own,1,management / self-employed / highly qualified employee / officer,1,"yes, registered under customer's name",yes,1,single
... < 0 DM,55,critical account / other credits existing (not at this bank),business,2091,... < 100 DM,... < 1 year,4,male,none,2,building society savings agreement / life insurance,30,none,for free,1,skilled employee / official,1,none,yes,1,single
no checking account,19,existing credits paid back duly till now,car (used),1815,500 <= ... < 1000 DM,... >= 7 years,4,female,none,2,"car or other, not in savings account",33,none,own,1,skilled employee / official,1,none,yes,2,divorced/separated
... < 0 DM,19,existing credits paid back duly till now,radio/television,250,... < 100 DM,1 <= ... < 4 years,2,male,none,4,real estate,40,bank,own,2,skilled employee / official,1,"yes, registered under customer's name",yes,1,single
0 <= ... < 200 DM,10,critical account / other credits existing (not at this bank),car (new),4545,... < 100 DM,4 <= ... < 7 years,3,female,none,4,real estate,30,none,own,1,unemployed / unskilled - non-resident,1,none,yes,1,single
0 <= ... < 200 DM,15,existing credits paid back duly till now,furniture/equipment,739,... < 100 DM,... >= 7 years,2,male,none,2,real estate,26,none,own,1,skilled employee / official,1,"yes, registered under customer's name",yes,1,single
0 <= ... < 200 DM,22,existing credits paid back duly till now,car (new),250,unknown / no savings account,unemployed,4,male,none,2,unknown / no property,24,none,own,1,skilled employee / official,1,"yes, registered under customer's name",yes,1,divorced/separated
... < 0 DM,19,existing credits paid back duly till now,furniture/equipment,2949,... < 100 DM,1 <= ... < 4 years,3,female,none,2,building society savings agreement / life insurance,23,bank,own,1,skilled employee / official,1,"yes, registered under customer's name",yes,2,married/widowed
... < 0 DM,19,critical account / other credits existing (not at this bank),radio/television,250,... < 100 DM,... >= 7 years,3,male,guarantor,4,"car or other, not in savings account",25,none,own,1,management / self-employed / highly qualified employee / officer,1,none,yes,2,single
0 <= ... < 200 DM,67,critical account / other credits existing (not at this bank),car (used),2468,500 <= ... < 1000 DM,1 <= ... < 4 years,4,male,co-applicant,2,"car or other, not in savings account",34,none,rent,2,unemployed / unskilled - non-resident,1,none,yes,1,single
... < 0 DM,72,existing credits paid back duly till now,education,9135,unknown / no savings account,... < 1 year,4,male,none,2,real estate,20,none,for free,1,skilled employee / official,2,none,yes,2,divorced/separated
... < 0 DM,6,existing credits paid back duly till now,car (new),2460,100 <= ... < 500 DM,1 <= ... < 4 years,3,male,none,2,real estate,19,none,own,1,management / self-employed / highly qualified employee / officer,1,none,yes,2,married/widowed
... >= 200 DM / salary assignments for at least 1 year,59,existing credits paid back duly till now,others,851,... < 100 DM,... < 1 year,2,male,none,2,"car or other, not in savings account",34,bank,own,1,management / self-employed / highly qualified employee / officer,1,none,yes,1,divorced/separated
... < 0 DM,24,existing credits paid back duly till now,radio/television,368,... < 100 DM,... >= 7 years,4,male,co-applicant,4,building society savings agreement / life insurance,27,none,for free,2,skilled employee / official,1,none,yes,2,married/widowed
0 <= ... < 200 DM,20,no credits taken / all credits paid back duly,furniture/equipment,5811,... < 100 DM,1 <= ... < 4 years,4,male,none,3,unknown / no property,41,none,own,1,management / self-employed / highly qualified employee / officer,1,"yes, registered under customer's name",no,2,divorced/separated
no checking account,8,critical account / other credits existing (not at this bank),business,1589,... < 100 DM,... >= 7 years,4,male,guarantor,4,building society savings agreement / life insurance,35,none,own,1,skilled employee / official,1,none,yes,1,divorced/separated
no checking account,22,existing credits paid back duly till now,car (new),1736,... >= 1000 DM,4 <= ... < 7 years,2,male,none,2,real estate,20,none,own,1,unemployed / unskilled - non-resident,1,"yes, registered under customer's name",yes,2,single
no checking account,11,critical account / other credits existing (not at this bank),car (new),2348,... < 100 DM,... < 1 year,4,male,co-applicant,4,building society savings agreement / life insurance,25,bank,own,4,unskilled - resident,1,none,yes,1,single
0 <= ... < 200 DM,23,existing credits paid back duly till now,car (new),2046,... < 100 DM,1 <= ... < 4 years,4,male,none,4,building society savings agreement / life insurance,38,none,own,1,skilled employee / official,1,"yes, registered under customer's name",yes,2,divorced/separated
... < 0 DM,6,existing credits paid back duly till now,education,1808,100 <= ... < 500 DM,... >= 7 years,4,male,none,3,real estate,25,bank,own,1,skilled employee / official,1,none,no,1,married/widowed
no checking account,4,existing credits paid back duly till now,others,2233,... < 100 DM,1 <= ... < 4 years,4,male,none,3,real estate,22,none,own,1,unskilled - resident,1,none,no,1,divorced/separated
no checking account,25,delay in paying off in the past,others,601,... < 100 DM,... < 1 year,4,male,none,2,"car or other, not in savings account",30,none,own,1,skilled employee / official,1,"yes, registered under customer's name",yes,2,single
... < 0 DM,25,critical account / other credits existing (not at this bank),car (new),2344,unknown / no savings account,unemployed,1,male,none,4,"car or other, not in savings account",29,none,own,1,skilled employee / official,1,"yes, registered under customer's name",yes,1,single
... >= 200 DM / salary assignments for at least 1 year,38,critical account / other credits existing (not at this bank),furniture/equipment,5808,... < 100 DM,1 <= ... < 4 years,3,male,co-applicant,2,real estate,34,none,own,2,management / self-employed / highly qualified employee / officer,1,none,yes,1,divorced/separated
0 <= ... < 200 DM,23,existing credits paid back duly till now,education,7456,100 <= ... < 500 DM,... >= 7 years,2,male,guarantor,2,unknown / no property,29,none,own,1,management / self-employed / highly qualified employee / officer,1,none,yes,2,single
0 <= ... < 200 DM,12,existing credits paid back duly till now,furniture/equipment,3631,... < 100 DM,4 <= ... < 7 years,3,male,none,1,real estate,34,none,own,1,skilled employee / official,1,none,yes,1,single
... >= 200 DM / salary assignments for at least 1 year,23,delay in paying off in the past,car (new),1773,500 <= ... < 1000 DM,4 <= ... < 7 years,4,male,none,2,real estate,27,none,own,1,skilled employee / official,1,none,no,2,single
no checking account,13,no credits taken / all credits paid back duly,radio/television,7061,500 <= ... < 1000 DM,4 <= ... < 7 years,2,female,none,3,"car or other, not in savings account",34,none,own,1,unemployed / unskilled - non-resident,1,"yes, registered under customer's name",no,2,single
no checking account,8,critical account / other credits existing (not at this bank),radio/television,4340,... < 100 DM,4 <= ... < 7 years,4,female,none,2,building society savings agreement / life insurance,24,none,own,1,skilled employee / official,1,"yes, registered under customer's name",yes,2,divorced/separated
0 <= ... < 200 DM,22,existing credits paid back duly till now,business,5866,unknown / no savings account,4 <= ... < 7 years,1,female,none,4,real estate,19,none,own,1,skilled employee / official,1,none,yes,1,divorced/separated
0 <= ... < 200 DM,16,all credits at this bank paid back duly,car (new),13942,... < 100 DM,1 <= ... < 4 years,4,male,none,4,building society savings agreement / life insurance,44,none,own,1,skilled employee / official,1,none,yes,2,divorced/separated
... >= 200 DM / salary assignments for at least 1 year,22,critical account / other credits existing (not at this bank),others,2623,... < 100 DM,... >= 7 years,4,female,none,4,unknown / no property,54,none,own,1,skilled employee / official,1,none,yes,2,single
no checking account,8,existing credits paid back duly till now,car (new),667,... < 100 DM,1 <= ... < 4 years,4,female,co-applicant,2,real estate,22,bank,own,2,management / self-employed / highly qualified employee / officer,2,"yes, registered under customer's name",yes,2,divorced/separated
no checking account,20,existing credits paid back duly till now,retraining,3023,500 <= ... < 1000 DM,unemployed,2,male,co-applicant,4,"car or other, not in savings account",23,none,own,1,skilled employee / official,1,none,yes,1,single
no checking account,33,existing credits paid back duly till now,car (used),250,... < 100 DM,... < 1 year,4,male,none,4,building society savings agreement / life insurance,21,none,own,1,management / self-employed / highly qualified employee / officer,1,none,yes,2,divorced/separated
no checking account,4,existing credits paid back duly till now,radio/television,683,... < 100 DM,4 <= ... < 7 years,4,male,none,3,real estate,52,none,own,1,skilled employee / official,1,"yes, registered under customer's name",yes,2,divorced/separated
... < 0 DM,22,critical account / other credits existing (not at this bank),car (new),250,... < 100 DM,1 <= ... < 4 years,1,female,none,2,unknown / no property,30,none,own,1,skilled employee / official,1,none,yes,2,divorced/separated
0 <= ... < 200 DM,22,critical account / other credits existing (not at this bank),car (used),2255,... < 100 DM,1 <= ... < 4 years,4,male,none,2,"car or other, not in savings account",24,none,own,1,unemployed / unskilled - non-resident,1,"yes, registered under customer's name",yes,1,single
... < 0 DM,16,critical account / other credits existing (not at this bank),car (new),1861,... < 100 DM,... < 1 year,4,female,guarantor,4,"car or other, not in savings account",42,none,rent,3,skilled employee / official,1,"yes, registered under customer's name",yes,1,single
no checking account,25,critical account / other credits existing (not at this bank),retraining,15945,... >= 1000 DM,... >= 7 years,2,male,none,4,unknown / no property,37,none,rent,1,skilled employee / official,1,none,yes,1,divorced/separated
... < 0 DM,29,critical account / other credits existing (not at this bank),business,1103,... < 100 DM,... >= 7 years,2,male,none,4,real estate,30,bank,rent,1,management / self-employed / highly qualified employee / officer,1,none,yes,2,divorced/separated
no checking account,14,existing credits paid back duly till now,others,5436,... < 100 DM,... >= 7 years,4,male,none,2,"car or other, not in savings account",24,none,rent,2,unemployed / unskilled - non-resident,1,"yes, registered under customer's name",yes,1,single
0 <= ... < 200 DM,26,critical account / other credits existing (not at this bank),radio/television,2940,... >= 1000 DM,1 <= ... < 4 years,3,male,none,4,"car or other, not in savings account",20,none,own,2,skilled employee / official,1,none,yes,1,divorced/separated
... >= 200 DM / salary assignments for at least 1 year,27,existing credits paid back duly till now,radio/television,10472,500 <= ... < 1000 DM,... >= 7 years,4,male,co-applicant,3,real estate,32,none,own,1,skilled employee / official,1,none,yes,1,single
... < 0 DM,5,existing credits paid back duly till now,education,5739,... < 100 DM,... < 1 year,4,female,none,2,"car or other, not in savings account",19,bank,own,2,management / self-employed / highly qualified employee / officer,1,"yes, registered under customer's name",yes,2,single
0 <= ... < 200 DM,25,existing credits paid back duly till now,furniture/equipment,2684,... < 100 DM,... < 1 year,4,female,none,4,"car or other, not in savings account",38,none,own,2,skilled employee / official,1,none,yes,1,divorced/separated
no checking account,20,critical account / other credits existing (not at this bank),furniture/equipment,2040,... < 100 DM,1 <= ... < 4 years,1,male,none,3,"car or other, not in savings account",36,none,own,1,skilled employee / official,1,none,no,1,single
0 <= ... < 200 DM,26,critical account / other credits existing (not at this bank),car (used),9088,... < 100 DM,4 <= ... < 7 years,4,male,none,4,real estate,47,none,own,2,management / self-employed / highly qualified employee / officer,1,"yes, registered under customer's name",yes,2,single
... >= 200 DM / salary assignments for at least 1 year,62,critical account / other credits existing (not at this bank),car (new),1497,... < 100 DM,4 <= ... < 7 years,2,male,none,4,building society savings agreement / life insurance,24,bank,own,1,unemployed / unskilled - non-resident,2,none,yes,1,single
... < 0 DM,38,existing credits paid back duly till now,radio/television,904,500 <= ... < 1000 DM,1 <= ... < 4 years,1,male,none,2,unknown / no property,40,none,own,1,unskilled - resident,1,none,no,1,married/widowed
... < 0 DM,20,critical account / other credits existing (not at this bank),car (used),6601,... < 100 DM,... >= 7 years,3,male,guarantor,2,"car or other, not in savings account",25,none,own,1,skilled employee / official,1,none,no,2,single
no checking account,20,existing credits paid back duly till now,radio/television,657,... < 100 DM,4 <= ... < 7 years,4,male,none,4,building society savings agreement / life insurance,25,none,for free,1,unskilled - resident,1,none,yes,1,married/widowed
no checking account,51,all credits at this bank paid back duly,car (new),2699,... >= 1000 DM,... < 1 year,1,male,none,3,"car or other, not in savings account",39,bank,own,1,management / self-employed / highly qualified employee / officer,1,none,yes,2,single
0 <= ... < 200 DM,24,existing credits paid back duly till now,radio/television,2048,100 <= ... < 500 DM,unemployed,3,female,none,2,real estate,30,none,own,2,skilled employee / official,1,"yes, registered under customer's name",yes,2,divorced/separated
no checking account,14,existing credits paid back duly till now,radio/television,2322,unknown / no savings account,4 <= ... < 7 years,2,male,co-applicant,4,"car or other, not in savings account",37,none,for free,1,skilled employee / official,2,none,yes,1,divorced/separated
0 <= ... < 200 DM,26,delay in paying off in the past,others,1821,... < 100 DM,1 <= ... < 4 years,4,male,none,2,building society savings agreement / life insurance,23,none,own,1,management / self-employed / highly qualified employee / officer,1,none,yes,1,divorced/separated
... < 0 DM,14,existing credits paid back duly till now,radio/television,4027,unknown / no savings account,4 <= ... < 7 years,4,male,none,4,real estate,22,stores,rent,1,skilled employee / official,2,none,yes,1,married/widowed
... >= 200 DM / salary assignments for at least 1 year,42,critical account / other credits existing (not at this bank),radio/television,2078,... < 100 DM,... >= 7 years,4,male,co-applicant,1,unknown / no property,19,none,own,1,unskilled - resident,2,none,yes,1,single
no checking account,11,critical account / other credits existing (not at this bank),car (new),4049,... < 100 DM,... < 1 year,4,male,none,1,real estate,27,none,rent,1,skilled employee / official,1,none,yes,1,single
... >= 200 DM / salary assignments for at least 1 year,15,existing credits paid back duly till now,radio/television,1428,... < 100 DM,1 <= ... < 4 years,4,male,none,2,unknown / no property,29,none,rent,4,skilled employee / official,2,none,yes,2,divorced/separated
0 <= ... < 200 DM,16,existing credits paid back duly till now,radio/television,3047,... < 100 DM,unemployed,4,male,none,2,"car or other, not in savings account",30,stores,own,1,unemployed / unskilled - non-resident,1,none,yes,2,married/widowed
no checking account,23,critical account / other credits existing (not at this bank),others,1876,... < 100 DM,1 <= ... < 4 years,4,male,none,3,unknown / no property,29,none,own,1,skilled employee / official,1,none,yes,2,divorced/separated
... < 0 DM,44,existing credits paid back duly till now,repairs,2874,100 <= ... < 500 DM,1 <= ... < 4 years,4,male,none,2,real estate,19,stores,own,1,skilled employee / official,1,"yes, registered under customer's name",yes,2,single
... < 0 DM,37,delay in paying off in the past,others,2601,... < 100 DM,... < 1 year,4,male,none,2,"car or other, not in savings account",27,stores,own,2,skilled employee / official,1,none,yes,1,single
no checking account,4,critical account / other credits existing (not at this bank),furniture/equipment,5116,... < 100 DM,4 <= ... < 7 years,4,male,none,4,"car or other, not in savings account",52,none,own,2,unskilled - resident,1,none,yes,1,divorced/separated
... >= 200 DM / salary assignments for at least 1 year,9,no credits taken / all credits paid back duly,radio/television,2010,... < 100 DM,1 <= ... < 4 years,4,female,none,2,"car or other, not in savings account",46,none,own,1,skilled employee / official,1,none,yes,1,single
... < 0 DM,25,existing credits paid back duly till now,domestic appliances,1364,... < 100 DM,1 <= ... < 4 years,1,male,none,3,"car or other, not in savings account",29,none,own,1,skilled employee / official,1,none,yes,1,divorced/separated
0 <= ... < 200 DM,11,existing credits paid back duly till now,others,2966,... < 100 DM,1 <= ... < 4 years,4,male,guarantor,1,real estate,30,none,own,2,unskilled - resident,1,"yes, registered under customer's name",yes,2,divorced/separated
... < 0 DM,11,existing credits paid back duly till now,radio/television,1894,unknown / no savings account,4 <= ... < 7 years,4,male,none,2,building society savings agreement / life insurance,52,none,rent,2,management / self-employed / highly qualified employee / officer,1,none,yes,1,divorced/separated
0 <= ... < 200 DM,12,critical account / other credits existing (not at this bank),furniture/equipment,1307,... < 100 DM,... >= 7 years,2,male,guarantor,2,building society savings agreement / life insurance,24,none,own,1,skilled employee / official,1,none,yes,2,divorced/separated
0 <= ... < 200 DM,20,all credits at this bank paid back duly,car (used),6710,... < 100 DM,1 <= ... < 4 years,2,female,none,3,unknown / no property,30,bank,own,1,skilled employee / official,1,none,yes,2,single
no checking account,10,critical account / other credits existing (not at this bank),education,8559,... < 100 DM,... < 1 year,1,male,none,4,"car or other, not in savings account",30,none,for free,2,skilled employee / official,1,none,yes,1,divorced/separated
0 <= ... < 200 DM,31,existing credits paid back duly till now,car (new),3408,... < 100 DM,... >= 7 years,2,male,none,2,unknown / no property,56,bank,own,2,unskilled - resident,1,none,yes,1,single
no checking account,47,existing credits paid back duly till now,car (used),10335,unknown / no savings account,4 <= ... < 7 years,4,male,guarantor,2,real estate,29,none,own,3,skilled employee / official,1,"yes, registered under customer's name",yes,2,married/widowed
no checking account,4,existing credits paid back duly till now,car (new),5499,500 <= ... < 1000 DM,... >= 7 years,4,female,none,4,unknown / no property,19,bank,own,1,skilled employee / official,1,"yes, registered under customer's name",yes,2,single
... >= 200 DM / salary assignments for at least 1 year,6,existing credits paid back duly till now,furniture/equipment,3493,... < 100 DM,... >= 7 years,4,female,none,3,building society savings agreement / life insurance,37,none,own,2,skilled employee / official,1,"yes, registered under customer's name",yes,2,divorced/separated
... < 0 DM,31,all credits at this bank paid back duly,others,824,... >= 1000 DM,1 <= ... < 4 years,2,male,none,2,unknown / no property,35,none,own,1,skilled employee / official,1,none,yes,2,single
... < 0 DM,13,all credits at this bank paid back duly,repairs,3790,unknown / no savings account,unemployed,4,male,none,2,unknown / no property,26,none,own,3,skilled employee / official,1,none,yes,1,married/widowed
0 <= ... < 200 DM,28,existing credits paid back duly till now,furniture/equipment,4682,... >= 1000 DM,1 <= ... < 4 years,4,male,none,2,"car or other, not in savings account",19,bank,own,1,unskilled - resident,1,none,no,1,divorced/separated
... < 0 DM,11,existing credits paid back duly till now,radio/television,7624,500 <= ... < 1000 DM,1 <= ... < 4 years,4,male,none,2,building society savings agreement / life insurance,19,none,own,1,skilled employee / official,1,"yes, registered under customer's name",yes,1,single
0 <= ... < 200 DM,26,existing credits paid back duly till now,radio/television,2626,... < 100 DM,... < 1 year,2,male,none,3,unknown / no property,27,none,own,3,skilled employee / official,1,"yes, registered under customer's name",yes,1,single
no checking account,22,existing credits paid back duly till now,car (new),1189,... < 100 DM,1 <= ... < 4 years,4,male,none,2,real estate,67,none,for free,1,unskilled - resident,1,"yes, registered under customer's name",yes,1,married/widowed
0 <= ... < 200 DM,24,existing credits paid back duly till now,furniture/equipment,1180,unknown / no savings account,1 <= ... < 4 years,3,male,co-applicant,4,unknown / no property,19,none,own,2,management / self-employed / highly qualified employee / officer,1,none,yes,1,single
0 <= ... < 200 DM,25,existing credits paid back duly till now,business,6440,... < 100 DM,unemployed,4,male,none,2,"car or other, not in savings account",32,bank,own,1,skilled employee / official,1,"yes, registered under customer's name",yes,1,single
... < 0 DM,11,existing credits paid back duly till now,radio/television,3173,... < 100 DM,... < 1 year,4,male,none,2,building society savings agreement / life insurance,36,none,rent,2,skilled employee / official,1,none,yes,2,single
no checking account,21,delay in paying off in the past,car (new),12321,unknown / no savings account,4 <= ... < 7 years,4,male,none,4,unknown / no property,19,none,own,1,unskilled - resident,1,"yes, registered under customer's name",yes,2,single
0 <= ... < 200 DM,20,no credits taken / all credits paid back duly,repairs,250,... < 100 DM,... >= 7 years,4,male,none,4,real estate,30,none,own,1,skilled employee / official,2,none,yes,1,divorced/separated
... < 0 DM,35,delay in paying off in the past,furniture/equipment,15945,... >= 1000 DM,4 <= ... < 7 years,4,male,none,3,building society savings agreement / life insurance,26,none,rent,1,skilled employee / official,2,"yes, registered under customer's name",yes,2,single
no checking account,21,existing credits paid back duly till now,car (new),357,... < 100 DM,1 <= ... < 4 years,1,male,guarantor,4,"car or other, not in savings account",40,none,own,2,skilled employee / official,1,none,yes,2,divorced/separated
no checking account,16,existing credits paid back duly till now,car (used),2173,100 <= ... < 500 DM,... < 1 year,4,female,none,4,building society savings agreement / life insurance,43,none,own,2,skilled employee / official,1,"yes, registered under customer's name",yes,2,single
... < 0 DM,44,existing credits paid back duly till now,furniture/equipment,1697,500 <= ... < 1000 DM,1 <= ... < 4 years,2,male,none,3,"car or other, not in savings account",20,stores,own,2,skilled employee / official,1,none,yes,1,divorced/separated
no checking account,12,existing credits paid back duly till now,radio/television,3457,... < 100 DM,4 <= ... < 7 years,4,male,none,2,"car or other, not in savings account",30,none,own,2,skilled employee / official,1,none,yes,1,divorced/separated
no checking account,5,existing credits paid back duly till now,retraining,3085,... < 100 DM,unemployed,3,male,none,4,"car or other, not in savings account",69,none,rent,1,skilled employee / official,1,none,yes,1,divorced/separated
no checking account,28,critical account / other credits existing (not at this bank),radio/television,2758,... < 100 DM,... < 1 year,3,male,none,2,real estate,19,none,rent,1,skilled employee / official,1,"yes, registered under customer's name",yes,2,single
... < 0 DM,44,critical account / other credits existing (not at this bank),car (new),793,100 <= ... < 500 DM,1 <= ... < 4 years,2,female,none,4,real estate,56,bank,own,1,skilled employee / official,1,none,yes,1,divorced/separated
... < 0 DM,12,existing credits paid back duly till now,radio/television,670,... < 100 DM,1 <= ... < 4 years,4,male,none,4,building society savings agreement / life insurance,30,none,own,1,unemployed / unskilled - non-resident,1,none,yes,1,married/widowed
0 <= ... < 200 DM,25,existing credits paid back duly till now,furniture/equipment,5389,100 <= ... < 500 DM,... < 1 year,4,male,co-applicant,2,"car or other, not in savings account",27,none,own,1,skilled employee / official,2,none,yes,1,divorced/separated
... < 0 DM,19,critical account / other credits existing (not at this bank),furniture/equipment,2201,100 <= ... < 500 DM,1 <= ... < 4 years,1,male,none,4,"car or other, not in savings account",35,none,own,2,unskilled - resident,1,none,yes,1,single
0 <= ... < 200 DM,24,existing credits paid back duly till now,others,6316,... >= 1000 DM,1 <= ... < 4 years,3,male,none,4,building society savings agreement / life insurance,75,none,rent,1,skilled employee / official,1,none,yes,1,single
no checking account,7,no credits taken / all credits paid back duly,car (new),1432,... < 100 DM,... < 1 year,3,male,co-applicant,1,building society savings agreement / life insurance,24,none,own,1,skilled employee / official,1,none,yes,1,divorced/separated
... >= 200 DM / salary assignments for at least 1 year,65,existing credits paid back duly till now,car (new),1991,... < 100 DM,4 <= ... < 7 years,4,male,guarantor,4,building society savings agreement / life insurance,23,none,own,2,management / self-employed / highly qualified employee / officer,1,none,yes,1,divorced/separated
no checking account,22,no credits taken / all credits paid back duly,furniture/equipment,2731,... < 100 DM,4 <= ... < 7 years,4,male,none,4,building society savings agreement / life insurance,45,none,own,2,skilled employee / official,1,none,yes,1,single
... >= 200 DM / salary assignments for at least 1 year,72,critical account / other credits existing (not at this bank),repairs,1263,unknown / no savings account,... >= 7 years,1,male,co-applicant,2,building society savings agreement / life insurance,75,none,for free,1,skilled employee / official,1,none,yes,2,single
no checking account,19,existing credits paid back duly till now,radio/television,1989,... < 100 DM,1 <= ... < 4 years,4,male,none,4,"car or other, not in savings account",20,none,own,1,skilled employee / official,1,"yes, registered under customer's name",no,1,single
0 <= ... < 200 DM,9,existing credits paid back duly till now,radio/television,4479,... < 100 DM,1 <= ... < 4 years,4,male,none,4,building society savings agreement / life insurance,19,bank,own,1,skilled employee / official,1,none,yes,1,single
no checking account,22,delay in paying off in the past,business,4298,... < 100 DM,1 <= ... < 4 years,4,male,co-applicant,4,unknown / no property,23,none,own,1,skilled employee / official,1,"yes, registered under customer's name",yes,1,single
no checking account,8,existing credits paid back duly till now,furniture/equipment,2404,unknown / no savings account,4 <= ... < 7 years,4,male,none,2,"car or other, not in savings account",29,none,own,2,unemployed / unskilled - non-resident,1,none,yes,2,single
0 <= ... < 200 DM,54,existing credits paid back duly till now,others,5974,... < 100 DM,4 <= ... < 7 years,2,female,none,4,unknown / no property,36,none,rent,1,skilled employee / official,1,"yes, registered under customer's name",yes,1,single
0 <= ... < 200 DM,10,existing credits paid back duly till now,radio/television,6825,100 <= ... < 500 DM,unemployed,1,male,none,3,unknown / no property,21,none,for free,1,management / self-employed / highly qualified employee / officer,1,"yes, registered under customer's name",yes,2,single
no checking account,15,existing credits paid back duly till now,others,996,... < 100 DM,4 <= ... < 7 years,2,female,none,4,building society savings agreement / life insurance,50,none,own,3,management / self-employed / highly qualified employee / officer,1,"yes, registered under customer's name",no,1,divorced/separated
no checking account,8,critical account / other credits existing (not at this bank),repairs,774,... < 100 DM,... < 1 year,4,male,none,3,"car or other, not in savings account",22,none,for free,2,skilled employee / official,1,"yes, registered under customer's name",no,1,married/widowed
... >= 200 DM / salary assignments for at least 1 year,68,all credits at this bank paid back duly,radio/television,2004,500 <= ... < 1000 DM,4 <= ... < 7 years,4,female,co-applicant,2,building society savings agreement / life insurance,33,none,own,1,skilled employee / official,1,"yes, registered under customer's name",yes,1,divorced/separated
... < 0 DM,25,existing credits paid back duly till now,domestic appliances,15945,unknown / no savings account,... >= 7 years,2,male,none,2,unknown / no property,33,none,own,2,skilled employee / official,1,none,yes,1,single
0 <= ... < 200 DM,4,existing credits paid back duly till now,others,8763,... < 100 DM,1 <= ... < 4 years,4,male,co-applicant,2,real estate,23,none,own,2,skilled employee / official,1,none,yes,2,single
no checking account,20,all credits at this bank paid back duly,car (used),3583,... < 100 DM,... < 1 year,4,male,none,2,building society savings agreement / life insurance,24,stores,own,1,skilled employee / official,1,none,no,1,married/widowed
no checking account,63,existing credits paid back duly till now,others,7720,unknown / no savings account,1 <= ... < 4 years,4,female,none,2,"car or other, not in savings account",41,none,rent,2,unskilled - resident,1,"yes, registered under customer's name",yes,2,single
no checking account,14,existing credits paid back duly till now,car (new),2275,... >= 1000 DM,1 <= ... < 4 years,4,male,none,2,unknown / no property,41,none,rent,1,skilled employee / official,1,none,yes,2,single
0 <= ... < 200 DM,7,critical account / other credits existing (not at this bank),car (used),2943,unknown / no savings account,... < 1 year,4,male,guarantor,2,building society savings agreement / life insurance,22,bank,own,1,unskilled - resident,2,"yes, registered under customer's name",yes,1,single
0 <= ... < 200 DM,15,critical account / other credits existing (not at this bank),car (new),9263,... < 100 DM,4 <= ... < 7 years,1,male,guarantor,3,real estate,48,none,own,1,skilled employee / official,1,"yes, registered under customer's name",no,2,divorced/separated
no checking account,14,existing credits paid back duly till now,radio/television,3491,... < 100 DM,4 <= ... < 7 years,4,male,none,3,real estate,27,none,own,1,skilled employee / official,1,none,yes,2,single
no checking account,32,no credits taken / all credits paid back duly,furniture/equipment,10350,... >= 1000 DM,... < 1 year,4,male,none,4,real estate,31,none,own,1,skilled employee / official,1,"yes, registered under customer's name",yes,2,divorced/separated
no checking account,43,existing credits paid back duly till now,business,1693,... < 100 DM,1 <= ... < 4 years,3,female,none,2,real estate,23,none,rent,2,unskilled - resident,1,"yes, registered under customer's name",yes,2,divorced/separated
... < 0 DM,27,critical account / other credits existing (not at this bank),car (new),250,... >= 1000 DM,1 <= ... < 4 years,4,male,co-applicant,3,building society savings agreement / life insurance,20,none,rent,1,skilled employee / official,1,none,yes,2,divorced/separated
0 <= ... < 200 DM,5,critical account / other credits existing (not at this bank),car (new),3948,... < 100 DM,... >= 7 years,4,female,none,4,building society savings agreement / life insurance,35,stores,own,1,skilled employee / official,1,none,yes,1,single
0 <= ... < 200 DM,8,existing credits paid back duly till now,others,5145,... < 100 DM,1 <= ... < 4 years,4,male,co-applicant,4,"car or other, not in savings account",25,bank,own,2,skilled employee / official,1,"yes, registered under customer's name",yes,2,single
no checking account,18,existing credits paid back duly till now,others,250,unknown / no savings account,... >= 7 years,4,male,co-applicant,2,"car or other, not in savings account",34,none,own,1,skilled employee / official,2,none,yes,2,divorced/separated
... < 0 DM,28,existing credits paid back duly till now,retraining,2739,100 <= ... < 500 DM,... >= 7 years,3,female,co-applicant,4,"car or other, not in savings account",22,stores,own,1,skilled employee / official,2,"yes, registered under customer's name",yes,1,single
no checking account,20,existing credits paid back duly till now,car (new),3997,... < 100 DM,1 <= ... < 4 years,1,male,none,2,building society savings agreement / life insurance,31,stores,own,1,management / self-employed / highly qualified employee / officer,1,"yes, registered under customer's name",yes,1,divorced/separated
0 <= ... < 200 DM,17,existing credits paid back duly till now,car (used),3066,100 <= ... < 500 DM,... >= 7 years,4,male,none,2,"car or other, not in savings account",26,none,own,1,unskilled - resident,1,none,yes,2,married/widowed
... < 0 DM,27,delay in paying off in the past,car (used),9939,... < 100 DM,... < 1 year,4,male,none,4,"car or other, not in savings account",27,none,own,2,skilled employee / official,1,none,yes,1,single
0 <= ... < 200 DM,25,critical account / other credits existing (not at this bank),car (new),960,unknown / no savings account,4 <= ... < 7 years,3,male,guarantor,4,"car or other, not in savings account",50,none,own,2,skilled employee / official,1,"yes, registered under customer's name",yes,2,single
no checking account,24,existing credits paid back duly till now,radio/television,250,... < 100 DM,1 <= ... < 4 years,4,female,none,4,"car or other, not in savings account",45,stores,own,1,unskilled - resident,1,none,yes,1,single
... < 0 DM,44,critical account / other credits existing (not at this bank),retraining,12354,unknown / no savings account,4 <= ... < 7 years,4,male,none,4,"car or other, not in savings account",33,none,own,1,skilled employee / official,2,"yes, registered under customer's name",yes,2,single
no checking account,17,existing credits paid back duly till now,car (used),2345,... < 100 DM,4 <= ... < 7 years,1,male,none,4,real estate,19,none,rent,2,skilled employee / official,1,none,yes,1,divorced/separated
... >= 200 DM / salary assignments for at least 1 year,52,existing credits paid back duly till now,domestic appliances,877,... >= 1000 DM,... < 1 year,2,female,guarantor,3,real estate,21,none,own,1,unskilled - resident,1,"yes, registered under customer's name",yes,1,single
... < 0 DM,25,no credits taken / all credits paid back duly,domestic appliances,1020,... >= 1000 DM,4 <= ... < 7 years,4,male,co-applicant,2,building society savings agreement / life insurance,22,none,own,1,skilled employee / official,1,"yes, registered under customer's name",yes,1,single
... < 0 DM,14,existing credits paid back duly till now,furniture/equipment,1617,... < 100 DM,unemployed,2,male,guarantor,2,real estate,31,stores,for free,1,skilled employee / official,1,none,yes,1,single
... < 0 DM,26,critical account / other credits existing (not at this bank),repairs,250,... < 100 DM,... >= 7 years,4,male,co-applicant,2,building society savings agreement / life insurance,30,stores,own,2,skilled employee / official,2,none,yes,1,married/widowed
no checking account,10,critical account / other credits existing (not at this bank),radio/television,250,unknown / no savings account,1 <= ... < 4 years,4,male,none,2,building society savings agreement / life insurance,23,none,own,1,skilled employee / official,1,none,yes,1,single
0 <= ... < 200 DM,7,critical account / other credits existing (not at this bank),radio/television,1752,... < 100 DM,... < 1 year,4,male,none,2,unknown / no property,19,bank,for free,1,unemployed / unskilled - non-resident,1,"yes, registered under customer's name",yes,1,divorced/separated
0 <= ... < 200 DM,7,existing credits paid back duly till now,radio/television,3474,unknown / no savings account,1 <= ... < 4 years,1,female,guarantor,3,"car or other, not in savings account",27,bank,rent,2,unskilled - resident,1,none,yes,1,single
0 <= ... < 200 DM,23,critical account / other credits existing (not at this bank),car (new),2773,unknown / no savings account,... < 1 year,4,female,none,2,"car or other, not in savings account",20,none,own,1,skilled employee / official,1,"yes, registered under customer's name",yes,2,single
no checking account,4,existing credits paid back duly till now,radio/television,505,... >= 1000 DM,unemployed,4,female,none,4,building society savings agreement / life insurance,19,none,own,1,skilled employee / official,1,"yes, registered under customer's name",yes,2,divorced/separated
no checking account,13,existing credits paid back duly till now,car (new),2228,100 <= ... < 500 DM,1 <= ... < 4 years,2,male,none,4,unknown / no property,28,none,rent,1,unskilled - resident,1,none,no,1,divorced/separated
no checking account,28,existing credits paid back duly till now,furniture/equipment,2295,... < 100 DM,1 <= ... < 4 years,4,male,none,2,"car or other, not in savings account",21,none,for free,1,management / self-employed / highly qualified employee / officer,1,none,yes,1,single
no checking account,25,existing credits paid back duly till now,car (used),13563,... < 100 DM,... >= 7 years,1,male,none,1,unknown / no property,30,none,own,1,skilled employee / official,1,none,no,1,divorced/separated
0 <= ... < 200 DM,15,existing credits paid back duly till now,furniture/equipment,4229,... < 100 DM,1 <= ... < 4 years,2,male,none,2,real estate,39,bank,own,2,skilled employee / official,2,"yes, registered under customer's name",yes,2,divorced/separated
no checking account,19,existing credits paid back duly till now,radio/television,6226,100 <= ... < 500 DM,1 <= ... < 4 years,4,male,none,2,building society savings agreement / life insurance,19,bank,own,1,unskilled - resident,1,none,yes,1,single
no checking account,23,critical account / other credits existing (not at this bank),car (used),5410,... < 100 DM,1 <= ... < 4 years,2,female,guarantor,2,"car or other, not in savings account",49,bank,own,1,management / self-employed / highly qualified employee / officer,1,"yes, registered under customer's name",yes,2,divorced/separated
no checking account,23,no credits taken / all credits paid back duly,radio/television,1057,unknown / no savings account,... < 1 year,4,male,none,2,building society savings agreement / life insurance,20,none,own,3,skilled employee / official,2,none,yes,2,single
0 <= ... < 200 DM,23,delay in paying off in the past,radio/television,14627,... >= 1000 DM,1 <= ... < 4 years,3,female,none,4,"car or other, not in savings account",30,bank,own,3,skilled employee / official,1,"yes, registered under customer's name",yes,1,single
0 <= ... < 200 DM,22,existing credits paid back duly till now,car (new),1632,... < 100 DM,unemployed,4,male,none,1,building society savings agreement / life insurance,19,stores,own,1,skilled employee / official,1,none,yes,1,married/widowed
... < 0 DM,32,existing credits paid back duly till now,car (new),1701,unknown / no savings account,... >= 7 years,1,female,co-applicant,4,"car or other, not in savings account",19,none,rent,1,skilled employee / official,2,none,yes,1,single
... < 0 DM,10,existing credits paid back duly till now,car (used),2403,... < 100 DM,1 <= ... < 4 years,1,male,none,3,real estate,29,none,own,2,skilled employee / official,1,none,yes,2,single
0 <= ... < 200 DM,45,critical account / other credits existing (not at this bank),furniture/equipment,2206,unknown / no savings account,unemployed,1,female,none,2,real estate,27,none,rent,3,skilled employee / official,1,"yes, registered under customer's name",no,1,single
0 <= ... < 200 DM,59,existing credits paid back duly till now,furniture/equipment,250,... < 100 DM,1 <= ... < 4 years,4,female,none,3,"car or other, not in savings account",23,none,rent,1,management / self-employed / highly qualified employee / officer,1,none,yes,1,divorced/separated
0 <= ... < 200 DM,24,existing credits paid back duly till now,furniture/equipment,4862,... < 100 DM,unemployed,4,male,none,4,"car or other, not in savings account",22,stores,own,1,management / self-employed / highly qualified employee / officer,1,"yes, registered under customer's name",yes,1,single
0 <= ... < 200 DM,4,critical account / other credits existing (not at this bank),car (new),2535,500 <= ... < 1000 DM,1 <= ... < 4 years,4,male,co-applicant,4,"car or other, not in savings account",21,none,own,1,skilled employee / official,1,none,no,1,married/widowed
0 <= ... < 200 DM,12,all credits at this bank paid back duly,business,1134,unknown / no savings account,unemployed,1,male,none,3,building society savings agreement / life insurance,19,none,own,1,skilled employee / official,1,none,yes,1,single
... < 0 DM,26,existing credits paid back duly till now,repairs,4553,... < 100 DM,... >= 7 years,4,female,none,2,"car or other, not in savings account",28,none,for free,3,skilled employee / official,1,none,yes,2,single
no checking account,26,critical account / other credits existing (not at this bank),furniture/equipment,2232,... < 100 DM,1 <= ... < 4 years,4,female,none,2,real estate,28,none,own,2,unskilled - resident,1,none,yes,1,single
0 <= ... < 200 DM,4,critical account / other credits existing (not at this bank),radio/television,1144,100 <= ... < 500 DM,1 <= ... < 4 years,4,male,co-applicant,2,building society savings agreement / life insurance,25,none,rent,2,skilled employee / official,1,none,yes,1,single
... >= 200 DM / salary assignments for at least 1 year,48,critical account / other credits existing (not at this bank),domestic appliances,8359,100 <= ... < 500 DM,1 <= ... < 4 years,1,male,guarantor,2,"car or other, not in savings account",31,bank,own,1,skilled employee / official,1,"yes, registered under customer's name",no,1,divorced/separated
no checking account,5,critical account / other credits existing (not at this bank),retraining,2170,100 <= ... < 500 DM,1 <= ... < 4 years,4,male,none,4,real estate,25,none,own,2,skilled employee / official,1,none,yes,1,single
no checking account,23,existing credits paid back duly till now,car (new),7083,... < 100 DM,4 <= ... < 7 years,4,male,none,2,building society savings agreement / life insurance,25,none,own,1,unemployed / unskilled - non-resident,1,none,yes,1,single
0 <= ... < 200 DM,11,delay in paying off in the past,radio/television,5082,... < 100 DM,1 <= ... < 4 years,4,male,none,2,real estate,21,none,for free,2,skilled employee / official,1,"yes, registered under customer's name",no,2,single
... >= 200 DM / salary assignments for at least 1 year,22,existing credits paid back duly till now,car (new),2734,... < 100 DM,4 <= ... < 7 years,4,male,none,3,real estate,19,none,own,3,unemployed / unskilled - non-resident,1,"yes, registered under customer's name",yes,2,single
no checking account,34,critical account / other credits existing (not at this bank),radio/television,1036,500 <= ... < 1000 DM,1 <= ... < 4 years,4,male,co-applicant,2,"car or other, not in savings account",19,none,own,2,skilled employee / official,1,"yes, registered under customer's name",yes,1,married/widowed
... < 0 DM,22,existing credits paid back duly till now,car (new),4816,... < 100 DM,1 <= ... < 4 years,2,female,none,2,real estate,32,bank,own,1,skilled employee / official,2,none,yes,1,single
0 <= ... < 200 DM,4,existing credits paid back duly till now,furniture/equipment,3509,... < 100 DM,4 <= ... < 7 years,1,female,none,2,building society savings agreement / life insurance,75,bank,rent,1,skilled employee / official,1,none,yes,2,single
no checking account,4,critical account / other credits existing (not at this bank),business,4202,unknown / no savings account,... >= 7 years,4,male,none,3,real estate,50,none,own,1,skilled employee / official,1,"yes, registered under customer's name",yes,2,divorced/separated
... < 0 DM,17,no credits taken / all credits paid back duly,car (used),250,... < 100 DM,1 <= ... < 4 years,4,female,none,2,unknown / no property,38,stores,own,1,skilled employee / official,1,"yes, registered under customer's name",yes,2,single
... < 0 DM,37,critical account / other credits existing (not at this bank),car (used),4150,... < 100 DM,... < 1 year,3,male,none,1,"car or other, not in savings account",31,none,own,1,management / self-employed / highly qualified employee / officer,2,none,yes,1,divorced/separated
0 <= ... < 200 DM,4,existing credits paid back duly till now,radio/television,517,... < 100 DM,1 <= ... < 4 years,4,male,co-applicant,2,real estate,59,none,own,1,management / self-employed / highly qualified employee / officer,1,none,no,1,divorced/separated
no checking account,12,existing credits paid back duly till now,car (new),2350,100 <= ... < 500 DM,1 <= ... < 4 years,4,male,none,4,building society savings agreement / life insurance,19,none,own,1,management / self-employed / highly qualified employee / officer,1,none,yes,1,single
... < 0 DM,7,existing credits paid back duly till now,business,4762,... < 100 DM,1 <= ... < 4 years,4,female,none,2,unknown / no property,21,none,rent,1,skilled employee / official,1,"yes, registered under customer's name",yes,1,single
0 <= ... < 200 DM,4,existing credits paid back duly till now,radio/television,527,500 <= ... < 1000 DM,... < 1 year,4,female,co-applicant,2,building society savings agreement / life insurance,28,none,own,2,management / self-employed / highly qualified employee / officer,1,none,yes,1,single
no checking account,28,existing credits paid back duly till now,others,5645,unknown / no savings account,1 <= ... < 4 years,4,female,none,2,real estate,27,bank,own,1,skilled employee / official,1,none,yes,2,divorced/separated
... < 0 DM,16,existing credits paid back duly till now,others,1733,... < 100 DM,... < 1 year,4,male,co-applicant,4,unknown / no property,35,stores,own,1,unemployed / unskilled - non-resident,1,none,no,1,single
... >= 200 DM / salary assignments for at least 1 year,24,no credits taken / all credits paid back duly,car (new),3101,... < 100 DM,1 <= ... < 4 years,4,male,none,4,real estate,35,none,own,1,unskilled - resident,1,"yes, registered under customer's name",yes,1,divorced/separated
0 <= ... < 200 DM,17,critical account / other credits existing (not at this bank),furniture/equipment,3185,... < 100 DM,... >= 7 years,4,male,none,4,"car or other, not in savings account",20,none,own,1,skilled employee / official,1,none,yes,1,married/widowed
... >= 200 DM / salary assignments for at least 1 year,13,critical account / other credits existing (not at this bank),car (used),2799,... < 100 DM,... < 1 year,2,female,guarantor,4,"car or other, not in savings account",19,none,for free,1,skilled employee / official,1,none,no,1,divorced/separated
no checking account,17,existing credits paid back duly till now,radio/television,1524,... < 100 DM,1 <= ... < 4 years,2,male,none,3,building society savings agreement / life insurance,25,none,own,2,unemployed / unskilled - non-resident,1,none,yes,2,divorced/separated
0 <= ... < 200 DM,25,delay in paying off in the past,radio/television,7465,... < 100 DM,1 <= ... < 4 years,3,male,none,4,real estate,45,none,own,2,skilled employee / official,2,"yes, registered under customer's name",yes,1,single
0 <= ... < 200 DM,23,delay in paying off in the past,radio/television,250,... < 100 DM,... >= 7 years,3,male,none,4,real estate,28,none,own,1,skilled employee / official,1,"yes, registered under customer's name",yes,1,divorced/separated
no checking account,23,delay in paying off in the past,radio/television,250,... >= 1000 DM,... >= 7 years,2,male,none,4,"car or other, not in savings account",19,none,own,1,skilled employee / official,1,none,yes,1,single
no checking account,23,critical account / other credits existing (not at this bank),car (new),2204,unknown / no savings account,4 <= ... < 7 years,1,male,none,2,real estate,53,stores,own,2,unemployed / unskilled - non-resident,1,"yes, registered under customer's name",yes,1,divorced/separated
0 <= ... < 200 DM,25,no credits taken / all credits paid back duly,car (used),8867,... < 100 DM,... < 1 year,4,male,none,4,unknown / no property,75,none,own,2,management / self-employed / highly qualified employee / officer,1,none,yes,1,single
0 <= ... < 200 DM,12,no credits taken / all credits paid back duly,domestic appliances,4719,unknown / no savings account,1 <= ... < 4 years,4,female,none,4,real estate,27,stores,own,1,skilled employee / official,1,none,yes,1,single
... < 0 DM,27,existing credits paid back duly till now,furniture/equipment,257,... < 100 DM,1 <= ... < 4 years,4,female,co-applicant,4,"car or other, not in savings account",27,bank,own,2,skilled employee / official,1,none,yes,1,single
0 <= ... < 200 DM,26,critical account / other credits existing (not at this bank),car (new),7411,... >= 1000 DM,1 <= ... < 4 years,4,male,co-applicant,1,building society savings agreement / life insurance,33,none,rent,1,skilled employee / official,1,none,no,1,single
no checking account,14,critical account / other credits existing (not at this bank),business,2541,100 <= ... < 500 DM,1 <= ... < 4 years,4,male,none,2,building society savings agreement / life insurance,47,stores,own,1,unskilled - resident,1,none,yes,1,divorced/separated
0 <= ... < 200 DM,20,existing credits paid back duly till now,car (used),4416,unknown / no savings account,... >= 7 years,4,male,guarantor,2,real estate,24,none,own,1,skilled employee / official,1,"yes, registered under customer's name",yes,2,single
no checking account,22,existing credits paid back duly till now,radio/television,721,100 <= ... < 500 DM,1 <= ... < 4 years,4,male,none,4,"car or other, not in savings account",22,none,rent,1,skilled employee / official,1,"yes, registered under customer's name",yes,1,single
no checking account,15,existing credits paid back duly till now,radio/television,1271,... < 100 DM,... >= 7 years,2,female,none,2,"car or other, not in savings account",28,none,own,1,management / self-employed / highly qualified employee / officer,1,none,yes,1,single
no checking account,27,critical account / other credits existing (not at this bank),car (used),986,... < 100 DM,... < 1 year,4,female,none,4,building society savings agreement / life insurance,42,none,own,4,skilled employee / official,2,"yes, registered under customer's name",yes,2,single
0 <= ... < 200 DM,14,delay in paying off in the past,car (new),1545,... < 100 DM,... >= 7 years,1,male,none,2,real estate,19,none,own,1,unskilled - resident,1,"yes, registered under customer's name",yes,1,single
... < 0 DM,20,critical account / other credits existing (not at this bank),retraining,7202,... < 100 DM,1 <= ... < 4 years,4,male,none,4,building society savings agreement / life insurance,32,none,own,1,unemployed / unskilled - non-resident,2,"yes, registered under customer's name",no,1,divorced/separated
0 <= ... < 200 DM,27,existing credits paid back duly till now,domestic appliances,1985,... < 100 DM,... < 1 year,4,male,none,4,building society savings agreement / life insurance,37,none,own,1,skilled employee / official,1,none,yes,2,divorced/separated
no checking account,23,all credits at this bank paid back duly,car (new),3480,... < 100 DM,4 <= ... < 7 years,4,male,guarantor,3,real estate,65,none,own,1,skilled employee / official,1,"yes, registered under customer's name",yes,1,divorced/separated
no checking account,11,critical account / other credits existing (not at this bank),car (new),2502,... < 100 DM,... < 1 year,2,male,guarantor,2,building society savings agreement / life insurance,30,none,for free,2,management / self-employed / highly qualified employee / officer,1,"yes, registered under customer's name",yes,1,single
no checking account,26,existing credits paid back duly till now,radio/television,9758,... < 100 DM,... < 1 year,4,male,none,4,real estate,29,none,own,2,skilled employee / official,2,none,yes,1,divorced/separated
no checking account,17,existing credits paid back duly till now,business,3788,100 <= ... < 500 DM,4 <= ... < 7 years,4,male,guarantor,2,building society savings agreement / life insurance,19,none,own,2,skilled employee / official,1,"yes, registered under customer's name",yes,2,single
no checking account,22,no credits taken / all credits paid back duly,repairs,2489,100 <= ... < 500 DM,1 <= ... < 4 years,4,male,none,4,"car or other, not in savings account",29,none,own,2,unemployed / unskilled - non-resident,1,none,yes,2,divorced/separated
0 <= ... < 200 DM,4,existing credits paid back duly till now,car (used),2160,... < 100 DM,... >= 7 years,2,male,co-applicant,3,"car or other, not in savings account",29,stores,own,1,skilled employee / official,1,"yes, registered under customer's name",yes,2,single
... < 0 DM,26,critical account / other credits existing (not at this bank),furniture/equipment,2406,... < 100 DM,... >= 7 years,2,female,none,4,"car or other, not in savings account",28,stores,own,2,skilled employee / official,1,"yes, registered under customer's name",yes,1,divorced/separated
... < 0 DM,24,existing credits paid back duly till now,radio/television,1585,... >= 1000 DM,... < 1 year,4,male,none,4,building society savings agreement / life insurance,39,stores,own,1,unskilled - resident,1,none,yes,1,married/widowed
no checking account,27,all credits at this bank paid back duly,furniture/equipment,4158,unknown / no savings account,... >= 7 years,2,female,none,4,real estate,20,stores,own,1,skilled employee / official,1,"yes, registered under customer's name",yes,1,divorced/separated
no checking account,22,existing credits paid back duly till now,car (new),1312,... < 100 DM,1 <= ... < 4 years,2,male,none,3,building society savings agreement / life insurance,32,none,own,1,skilled employee / official,1,none,no,2,divorced/separated
... < 0 DM,15,existing credits paid back duly till now,radio/television,3168,... >= 1000 DM,... >= 7 years,1,male,none,4,unknown / no property,19,bank,rent,1,unemployed / unskilled - non-resident,1,none,yes,2,single
... >= 200 DM / salary assignments for at least 1 year,10,existing credits paid back duly till now,repairs,1774,... < 100 DM,unemployed,3,male,guarantor,2,real estate,19,none,for free,1,skilled employee / official,1,none,yes,1,divorced/separated
0 <= ... < 200 DM,15,existing credits paid back duly till now,education,2333,... < 100 DM,... >= 7 years,2,male,guarantor,4,real estate,32,bank,own,1,skilled employee / official,1,none,yes,1,married/widowed
... < 0 DM,5,existing credits paid back duly till now,furniture/equipment,250,unknown / no savings account,1 <= ... < 4 years,2,male,guarantor,1,"car or other, not in savings account",35,none,own,1,skilled employee / official,1,"yes, registered under customer's name",yes,2,single
0 <= ... < 200 DM,21,existing credits paid back duly till now,car (used),2564,500 <= ... < 1000 DM,4 <= ... < 7 years,3,male,none,3,real estate,19,stores,own,2,skilled employee / official,1,none,no,2,single
... >= 200 DM / salary assignments for at least 1 year,18,existing credits paid back duly till now,radio/television,1008,... < 100 DM,... >= 7 years,4,male,none,2,unknown / no property,36,none,own,1,management / self-employed / highly qualified employee / officer,1,"yes, registered under customer's name",no,1,divorced/separated
0 <= ... < 200 DM,24,critical account / other credits existing (not at this bank),furniture/equipment,6442,... < 100 DM,unemployed,2,male,none,3,building society savings agreement / life insurance,31,none,own,1,skilled employee / official,1,"yes, registered under customer's name",yes,1,single
no checking account,8,no credits taken / all credits paid back duly,car (new),1836,unknown / no savings account,1 <= ... < 4 years,3,male,none,3,unknown / no property,25,none,own,2,skilled employee / official,1,none,yes,2,married/widowed
no checking account,16,existing credits paid back duly till now,furniture/equipment,4261,... < 100 DM,1 <= ... < 4 years,4,male,none,2,unknown / no property,29,none,own,1,management / self-employed / highly qualified employee / officer,2,none,yes,1,single
no checking account,20,existing credits paid back duly till now,others,2117,... < 100 DM,... < 1 year,4,male,co-applicant,3,"car or other, not in savings account",62,none,for free,2,skilled employee / official,2,none,yes,1,single
... < 0 DM,35,existing credits paid back duly till now,business,1271,unknown / no savings account,... < 1 year,2,male,co-applicant,4,real estate,27,none,own,2,management / self-employed / highly qualified employee / officer,1,none,yes,1,divorced/separated
... >= 200 DM / salary assignments for at least 1 year,12,all credits at this bank paid back duly,radio/television,5059,... < 100 DM,... < 1 year,4,male,none,2,"car or other, not in savings account",56,stores,rent,3,unskilled - resident,2,none,yes,1,single
no checking account,26,delay in paying off in the past,domestic appliances,4728,500 <= ... < 1000 DM,... < 1 year,3,male,none,2,building society savings agreement / life insurance,28,none,own,2,unskilled - resident,1,none,yes,2,single
no checking account,42,critical account / other credits existing (not at this bank),retraining,913,... < 100 DM,1 <= ... < 4 years,3,female,none,1,"car or other, not in savings account",24,none,own,3,skilled employee / official,1,"yes, registered under customer's name",yes,2,divorced/separated
0 <= ... < 200 DM,24,existing credits paid back duly till now,car (new),250,unknown / no savings account,1 <= ... < 4 years,4,male,none,1,unknown / no property,24,none,own,1,skilled employee / official,1,"yes, registered under customer's name",yes,1,single
0 <= ... < 200 DM,10,existing credits paid back duly till now,car (new),2533,... < 100 DM,1 <= ... < 4 years,2,male,none,4,"car or other, not in savings account",23,bank,own,1,unskilled - resident,1,none,yes,1,married/widowed
no checking account,5,delay in paying off in the past,radio/television,1070,500 <= ... < 1000 DM,... < 1 year,4,male,guarantor,1,real estate,35,none,rent,1,unskilled - resident,1,"yes, registered under customer's name",yes,2,single
... < 0 DM,11,critical account / other credits existing (not at this bank),radio/television,12774,... < 100 DM,1 <= ... < 4 years,1,male,none,4,"car or other, not in savings account",45,stores,rent,1,management / self-employed / highly qualified employee / officer,1,"yes, registered under customer's name",yes,1,divorced/separated
0 <= ... < 200 DM,22,existing credits paid back duly till now,car (new),5928,unknown / no savings account,4 <= ... < 7 years,3,male,none,1,real estate,33,bank,own,1,skilled employee / official,1,none,yes,2,divorced/separated
0 <= ... < 200 DM,43,existing credits paid back duly till now,retraining,2010,... < 100 DM,... >= 7 years,1,male,none,4,"car or other, not in savings account",20,none,own,1,skilled employee / official,1,none,yes,1,divorced/separated
... < 0 DM,28,existing credits paid back duly till now,others,1516,... < 100 DM,1 <= ... < 4 years,4,male,none,4,"car or other, not in savings account",19,none,own,1,skilled employee / official,1,"yes, registered under customer's name",yes,1,single
no checking account,23,existing credits paid back duly till now,radio/television,294,... < 100 DM,4 <= ... < 7 years,1,male,none,4,"car or other, not in savings account",24,none,own,1,skilled employee / official,1,"yes, registered under customer's name",yes,1,single
0 <= ... < 200 DM,24,critical account / other credits existing (not at this bank),car (new),5278,... < 100 DM,1 <= ... < 4 years,4,male,co-applicant,2,real estate,28,none,own,1,skilled employee / official,1,"yes, registered under customer's name",yes,1,single
no checking account,38,critical account / other credits existing (not at this bank),car (used),1756,100 <= ... < 500 DM,4 <= ... < 7 years,4,male,none,2,"car or other, not in savings account",70,bank,own,1,skilled employee / official,1,"yes, registered under customer's name",no,1,divorced/separated
0 <= ... < 200 DM,26,existing credits paid back duly till now,education,769,unknown / no savings account,... >= 7 years,4,male,none,2,real estate,21,none,own,1,unskilled - resident,1,none,yes,1,single
... < 0 DM,13,existing credits paid back duly till now,radio/television,3586,... < 100 DM,... < 1 year,4,male,none,4,"car or other, not in savings account",22,none,own,2,skilled employee / official,1,"yes, registered under customer's name",yes,1,married/widowed
no checking account,24,critical account / other credits existing (not at this bank),business,250,... < 100 DM,... >= 7 years,3,male,none,4,building society savings agreement / life insurance,20,stores,own,4,unskilled - resident,1,none,yes,2,married/widowed
0 <= ... < 200 DM,8,existing credits paid back duly till now,radio/television,2578,... < 100 DM,4 <= ... < 7 years,4,male,none,3,real estate,21,none,own,1,skilled employee / official,1,"yes, registered under customer's name",yes,1,single
... < 0 DM,36,critical account / other credits existing (not at this bank),car (new),2548,... >= 1000 DM,... >= 7 years,4,female,none,3,"car or other, not in savings account",22,none,own,1,management / self-employed / highly qualified employee / officer,1,none,yes,2,single
... >= 200 DM / salary assignments for at least 1 year,22,existing credits paid back duly till now,car (new),1247,... < 100 DM,1 <= ... < 4 years,3,male,none,4,"car or other, not in savings account",36,stores,own,1,management / self-employed / highly qualified employee / officer,1,none,yes,2,married/widowed
... < 0 DM,41,existing credits paid back duly till now,radio/television,12336,... < 100 DM,... < 1 year,3,male,none,2,building society savings agreement / life insurance,21,bank,own,1,management / self-employed / highly qualified employee / officer,1,"yes, registered under customer's name",yes,1,married/widowed
no checking account,38,critical account / other credits existing (not at this bank),furniture/equipment,5846,... >= 1000 DM,4 <= ... < 7 years,1,male,none,4,"car or other, not in savings account",62,stores,own,1,management / self-employed / highly qualified employee / officer,1,"yes, registered under customer's name",yes,2,married/widowed
0 <= ... < 200 DM,29,existing credits paid back duly till now,radio/television,2020,... >= 1000 DM,1 <= ... < 4 years,4,male,none,1,building society savings agreement / life insurance,33,none,own,1,skilled employee / official,1,"yes, registered under customer's name",yes,2,divorced/separated
no checking account,19,critical account / other credits existing (not at this bank),domestic appliances,1344,unknown / no savings account,1 <= ... < 4 years,2,male,none,2,real estate,46,none,own,2,management / self-employed / highly qualified employee / officer,1,"yes, registered under customer's name",yes,1,divorced/separated
no checking account,18,existing credits paid back duly till now,car (used),6215,500 <= ... < 1000 DM,4 <= ... < 7 years,4,male,none,4,"car or other, not in savings account",33,none,own,2,skilled employee / official,1,none,yes,1,married/widowed
... < 0 DM,51,existing credits paid back duly till now,domestic appliances,4341,100 <= ... < 500 DM,... < 1 year,4,male,co-applicant,4,building society savings agreement / life insurance,26,none,own,1,unskilled - resident,1,"yes, registered under customer's name",yes,2,single
... < 0 DM,9,critical account / other credits existing (not at this bank),radio/television,945,... < 100 DM,1 <= ... < 4 years,4,male,co-applicant,3,building society savings agreement / life insurance,39,none,rent,1,skilled employee / official,1,"yes, registered under customer's name",yes,1,divorced/separated
... < 0 DM,10,existing credits paid back duly till now,car (new),1809,500 <= ... < 1000 DM,1 <= ... < 4 years,3,male,none,4,"car or other, not in savings account",32,none,own,2,skilled employee / official,1,none,yes,1,single
no checking account,21,no credits taken / all credits paid back duly,furniture/equipment,250,... < 100 DM,4 <= ... < 7 years,4,male,guarantor,4,unknown / no property,32,none,own,2,skilled employee / official,2,none,yes,1,single
no checking account,64,critical account / other credits existing (not at this bank),furniture/equipment,7562,... < 100 DM,4 <= ... < 7 years,4,female,none,2,"car or other, not in savings account",24,none,own,1,skilled employee / official,1,none,yes,1,single
no checking account,27,all credits at this bank paid back duly,car (new),1379,... >= 1000 DM,4 <= ... < 7 years,4,female,guarantor,2,building society savings agreement / life insurance,43,stores,rent,2,skilled employee / official,1,none,no,2,divorced/separated
no checking account,20,delay in paying off in the past,car (new),5410,... >= 1000 DM,4 <= ... < 7 years,3,male,none,2,real estate,36,stores,own,1,management / self-employed / highly qualified employee / officer,1,"yes, registered under customer's name",yes,2,divorced/separated
0 <= ... < 200 DM,26,critical account / other credits existing (not at this bank),radio/television,3380,500 <= ... < 1000 DM,... < 1 year,2,female,none,3,real estate,19,none,own,2,management / self-employed / highly qualified employee / officer,2,none,yes,1,single
no checking account,21,delay in paying off in the past,radio/television,3241,... < 100 DM,... >= 7 years,2,male,none,4,unknown / no property,64,none,own,1,skilled employee / official,1,none,yes,1,single
... < 0 DM,17,all credits at this bank paid back duly,domestic appliances,1393,... >= 1000 DM,4 <= ... < 7 years,4,male,none,3,real estate,29,bank,own,1,unskilled - resident,1,"yes, registered under customer's name",yes,1,divorced/separated
... < 0 DM,26,existing credits paid back duly till now,radio/television,1754,... < 100 DM,4 <= ... < 7 years,4,male,none,2,building society savings agreement / life insurance,26,none,own,2,skilled employee / official,1,none,yes,1,divorced/separated
0 <= ... < 200 DM,13,existing credits paid back duly till now,radio/television,1666,... < 100 DM,... >= 7 years,3,male,none,2,unknown / no property,73,none,own,2,unskilled - resident,1,none,yes,2,single
no checking account,10,existing credits paid back duly till now,radio/television,11475,... < 100 DM,... >= 7 years,2,female,none,4,building society savings agreement / life insurance,31,none,own,2,skilled employee / official,1,none,yes,1,single
... < 0 DM,20,critical account / other credits existing (not at this bank),car (used),1129,... < 100 DM,4 <= ... < 7 years,4,female,guarantor,1,real estate,29,none,rent,1,skilled employee / official,1,"yes, registered under customer's name",yes,1,single
0 <= ... < 200 DM,20,existing credits paid back duly till now,car (new),15945,... < 100 DM,unemployed,2,male,none,2,"car or other, not in savings account",19,bank,own,1,skilled employee / official,1,none,yes,2,single
no checking account,16,critical account / other credits existing (not at this bank),furniture/equipment,6705,... < 100 DM,... >= 7 years,4,male,none,3,building society savings agreement / life insurance,46,bank,own,2,skilled employee / official,1,none,no,1,divorced/separated
no checking account,21,existing credits paid back duly till now,education,3787,... < 100 DM,1 <= ... < 4 years,4,male,none,2,unknown / no property,44,none,own,1,unemployed / unskilled - non-resident,1,none,yes,1,divorced/separated
no checking account,22,delay in paying off in the past,radio/television,1515,100 <= ... < 500 DM,4 <= ... < 7 years,2,female,none,3,building society savings agreement / life insurance,23,none,rent,1,skilled employee / official,1,none,no,1,single
... >= 200 DM / salary assignments for at least 1 year,40,critical account / other credits existing (not at this bank),furniture/equipment,1717,... < 100 DM,1 <= ... < 4 years,2,male,none,4,unknown / no property,19,none,own,1,management / self-employed / highly qualified employee / officer,1,"yes, registered under customer's name",yes,1,single
... < 0 DM,17,existing credits paid back duly till now,furniture/equipment,1564,500 <= ... < 1000 DM,4 <= ... < 7 years,2,male,co-applicant,4,"car or other, not in savings account",24,stores,own,1,skilled employee / official,1,none,no,2,single
0 <= ... < 200 DM,22,existing credits paid back duly till now,radio/television,250,500 <= ... < 1000 DM,1 <= ... < 4 years,4,female,co-applicant,4,building society savings agreement / life insurance,20,none,for free,1,skilled employee / official,1,"yes, registered under customer's name",yes,2,single
no checking account,27,existing credits paid back duly till now,car (new),1444,... < 100 DM,... >= 7 years,1,male,guarantor,3,"car or other, not in savings account",24,none,own,1,skilled employee / official,1,none,yes,2,single
... < 0 DM,23,critical account / other credits existing (not at this bank),furniture/equipment,1485,... < 100 DM,1 <= ... < 4 years,2,male,guarantor,2,building society savings agreement / life insurance,19,none,rent,1,skilled employee / official,1,"yes, registered under customer's name",yes,1,divorced/separated
no checking account,36,existing credits paid back duly till now,radio/television,1678,100 <= ... < 500 DM,unemployed,4,male,none,4,real estate,42,none,own,2,skilled employee / official,1,"yes, registered under customer's name",yes,1,divorced/separated
0 <= ... < 200 DM,40,critical account / other credits existing (not at this bank),car (new),2225,... < 100 DM,... < 1 year,4,female,guarantor,4,real estate,42,bank,own,2,unskilled - resident,1,"yes, registered under customer's name",yes,1,single
... < 0 DM,22,all credits at this bank paid back duly,furniture/equipment,1647,... < 100 DM,... < 1 year,4,male,none,4,"car or other, not in savings account",29,bank,own,1,skilled employee / official,1,none,yes,1,divorced/separated
... < 0 DM,22,delay in paying off in the past,furniture/equipment,2503,unknown / no savings account,1 <= ... < 4 years,4,male,none,4,"car or other, not in savings account",19,stores,own,1,skilled employee / official,1,none,no,2,divorced/separated
no checking account,15,existing credits paid back duly till now,car (used),250,... < 100 DM,1 <= ... < 4 years,4,female,none,2,real estate,32,stores,for free,1,skilled employee / official,1,"yes, registered under customer's name",yes,1,divorced/separated
... < 0 DM,18,delay in paying off in the past,domestic appliances,1616,unknown / no savings account,1 <= ... < 4 years,4,female,none,4,building society savings agreement / life insurance,24,none,own,1,management / self-employed / highly qualified employee / officer,1,none,yes,1,married/widowed
no checking account,11,existing credits paid back duly till now,car (new),14332,... < 100 DM,unemployed,4,male,none,4,building society savings agreement / life insurance,27,none,for free,2,skilled employee / official,1,"yes, registered under customer's name",no,1,married/widowed
no checking account,22,existing credits paid back duly till now,car (new),1390,... < 100 DM,... < 1 year,4,male,none,2,building society savings agreement / life insurance,34,none,own,1,skilled employee / official,1,"yes, registered under customer's name",yes,1,single
no checking account,24,critical account / other credits existing (not at this bank),furniture/equipment,5121,... >= 1000 DM,1 <= ... < 4 years,3,female,none,4,unknown / no property,19,none,own,1,skilled employee / official,1,"yes, registered under customer's name",yes,1,divorced/separated
0 <= ... < 200 DM,29,no credits taken / all credits paid back duly,furniture/equipment,2048,unknown / no savings account,4 <= ... < 7 years,2,male,guarantor,2,real estate,24,none,own,1,skilled employee / official,1,"yes, registered under customer's name",yes,1,single
0 <= ... < 200 DM,8,all credits at this bank paid back duly,furniture/equipment,1723,... < 100 DM,4 <= ... < 7 years,3,male,co-applicant,2,building society savings agreement / life insurance,20,bank,rent,2,skilled employee / official,2,"yes, registered under customer's name",yes,2,divorced/separated
0 <= ... < 200 DM,28,critical account / other credits existing (not at this bank),car (used),250,... >= 1000 DM,unemployed,3,male,none,4,unknown / no property,21,none,own,1,unemployed / unskilled - non-resident,1,"yes, registered under customer's name",yes,1,single
... < 0 DM,27,existing credits paid back duly till now,radio/television,8983,500 <= ... < 1000 DM,... < 1 year,4,male,co-applicant,3,"car or other, not in savings account",47,none,own,2,unemployed / unskilled - non-resident,1,"yes, registered under customer's name",yes,2,single
... >= 200 DM / salary assignments for at least 1 year,40,critical account / other credits existing (not at this bank),radio/television,4939,... < 100 DM,... < 1 year,4,male,guarantor,2,"car or other, not in savings account",24,stores,own,3,management / self-employed / highly qualified employee / officer,1,"yes, registered under customer's name",yes,1,married/widowed
0 <= ... < 200 DM,25,existing credits paid back duly till now,car (new),569,... < 100 DM,... >= 7 years,4,male,none,4,"car or other, not in savings account",30,none,for free,1,skilled employee / official,1,"yes, registered under customer's name",yes,1,single
no checking account,24,delay in paying off in the past,business,5425,... < 100 DM,1 <= ... < 4 years,2,male,none,4,unknown / no property,26,none,own,1,unskilled - resident,1,none,yes,1,divorced/separated
... < 0 DM,21,existing credits paid back duly till now,education,11749,... < 100 DM,... < 1 year,2,male,none,2,real estate,36,none,own,1,skilled employee / official,1,"yes, registered under customer's name",yes,2,divorced/separated
0 <= ... < 200 DM,23,critical account / other credits existing (not at this bank),retraining,892,... >= 1000 DM,... >= 7 years,4,male,none,3,real estate,45,none,own,1,skilled employee / official,1,none,yes,2,single
... < 0 DM,27,critical account / other credits existing (not at this bank),car (new),4956,... < 100 DM,... < 1 year,4,male,none,3,building society savings agreement / life insurance,28,none,own,1,skilled employee / official,1,"yes, registered under customer's name",yes,2,single
0 <= ... < 200 DM,25,no credits taken / all credits paid back duly,business,5371,unknown / no savings account,... < 1 year,4,male,none,3,real estate,51,stores,own,1,skilled employee / official,2,none,yes,2,divorced/separated
0 <= ... < 200 DM,56,existing credits paid back duly till now,radio/television,10709,... < 100 DM,4 <= ... < 7 years,4,male,none,2,building society savings agreement / life insurance,36,none,rent,2,skilled employee / official,1,none,yes,1,divorced/separated
0 <= ... < 200 DM,26,no credits taken / all credits paid back duly,furniture/equipment,638,... < 100 DM,1 <= ... < 4 years,3,male,none,1,building society savings agreement / life insurance,23,stores,own,1,skilled employee / official,1,none,yes,1,single
0 <= ... < 200 DM,20,existing credits paid back duly till now,car (new),2164,100 <= ... < 500 DM,... >= 7 years,3,female,co-applicant,1,real estate,20,none,own,2,unemployed / unskilled - non-resident,1,none,yes,1,single
no checking account,11,existing credits paid back duly till now,radio/television,2096,... < 100 DM,1 <= ... < 4 years,4,male,none,4,building society savings agreement / life insurance,52,none,own,2,unskilled - resident,1,"yes, registered under customer's name",yes,2,single
... >= 200 DM / salary assignments for at least 1 year,42,existing credits paid back duly till now,education,991,500 <= ... < 1000 DM,1 <= ... < 4 years,1,male,none,3,building society savings agreement / life insurance,37,none,own,1,unemployed / unskilled - non-resident,1,"yes, registered under customer's name",yes,1,single
no checking account,7,critical account / other credits existing (not at this bank),education,270,... < 100 DM,... >= 7 years,1,male,co-applicant,2,"car or other, not in savings account",19,none,for free,3,skilled employee / official,1,none,yes,1,divorced/separated
no checking account,23,critical account / other credits existing (not at this bank),car (new),796,... < 100 DM,unemployed,4,female,none,2,real estate,20,none,own,1,skilled employee / official,1,"yes, registered under customer's name",no,2,single
... >= 200 DM / salary assignments for at least 1 year,17,critical account / other credits existing (not at this bank),radio/television,1152,... < 100 DM,1 <= ... < 4 years,1,female,none,4,building society savings agreement / life insurance,19,none,own,4,skilled employee / official,1,none,yes,1,single
... >= 200 DM / salary assignments for at least 1 year,25,existing credits paid back duly till now,car (new),4390,... < 100 DM,... >= 7 years,4,female,none,3,real estate,39,none,own,2,management / self-employed / highly qualified employee / officer,1,none,yes,1,divorced/separated
no checking account,16,existing credits paid back duly till now,car (used),3492,... < 100 DM,... < 1 year,4,male,none,4,building society savings agreement / life insurance,23,bank,own,1,skilled employee / official,2,none,yes,1,single
no checking account,4,existing credits paid back duly till now,radio/television,1641,... < 100 DM,4 <= ... < 7 years,4,male,guarantor,2,building society savings agreement / life insurance,20,none,own,1,unemployed / unskilled - non-resident,2,none,yes,1,single
0 <= ... < 200 DM,24,critical account / other credits existing (not at this bank),radio/television,1447,... < 100 DM,1 <= ... < 4 years,4,female,none,3,building society savings agreement / life insurance,36,stores,for free,1,management / self-employed / highly qualified employee / officer,1,none,yes,2,divorced/separated
... < 0 DM,23,delay in paying off in the past,car (new),327,500 <= ... < 1000 DM,4 <= ... < 7 years,2,male,none,2,real estate,31,none,rent,2,unskilled - resident,1,"yes, registered under customer's name",yes,1,divorced/separated
0 <= ... < 200 DM,20,no credits taken / all credits paid back duly,radio/television,1276,unknown / no savings account,4 <= ... < 7 years,2,male,none,4,"car or other, not in savings account",61,stores,own,1,unemployed / unskilled - non-resident,2,none,yes,1,single
0 <= ... < 200 DM,21,existing credits paid back duly till now,car (used),1305,... < 100 DM,... >= 7 years,4,male,guarantor,3,real estate,39,bank,own,1,skilled employee / official,1,none,yes,1,divorced/separated
0 <= ... < 200 DM,24,existing credits paid back duly till now,radio/television,2484,unknown / no savings account,1 <= ... < 4 years,3,male,none,3,real estate,49,none,rent,2,skilled employee / official,1,"yes, registered under customer's name",yes,2,divorced/separated
no checking account,29,no credits taken / all credits paid back duly,radio/television,2499,unknown / no savings account,4 <= ... < 7 years,4,female,none,2,building society savings agreement / life insurance,32,none,for free,1,unskilled - resident,1,none,yes,2,single
... >= 200 DM / salary assignments for at least 1 year,23,existing credits paid back duly till now,car (new),1913,100 <= ... < 500 DM,4 <= ... < 7 years,1,male,none,2,real estate,19,none,own,3,unemployed / unskilled - non-resident,1,none,yes,2,divorced/separated
... >= 200 DM / salary assignments for at least 1 year,4,critical account / other credits existing (not at this bank),radio/television,1061,... < 100 DM,1 <= ... < 4 years,4,male,co-applicant,2,"car or other, not in savings account",39,none,own,1,skilled employee / official,1,none,yes,1,divorced/separated
... < 0 DM,13,delay in paying off in the past,business,3481,... >= 1000 DM,... >= 7 years,4,male,none,4,"car or other, not in savings account",31,bank,rent,1,unskilled - resident,1,none,yes,1,married/widowed
... < 0 DM,21,existing credits paid back duly till now,education,15945,unknown / no savings account,1 <= ... < 4 years,2,male,none,4,unknown / no property,19,none,own,2,unskilled - resident,1,"yes, registered under customer's name",yes,2,married/widowed
0 <= ... < 200 DM,16,all credits at this bank paid back duly,education,2586,... >= 1000 DM,1 <= ... < 4 years,2,male,none,4,real estate,43,stores,own,1,skilled employee / official,1,none,yes,2,single
no checking account,25,existing credits paid back duly till now,car (used),250,unknown / no savings account,... < 1 year,4,male,guarantor,4,real estate,75,none,own,1,unskilled - resident,2,none,yes,1,divorced/separated
... < 0 DM,14,existing credits paid back duly till now,car (new),15945,... < 100 DM,4 <= ... < 7 years,2,male,none,1,real estate,44,none,own,2,skilled employee / official,2,"yes, registered under customer's name",no,2,divorced/separated
0 <= ... < 200 DM,26,existing credits paid back duly till now,furniture/equipment,7779,500 <= ... < 1000 DM,4 <= ... < 7 years,4,male,none,3,"car or other, not in savings account",32,bank,own,2,skilled employee / official,2,"yes, registered under customer's name",yes,1,single
no checking account,13,existing credits paid back duly till now,furniture/equipment,2580,... < 100 DM,4 <= ... < 7 years,4,male,guarantor,4,building society savings agreement / life insurance,46,bank,own,2,unemployed / unskilled - non-resident,1,none,yes,1,divorced/separated
0 <= ... < 200 DM,37,existing credits paid back duly till now,radio/television,3097,... < 100 DM,4 <= ... < 7 years,4,male,co-applicant,4,"car or other, not in savings account",68,none,own,4,skilled employee / official,1,none,yes,1,single
no checking account,15,critical account / other credits existing (not at this bank),business,2615,... < 100 DM,1 <= ... < 4 years,4,male,none,4,"car or other, not in savings account",26,none,own,1,unskilled - resident,1,"yes, registered under customer's name",yes,1,divorced/separated
0 <= ... < 200 DM,27,existing credits paid back duly till now,car (new),2479,... < 100 DM,1 <= ... < 4 years,2,female,none,4,unknown / no property,36,bank,own,2,skilled employee / official,1,"yes, registered under customer's name",no,2,single
... >= 200 DM / salary assignments for at least 1 year,14,critical account / other credits existing (not at this bank),car (used),1436,... < 100 DM,... < 1 year,4,male,co-applicant,1,building society savings agreement / life insurance,32,none,for free,1,management / self-employed / highly qualified employee / officer,2,none,yes,1,divorced/separated
0 <= ... < 200 DM,8,critical account / other credits existing (not at this bank),car (new),6003,500 <= ... < 1000 DM,1 <= ... < 4 years,1,male,co-applicant,2,building society savings agreement / life insurance,30,none,own,1,unskilled - resident,1,"yes, registered under customer's name",yes,1,divorced/separated
no checking account,24,existing credits paid back duly till now,business,11040,500 <= ... < 1000 DM,1 <= ... < 4 years,4,male,none,1,"car or other, not in savings account",33,none,own,1,skilled employee / official,1,none,yes,2,single
no checking account,59,no credits taken / all credits paid back duly,car (new),250,500 <= ... < 1000 DM,4 <= ... < 7 years,3,female,none,4,unknown / no property,19,bank,own,1,skilled employee / official,1,"yes, registered under customer's name",yes,1,single
0 <= ... < 200 DM,21,critical account / other credits existing (not at this bank),radio/television,3428,100 <= ... < 500 DM,1 <= ... < 4 years,4,male,none,1,"car or other, not in savings account",40,none,own,2,skilled employee / official,1,none,yes,2,single
no checking account,5,critical account / other credits existing (not at this bank),car (new),3025,... < 100 DM,1 <= ... < 4 years,2,male,co-applicant,4,"car or other, not in savings account",69,none,own,1,skilled employee / official,1,none,yes,2,single
no checking account,39,no credits taken / all credits paid back duly,radio/television,415,... < 100 DM,4 <= ... < 7 years,4,female,none,2,"car or other, not in savings account",20,none,own,2,management / self-employed / highly qualified employee / officer,1,none,yes,2,divorced/separated
no checking account,20,all credits at this bank paid back duly,furniture/equipment,3217,500 <= ... < 1000 DM,1 <= ... < 4 years,4,male,none,4,building society savings agreement / life insurance,20,none,for free,1,skilled employee / official,1,none,yes,1,single
0 <= ... < 200 DM,7,existing credits paid back duly till now,repairs,2182,... < 100 DM,unemployed,1,female,guarantor,2,real estate,26,stores,own,1,skilled employee / official,1,"yes, registered under customer's name",yes,1,single
no checking account,38,existing credits paid back duly till now,car (used),2283,... < 100 DM,1 <= ... < 4 years,4,female,none,4,building society savings agreement / life insurance,30,none,for free,1,skilled employee / official,2,none,yes,1,divorced/separated
no checking account,21,all credits at this bank paid back duly,furniture/equipment,13201,... < 100 DM,... < 1 year,4,male,none,1,"car or other, not in savings account",32,none,own,3,management / self-employed / highly qualified employee / officer,1,"yes, registered under customer's name",yes,1,single
... >= 200 DM / salary assignments for at least 1 year,17,no credits taken / all credits paid back duly,radio/television,1933,... < 100 DM,1 <= ... < 4 years,4,male,guarantor,4,unknown / no property,41,bank,own,4,skilled employee / official,1,"yes, registered under customer's name",yes,1,single
0 <= ... < 200 DM,13,existing credits paid back duly till now,repairs,3760,... < 100 DM,... >= 7 years,2,male,co-applicant,4,"car or other, not in savings account",22,none,own,1,skilled employee / official,1,none,no,2,single
no checking account,27,existing credits paid back duly till now,radio/television,1947,100 <= ... < 500 DM,1 <= ... < 4 years,4,male,guarantor,3,building society savings agreement / life insurance,24,none,for free,1,unskilled - resident,1,"yes, registered under customer's name",yes,2,divorced/separated
... < 0 DM,14,existing credits paid back duly till now,car (new),907,... < 100 DM,... >= 7 years,4,male,guarantor,4,unknown / no property,60,none,own,1,skilled employee / official,1,none,yes,1,single
0 <= ... < 200 DM,12,existing credits paid back duly till now,education,5353,... >= 1000 DM,4 <= ... < 7 years,2,male,none,4,real estate,26,stores,rent,1,skilled employee / official,1,none,yes,1,married/widowed
... < 0 DM,9,existing credits paid back duly till now,furniture/equipment,1252,... < 100 DM,4 <= ... < 7 years,1,male,none,4,"car or other, not in savings account",32,none,own,1,skilled employee / official,1,none,no,1,single
no checking account,23,all credits at this bank paid back duly,car (new),662,... < 100 DM,... >= 7 years,3,male,none,4,unknown / no property,70,bank,for free,1,skilled employee / official,1,"yes, registered under customer's name",no,1,married/widowed
0 <= ... < 200 DM,22,existing credits paid back duly till now,car (new),3504,... < 100 DM,1 <= ... < 4 years,4,female,guarantor,2,unknown / no property,29,none,own,2,management / self-employed / highly qualified employee / officer,1,none,yes,2,single
... < 0 DM,14,existing credits paid back duly till now,business,876,... >= 1000 DM,4 <= ... < 7 years,3,male,none,4,"car or other, not in savings account",42,bank,own,1,management / self-employed / highly qualified employee / officer,1,none,yes,1,single
0 <= ... < 200 DM,6,existing credits paid back duly till now,car (new),1011,... >= 1000 DM,... < 1 year,1,male,none,2,real estate,29,none,own,1,unemployed / unskilled - non-resident,1,"yes, registered under customer's name",yes,2,single
... < 0 DM,41,existing credits paid back duly till now,furniture/equipment,2402,100 <= ... < 500 DM,unemployed,3,male,none,4,unknown / no property,28,none,own,2,skilled employee / official,1,none,yes,2,married/widowed
0 <= ... < 200 DM,24,existing credits paid back duly till now,car (used),1302,... >= 1000 DM,... >= 7 years,4,male,none,2,real estate,36,none,rent,1,skilled employee / official,1,"yes, registered under customer's name",yes,2,single
no checking account,18,all credits at this bank paid back duly,radio/television,306,500 <= ... < 1000 DM,4 <= ... < 7 years,2,male,none,3,unknown / no property,28,none,own,1,skilled employee / official,1,none,yes,1,married/widowed
... < 0 DM,11,all credits at this bank paid back duly,business,2591,... < 100 DM,1 <= ... < 4 years,2,male,guarantor,4,real estate,26,none,rent,1,management / self-employed / highly qualified employee / officer,1,none,yes,2,single
0 <= ... < 200 DM,26,all credits at this bank paid back duly,furniture/equipment,3624,... < 100 DM,4 <= ... < 7 years,2,male,none,2,unknown / no property,26,none,own,1,skilled employee / official,1,none,yes,2,divorced/separated
... >= 200 DM / salary assignments for at least 1 year,56,existing credits paid back duly till now,furniture/equipment,436,100 <= ... < 500 DM,4 <= ... < 7 years,2,male,none,4,real estate,55,bank,own,1,management / self-employed / highly qualified employee / officer,1,none,yes,1,divorced/separated
... < 0 DM,22,existing credits paid back duly till now,retraining,8450,... >= 1000 DM,1 <= ... < 4 years,4,female,guarantor,1,"car or other, not in savings account",45,none,own,1,skilled employee / official,1,"yes, registered under customer's name",yes,2,single
0 <= ... < 200 DM,24,all credits at this bank paid back duly,furniture/equipment,4454,... < 100 DM,... >= 7 years,4,male,none,3,unknown / no property,34,none,rent,1,skilled employee / official,1,"yes, registered under customer's name",yes,2,divorced/separated
0 <= ... < 200 DM,30,critical account / other credits existing (not at this bank),car (new),488,unknown / no savings account,1 <= ... < 4 years,4,female,none,2,"car or other, not in savings account",28,stores,own,2,management / self-employed / highly qualified employee / officer,1,none,yes,2,divorced/separated
... < 0 DM,25,all credits at this bank paid back duly,furniture/equipment,2664,100 <= ... < 500 DM,... >= 7 years,4,male,co-applicant,4,building society savings agreement / life insurance,49,none,own,3,skilled employee / official,1,none,yes,1,single
0 <= ... < 200 DM,9,existing credits paid back duly till now,business,4593,... < 100 DM,... >= 7 years,4,male,none,4,building society savings agreement / life insurance,19,stores,own,2,unskilled - resident,1,"yes, registered under customer's name",yes,1,single
no checking account,36,existing credits paid back duly till now,radio/television,881,... >= 1000 DM,4 <= ... < 7 years,1,male,none,3,unknown / no property,46,none,own,3,skilled employee / official,1,none,yes,1,divorced/separated
... < 0 DM,37,delay in paying off in the past,furniture/equipment,2653,... >= 1000 DM,... < 1 year,4,male,guarantor,2,real estate,35,none,for free,1,management / self-employed / highly qualified employee / officer,1,none,yes,1,divorced/separated
... < 0 DM,24,critical account / other credits existing (not at this bank),radio/television,5016,... >= 1000 DM,1 <= ... < 4 years,4,male,none,4,building society savings agreement / life insurance,36,none,own,1,unemployed / unskilled - non-resident,1,"yes, registered under customer's name",yes,2,single
... < 0 DM,41,critical account / other credits existing (not at this bank),car (used),1558,... < 100 DM,... < 1 year,1,male,guarantor,2,"car or other, not in savings account",48,bank,own,1,skilled employee / official,1,none,yes,1,single
no checking account,24,critical account / other credits existing (not at this bank),domestic appliances,3134,... < 100 DM,1 <= ... < 4 years,2,male,co-applicant,4,real estate,27,none,rent,1,unskilled - resident,1,none,yes,1,divorced/separated
no checking account,22,critical account / other credits existing (not at this bank),radio/television,2819,... < 100 DM,unemployed,4,male,none,4,"car or other, not in savings account",34,none,own,2,unskilled - resident,2,none,yes,1,divorced/separated
no checking account,25,existing credits paid back duly till now,education,746,... < 100 DM,1 <= ... < 4 years,2,male,none,4,building society savings agreement / life insurance,47,none,for free,1,skilled employee / official,1,none,yes,1,single
... >= 200 DM / salary assignments for at least 1 year,18,all credits at this bank paid back duly,radio/television,3460,unknown / no savings account,4 <= ... < 7 years,2,male,guarantor,4,"car or other, not in savings account",24,bank,own,1,skilled employee / official,1,"yes, registered under customer's name",yes,1,divorced/separated
no checking account,72,critical account / other credits existing (not at this bank),radio/television,1433,... < 100 DM,... < 1 year,2,male,none,2,real estate,23,none,own,1,skilled employee / official,2,"yes, registered under customer's name",yes,1,divorced/separated
... >= 200 DM / salary assignments for at least 1 year,4,existing credits paid back duly till now,retraining,250,... >= 1000 DM,4 <= ... < 7 years,2,male,guarantor,3,unknown / no property,53,none,for free,2,unemployed / unskilled - non-resident,2,none,yes,1,single
0 <= ... < 200 DM,22,existing credits paid back duly till now,radio/television,1629,... >= 1000 DM,4 <= ... < 7 years,4,female,none,4,building society savings agreement / life insurance,28,stores,own,1,skilled employee / official,1,"yes, registered under customer's name",yes,1,single
no checking account,4,critical account / other credits existing (not at this bank),business,1930,unknown / no savings account,4 <= ... < 7 years,2,male,none,3,"car or other, not in savings account",19,none,for free,1,skilled employee / official,1,"yes, registered under customer's name",yes,2,divorced/separated
0 <= ... < 200 DM,14,critical account / other credits existing (not at this bank),furniture/equipment,2971,... < 100 DM,1 <= ... < 4 years,4,male,none,2,building society savings agreement / life insurance,48,none,rent,1,unskilled - resident,1,"yes, registered under customer's name",yes,1,married/widowed
0 <= ... < 200 DM,7,no credits taken / all credits paid back duly,car (new),10335,... < 100 DM,... >= 7 years,3,male,none,4,building society savings agreement / life insurance,20,none,own,1,unemployed / unskilled - non-resident,1,none,no,1,divorced/separated
... >= 200 DM / salary assignments for at least 1 year,6,no credits taken / all credits paid back duly,business,2225,... < 100 DM,... < 1 year,4,female,co-applicant,4,"car or other, not in savings account",37,none,own,1,skilled employee / official,1,none,yes,1,single
0 <= ... < 200 DM,25,existing credits paid back duly till now,business,4595,... < 100 DM,4 <= ... < 7 years,1,male,none,3,real estate,28,bank,own,1,skilled employee / official,1,"yes, registered under customer's name",yes,2,divorced/separated
0 <= ... < 200 DM,11,existing credits paid back duly till now,radio/television,1319,unknown / no savings account,... >= 7 years,4,female,none,1,real estate,19,none,own,4,skilled employee / official,2,none,yes,2,single
... < 0 DM,22,critical account / other credits existing (not at this bank),car (new),3976,100 <= ... < 500 DM,... >= 7 years,3,male,none,1,real estate,37,none,own,1,unemployed / unskilled - non-resident,1,"yes, registered under customer's name",yes,1,single
0 <= ... < 200 DM,50,critical account / other credits existing (not at this bank),radio/television,10889,... < 100 DM,1 <= ... < 4 years,4,male,none,2,unknown / no property,24,none,own,2,unemployed / unskilled - non-resident,1,none,yes,2,single
no checking account,14,existing credits paid back duly till now,radio/television,1483,... < 100 DM,... >= 7 years,4,male,co-applicant,4,real estate,47,none,own,2,skilled employee / official,1,"yes, registered under customer's name",no,2,single
no checking account,23,existing credits paid back duly till now,business,5915,... < 100 DM,1 <= ... < 4 years,3,female,none,4,"car or other, not in savings account",25,bank,rent,1,skilled employee / official,1,none,no,1,single
no checking account,27,critical account / other credits existing (not at this bank),car (new),1094,... >= 1000 DM,... >= 7 years,2,male,co-applicant,2,"car or other, not in savings account",27,bank,own,2,skilled employee / official,1,none,no,2,single
... < 0 DM,25,delay in paying off in the past,radio/television,2115,... < 100 DM,1 <= ... < 4 years,4,male,none,4,real estate,19,none,own,1,skilled employee / official,1,"yes, registered under customer's name",yes,2,divorced/separated
0 <= ... < 200 DM,4,no credits taken / all credits paid back duly,car (new),805,... < 100 DM,... < 1 year,4,male,co-applicant,3,"car or other, not in savings account",27,none,for free,2,skilled employee / official,1,none,yes,1,single
no checking account,25,critical account / other credits existing (not at this bank),radio/television,7972,500 <= ... < 1000 DM,1 <= ... < 4 years,4,male,guarantor,1,unknown / no property,27,none,own,1,skilled employee / official,2,none,yes,1,divorced/separated
no checking account,10,critical account / other credits existing (not at this bank),business,873,... < 100 DM,1 <= ... < 4 years,4,male,none,3,unknown / no property,19,none,own,1,skilled employee / official,2,"yes, registered under customer's name",yes,1,single
... < 0 DM,16,critical account / other credits existing (not at this bank),domestic appliances,725,... < 100 DM,1 <= ... < 4 years,3,female,co-applicant,2,real estate,22,none,own,1,skilled employee / official,1,"yes, registered under customer's name",yes,1,single
no checking account,8,existing credits paid back duly till now,car (new),804,... < 100 DM,1 <= ... < 4 years,4,male,none,2,"car or other, not in savings account",30,bank,rent,1,unemployed / unskilled - non-resident,1,"yes, registered under customer's name",no,2,divorced/separated
no checking account,25,critical account / other credits existing (not at this bank),business,15945,... < 100 DM,unemployed,2,male,none,3,"car or other, not in savings account",44,none,rent,1,unskilled - resident,1,"yes, registered under customer's name",yes,1,single
... < 0 DM,22,existing credits paid back duly till now,radio/television,2980,... < 100 DM,... < 1 year,4,male,none,3,unknown / no property,20,stores,for free,1,skilled employee / official,2,"yes, registered under customer's name",yes,2,divorced/separated
no checking account,18,critical account / other credits existing (not at this bank),car (new),937,... >= 1000 DM,1 <= ... < 4 years,4,female,none,2,"car or other, not in savings account",29,none,own,1,skilled employee / official,1,"yes, registered under customer's name",yes,1,single
0 <= ... < 200 DM,32,existing credits paid back duly till now,retraining,899,... < 100 DM,... >= 7 years,1,male,none,2,unknown / no property,39,stores,for free,1,management / self-employed / highly qualified employee / officer,1,none,yes,2,single
no checking account,21,existing credits paid back duly till now,radio/television,3412,... < 100 DM,... < 1 year,2,male,co-applicant,1,real estate,21,stores,rent,1,management / self-employed / highly qualified employee / officer,2,"yes, registered under customer's name",yes,1,single
... >= 200 DM / salary assignments for at least 1 year,12,existing credits paid back duly till now,radio/television,3375,... < 100 DM,... < 1 year,4,male,none,4,real estate,43,none,own,1,unskilled - resident,1,"yes, registered under customer's name",yes,1,single
0 <= ... < 200 DM,12,critical account / other credits existing (not at this bank),radio/television,4933,500 <= ... < 1000 DM,... >= 7 years,2,female,none,2,building society savings agreement / life insurance,36,none,own,1,skilled employee / official,1,none,yes,1,single
no checking account,32,critical account / other credits existing (not at this bank),furniture/equipment,785,100 <= ... < 500 DM,... >= 7 years,4,male,none,3,"car or other, not in savings account",19,none,own,1,management / self-employed / highly qualified employee / officer,1,"yes, registered under customer's name",yes,1,married/widowed
... < 0 DM,19,critical account / other credits existing (not at this bank),radio/television,4931,... < 100 DM,unemployed,4,female,none,4,"car or other, not in savings account",39,bank,own,1,unemployed / unskilled - non-resident,1,"yes, registered under customer's name",yes,1,divorced/separated
... >= 200 DM / salary assignments for at least 1 year,24,existing credits paid back duly till now,radio/television,2329,100 <= ... < 500 DM,1 <= ... < 4 years,2,male,co-applicant,4,unknown / no property,19,none,rent,2,skilled employee / official,1,none,yes,2,single
no checking account,28,critical account / other credits existing (not at this bank),furniture/equipment,575,... >= 1000 DM,1 <= ... < 4 years,3,male,none,2,real estate,50,none,own,1,skilled employee / official,1,"yes, registered under customer's name",yes,1,single
... < 0 DM,24,existing credits paid back duly till now,radio/television,4941,... < 100 DM,... >= 7 years,4,male,none,3,real estate,35,none,own,1,skilled employee / official,1,none,yes,1,married/widowed
... < 0 DM,16,critical account / other credits existing (not at this bank),repairs,1351,100 <= ... < 500 DM,... >= 7 years,1,male,none,2,"car or other, not in savings account",24,bank,rent,4,skilled employee / official,1,none,yes,1,divorced/separated
no checking account,32,existing credits paid back duly till now,furniture/equipment,2615,500 <= ... < 1000 DM,... >= 7 years,4,male,none,2,building society savings agreement / life insurance,20,bank,own,1,management / self-employed / highly qualified employee / officer,1,"yes, registered under customer's name",yes,1,married/widowed
... < 0 DM,10,existing credits paid back duly till now,education,3320,... >= 1000 DM,1 <= ... < 4 years,4,female,none,3,real estate,49,bank,own,1,skilled employee / official,1,none,yes,1,single
... >= 200 DM / salary assignments for at least 1 year,17,existing credits paid back duly till now,radio/television,3628,... < 100 DM,1 <= ... < 4 years,2,female,none,4,building society savings agreement / life insurance,22,none,own,1,skilled employee / official,1,"yes, registered under customer's name",yes,2,married/widowed
no checking account,42,existing credits paid back duly till now,business,2282,... < 100 DM,1 <= ... < 4 years,3,male,none,2,real estate,30,bank,rent,1,skilled employee / official,1,"yes, registered under customer's name",yes,2,single
... < 0 DM,12,existing credits paid back duly till now,car (new),1905,... < 100 DM,1 <= ... < 4 years,4,female,none,1,"car or other, not in savings account",48,none,rent,1,skilled employee / official,1,none,no,1,single
... < 0 DM,24,all credits at this bank paid back duly,education,1882,... < 100 DM,... >= 7 years,2,female,none,3,"car or other, not in savings account",29,stores,own,2,skilled employee / official,1,none,yes,1,married/widowed
0 <= ... < 200 DM,26,existing credits paid back duly till now,furniture/equipment,755,... < 100 DM,... >= 7 years,2,male,none,4,real estate,51,none,own,1,skilled employee / official,1,"yes, registered under customer's name",no,1,divorced/separated
0 <= ... < 200 DM,22,no credits taken / all credits paid back duly,car (new),4216,... < 100 DM,1 <= ... < 4 years,3,male,none,3,building society savings agreement / life insurance,26,none,own,3,skilled employee / official,1,"yes, registered under customer's name",no,1,single
no checking account,72,existing credits paid back duly till now,radio/television,5735,100 <= ... < 500 DM,4 <= ... < 7 years,1,female,none,4,unknown / no property,26,none,for free,2,skilled employee / official,1,none,yes,1,single
no checking account,11,existing credits paid back duly till now,car (used),2797,... < 100 DM,4 <= ... < 7 years,1,male,co-applicant,4,real estate,29,bank,rent,1,unskilled - resident,2,"yes, registered under customer's name",yes,1,divorced/separated
... < 0 DM,22,existing credits paid back duly till now,car (new),2487,100 <= ... < 500 DM,... >= 7 years,2,male,guarantor,2,unknown / no property,20,bank,own,2,skilled employee / official,2,none,yes,1,single
... >= 200 DM / salary assignments for at least 1 year,14,existing credits paid back duly till now,furniture/equipment,1629,... < 100 DM,4 <= ... < 7 years,4,male,co-applicant,2,"car or other, not in savings account",22,bank,own,2,skilled employee / official,1,none,yes,2,divorced/separated
no checking account,4,existing credits paid back duly till now,radio/television,4174,... < 100 DM,... >= 7 years,4,male,none,4,"car or other, not in savings account",34,none,own,2,skilled employee / official,1,none,yes,1,single
no checking account,26,existing credits paid back duly till now,business,10453,... < 100 DM,... >= 7 years,4,male,co-applicant,4,building society savings agreement / life insurance,33,none,own,1,skilled employee / official,1,"yes, registered under customer's name",no,1,divorced/separated
0 <= ... < 200 DM,30,existing credits paid back duly till now,car (new),2216,... < 100 DM,1 <= ... < 4 years,4,male,none,4,real estate,24,bank,own,4,skilled employee / official,1,"yes, registered under customer's name",no,1,single
... < 0 DM,23,delay in paying off in the past,domestic appliances,2012,... < 100 DM,... < 1 year,4,male,co-applicant,2,"car or other, not in savings account",22,none,own,1,unskilled - resident,1,none,yes,2,divorced/separated
no checking account,31,critical account / other credits existing (not at this bank),domestic appliances,3521,... < 100 DM,... >= 7 years,4,male,none,4,unknown / no property,34,stores,rent,2,skilled employee / official,2,none,yes,2,divorced/separated
... < 0 DM,19,existing credits paid back duly till now,furniture/equipment,2875,... < 100 DM,... >= 7 years,4,male,none,2,"car or other, not in savings account",20,none,for free,1,skilled employee / official,1,"yes, registered under customer's name",yes,1,married/widowed
... < 0 DM,24,existing credits paid back duly till now,car (new),3189,unknown / no savings account,1 <= ... < 4 years,1,male,none,1,unknown / no property,33,none,own,1,skilled employee / official,1,"yes, registered under customer's name",yes,2,single
0 <= ... < 200 DM,20,existing credits paid back duly till now,education,2328,... < 100 DM,1 <= ... < 4 years,1,female,none,4,real estate,35,none,own,3,unskilled - resident,1,"yes, registered under customer's name",yes,1,single
0 <= ... < 200 DM,15,critical account / other credits existing (not at this bank),business,6282,... >= 1000 DM,1 <= ... < 4 years,4,male,none,2,"car or other, not in savings account",33,none,own,2,unskilled - resident,1,"yes, registered under customer's name",yes,1,single
0 <= ... < 200 DM,44,critical account / other credits existing (not at this bank),furniture/equipment,4754,... < 100 DM,... >= 7 years,4,male,none,4,unknown / no property,65,none,own,1,skilled employee / official,1,"yes, registered under customer's name",yes,1,single
0 <= ... < 200 DM,4,no credits taken / all credits paid back duly,education,4485,... < 100 DM,... < 1 year,3,male,none,4,real estate,49,none,rent,1,skilled employee / official,1,"yes, registered under customer's name",no,2,divorced/separated
0 <= ... < 200 DM,36,existing credits paid back duly till now,car (new),1724,100 <= ... < 500 DM,... >= 7 years,4,male,co-applicant,4,building society savings agreement / life insurance,19,none,own,2,skilled employee / official,1,none,yes,1,divorced/separated
no checking account,24,critical account / other credits existing (not at this bank),business,1050,... < 100 DM,... < 1 year,4,female,none,1,unknown / no property,19,none,own,1,skilled employee / official,1,"yes, registered under customer's name",yes,1,divorced/separated
... < 0 DM,21,existing credits paid back duly till now,furniture/equipment,3069,... >= 1000 DM,... >= 7 years,4,male,none,4,unknown / no property,19,none,for free,2,management / self-employed / highly qualified employee / officer,1,none,yes,2,married/widowed
0 <= ... < 200 DM,4,existing credits paid back duly till now,car (new),2966,... < 100 DM,unemployed,3,male,none,4,"car or other, not in savings account",48,none,for free,1,skilled employee / official,1,"yes, registered under customer's name",yes,1,single
... < 0 DM,5,existing credits paid back duly till now,others,250,... < 100 DM,1 <= ... < 4 years,3,male,co-applicant,4,building society savings agreement / life insurance,21,none,for free,1,skilled employee / official,1,"yes, registered under customer's name",no,2,single
no checking account,24,existing credits paid back duly till now,furniture/equipment,4291,100 <= ... < 500 DM,... >= 7 years,2,male,none,4,real estate,42,none,own,2,skilled employee / official,1,none,no,2,married/widowed
... < 0 DM,9,existing credits paid back duly till now,furniture/equipment,3833,500 <= ... < 1000 DM,1 <= ... < 4 years,4,male,none,2,building society savings agreement / life insurance,22,none,own,1,unskilled - resident,1,none,yes,2,divorced/separated
0 <= ... < 200 DM,8,delay in paying off in the past,car (new),4501,... < 100 DM,4 <= ... < 7 years,2,male,none,4,real estate,19,bank,own,1,skilled employee / official,1,none,yes,1,divorced/separated
no checking account,71,existing credits paid back duly till now,car (used),15945,... < 100 DM,4 <= ... < 7 years,4,male,none,4,building society savings agreement / life insurance,21,none,own,2,skilled employee / official,1,none,yes,2,divorced/separated
0 <= ... < 200 DM,25,existing credits paid back duly till now,car (new),1738,unknown / no savings account,1 <= ... < 4 years,1,male,none,4,real estate,19,none,own,1,skilled employee / official,1,none,yes,1,single
... < 0 DM,24,existing credits paid back duly till now,others,2251,... < 100 DM,4 <= ... < 7 years,4,male,guarantor,4,real estate,26,none,own,1,skilled employee / official,1,"yes, registered under customer's name",yes,2,divorced/separated
0 <= ... < 200 DM,44,critical account / other credits existing (not at this bank),car (new),1800,... < 100 DM,unemployed,1,male,none,2,building society savings agreement / life insurance,24,none,own,1,skilled employee / official,1,none,yes,1,single
... < 0 DM,8,existing credits paid back duly till now,radio/television,521,... < 100 DM,unemployed,4,female,none,3,building society savings agreement / life insurance,49,none,own,1,management / self-employed / highly qualified employee / officer,2,none,yes,2,divorced/separated
0 <= ... < 200 DM,7,critical account / other credits existing (not at this bank),business,527,100 <= ... < 500 DM,... < 1 year,4,male,none,3,"car or other, not in savings account",51,none,own,1,management / self-employed / highly qualified employee / officer,1,none,yes,2,married/widowed
no checking account,14,critical account / other credits existing (not at this bank),business,250,... < 100 DM,... < 1 year,4,female,none,4,"car or other, not in savings account",19,none,own,1,unskilled - resident,1,"yes, registered under customer's name",yes,1,divorced/separated
0 <= ... < 200 DM,13,existing credits paid back duly till now,radio/television,1065,500 <= ... < 1000 DM,... >= 7 years,4,male,none,4,building society savings agreement / life insurance,49,none,own,2,skilled employee / official,1,"yes, registered under customer's name",yes,1,divorced/separated
... < 0 DM,20,critical account / other credits existing (not at this bank),furniture/equipment,440,unknown / no savings account,unemployed,1,male,none,2,"car or other, not in savings account",22,bank,own,2,skilled employee / official,2,none,yes,1,single
no checking account,26,existing credits paid back duly till now,retraining,1431,... < 100 DM,1 <= ... < 4 years,2,male,none,3,unknown / no property,19,none,own,1,skilled employee / official,1,"yes, registered under customer's name",yes,2,single
no checking account,13,existing credits paid back duly till now,repairs,3104,... < 100 DM,... < 1 year,2,male,none,2,building society savings agreement / life insurance,36,none,own,1,skilled employee / official,1,none,yes,2,divorced/separated
... < 0 DM,26,existing credits paid back duly till now,business,5856,100 <= ... < 500 DM,4 <= ... < 7 years,2,male,none,2,unknown / no property,19,bank,own,1,skilled employee / official,1,"yes, registered under customer's name",yes,1,divorced/separated
... >= 200 DM / salary assignments for at least 1 year,7,critical account / other credits existing (not at this bank),radio/television,1393,... < 100 DM,1 <= ... < 4 years,4,male,none,2,"car or other, not in savings account",21,stores,own,2,skilled employee / official,2,none,yes,1,single
no checking account,6,critical account / other credits existing (not at this bank),repairs,6118,... < 100 DM,1 <= ... < 4 years,4,male,none,1,"car or other, not in savings account",25,none,own,2,skilled employee / official,1,"yes, registered under customer's name",yes,1,single
... < 0 DM,20,existing credits paid back duly till now,retraining,9527,unknown / no savings account,unemployed,4,male,none,2,real estate,21,none,own,1,skilled employee / official,1,"yes, registered under customer's name",yes,2,divorced/separated
... < 0 DM,22,critical account / other credits existing (not at this bank),car (used),2366,... < 100 DM,1 <= ... < 4 years,1,male,none,2,real estate,19,bank,own,1,skilled employee / official,1,none,yes,1,divorced/separated
no checking account,46,all credits at this bank paid back duly,furniture/equipment,13387,... < 100 DM,... < 1 year,4,male,none,4,"car or other, not in savings account",70,none,rent,4,skilled employee / official,1,none,yes,2,single
no checking account,35,critical account / other credits existing (not at this bank),furniture/equipment,3897,... >= 1000 DM,1 <= ... < 4 years,4,male,none,1,unknown / no property,20,none,own,1,skilled employee / official,2,none,yes,2,divorced/separated
... < 0 DM,25,existing credits paid back duly till now,radio/television,1462,... < 100 DM,1 <= ... < 4 years,3,male,none,4,real estate,27,none,own,1,skilled employee / official,1,"yes, registered under customer's name",yes,1,single
0 <= ... < 200 DM,26,existing credits paid back duly till now,car (new),1817,... < 100 DM,1 <= ... < 4 years,3,male,none,4,"car or other, not in savings account",19,none,rent,1,skilled employee / official,1,"yes, registered under customer's name",yes,1,divorced/separated
0 <= ... < 200 DM,11,existing credits paid back duly till now,furniture/equipment,1853,... >= 1000 DM,... >= 7 years,4,female,none,4,building society savings agreement / life insurance,45,none,own,2,skilled employee / official,2,none,yes,2,divorced/separated
0 <= ... < 200 DM,13,all credits at this bank paid back duly,car (new),650,100 <= ... < 500 DM,1 <= ... < 4 years,4,female,none,3,real estate,41,none,own,1,unemployed / unskilled - non-resident,1,none,yes,2,divorced/separated
no checking account,15,existing credits paid back duly till now,retraining,250,... < 100 DM,... >= 7 years,4,male,none,3,building society savings agreement / life insurance,35,none,rent,1,skilled employee / official,1,"yes, registered under customer's name",yes,1,married/widowed
no checking account,17,critical account / other credits existing (not at this bank),car (new),600,... < 100 DM,4 <= ... < 7 years,3,female,none,4,building society savings agreement / life insurance,66,none,own,2,unemployed / unskilled - non-resident,1,none,yes,2,divorced/separated
0 <= ... < 200 DM,27,critical account / other credits existing (not at this bank),business,2270,... < 100 DM,1 <= ... < 4 years,4,female,none,3,unknown / no property,29,none,own,1,unemployed / unskilled - non-resident,1,none,yes,2,single
no checking account,12,existing credits paid back duly till now,domestic appliances,1852,unknown / no savings account,... >= 7 years,2,male,guarantor,4,"car or other, not in savings account",34,none,own,1,unskilled - resident,2,none,yes,1,single
no checking account,14,delay in paying off in the past,furniture/equipment,1124,... >= 1000 DM,... < 1 year,2,male,none,2,"car or other, not in savings account",40,none,own,2,skilled employee / official,1,"yes, registered under customer's name",yes,1,divorced/separated
0 <= ... < 200 DM,27,no credits taken / all credits paid back duly,retraining,1541,unknown / no savings account,... >= 7 years,1,male,none,4,"car or other, not in savings account",30,none,own,1,management / self-employed / highly qualified employee / officer,1,"yes, registered under customer's name",no,2,single
0 <= ... < 200 DM,24,existing credits paid back duly till now,repairs,1278,... < 100 DM,1 <= ... < 4 years,1,female,co-applicant,2,unknown / no property,52,bank,own,2,skilled employee / official,1,"yes, registered under customer's name",yes,1,divorced/separated
... < 0 DM,21,existing credits paid back duly till now,car (new),2631,... >= 1000 DM,... >= 7 years,2,female,none,4,building society savings agreement / life insurance,29,none,own,4,unskilled - resident,1,"yes, registered under customer's name",yes,1,divorced/separated
0 <= ... < 200 DM,26,all credits at this bank paid back duly,furniture/equipment,1032,... < 100 DM,... >= 7 years,2,male,none,4,real estate,51,none,rent,1,skilled employee / official,1,"yes, registered under customer's name",yes,1,divorced/separated
... < 0 DM,8,critical account / other credits existing (not at this bank),radio/television,4094,... < 100 DM,... >= 7 years,3,male,none,2,real estate,43,bank,own,1,skilled employee / official,1,none,yes,1,married/widowed
no checking account,37,existing credits paid back duly till now,radio/television,11844,100 <= ... < 500 DM,1 <= ... < 4 years,2,female,none,1,real estate,36,stores,for free,1,skilled employee / official,1,"yes, registered under customer's name",yes,2,single
no checking account,22,no credits taken / all credits paid back duly,car (used),4959,100 <= ... < 500 DM,... >= 7 years,2,female,none,4,real estate,56,none,own,1,unskilled - resident,1,"yes, registered under customer's name",yes,1,single
no checking account,6,existing credits paid back duly till now,retraining,4620,... < 100 DM,1 <= ... < 4 years,4,male,none,3,"car or other, not in savings account",36,none,for free,1,unemployed / unskilled - non-resident,1,none,no,2,single
... >= 200 DM / salary assignments for at least 1 year,29,critical account / other credits existing (not at this bank),business,3040,... < 100 DM,... >= 7 years,1,male,none,4,real estate,20,none,own,2,skilled employee / official,1,"yes, registered under customer's name",yes,1,married/widowed
no checking account,40,existing credits paid back duly till now,car (new),15945,unknown / no savings account,1 <= ... < 4 years,2,male,none,4,building society savings agreement / life insurance,23,none,own,1,skilled employee / official,1,none,yes,2,single
no checking account,6,existing credits paid back duly till now,furniture/equipment,2545,unknown / no savings account,... >= 7 years,4,male,none,1,"car or other, not in savings account",19,none,own,1,skilled employee / official,1,"yes, registered under customer's name",yes,1,divorced/separated
0 <= ... < 200 DM,19,no credits taken / all credits paid back duly,radio/television,3275,... < 100 DM,4 <= ... < 7 years,2,male,none,4,building society savings agreement / life insurance,29,none,own,2,skilled employee / official,1,"yes, registered under customer's name",yes,2,divorced/separated
... < 0 DM,34,no credits taken / all credits paid back duly,car (new),5723,unknown / no savings account,1 <= ... < 4 years,4,female,co-applicant,2,unknown / no property,24,none,own,1,management / self-employed / highly qualified employee / officer,1,none,yes,1,single
0 <= ... < 200 DM,13,critical account / other credits existing (not at this bank),furniture/equipment,2294,unknown / no savings account,4 <= ... < 7 years,3,male,none,2,building society savings agreement / life insurance,40,stores,rent,1,skilled employee / official,1,none,yes,1,single
0 <= ... < 200 DM,23,existing credits paid back duly till now,car (new),2102,... < 100 DM,... < 1 year,1,male,none,2,real estate,57,none,own,1,skilled employee / official,1,none,yes,2,single
no checking account,27,no credits taken / all credits paid back duly,retraining,1750,... < 100 DM,1 <= ... < 4 years,3,male,none,2,real estate,25,none,rent,1,skilled employee / official,1,none,yes,1,single
0 <= ... < 200 DM,20,existing credits paid back duly till now,others,7137,... < 100 DM,4 <= ... < 7 years,2,female,none,4,real estate,40,stores,own,2,unemployed / unskilled - non-resident,1,none,yes,2,divorced/separated
0 <= ... < 200 DM,21,existing credits paid back duly till now,domestic appliances,250,... < 100 DM,... < 1 year,4,male,none,3,building society savings agreement / life insurance,35,none,own,2,unskilled - resident,1,none,no,2,single
0 <= ... < 200 DM,27,existing credits paid back duly till now,car (new),13901,... < 100 DM,... < 1 year,4,male,guarantor,3,real estate,20,none,own,4,skilled employee / official,1,"yes, registered under customer's name",yes,1,married/widowed
no checking account,26,delay in paying off in the past,car (used),10432,100 <= ... < 500 DM,... >= 7 years,4,male,none,2,"car or other, not in savings account",23,bank,own,2,skilled employee / official,2,none,yes,1,divorced/separated
... >= 200 DM / salary assignments for at least 1 year,12,existing credits paid back duly till now,others,4908,500 <= ... < 1000 DM,1 <= ... < 4 years,2,female,none,4,building society savings agreement / life insurance,54,none,own,1,management / self-employed / highly qualified employee / officer,1,none,yes,2,married/widowed
... < 0 DM,8,existing credits paid back duly till now,car (used),2605,... < 100 DM,... < 1 year,4,male,co-applicant,1,building society savings agreement / life insurance,22,none,own,1,skilled employee / official,2,"yes, registered under customer's name",yes,2,single
0 <= ... < 200 DM,4,existing credits paid back duly till now,radio/television,3902,... < 100 DM,4 <= ... < 7 years,3,male,none,4,building society savings agreement / life insurance,22,none,own,3,skilled employee / official,1,"yes, registered under customer's name",no,2,single
0 <= ... < 200 DM,8,existing credits paid back duly till now,furniture/equipment,1685,... < 100 DM,... < 1 year,4,male,guarantor,2,"car or other, not in savings account",23,stores,own,1,skilled employee / official,1,"yes, registered under customer's name",no,1,divorced/separated
... < 0 DM,18,existing credits paid back duly till now,radio/television,4064,... < 100 DM,... < 1 year,4,male,none,4,"car or other, not in savings account",25,none,own,1,unemployed / unskilled - non-resident,1,none,no,1,single
... < 0 DM,12,existing credits paid back duly till now,radio/television,4904,... < 100 DM,... < 1 year,3,male,none,2,"car or other, not in savings account",43,none,own,1,skilled employee / official,1,"yes, registered under customer's name",yes,1,single
no checking account,14,existing credits paid back duly till now,education,1951,... < 100 DM,... < 1 year,4,female,none,4,building society savings agreement / life insurance,32,stores,own,2,skilled employee / official,1,none,yes,1,single
0 <= ... < 200 DM,32,all credits at this bank paid back duly,car (used),3934,100 <= ... < 500 DM,unemployed,2,male,none,4,"car or other, not in savings account",35,bank,own,1,unskilled - resident,1,none,yes,1,single
0 <= ... < 200 DM,25,existing credits paid back duly till now,furniture/equipment,1463,500 <= ... < 1000 DM,... >= 7 years,4,male,none,2,"car or other, not in savings account",30,bank,own,1,unskilled - resident,1,"yes, registered under customer's name",yes,1,single
no checking account,7,no credits taken / all credits paid back duly,repairs,568,... < 100 DM,... < 1 year,4,female,none,2,"car or other, not in savings account",22,bank,own,1,skilled employee / official,1,"yes, registered under customer's name",no,2,divorced/separated
0 <= ... < 200 DM,23,existing credits paid back duly till now,radio/television,5360,... < 100 DM,unemployed,1,male,none,4,real estate,19,none,own,1,skilled employee / official,2,none,no,1,single
0 <= ... < 200 DM,24,existing credits paid back duly till now,radio/television,1517,... < 100 DM,1 <= ... < 4 years,4,male,none,3,"car or other, not in savings account",19,none,own,1,unskilled - resident,1,"yes, registered under customer's name",yes,1,divorced/separated
no checking account,26,existing credits paid back duly till now,furniture/equipment,3180,... < 100 DM,... < 1 year,4,male,none,1,building society savings agreement / life insurance,29,bank,own,1,skilled employee / official,1,"yes, registered under customer's name",no,1,single
no checking account,12,existing credits paid back duly till now,car (new),3971,... < 100 DM,unemployed,4,male,none,4,real estate,33,none,rent,1,unemployed / unskilled - non-resident,1,none,yes,1,single
0 <= ... < 200 DM,22,existing credits paid back duly till now,radio/television,1556,... < 100 DM,... < 1 year,2,male,none,2,"car or other, not in savings account",22,bank,own,1,unskilled - resident,1,"yes, registered under customer's name",yes,1,single
... < 0 DM,5,critical account / other credits existing (not at this bank),furniture/equipment,3647,... < 100 DM,... >= 7 years,4,male,co-applicant,4,real estate,31,none,own,1,skilled employee / official,1,"yes, registered under customer's name",no,2,divorced/separated
no checking account,23,delay in paying off in the past,business,2910,... < 100 DM,1 <= ... < 4 years,4,male,none,2,real estate,33,none,own,1,unskilled - resident,1,"yes, registered under customer's name",yes,2,divorced/separated
0 <= ... < 200 DM,20,existing credits paid back duly till now,radio/television,3481,... < 100 DM,... >= 7 years,4,male,none,4,"car or other, not in savings account",25,none,own,2,skilled employee / official,1,"yes, registered under customer's name",yes,1,single
... >= 200 DM / salary assignments for at least 1 year,22,existing credits paid back duly till now,domestic appliances,4506,... < 100 DM,4 <= ... < 7 years,1,male,guarantor,4,real estate,24,none,own,1,unskilled - resident,1,none,yes,1,single
... < 0 DM,22,all credits at this bank paid back duly,car (used),2664,... < 100 DM,1 <= ... < 4 years,1,male,none,4,real estate,19,none,own,3,management / self-employed / highly qualified employee / officer,1,"yes, registered under customer's name",no,2,married/widowed
no checking account,46,no credits taken / all credits paid back duly,furniture/equipment,2076,... < 100 DM,1 <= ... < 4 years,4,male,none,2,"car or other, not in savings account",22,none,own,1,skilled employee / official,1,none,no,1,single
no checking account,23,critical account / other credits existing (not at this bank),car (new),2057,unknown / no savings account,4 <= ... < 7 years,2,male,none,4,"car or other, not in savings account",24,none,own,1,unskilled - resident,1,"yes, registered under customer's name",yes,2,single
0 <= ... < 200 DM,31,no credits taken / all credits paid back duly,radio/television,2487,... < 100 DM,1 <= ... < 4 years,2,male,none,2,real estate,31,none,own,1,unskilled - resident,2,"yes, registered under customer's name",yes,2,single
no checking account,9,existing credits paid back duly till now,radio/television,3287,... < 100 DM,1 <= ... < 4 years,2,male,none,2,"car or other, not in savings account",26,none,own,1,skilled employee / official,1,none,yes,1,single
no checking account,4,critical account / other credits existing (not at this bank),car (new),1095,... < 100 DM,... < 1 year,4,male,co-applicant,2,unknown / no property,29,none,for free,4,skilled employee / official,1,none,yes,2,divorced/separated
... >= 200 DM / salary assignments for at least 1 year,27,existing credits paid back duly till now,business,3102,unknown / no savings account,unemployed,4,male,none,2,real estate,37,none,own,1,skilled employee / official,2,"yes, registered under customer's name",yes,1,married/widowed
... >= 200 DM / salary assignments for at least 1 year,15,all credits at this bank paid back duly,car (new),1855,... >= 1000 DM,4 <= ... < 7 years,4,male,guarantor,4,building society savings agreement / life insurance,49,none,own,1,skilled employee / official,1,"yes, registered under customer's name",yes,1,single
... < 0 DM,23,existing credits paid back duly till now,furniture/equipment,1697,... < 100 DM,1 <= ... < 4 years,4,male,none,1,unknown / no property,19,none,own,2,skilled employee / official,1,none,yes,1,single
no checking account,4,all credits at this bank paid back duly,radio/television,5235,... < 100 DM,... < 1 year,4,male,none,2,"car or other, not in savings account",25,none,own,1,skilled employee / official,1,none,yes,1,single
... < 0 DM,24,no credits taken / all credits paid back duly,furniture/equipment,250,... < 100 DM,4 <= ... < 7 years,4,female,co-applicant,2,"car or other, not in savings account",41,bank,own,1,unskilled - resident,1,none,yes,2,single
no checking account,10,existing credits paid back duly till now,domestic appliances,6190,... < 100 DM,1 <= ... < 4 years,4,male,none,2,"car or other, not in savings account",54,none,own,1,unskilled - resident,2,none,yes,2,single
no checking account,8,critical account / other credits existing (not at this bank),education,5184,unknown / no savings account,4 <= ... < 7 years,4,female,none,4,unknown / no property,20,stores,own,2,unskilled - resident,1,none,yes,1,divorced/separated
... < 0 DM,25,existing credits paid back duly till now,others,3673,... < 100 DM,... < 1 year,4,male,co-applicant,4,"car or other, not in savings account",23,none,for free,1,skilled employee / official,1,none,yes,2,single
... < 0 DM,25,critical account / other credits existing (not at this bank),car (used),2304,... < 100 DM,... < 1 year,4,male,none,1,building society savings agreement / life insurance,38,none,own,1,skilled employee / official,1,"yes, registered under customer's name",no,1,single
0 <= ... < 200 DM,60,existing credits paid back duly till now,radio/television,4485,100 <= ... < 500 DM,... < 1 year,4,male,none,2,"car or other, not in savings account",21,stores,own,3,unemployed / unskilled - non-resident,1,"yes, registered under customer's name",yes,1,married/widowed
... < 0 DM,9,critical account / other credits existing (not at this bank),car (used),2622,... < 100 DM,1 <= ... < 4 years,4,female,none,2,"car or other, not in savings account",37,none,own,1,skilled employee / official,1,"yes, registered under customer's name",yes,1,divorced/separated
0 <= ... < 200 DM,27,critical account / other credits existing (not at this bank),radio/television,523,500 <= ... < 1000 DM,... < 1 year,2,female,none,2,real estate,27,none,own,1,skilled employee / official,1,"yes, registered under customer's name",yes,1,divorced/separated
... < 0 DM,12,existing credits paid back duly till now,radio/television,1601,unknown / no savings account,... < 1 year,3,female,none,4,real estate,19,none,own,2,skilled employee / official,1,"yes, registered under customer's name",yes,1,divorced/separated
... < 0 DM,17,critical account / other credits existing (not at this bank),radio/television,2969,... < 100 DM,... < 1 year,2,male,co-applicant,2,real estate,25,stores,own,1,skilled employee / official,1,none,yes,1,divorced/separated
0 <= ... < 200 DM,18,no credits taken / all credits paid back duly,education,4156,... < 100 DM,... >= 7 years,4,male,none,4,"car or other, not in savings account",39,stores,own,1,skilled employee / official,2,none,yes,1,single
0 <= ... < 200 DM,11,existing credits paid back duly till now,radio/television,250,... < 100 DM,1 <= ... < 4 years,1,male,none,4,building society savings agreement / life insurance,30,none,own,1,skilled employee / official,1,"yes, registered under customer's name",no,1,single
no checking account,4,existing credits paid back duly till now,radio/television,1055,... < 100 DM,unemployed,3,male,co-applicant,1,building society savings agreement / life insurance,47,none,rent,2,unskilled - resident,1,none,yes,1,married/widowed
0 <= ... < 200 DM,37,critical account / other credits existing (not at this bank),education,3991,... < 100 DM,... >= 7 years,3,male,none,1,"car or other, not in savings account",24,none,for free,1,unskilled - resident,1,"yes, registered under customer's name",yes,1,married/widowed
0 <= ... < 200 DM,10,existing credits paid back duly till now,car (new),2168,... < 100 DM,1 <= ... < 4 years,3,female,none,1,"car or other, not in savings account",19,none,own,2,unskilled - resident,1,none,yes,1,single
0 <= ... < 200 DM,21,existing credits paid back duly till now,retraining,1290,... < 100 DM,... >= 7 years,4,female,none,1,unknown / no property,52,stores,own,1,skilled employee / official,2,"yes, registered under customer's name",no,2,single
no checking account,45,existing credits paid back duly till now,radio/television,2315,100 <= ... < 500 DM,1 <= ... < 4 years,4,male,co-applicant,1,real estate,27,bank,own,2,skilled employee / official,2,none,yes,2,single
... >= 200 DM / salary assignments for at least 1 year,28,existing credits paid back duly till now,furniture/equipment,1208,... < 100 DM,... >= 7 years,2,male,co-applicant,4,building society savings agreement / life insurance,26,none,for free,1,unemployed / unskilled - non-resident,1,"yes, registered under customer's name",yes,1,married/widowed
no checking account,32,all credits at this bank paid back duly,radio/television,2796,... >= 1000 DM,1 <= ... < 4 years,2,male,none,2,"car or other, not in savings account",21,none,own,3,skilled employee / official,1,none,yes,1,single
0 <= ... < 200 DM,12,all credits at this bank paid back duly,car (new),2529,... < 100 DM,1 <= ... < 4 years,4,male,none,2,"car or other, not in savings account",48,none,own,2,unskilled - resident,2,none,yes,1,single
no checking account,25,no credits taken / all credits paid back duly,retraining,5263,... >= 1000 DM,... >= 7 years,1,male,co-applicant,3,"car or other, not in savings account",32,none,rent,1,skilled employee / official,1,"yes, registered under customer's name",yes,1,single
no checking account,72,critical account / other credits existing (not at this bank),car (new),1697,... < 100 DM,... < 1 year,2,male,none,4,"car or other, not in savings account",39,none,own,2,skilled employee / official,1,none,no,1,single
0 <= ... < 200 DM,4,critical account / other credits existing (not at this bank),car (used),3768,unknown / no savings account,... >= 7 years,4,female,co-applicant,4,"car or other, not in savings account",54,bank,own,1,skilled employee / official,1,none,yes,1,single
0 <= ... < 200 DM,7,existing credits paid back duly till now,radio/television,250,500 <= ... < 1000 DM,1 <= ... < 4 years,4,male,none,4,real estate,19,none,own,1,skilled employee / official,2,"yes, registered under customer's name",yes,2,single
... >= 200 DM / salary assignments for at least 1 year,23,all credits at this bank paid back duly,furniture/equipment,12854,... >= 1000 DM,... >= 7 years,4,male,none,3,"car or other, not in savings account",34,none,for free,1,skilled employee / official,1,"yes, registered under customer's name",yes,1,married/widowed
no checking account,14,existing credits paid back duly till now,business,1530,... < 100 DM,unemployed,4,male,none,3,"car or other, not in savings account",38,stores,for free,2,skilled employee / official,2,none,yes,2,single
no checking account,14,no credits taken / all credits paid back duly,car (used),3392,... < 100 DM,1 <= ... < 4 years,4,male,co-applicant,2,building society savings agreement / life insurance,26,bank,own,1,skilled employee / official,1,"yes, registered under customer's name",yes,1,divorced/separated
no checking account,30,existing credits paid back duly till now,radio/television,1338,... < 100 DM,1 <= ... < 4 years,4,male,none,2,"car or other, not in savings account",24,none,own,1,unskilled - resident,1,none,yes,2,divorced/separated
... < 0 DM,11,existing credits paid back duly till now,others,6432,... < 100 DM,1 <= ... < 4 years,2,female,none,2,"car or other, not in savings account",19,none,own,2,unskilled - resident,1,"yes, registered under customer's name",yes,1,single
no checking account,25,no credits taken / all credits paid back duly,furniture/equipment,3691,100 <= ... < 500 DM,unemployed,4,male,none,4,"car or other, not in savings account",21,bank,own,1,skilled employee / official,1,none,yes,1,married/widowed
no checking account,5,critical account / other credits existing (not at this bank),radio/television,860,500 <= ... < 1000 DM,1 <= ... < 4 years,3,female,none,4,unknown / no property,30,none,own,4,unemployed / unskilled - non-resident,1,none,yes,2,single
no checking account,26,existing credits paid back duly till now,business,2361,... < 100 DM,... < 1 year,4,female,none,2,building society savings agreement / life insurance,52,none,own,1,unskilled - resident,1,none,yes,1,single
0 <= ... < 200 DM,45,existing credits paid back duly till now,business,250,... < 100 DM,... >= 7 years,1,male,guarantor,1,"car or other, not in savings account",35,none,own,2,skilled employee / official,1,"yes, registered under customer's name",yes,2,single
0 <= ... < 200 DM,51,critical account / other credits existing (not at this bank),furniture/equipment,1117,unknown / no savings account,4 <= ... < 7 years,2,male,co-applicant,3,building society savings agreement / life insurance,39,none,own,1,unskilled - resident,1,"yes, registered under customer's name",yes,2,single
... < 0 DM,26,existing credits paid back duly till now,furniture/equipment,4213,100 <= ... < 500 DM,1 <= ... < 4 years,3,male,none,1,real estate,33,none,for free,2,skilled employee / official,1,none,no,1,single
0 <= ... < 200 DM,22,existing credits paid back duly till now,radio/television,1816,... < 100 DM,1 <= ... < 4 years,3,male,guarantor,4,unknown / no property,51,none,for free,2,skilled employee / official,1,none,yes,1,divorced/separated
... < 0 DM,9,existing credits paid back duly till now,car (new),1107,unknown / no savings account,1 <= ... < 4 years,3,male,none,4,building society savings agreement / life insurance,19,none,for free,1,skilled employee / official,1,none,yes,1,single
... >= 200 DM / salary assignments for at least 1 year,13,critical account / other credits existing (not at this bank),furniture/equipment,8253,... < 100 DM,1 <= ... < 4 years,4,female,none,1,"car or other, not in savings account",38,none,own,1,skilled employee / official,1,none,yes,1,single
0 <= ... < 200 DM,4,critical account / other credits existing (not at this bank),car (new),5056,... < 100 DM,1 <= ... < 4 years,3,male,co-applicant,3,"car or other, not in savings account",28,none,rent,2,unskilled - resident,1,none,yes,1,single
... < 0 DM,25,delay in paying off in the past,radio/television,7833,... < 100 DM,4 <= ... < 7 years,3,male,none,4,"car or other, not in savings account",23,none,own,2,skilled employee / official,1,none,yes,2,married/widowed
no checking account,16,existing credits paid back duly till now,domestic appliances,1144,unknown / no savings account,4 <= ... < 7 years,4,male,none,3,real estate,48,none,own,1,management / self-employed / highly qualified employee / officer,1,none,no,2,married/widowed
no checking account,23,existing credits paid back duly till now,business,4464,... < 100 DM,... < 1 year,3,male,none,2,real estate,21,none,own,4,management / self-employed / highly qualified employee / officer,1,none,yes,2,single
no checking account,18,critical account / other credits existing (not at this bank),car (new),250,... < 100 DM,... >= 7 years,4,male,co-applicant,2,"car or other, not in savings account",19,none,own,1,skilled employee / official,1,"yes, registered under customer's name",yes,2,single
no checking account,20,delay in paying off in the past,radio/television,250,100 <= ... < 500 DM,4 <= ... < 7 years,4,male,co-applicant,4,"car or other, not in savings account",42,none,for free,2,skilled employee / official,1,"yes, registered under customer's name",no,1,single
no checking account,23,existing credits paid back duly till now,domestic appliances,1452,... < 100 DM,1 <= ... < 4 years,1,female,none,3,real estate,36,none,own,1,skilled employee / official,1,none,yes,1,single
0 <= ... < 200 DM,40,delay in paying off in the past,radio/television,2068,... >= 1000 DM,1 <= ... < 4 years,2,male,none,2,unknown / no property,34,none,own,1,skilled employee / official,1,none,yes,1,divorced/separated
... < 0 DM,42,existing credits paid back duly till now,radio/television,5256,500 <= ... < 1000 DM,... < 1 year,4,male,co-applicant,4,real estate,27,stores,own,3,skilled employee / official,1,"yes, registered under customer's name",yes,1,single
0 <= ... < 200 DM,14,existing credits paid back duly till now,radio/television,875,... < 100 DM,unemployed,4,female,none,3,real estate,25,none,own,1,unskilled - resident,1,"yes, registered under customer's name",yes,2,married/widowed
... < 0 DM,21,existing credits paid back duly till now,education,2311,... < 100 DM,4 <= ... < 7 years,4,male,none,2,unknown / no property,23,stores,own,1,skilled employee / official,2,none,yes,1,married/widowed
0 <= ... < 200 DM,28,existing credits paid back duly till now,car (used),2204,100 <= ... < 500 DM,1 <= ... < 4 years,4,female,none,4,building society savings agreement / life insurance,19,none,own,3,skilled employee / official,2,"yes, registered under customer's name",yes,1,divorced/separated
... < 0 DM,34,existing credits paid back duly till now,repairs,9402,... >= 1000 DM,1 <= ... < 4 years,4,male,co-applicant,2,unknown / no property,34,none,rent,1,skilled employee / official,1,"yes, registered under customer's name",yes,1,married/widowed
0 <= ... < 200 DM,27,existing credits paid back duly till now,car (new),4039,... < 100 DM,1 <= ... < 4 years,3,male,guarantor,2,building society savings agreement / life insurance,27,bank,for free,1,skilled employee / official,2,none,yes,1,single
... >= 200 DM / salary assignments for at least 1 year,9,existing credits paid back duly till now,radio/television,403,100 <= ... < 500 DM,1 <= ... < 4 years,3,male,none,4,"car or other, not in savings account",22,stores,own,2,unskilled - resident,1,none,no,1,single
... < 0 DM,6,delay in paying off in the past,furniture/equipment,7129,unknown / no savings account,4 <= ... < 7 years,3,female,none,4,"car or other, not in savings account",19,none,own,1,management / self-employed / highly qualified employee / officer,1,"yes, registered under customer's name",yes,1,single
... < 0 DM,23,existing credits paid back duly till now,furniture/equipment,972,... < 100 DM,... >= 7 years,3,male,none,1,real estate,41,none,own,1,skilled employee / official,1,"yes, registered under customer's name",yes,1,single
no checking account,5,existing credits paid back duly till now,car (used),875,... < 100 DM,1 <= ... < 4 years,1,male,none,2,"car or other, not in savings account",19,none,own,2,management / self-employed / highly qualified employee / officer,1,none,yes,2,single
... < 0 DM,25,critical account / other credits existing (not at this bank),others,1527,... < 100 DM,1 <= ... < 4 years,2,male,guarantor,2,real estate,35,none,own,1,skilled employee / official,1,none,yes,1,single
... < 0 DM,9,critical account / other credits existing (not at this bank),repairs,931,... < 100 DM,... < 1 year,4,male,none,3,"car or other, not in savings account",21,none,own,1,unskilled - resident,1,"yes, registered under customer's name",yes,1,single
... < 0 DM,24,existing credits paid back duly till now,retraining,630,... < 100 DM,1 <= ... < 4 years,4,female,none,2,real estate,21,none,own,2,skilled employee / official,1,none,yes,1,single
0 <= ... < 200 DM,15,existing credits paid back duly till now,radio/television,2525,... < 100 DM,unemployed,4,male,none,3,unknown / no property,23,none,own,1,skilled employee / official,1,none,yes,1,divorced/separated
no checking account,71,existing credits paid back duly till now,others,1796,... < 100 DM,... >= 7 years,4,male,none,4,real estate,23,none,own,1,skilled employee / official,1,none,yes,2,single
no checking account,14,critical account / other credits existing (not at this bank),repairs,5172,... < 100 DM,... >= 7 years,3,male,none,2,building society savings agreement / life insurance,37,none,own,1,skilled employee / official,1,none,yes,2,single
no checking account,31,existing credits paid back duly till now,furniture/equipment,2345,... < 100 DM,1 <= ... < 4 years,3,male,guarantor,3,unknown / no property,27,none,own,1,management / self-employed / highly qualified employee / officer,1,none,yes,2,single
0 <= ... < 200 DM,39,critical account / other credits existing (not at this bank),car (new),5266,unknown / no savings account,1 <= ... < 4 years,1,male,none,4,"car or other, not in savings account",39,none,own,1,skilled employee / official,1,"yes, registered under customer's name",yes,1,married/widowed
no checking account,7,critical account / other credits existing (not at this bank),car (new),2507,... < 100 DM,1 <= ... < 4 years,4,male,none,2,"car or other, not in savings account",21,none,own,1,unskilled - resident,2,"yes, registered under customer's name",yes,2,single
0 <= ... < 200 DM,10,critical account / other credits existing (not at this bank),radio/television,992,... < 100 DM,1 <= ... < 4 years,2,female,guarantor,4,"car or other, not in savings account",25,none,own,2,management / self-employed / highly qualified employee / officer,1,"yes, registered under customer's name",yes,1,single
no checking account,8,existing credits paid back duly till now,radio/television,2391,... < 100 DM,1 <= ... < 4 years,1,male,co-applicant,4,"car or other, not in savings account",47,none,own,1,skilled employee / official,1,"yes, registered under customer's name",no,2,single
... < 0 DM,31,critical account / other credits existing (not at this bank),education,4915,500 <= ... < 1000 DM,1 <= ... < 4 years,1,female,none,4,"car or other, not in savings account",40,none,own,1,unemployed / unskilled - non-resident,1,"yes, registered under customer's name",no,2,single
no checking account,25,no credits taken / all credits paid back duly,car (used),4946,... < 100 DM,1 <= ... < 4 years,4,male,none,4,"car or other, not in savings account",32,none,own,1,skilled employee / official,1,none,yes,1,divorced/separated
no checking account,12,existing credits paid back duly till now,car (new),3329,... < 100 DM,... >= 7 years,3,male,co-applicant,2,"car or other, not in savings account",32,none,rent,1,management / self-employed / highly qualified employee / officer,1,"yes, registered under customer's name",yes,2,married/widowed
no checking account,20,existing credits paid back duly till now,business,8817,... < 100 DM,... >= 7 years,4,female,none,4,building society savings agreement / life insurance,47,none,own,2,skilled employee / official,1,"yes, registered under customer's name",yes,1,divorced/separated
... < 0 DM,16,critical account / other credits existing (not at this bank),car (new),2506,100 <= ... < 500 DM,1 <= ... < 4 years,2,male,none,2,real estate,34,none,own,1,unemployed / unskilled - non-resident,1,none,no,2,divorced/separated
no checking account,24,existing credits paid back duly till now,car (new),8021,... < 100 DM,... >= 7 years,2,male,none,2,"car or other, not in savings account",30,bank,own,1,skilled employee / official,1,"yes, registered under customer's name",yes,1,single
... >= 200 DM / salary assignments for at least 1 year,23,critical account / other credits existing (not at this bank),business,4241,... < 100 DM,unemployed,4,female,none,3,unknown / no property,41,bank,own,1,skilled employee / official,1,none,yes,2,married/widowed
no checking account,30,delay in paying off in the past,furniture/equipment,10666,... < 100 DM,... < 1 year,2,male,none,4,building society savings agreement / life insurance,36,none,own,1,skilled employee / official,1,none,yes,1,single
0 <= ... < 200 DM,18,critical account / other credits existing (not at this bank),education,2216,... < 100 DM,... >= 7 years,4,male,none,4,unknown / no property,32,none,own,2,unskilled - resident,2,none,yes,1,divorced/separated
0 <= ... < 200 DM,11,existing credits paid back duly till now,education,2041,unknown / no savings account,4 <= ... < 7 years,3,male,none,2,building society savings agreement / life insurance,19,none,own,1,management / self-employed / highly qualified employee / officer,1,"yes, registered under customer's name",yes,1,divorced/separated
... >= 200 DM / salary assignments for at least 1 year,16,existing credits paid back duly till now,radio/television,2219,unknown / no savings account,... < 1 year,3,male,none,4,building society savings agreement / life insurance,32,none,own,1,management / self-employed / highly qualified employee / officer,1,none,yes,2,single
... < 0 DM,26,delay in paying off in the past,furniture/equipment,2633,... < 100 DM,... < 1 year,4,male,co-applicant,2,"car or other, not in savings account",26,stores,own,1,skilled employee / official,1,none,yes,2,single
... < 0 DM,14,existing credits paid back duly till now,car (used),4189,100 <= ... < 500 DM,1 <= ... < 4 years,3,male,none,4,"car or other, not in savings account",22,none,own,2,skilled employee / official,1,none,yes,1,single
0 <= ... < 200 DM,15,critical account / other credits existing (not at this bank),radio/television,5111,unknown / no savings account,... >= 7 years,3,male,none,1,building society savings agreement / life insurance,29,none,own,1,skilled employee / official,2,none,no,2,single
... >= 200 DM / salary assignments for at least 1 year,47,existing credits paid back duly till now,car (new),1962,... < 100 DM,1 <= ... < 4 years,4,female,guarantor,2,real estate,22,bank,own,1,unemployed / unskilled - non-resident,2,"yes, registered under customer's name",yes,1,single
0 <= ... < 200 DM,12,existing credits paid back duly till now,radio/television,13759,... < 100 DM,... >= 7 years,2,male,none,3,unknown / no property,28,none,own,1,skilled employee / official,2,none,yes,1,divorced/separated
0 <= ... < 200 DM,21,existing credits paid back duly till now,car (new),746,500 <= ... < 1000 DM,... < 1 year,4,male,none,1,building society savings agreement / life insurance,47,none,own,1,skilled employee / official,1,"yes, registered under customer's name",yes,1,divorced/separated
... < 0 DM,21,existing credits paid back duly till now,furniture/equipment,3611,... < 100 DM,1 <= ... < 4 years,4,female,none,4,real estate,25,none,for free,1,skilled employee / official,1,none,yes,1,single
... >= 200 DM / salary assignments for at least 1 year,27,existing credits paid back duly till now,retraining,1691,500 <= ... < 1000 DM,... >= 7 years,2,male,none,4,real estate,45,none,own,1,skilled employee / official,1,"yes, registered under customer's name",yes,1,divorced/separated
no checking account,25,critical account / other credits existing (not at this bank),others,250,... < 100 DM,... >= 7 years,4,female,none,4,real estate,40,none,own,2,unskilled - resident,1,"yes, registered under customer's name",no,1,divorced/separated
... < 0 DM,24,all credits at this bank paid back duly,car (new),15945,... < 100 DM,... < 1 year,4,male,none,2,real estate,55,none,own,1,unskilled - resident,1,"yes, registered under customer's name",yes,2,single
0 <= ... < 200 DM,8,existing credits paid back duly till now,car (new),1393,... < 100 DM,1 <= ... < 4 years,4,female,none,4,unknown / no property,38,none,own,1,skilled employee / official,1,"yes, registered under customer's name",yes,2,single
... >= 200 DM / salary assignments for at least 1 year,16,no credits taken / all credits paid back duly,business,1667,... >= 1000 DM,... < 1 year,4,male,none,3,real estate,41,bank,own,2,skilled employee / official,1,"yes, registered under customer's name",yes,2,divorced/separated
no checking account,25,critical account / other credits existing (not at this bank),radio/television,5725,... < 100 DM,1 <= ... < 4 years,2,male,none,4,real estate,25,none,own,1,skilled employee / official,1,none,yes,2,single
0 <= ... < 200 DM,4,all credits at this bank paid back duly,furniture/equipment,3563,... < 100 DM,1 <= ... < 4 years,1,male,none,3,real estate,41,bank,for free,1,skilled employee / official,1,"yes, registered under customer's name",yes,1,divorced/separated
no checking account,10,critical account / other credits existing (not at this bank),furniture/equipment,2773,... < 100 DM,1 <= ... < 4 years,4,female,guarantor,3,unknown / no property,26,none,own,1,skilled employee / official,1,none,yes,1,single
0 <= ... < 200 DM,10,existing credits paid back duly till now,repairs,8460,... < 100 DM,... >= 7 years,4,male,none,2,"car or other, not in savings account",24,none,own,2,skilled employee / official,1,none,yes,1,divorced/separated
0 <= ... < 200 DM,54,no credits taken / all credits paid back duly,business,2944,100 <= ... < 500 DM,... >= 7 years,3,male,guarantor,4,"car or other, not in savings account",43,none,rent,1,skilled employee / official,1,none,yes,2,divorced/separated
... >= 200 DM / salary assignments for at least 1 year,21,critical account / other credits existing (not at this bank),domestic appliances,740,... < 100 DM,... >= 7 years,4,female,none,4,building society savings agreement / life insurance,33,none,own,2,skilled employee / official,1,"yes, registered under customer's name",yes,1,divorced/separated
0 <= ... < 200 DM,13,existing credits paid back duly till now,car (used),3004,... < 100 DM,1 <= ... < 4 years,4,female,co-applicant,4,unknown / no property,21,none,own,1,unemployed / unskilled - non-resident,1,none,no,1,single
... < 0 DM,61,existing credits paid back duly till now,radio/television,3292,... < 100 DM,1 <= ... < 4 years,4,male,none,1,building society savings agreement / life insurance,40,none,own,1,unskilled - resident,1,none,yes,1,single
no checking account,16,existing credits paid back duly till now,retraining,2631,... < 100 DM,... >= 7 years,1,female,co-applicant,2,building society savings agreement / life insurance,31,none,own,2,skilled employee / official,1,none,no,1,single
... >= 200 DM / salary assignments for at least 1 year,28,existing credits paid back duly till now,retraining,1587,... < 100 DM,... >= 7 years,4,male,none,2,"car or other, not in savings account",27,none,own,1,skilled employee / official,1,none,yes,1,single
0 <= ... < 200 DM,23,critical account / other credits existing (not at this bank),furniture/equipment,3194,... >= 1000 DM,1 <= ... < 4 years,4,female,none,4,real estate,48,none,own,1,skilled employee / official,1,none,yes,1,single
... < 0 DM,25,existing credits paid back duly till now,car (new),1077,unknown / no savings account,4 <= ... < 7 years,2,male,none,4,unknown / no property,19,none,own,1,skilled employee / official,1,"yes, registered under customer's name",yes,2,single
0 <= ... < 200 DM,4,existing credits paid back duly till now,retraining,1431,... < 100 DM,unemployed,1,male,none,4,"car or other, not in savings account",22,none,own,1,skilled employee / official,1,"yes, registered under customer's name",yes,1,single
no checking account,14,existing credits paid back duly till now,furniture/equipment,4976,... < 100 DM,... < 1 year,2,female,none,4,"car or other, not in savings account",25,none,own,1,unskilled - resident,1,"yes, registered under customer's name",yes,1,single
... >= 200 DM / salary assignments for at least 1 year,23,critical account / other credits existing (not at this bank),repairs,2347,... < 100 DM,... >= 7 years,4,male,none,4,"car or other, not in savings account",43,none,own,1,management / self-employed / highly qualified employee / officer,1,none,yes,1,single
... < 0 DM,15,existing credits paid back duly till now,business,1180,... < 100 DM,... >= 7 years,4,female,guarantor,1,real estate,31,none,own,1,skilled employee / official,1,"yes, registered under customer's name",yes,1,divorced/separated
no checking account,41,delay in paying off in the past,car (new),2841,... < 100 DM,4 <= ... < 7 years,3,male,none,4,building society savings agreement / life insurance,24,stores,own,1,skilled employee / official,1,none,yes,1,single
no checking account,28,all credits at this bank paid back duly,car (new),2922,... < 100 DM,1 <= ... < 4 years,4,female,none,2,real estate,22,none,own,3,unskilled - resident,1,"yes, registered under customer's name",yes,1,divorced/separated
0 <= ... < 200 DM,23,existing credits paid back duly till now,car (used),2015,... < 100 DM,... >= 7 years,3,male,none,4,unknown / no property,45,none,own,1,management / self-employed / highly qualified employee / officer,1,"yes, registered under customer's name",yes,2,single
... < 0 DM,26,critical account / other credits existing (not at this bank),car (used),3065,... >= 1000 DM,4 <= ... < 7 years,2,male,none,2,"car or other, not in savings account",31,none,own,2,skilled employee / official,1,"yes, registered under customer's name",yes,2,divorced/separated
no checking account,29,existing credits paid back duly till now,furniture/equipment,2450,... >= 1000 DM,... < 1 year,4,male,none,4,"car or other, not in savings account",29,none,own,1,unskilled - resident,1,none,yes,2,single
... < 0 DM,4,no credits taken / all credits paid back duly,furniture/equipment,12340,... >= 1000 DM,4 <= ... < 7 years,2,female,none,2,real estate,25,stores,own,3,skilled employee / official,1,"yes, registered under customer's name",yes,1,divorced/separated
no checking account,7,existing credits paid back duly till now,furniture/equipment,2880,unknown / no savings account,1 <= ... < 4 years,4,male,none,2,"car or other, not in savings account",19,none,own,4,skilled employee / official,1,"yes, registered under customer's name",yes,2,divorced/separated
... < 0 DM,13,existing credits paid back duly till now,others,2448,... < 100 DM,4 <= ... < 7 years,4,female,none,2,building society savings agreement / life insurance,23,stores,rent,2,skilled employee / official,1,none,yes,1,single
no checking account,63,existing credits paid back duly till now,car (new),5512,... < 100 DM,... >= 7 years,4,male,none,1,"car or other, not in savings account",51,none,own,1,unskilled - resident,1,none,yes,1,divorced/separated
no checking account,14,critical account / other credits existing (not at this bank),education,2040,... < 100 DM,4 <= ... < 7 years,2,male,co-applicant,1,"car or other, not in savings account",36,stores,own,1,skilled employee / official,1,"yes, registered under customer's name",yes,2,divorced/separated
... < 0 DM,20,critical account / other credits existing (not at this bank),car (new),781,500 <= ... < 1000 DM,... < 1 year,4,female,none,4,"car or other, not in savings account",23,none,own,1,skilled employee / official,1,"yes, registered under customer's name",yes,1,divorced/separated
no checking account,22,no credits taken / all credits paid back duly,car (used),2968,... < 100 DM,1 <= ... < 4 years,4,male,none,2,real estate,19,none,own,2,skilled employee / official,1,"yes, registered under customer's name",yes,2,single
0 <= ... < 200 DM,19,no credits taken / all credits paid back duly,education,250,... < 100 DM,... < 1 year,3,male,none,2,building society savings agreement / life insurance,35,none,own,1,unemployed / unskilled - non-resident,1,none,yes,2,single
... >= 200 DM / salary assignments for at least 1 year,5,critical account / other credits existing (not at this bank),business,1475,500 <= ... < 1000 DM,... >= 7 years,2,male,guarantor,2,real estate,27,stores,own,1,unskilled - resident,2,"yes, registered under customer's name",yes,1,divorced/separated
0 <= ... < 200 DM,23,no credits taken / all credits paid back duly,radio/television,4370,unknown / no savings account,... >= 7 years,4,male,none,3,"car or other, not in savings account",19,bank,for free,1,skilled employee / official,1,none,yes,2,single
... < 0 DM,22,critical account / other credits existing (not at this bank),car (new),2713,100 <= ... < 500 DM,... >= 7 years,4,female,none,4,building society savings agreement / life insurance,23,stores,own,1,management / self-employed / highly qualified employee / officer,1,none,yes,1,single
... >= 200 DM / salary assignments for at least 1 year,4,delay in paying off in the past,radio/television,1183,... < 100 DM,1 <= ... < 4 years,2,female,none,4,unknown / no property,25,bank,own,1,skilled employee / official,1,"yes, registered under customer's name",yes,1,single
no checking account,23,critical account / other credits existing (not at this bank),car (new),1285,... < 100 DM,unemployed,4,male,none,2,unknown / no property,53,stores,own,2,skilled employee / official,1,"yes, registered under customer's name",yes,1,single
0 <= ... < 200 DM,16,existing credits paid back duly till now,car (new),3191,... < 100 DM,... >= 7 years,3,female,none,3,building society savings agreement / life insurance,19,none,own,1,skilled employee / official,1,none,no,1,single
... < 0 DM,23,existing credits paid back duly till now,radio/television,2557,... < 100 DM,1 <= ... < 4 years,4,female,co-applicant,4,building society savings agreement / life insurance,49,stores,own,1,skilled employee / official,2,none,yes,1,single
0 <= ... < 200 DM,20,delay in paying off in the past,furniture/equipment,3204,... < 100 DM,... < 1 year,1,male,none,2,unknown / no property,31,bank,own,2,skilled employee / official,1,none,no,1,divorced/separated
0 <= ... < 200 DM,19,existing credits paid back duly till now,car (used),486,500 <= ... < 1000 DM,1 <= ... < 4 years,4,male,none,3,"car or other, not in savings account",57,stores,rent,1,unskilled - resident,1,none,yes,1,single
... < 0 DM,6,critical account / other credits existing (not at this bank),car (new),8981,unknown / no savings account,4 <= ... < 7 years,1,male,guarantor,4,building society savings agreement / life insurance,19,stores,own,1,skilled employee / official,1,"yes, registered under customer's name",yes,2,single
0 <= ... < 200 DM,6,existing credits paid back duly till now,car (new),1519,... >= 1000 DM,... >= 7 years,4,male,none,3,"car or other, not in savings account",49,none,own,1,skilled employee / official,1,"yes, registered under customer's name",yes,1,divorced/separated
... >= 200 DM / salary assignments for at least 1 year,30,existing credits paid back duly till now,car (new),2077,... < 100 DM,... < 1 year,2,female,co-applicant,4,real estate,19,none,for free,1,skilled employee / official,1,none,yes,2,divorced/separated
... < 0 DM,27,existing credits paid back duly till now,retraining,295,500 <= ... < 1000 DM,1 <= ... < 4 years,4,male,none,1,building society savings agreement / life insurance,23,bank,own,1,unskilled - resident,1,none,yes,1,single
0 <= ... < 200 DM,18,existing credits paid back duly till now,car (new),1679,... < 100 DM,1 <= ... < 4 years,4,female,co-applicant,1,real estate,19,none,own,1,skilled employee / official,1,"yes, registered under customer's name",yes,1,married/widowed
no checking account,27,existing credits paid back duly till now,retraining,5959,... < 100 DM,unemployed,4,male,none,3,building society savings agreement / life insurance,23,none,own,2,management / self-employed / highly qualified employee / officer,1,none,yes,1,single
no checking account,24,all credits at this bank paid back duly,business,3245,... < 100 DM,1 <= ... < 4 years,2,female,guarantor,2,"car or other, not in savings account",21,none,own,2,management / self-employed / highly qualified employee / officer,1,none,yes,2,married/widowed
no checking account,12,existing credits paid back duly till now,car (new),709,... < 100 DM,... >= 7 years,4,male,none,2,"car or other, not in savings account",29,none,own,1,skilled employee / official,1,none,yes,2,divorced/separated
... < 0 DM,4,existing credits paid back duly till now,radio/television,1704,100 <= ... < 500 DM,4 <= ... < 7 years,2,female,none,4,real estate,21,none,own,1,unskilled - resident,1,"yes, registered under customer's name",yes,1,divorced/separated
0 <= ... < 200 DM,14,existing credits paid back duly till now,radio/television,1198,... < 100 DM,1 <= ... < 4 years,4,male,none,4,unknown / no property,31,stores,own,2,management / self-employed / highly qualified employee / officer,1,"yes, registered under customer's name",no,1,married/widowed
... < 0 DM,37,existing credits paid back duly till now,retraining,1518,... < 100 DM,4 <= ... < 7 years,4,male,guarantor,4,"car or other, not in savings account",32,none,for free,1,skilled employee / official,1,none,yes,1,single
no checking account,4,critical account / other credits existing (not at this bank),car (new),5139,... < 100 DM,4 <= ... < 7 years,4,male,none,2,unknown / no property,22,none,own,1,unskilled - resident,1,"yes, registered under customer's name",yes,1,divorced/separated
no checking account,25,all credits at this bank paid back duly,car (new),5487,... < 100 DM,... >= 7 years,4,male,none,4,building society savings agreement / life insurance,19,none,own,2,skilled employee / official,1,none,no,2,married/widowed
... >= 200 DM / salary assignments for at least 1 year,14,critical account / other credits existing (not at this bank),radio/television,556,... >= 1000 DM,1 <= ... < 4 years,4,male,none,4,"car or other, not in savings account",51,none,rent,1,skilled employee / official,1,"yes, registered under customer's name",no,2,divorced/separated
no checking account,61,critical account / other credits existing (not at this bank),car (new),250,... < 100 DM,1 <= ... < 4 years,4,female,none,4,real estate,32,none,rent,1,management / self-employed / highly qualified employee / officer,1,none,yes,1,single
... < 0 DM,60,critical account / other credits existing (not at this bank),furniture/equipment,257,... < 100 DM,4 <= ... < 7 years,4,male,none,3,real estate,32,none,own,1,management / self-employed / highly qualified employee / officer,1,none,yes,2,single
0 <= ... < 200 DM,6,all credits at this bank paid back duly,domestic appliances,2830,... < 100 DM,unemployed,4,male,none,2,real estate,30,none,for free,1,skilled employee / official,1,"yes, registered under customer's name",no,1,married/widowed
... < 0 DM,26,existing credits paid back duly till now,car (used),8100,... >= 1000 DM,... >= 7 years,2,male,co-applicant,2,unknown / no property,24,none,for free,1,skilled employee / official,1,none,yes,1,divorced/separated
0 <= ... < 200 DM,18,existing credits paid back duly till now,radio/television,2371,... < 100 DM,unemployed,2,male,guarantor,4,building society savings agreement / life insurance,30,none,own,1,unskilled - resident,2,none,yes,2,divorced/separated
0 <= ... < 200 DM,20,existing credits paid back duly till now,domestic appliances,2719,100 <= ... < 500 DM,unemployed,4,female,guarantor,2,unknown / no property,44,none,own,1,skilled employee / official,1,none,yes,1,divorced/separated
no checking account,22,all credits at this bank paid back duly,car (new),3243,100 <= ... < 500 DM,... < 1 year,4,male,guarantor,4,building society savings agreement / life insurance,60,bank,own,1,skilled employee / official,2,none,yes,1,single
no checking account,25,all credits at this bank paid back duly,retraining,2747,... < 100 DM,... < 1 year,4,male,co-applicant,2,building society savings agreement / life insurance,31,none,own,1,unskilled - resident,1,"yes, registered under customer's name",yes,1,divorced/separated
0 <= ... < 200 DM,38,existing credits paid back duly till now,education,1105,... < 100 DM,... >= 7 years,2,male,none,2,"car or other, not in savings account",29,none,own,3,unskilled - resident,1,"yes, registered under customer's name",yes,1,single
... < 0 DM,32,critical account / other credits existing (not at this bank),car (used),1909,... < 100 DM,1 <= ... < 4 years,4,female,none,3,real estate,24,stores,rent,1,skilled employee / official,1,"yes, registered under customer's name",yes,1,single
... < 0 DM,8,critical account / other credits existing (not at this bank),education,2971,... < 100 DM,1 <= ... < 4 years,4,male,guarantor,2,building society savings agreement / life insurance,31,bank,own,2,skilled employee / official,1,"yes, registered under customer's name",no,1,divorced/separated
no checking account,18,existing credits paid back duly till now,radio/television,2070,100 <= ... < 500 DM,1 <= ... < 4 years,4,female,none,2,unknown / no property,29,bank,own,1,skilled employee / official,2,"yes, registered under customer's name",yes,2,married/widowed
0 <= ... < 200 DM,25,critical account / other credits existing (not at this bank),radio/television,2498,... < 100 DM,1 <= ... < 4 years,4,female,none,2,unknown / no property,27,none,own,2,skilled employee / official,2,none,yes,1,divorced/separated
... < 0 DM,11,existing credits paid back duly till now,furniture/equipment,1857,... >= 1000 DM,... < 1 year,4,female,co-applicant,4,unknown / no property,19,none,own,3,skilled employee / official,1,none,yes,1,divorced/separated
0 <= ... < 200 DM,23,existing credits paid back duly till now,radio/television,1815,... < 100 DM,... >= 7 years,2,male,none,4,"car or other, not in savings account",47,none,rent,1,management / self-employed / highly qualified employee / officer,1,none,yes,1,divorced/separated
... < 0 DM,13,existing credits paid back duly till now,car (new),1681,... < 100 DM,... >= 7 years,4,female,guarantor,4,building society savings agreement / life insurance,19,bank,own,2,skilled employee / official,2,none,yes,1,single
... < 0 DM,6,existing credits paid back duly till now,radio/television,1508,100 <= ... < 500 DM,... < 1 year,2,female,none,2,building society savings agreement / life insurance,20,bank,own,1,skilled employee / official,1,"yes, registered under customer's name",yes,2,single
no checking account,13,existing credits paid back duly till now,furniture/equipment,4899,100 <= ... < 500 DM,... < 1 year,4,male,none,3,building society savings agreement / life insurance,19,none,own,2,management / self-employed / highly qualified employee / officer,1,none,yes,1,single
0 <= ... < 200 DM,39,existing credits paid back duly till now,radio/television,2240,... < 100 DM,... < 1 year,4,male,none,4,real estate,19,none,own,2,unskilled - resident,1,"yes, registered under customer's name",yes,1,divorced/separated
... < 0 DM,21,existing credits paid back duly till now,car (new),1476,unknown / no savings account,4 <= ... < 7 years,2,male,none,3,"car or other, not in savings account",40,none,own,1,skilled employee / official,1,none,yes,2,single
no checking account,6,existing credits paid back duly till now,furniture/equipment,1863,... >= 1000 DM,... < 1 year,2,male,none,3,real estate,65,none,for free,2,skilled employee / official,1,"yes, registered under customer's name",yes,1,married/widowed
0 <= ... < 200 DM,19,critical account / other credits existing (not at this bank),furniture/equipment,508,unknown / no savings account,4 <= ... < 7 years,4,female,none,4,unknown / no property,40,none,own,1,unemployed / unskilled - non-resident,1,"yes, registered under customer's name",yes,1,single
no checking account,14,delay in paying off in the past,car (new),2501,unknown / no savings account,1 <= ... < 4 years,1,female,co-applicant,4,unknown / no property,27,none,rent,1,management / self-employed / highly qualified employee / officer,1,none,yes,2,divorced/separated
no checking account,64,critical account / other credits existing (not at this bank),education,1802,unknown / no savings account,4 <= ... < 7 years,2,female,none,1,"car or other, not in savings account",27,none,own,2,skilled employee / official,1,"yes, registered under customer's name",yes,1,single
no checking account,37,critical account / other credits existing (not at this bank),radio/television,250,... < 100 DM,... < 1 year,2,male,none,4,building society savings agreement / life insurance,32,none,own,2,skilled employee / official,1,"yes, registered under customer's name",yes,1,single
... >= 200 DM / salary assignments for at least 1 year,15,critical account / other credits existing (not at this bank),radio/television,2154,... < 100 DM,4 <= ... < 7 years,3,male,none,3,unknown / no property,20,stores,own,2,skilled employee / official,1,none,yes,1,single
0 <= ... < 200 DM,23,critical account / other credits existing (not at this bank),car (new),5193,... < 100 DM,1 <= ... < 4 years,2,female,none,3,"car or other, not in savings account",26,bank,own,2,unskilled - resident,1,none,yes,1,divorced/separated
no checking account,25,critical account / other credits existing (not at this bank),car (used),1093,... < 100 DM,... < 1 year,4,male,none,4,building society savings agreement / life insurance,40,bank,own,2,unskilled - resident,1,none,yes,2,single
no checking account,20,existing credits paid back duly till now,car (new),1124,... < 100 DM,4 <= ... < 7 years,1,female,none,3,building society savings agreement / life insurance,30,none,own,1,skilled employee / official,1,none,yes,2,single
... < 0 DM,70,critical account / other credits existing (not at this bank),car (new),8658,... >= 1000 DM,4 <= ... < 7 years,2,male,none,1,"car or other, not in savings account",33,none,own,3,skilled employee / official,2,"yes, registered under customer's name",yes,1,single
no checking account,12,existing credits paid back duly till now,car (used),1626,unknown / no savings account,1 <= ... < 4 years,4,male,none,2,"car or other, not in savings account",19,bank,for free,1,skilled employee / official,2,none,yes,1,divorced/separated
0 <= ... < 200 DM,13,existing credits paid back duly till now,car (new),4893,... < 100 DM,4 <= ... < 7 years,4,male,none,3,building society savings agreement / life insurance,52,none,own,1,skilled employee / official,1,none,yes,1,single
0 <= ... < 200 DM,25,existing credits paid back duly till now,car (new),3340,unknown / no savings account,unemployed,4,male,none,3,real estate,21,none,own,2,unskilled - resident,1,none,yes,2,divorced/separated
no checking account,22,existing credits paid back duly till now,education,4931,... < 100 DM,4 <= ... < 7 years,1,male,none,3,"car or other, not in savings account",53,none,for free,2,skilled employee / official,1,none,no,2,single
no checking account,16,existing credits paid back duly till now,furniture/equipment,310,unknown / no savings account,unemployed,3,female,none,4,"car or other, not in savings account",19,none,rent,2,skilled employee / official,1,none,yes,1,single
no checking account,8,delay in paying off in the past,business,3259,500 <= ... < 1000 DM,... >= 7 years,3,male,none,4,"car or other, not in savings account",30,none,for free,1,unskilled - resident,1,"yes, registered under customer's name",yes,1,single
... < 0 DM,20,existing credits paid back duly till now,radio/television,2020,... >= 1000 DM,1 <= ... < 4 years,2,female,none,4,building society savings agreement / life insurance,25,stores,for free,2,unskilled - resident,1,none,yes,1,single
0 <= ... < 200 DM,21,existing credits paid back duly till now,retraining,3464,unknown / no savings account,1 <= ... < 4 years,2,female,co-applicant,4,building society savings agreement / life insurance,21,stores,own,2,unemployed / unskilled - non-resident,1,"yes, registered under customer's name",yes,2,divorced/separated
0 <= ... < 200 DM,6,all credits at this bank paid back duly,car (new),1286,100 <= ... < 500 DM,unemployed,2,male,none,2,building society savings agreement / life insurance,27,none,rent,1,skilled employee / official,1,none,yes,1,single
... < 0 DM,15,critical account / other credits existing (not at this bank),business,1209,... < 100 DM,1 <= ... < 4 years,1,male,none,2,"car or other, not in savings account",20,none,for free,1,skilled employee / official,1,none,yes,2,divorced/separated
no checking account,22,existing credits paid back duly till now,business,250,... < 100 DM,4 <= ... < 7 years,4,female,none,4,unknown / no property,50,none,own,1,skilled employee / official,1,none,yes,1,single
0 <= ... < 200 DM,16,no credits taken / all credits paid back duly,car (new),1165,... < 100 DM,1 <= ... < 4 years,2,male,none,3,unknown / no property,28,none,own,1,skilled employee / official,1,"yes, registered under customer's name",yes,1,divorced/separated
no checking account,27,critical account / other credits existing (not at this bank),retraining,2186,... < 100 DM,4 <= ... < 7 years,4,male,none,4,real estate,25,bank,rent,1,unemployed / unskilled - non-resident,1,none,yes,1,single
no checking account,31,critical account / other credits existing (not at this bank),car (new),2080,... >= 1000 DM,4 <= ... < 7 years,2,female,none,4,"car or other, not in savings account",21,none,own,1,skilled employee / official,1,none,yes,1,single
no checking account,7,critical account / other credits existing (not at this bank),car (new),2352,100 <= ... < 500 DM,1 <= ... < 4 years,2,male,none,4,real estate,65,none,own,2,skilled employee / official,1,"yes, registered under customer's name",yes,1,divorced/separated
no checking account,24,all credits at this bank paid back duly,radio/television,4253,... < 100 DM,1 <= ... < 4 years,4,male,none,4,"car or other, not in savings account",31,bank,own,2,unskilled - resident,1,none,yes,2,divorced/separated
... < 0 DM,23,no credits taken / all credits paid back duly,car (new),1433,500 <= ... < 1000 DM,4 <= ... < 7 years,4,male,none,3,building society savings agreement / life insurance,30,stores,own,1,skilled employee / official,1,none,yes,1,single
no checking account,44,existing credits paid back duly till now,car (new),250,100 <= ... < 500 DM,4 <= ... < 7 years,4,male,co-applicant,4,building society savings agreement / life insurance,19,bank,own,2,skilled employee / official,1,none,yes,1,divorced/separated
no checking account,38,critical account / other credits existing (not at this bank),furniture/equipment,7206,... < 100 DM,4 <= ... < 7 years,4,female,none,2,"car or other, not in savings account",21,none,own,1,unskilled - resident,1,none,yes,1,single
0 <= ... < 200 DM,7,existing credits paid back duly till now,business,4863,100 <= ... < 500 DM,unemployed,4,male,none,3,real estate,25,bank,rent,2,management / self-employed / highly qualified employee / officer,1,none,yes,1,divorced/separated
no checking account,17,critical account / other credits existing (not at this bank),car (new),6627,... >= 1000 DM,1 <= ... < 4 years,4,male,guarantor,4,"car or other, not in savings account",19,none,rent,1,skilled employee / official,1,none,yes,2,divorced/separated
0 <= ... < 200 DM,13,critical account / other credits existing (not at this bank),retraining,3583,... < 100 DM,... < 1 year,2,male,none,2,"car or other, not in savings account",29,none,own,2,skilled employee / official,1,none,yes,1,single
no checking account,4,existing credits paid back duly till now,retraining,5494,... < 100 DM,... >= 7 years,2,female,guarantor,4,building society savings agreement / life insurance,26,none,own,2,unskilled - resident,1,none,yes,1,divorced/separated
... < 0 DM,22,existing credits paid back duly till now,radio/television,3366,unknown / no savings account,... >= 7 years,1,male,none,3,"car or other, not in savings account",27,none,own,2,skilled employee / official,1,none,yes,2,single
no checking account,4,existing credits paid back duly till now,car (new),3145,100 <= ... < 500 DM,... >= 7 years,2,male,none,2,"car or other, not in savings account",24,none,rent,1,management / self-employed / highly qualified employee / officer,1,"yes, registered under customer's name",yes,1,married/widowed
... < 0 DM,14,existing credits paid back duly till now,car (new),2491,... < 100 DM,1 <= ... < 4 years,4,male,none,4,building society savings agreement / life insurance,27,none,own,3,skilled employee / official,1,none,yes,1,single
... < 0 DM,24,existing credits paid back duly till now,car (new),2769,... >= 1000 DM,4 <= ... < 7 years,2,female,none,2,real estate,24,none,own,1,skilled employee / official,1,none,yes,1,divorced/separated
no checking account,22,all credits at this bank paid back duly,car (new),11510,... < 100 DM,1 <= ... < 4 years,4,male,co-applicant,2,"car or other, not in savings account",24,none,own,1,management / self-employed / highly qualified employee / officer,1,none,no,1,single
... < 0 DM,24,delay in paying off in the past,repairs,737,... < 100 DM,1 <= ... < 4 years,4,male,none,4,real estate,24,none,own,1,unskilled - resident,1,none,yes,1,divorced/separated
0 <= ... < 200 DM,4,critical account / other credits existing (not at this bank),car (used),5655,100 <= ... < 500 DM,... < 1 year,2,female,none,2,"car or other, not in savings account",25,none,own,1,skilled employee / official,1,none,yes,1,divorced/separated
no checking account,17,critical account / other credits existing (not at this bank),car (new),5062,... < 100 DM,4 <= ... < 7 years,3,male,co-applicant,1,building society savings agreement / life insurance,25,none,for free,2,skilled employee / official,2,none,no,1,divorced/separated
0 <= ... < 200 DM,21,critical account / other credits existing (not at this bank),education,3025,... < 100 DM,... >= 7 years,2,male,none,4,building society savings agreement / life insurance,23,none,own,1,skilled employee / official,1,none,yes,2,single
no checking account,22,delay in paying off in the past,car (new),2792,... < 100 DM,... < 1 year,3,male,none,4,building society savings agreement / life insurance,61,none,own,2,skilled employee / official,1,"yes, registered under customer's name",yes,1,single
no checking account,22,critical account / other credits existing (not at this bank),furniture/equipment,6596,... < 100 DM,1 <= ... < 4 years,4,female,co-applicant,4,unknown / no property,63,bank,own,1,skilled employee / official,1,none,yes,1,married/widowed
... < 0 DM,18,existing credits paid back duly till now,radio/television,5013,... < 100 DM,... < 1 year,4,male,none,2,real estate,43,none,own,1,skilled employee / official,2,"yes, registered under customer's name",no,1,single
... < 0 DM,26,existing credits paid back duly till now,radio/television,934,100 <= ... < 500 DM,unemployed,2,male,guarantor,3,"car or other, not in savings account",37,none,own,1,skilled employee / official,1,none,yes,1,married/widowed
0 <= ... < 200 DM,9,critical account / other credits existing (not at this bank),others,250,100 <= ... < 500 DM,1 <= ... < 4 years,1,male,none,4,unknown / no property,44,none,own,1,unemployed / unskilled - non-resident,1,"yes, registered under customer's name",yes,1,single
0 <= ... < 200 DM,30,critical account / other credits existing (not at this bank),furniture/equipment,8521,... < 100 DM,... < 1 year,4,female,none,4,real estate,55,none,rent,2,skilled employee / official,1,"yes, registered under customer's name",yes,1,single
0 <= ... < 200 DM,25,existing credits paid back duly till now,furniture/equipment,2044,unknown / no savings account,... >= 7 years,4,female,guarantor,4,unknown / no property,25,none,own,2,management / self-employed / highly qualified employee / officer,1,"yes, registered under customer's name",yes,1,single
no checking account,24,delay in paying off in the past,education,661,... < 100 DM,1 <= ... < 4 years,2,male,none,3,real estate,33,bank,own,2,skilled employee / official,1,none,yes,1,married/widowed
0 <= ... < 200 DM,5,existing credits paid back duly till now,radio/television,2343,... < 100 DM,1 <= ... < 4 years,4,female,none,4,building society savings agreement / life insurance,23,bank,own,2,management / self-employed / highly qualified employee / officer,1,"yes, registered under customer's name",yes,1,single
no checking account,21,no credits taken / all credits paid back duly,radio/television,4805,... < 100 DM,4 <= ... < 7 years,4,male,none,4,real estate,28,stores,for free,1,management / self-employed / highly qualified employee / officer,1,none,yes,1,single
... < 0 DM,18,no credits taken / all credits paid back duly,car (new),2511,... < 100 DM,4 <= ... < 7 years,2,male,none,1,unknown / no property,26,none,own,4,skilled employee / official,1,none,no,1,single
no checking account,13,existing credits paid back duly till now,radio/television,2681,... < 100 DM,unemployed,4,male,none,1,real estate,41,none,own,1,unemployed / unskilled - non-resident,1,none,yes,2,divorced/separated
no checking account,25,existing credits paid back duly till now,domestic appliances,3216,... < 100 DM,... < 1 year,4,male,guarantor,1,real estate,19,none,own,2,unskilled - resident,1,none,yes,1,divorced/separated
... < 0 DM,4,existing credits paid back duly till now,domestic appliances,1875,unknown / no savings account,1 <= ... < 4 years,1,female,co-applicant,3,real estate,36,bank,own,1,skilled employee / official,1,none,yes,1,divorced/separated
no checking account,20,existing credits paid back duly till now,car (new),6012,... >= 1000 DM,unemployed,4,female,none,2,unknown / no property,20,none,own,1,skilled employee / official,1,none,no,2,single
... >= 200 DM / salary assignments for at least 1 year,39,existing credits paid back duly till now,repairs,9086,... < 100 DM,... >= 7 years,2,male,none,4,real estate,19,bank,own,1,skilled employee / official,1,none,yes,1,married/widowed
no checking account,27,existing credits paid back duly till now,radio/television,3722,unknown / no savings account,1 <= ... < 4 years,4,male,none,3,"car or other, not in savings account",19,stores,own,2,skilled employee / official,1,"yes, registered under customer's name",yes,2,single
no checking account,19,existing credits paid back duly till now,furniture/equipment,3273,500 <= ... < 1000 DM,1 <= ... < 4 years,4,male,none,4,"car or other, not in savings account",35,none,own,1,skilled employee / official,1,none,yes,1,divorced/separated
0 <= ... < 200 DM,25,existing credits paid back duly till now,business,8160,... < 100 DM,4 <= ... < 7 years,3,male,guarantor,4,building society savings agreement / life insurance,31,none,rent,1,skilled employee / official,1,"yes, registered under customer's name",yes,2,single
no checking account,4,critical account / other credits existing (not at this bank),car (new),1621,... < 100 DM,4 <= ... < 7 years,4,male,none,4,"car or other, not in savings account",24,none,own,1,skilled employee / official,1,none,yes,1,single
no checking account,22,critical account / other credits existing (not at this bank),furniture/equipment,1614,... >= 1000 DM,... >= 7 years,4,male,none,3,"car or other, not in savings account",19,stores,rent,1,skilled employee / official,1,none,yes,1,single
... < 0 DM,14,existing credits paid back duly till now,radio/television,1768,... < 100 DM,4 <= ... < 7 years,4,male,none,2,real estate,41,none,rent,1,unemployed / unskilled - non-resident,1,none,yes,1,single
no checking account,23,critical account / other credits existing (not at this bank),car (new),1631,... < 100 DM,1 <= ... < 4 years,4,female,none,4,"car or other, not in savings account",51,none,own,1,skilled employee / official,1,none,yes,1,divorced/separated
... >= 200 DM / salary assignments for at least 1 year,21,all credits at this bank paid back duly,retraining,1759,... < 100 DM,1 <= ... < 4 years,4,male,co-applicant,3,real estate,31,none,own,2,skilled employee / official,2,"yes, registered under customer's name",yes,1,single
no checking account,25,critical account / other credits existing (not at this bank),furniture/equipment,1914,... >= 1000 DM,unemployed,4,male,none,1,"car or other, not in savings account",34,none,own,1,skilled employee / official,1,"yes, registered under customer's name",yes,1,divorced/separated
no checking account,20,existing credits paid back duly till now,furniture/equipment,4437,... < 100 DM,4 <= ... < 7 years,4,male,none,4,real estate,30,none,own,1,skilled employee / official,1,"yes, registered under customer's name",no,1,single
... < 0 DM,25,critical account / other credits existing (not at this bank),radio/television,375,... < 100 DM,... < 1 year,3,male,none,3,real estate,29,none,for free,1,skilled employee / official,1,"yes, registered under customer's name",yes,2,married/widowed
0 <= ... < 200 DM,28,critical account / other credits existing (not at this bank),car (new),12482,unknown / no savings account,... >= 7 years,4,female,none,4,"car or other, not in savings account",20,none,own,1,skilled employee / official,1,none,yes,2,single
no checking account,14,existing credits paid back duly till now,furniture/equipment,3268,unknown / no savings account,1 <= ... < 4 years,2,male,co-applicant,3,"car or other, not in savings account",33,none,own,4,skilled employee / official,1,"yes, registered under customer's name",no,1,single
0 <= ... < 200 DM,13,existing credits paid back duly till now,car (used),1121,... < 100 DM,1 <= ... < 4 years,4,male,none,4,real estate,35,none,own,3,unskilled - resident,1,"yes, registered under customer's name",yes,2,single
... < 0 DM,4,existing credits paid back duly till now,radio/television,2344,... < 100 DM,1 <= ... < 4 years,2,male,guarantor,4,unknown / no property,20,none,own,1,skilled employee / official,1,none,yes,2,single
0 <= ... < 200 DM,45,existing credits paid back duly till now,car (new),3438,unknown / no savings account,1 <= ... < 4 years,2,male,none,4,"car or other, not in savings account",54,bank,rent,1,unskilled - resident,1,none,yes,1,single
no checking account,22,all credits at this bank paid back duly,radio/television,5555,... < 100 DM,unemployed,1,male,none,4,real estate,25,none,own,1,unskilled - resident,1,"yes, registered under customer's name",yes,1,divorced/separated
no checking account,31,critical account / other credits existing (not at this bank),domestic appliances,1540,... < 100 DM,... < 1 year,2,male,none,2,building society savings agreement / life insurance,41,bank,own,1,management / self-employed / highly qualified employee / officer,1,none,yes,2,single
... < 0 DM,10,delay in paying off in the past,radio/television,3971,... < 100 DM,1 <= ... < 4 years,4,female,none,2,"car or other, not in savings account",75,none,own,1,skilled employee / official,1,none,yes,1,divorced/separated
... >= 200 DM / salary assignments for at least 1 year,24,critical account / other credits existing (not at this bank),car (used),6599,... < 100 DM,... < 1 year,2,male,none,1,real estate,34,none,own,1,skilled employee / official,1,"yes, registered under customer's name",yes,1,single
no checking account,16,existing credits paid back duly till now,business,4891,unknown / no savings account,... < 1 year,3,female,none,1,building society savings agreement / life insurance,56,none,own,2,skilled employee / official,1,none,no,1,divorced/separated
... < 0 DM,22,critical account / other credits existing (not at this bank),radio/television,5845,... >= 1000 DM,1 <= ... < 4 years,1,male,none,2,unknown / no property,20,none,for free,2,unskilled - resident,1,none,no,1,married/widowed
no checking account,22,existing credits paid back duly till now,retraining,3294,100 <= ... < 500 DM,4 <= ... < 7 years,4,female,none,3,"car or other, not in savings account",43,none,own,1,skilled employee / official,1,"yes, registered under customer's name",yes,1,single
0 <= ... < 200 DM,20,delay in paying off in the past,radio/television,9345,... < 100 DM,1 <= ... < 4 years,4,female,none,2,real estate,19,none,own,2,unskilled - resident,1,"yes, registered under customer's name",yes,2,divorced/separated
0 <= ... < 200 DM,22,critical account / other credits existing (not at this bank),car (new),3175,... >= 1000 DM,1 <= ... < 4 years,4,male,none,2,unknown / no property,36,none,own,1,unskilled - resident,1,none,yes,2,single
0 <= ... < 200 DM,48,all credits at this bank paid back duly,business,1522,... < 100 DM,... < 1 year,3,male,none,3,building society savings agreement / life insurance,45,none,own,1,skilled employee / official,1,none,yes,1,divorced/separated
no checking account,29,critical account / other credits existing (not at this bank),others,3547,... < 100 DM,... >= 7 years,2,male,none,1,unknown / no property,33,bank,for free,1,management / self-employed / highly qualified employee / officer,1,none,yes,1,single
no checking account,21,existing credits paid back duly till now,car (new),479,... < 100 DM,4 <= ... < 7 years,2,male,none,3,building society savings agreement / life insurance,19,stores,own,1,unskilled - resident,1,"yes, registered under customer's name",yes,2,divorced/separated
... < 0 DM,22,critical account / other credits existing (not at this bank),car (new),4937,... < 100 DM,1 <= ... < 4 years,1,male,none,4,unknown / no property,26,none,own,1,management / self-employed / highly qualified employee / officer,1,"yes, registered under customer's name",yes,1,married/widowed
0 <= ... < 200 DM,13,existing credits paid back duly till now,domestic appliances,2322,unknown / no savings account,... < 1 year,3,female,none,2,real estate,20,none,for free,1,skilled employee / official,1,"yes, registered under customer's name",yes,2,single
... < 0 DM,5,critical account / other credits existing (not at this bank),business,8305,unknown / no savings account,1 <= ... < 4 years,2,male,guarantor,2,"car or other, not in savings account",23,none,own,1,management / self-employed / highly qualified employee / officer,1,none,yes,1,single
no checking account,4,existing credits paid back duly till now,domestic appliances,250,... < 100 DM,... >= 7 years,2,female,co-applicant,1,"car or other, not in savings account",38,bank,own,1,skilled employee / official,1,none,yes,1,divorced/separated
no checking account,15,existing credits paid back duly till now,education,1184,500 <= ... < 1000 DM,... < 1 year,4,male,none,4,real estate,55,stores,own,2,skilled employee / official,1,"yes, registered under customer's name",yes,1,single
no checking account,41,existing credits paid back duly till now,furniture/equipment,7472,unknown / no savings account,1 <= ... < 4 years,2,male,co-applicant,2,building society savings agreement / life insurance,30,none,own,1,skilled employee / official,2,none,yes,2,single
no checking account,24,existing credits paid back duly till now,others,2634,500 <= ... < 1000 DM,... >= 7 years,4,male,none,4,building society savings agreement / life insurance,19,bank,for free,1,skilled employee / official,1,"yes, registered under customer's name",yes,1,divorced/separated
... < 0 DM,21,no credits taken / all credits paid back duly,radio/television,2257,500 <= ... < 1000 DM,1 <= ... < 4 years,4,female,none,1,real estate,41,none,own,1,skilled employee / official,1,none,yes,1,divorced/separated
no checking account,20,existing credits paid back duly till now,repairs,14024,... >= 1000 DM,... >= 7 years,4,female,co-applicant,4,building society savings agreement / life insurance,24,none,own,1,skilled employee / official,2,none,yes,1,single
... >= 200 DM / salary assignments for at least 1 year,5,no credits taken / all credits paid back duly,repairs,3578,... < 100 DM,1 <= ... < 4 years,4,female,none,2,building society savings agreement / life insurance,58,none,own,1,skilled employee / official,1,none,yes,1,single
no checking account,22,existing credits paid back duly till now,education,5917,500 <= ... < 1000 DM,4 <= ... < 7 years,4,male,none,3,real estate,24,bank,rent,2,skilled employee / official,1,none,yes,2,divorced/separated
0 <= ... < 200 DM,9,existing credits paid back duly till now,furniture/equipment,1682,... < 100 DM,... >= 7 years,4,male,none,2,"car or other, not in savings account",19,none,own,1,skilled employee / official,1,none,yes,1,single
no checking account,22,existing credits paid back duly till now,education,10191,... < 100 DM,... >= 7 years,4,male,none,1,"car or other, not in savings account",22,none,own,1,skilled employee / official,1,none,yes,2,single
... < 0 DM,5,critical account / other credits existing (not at this bank),radio/television,12069,unknown / no savings account,... >= 7 years,4,male,none,2,"car or other, not in savings account",35,none,own,1,skilled employee / official,1,none,yes,1,single
0 <= ... < 200 DM,19,delay in paying off in the past,radio/television,2745,... < 100 DM,... < 1 year,4,female,none,2,real estate,28,none,rent,1,management / self-employed / highly qualified employee / officer,1,none,yes,1,divorced/separated
no checking account,26,all credits at this bank paid back duly,radio/television,2390,... < 100 DM,unemployed,4,female,none,4,unknown / no property,28,bank,own,1,unskilled - resident,1,none,yes,2,divorced/separated
no checking account,19,no credits taken / all credits paid back duly,car (new),250,... < 100 DM,1 <= ... < 4 years,4,male,none,1,real estate,24,none,own,1,management / self-employed / highly qualified employee / officer,2,"yes, registered under customer's name",yes,1,single
... < 0 DM,20,critical account / other credits existing (not at this bank),furniture/equipment,250,... < 100 DM,1 <= ... < 4 years,3,male,none,2,"car or other, not in savings account",31,none,rent,1,skilled employee / official,1,none,yes,1,single
no checking account,33,existing credits paid back duly till now,car (used),2879,100 <= ... < 500 DM,4 <= ... < 7 years,4,male,co-applicant,2,building society savings agreement / life insurance,28,stores,own,1,skilled employee / official,1,none,no,2,divorced/separated
no checking account,20,existing credits paid back duly till now,radio/television,3582,... < 100 DM,4 <= ... < 7 years,4,male,guarantor,4,"car or other, not in savings account",27,none,own,1,management / self-employed / highly qualified employee / officer,1,"yes, registered under customer's name",yes,1,single
0 <= ... < 200 DM,49,existing credits paid back duly till now,business,1836,unknown / no savings account,1 <= ... < 4 years,2,male,none,4,building society savings agreement / life insurance,25,bank,rent,2,skilled employee / official,1,"yes, registered under customer's name",yes,1,single
... < 0 DM,13,critical account / other credits existing (not at this bank),domestic appliances,11816,... < 100 DM,1 <= ... < 4 years,1,male,none,4,real estate,37,none,rent,1,management / self-employed / highly qualified employee / officer,1,none,yes,2,divorced/separated
no checking account,53,existing credits paid back duly till now,repairs,3830,100 <= ... < 500 DM,4 <= ... < 7 years,4,female,guarantor,1,real estate,37,none,own,2,skilled employee / official,1,none,yes,2,married/widowed
... < 0 DM,13,delay in paying off in the past,others,889,500 <= ... < 1000 DM,... >= 7 years,4,female,guarantor,2,unknown / no property,26,none,for free,1,skilled employee / official,1,"yes, registered under customer's name",yes,1,divorced/separated
... >= 200 DM / salary assignments for at least 1 year,7,existing credits paid back duly till now,retraining,1543,100 <= ... < 500 DM,... >= 7 years,1,male,guarantor,1,"car or other, not in savings account",19,none,own,2,management / self-employed / highly qualified employee / officer,1,none,no,1,single
0 <= ... < 200 DM,19,all credits at this bank paid back duly,car (new),3412,... < 100 DM,unemployed,4,male,none,4,building society savings agreement / life insurance,52,none,rent,1,skilled employee / official,1,none,yes,2,divorced/separated
... < 0 DM,25,no credits taken / all credits paid back duly,radio/television,893,... >= 1000 DM,... >= 7 years,3,male,co-applicant,2,real estate,42,none,own,1,skilled employee / official,1,none,no,1,single
0 <= ... < 200 DM,35,no credits taken / all credits paid back duly,car (new),1842,... < 100 DM,... < 1 year,4,male,none,3,"car or other, not in savings account",23,none,rent,2,management / self-employed / highly qualified employee / officer,1,"yes, registered under customer's name",yes,2,single
0 <= ... < 200 DM,48,delay in paying off in the past,others,1644,... < 100 DM,1 <= ... < 4 years,2,male,none,3,real estate,31,none,own,2,skilled employee / official,1,none,yes,2,divorced/separated
0 <= ... < 200 DM,21,existing credits paid back duly till now,furniture/equipment,4666,... < 100 DM,... < 1 year,2,male,none,3,"car or other, not in savings account",46,none,own,2,skilled employee / official,1,"yes, registered under customer's name",yes,1,single
... < 0 DM,13,existing credits paid back duly till now,furniture/equipment,9375,unknown / no savings account,1 <= ... < 4 years,4,male,none,3,building society savings agreement / life insurance,39,none,own,2,skilled employee / official,1,none,yes,1,single
... < 0 DM,8,no credits taken / all credits paid back duly,furniture/equipment,3659,100 <= ... < 500 DM,4 <= ... < 7 years,4,male,none,2,unknown / no property,49,none,own,2,skilled employee / official,1,none,yes,1,divorced/separated
... < 0 DM,21,existing credits paid back duly till now,car (new),598,500 <= ... < 1000 DM,4 <= ... < 7 years,4,male,none,4,real estate,27,none,own,1,skilled employee / official,1,none,yes,1,single
no checking account,24,critical account / other credits existing (not at this bank),radio/television,506,... < 100 DM,1 <= ... < 4 years,4,male,guarantor,2,"car or other, not in savings account",31,stores,own,2,management / self-employed / highly qualified employee / officer,1,none,yes,1,single
0 <= ... < 200 DM,40,existing credits paid back duly till now,furniture/equipment,5087,unknown / no savings account,... < 1 year,4,male,none,4,"car or other, not in savings account",19,none,own,1,skilled employee / official,1,"yes, registered under customer's name",yes,2,single
no checking account,21,critical account / other credits existing (not at this bank),repairs,2156,... >= 1000 DM,4 <= ... < 7 years,4,male,none,4,building society savings agreement / life insurance,31,none,rent,2,skilled employee / official,1,none,yes,1,divorced/separated
0 <= ... < 200 DM,36,existing credits paid back duly till now,car (new),1471,... < 100 DM,... >= 7 years,4,female,guarantor,4,real estate,19,none,rent,1,skilled employee / official,1,none,yes,1,single
no checking account,4,existing credits paid back duly till now,furniture/equipment,4064,500 <= ... < 1000 DM,4 <= ... < 7 years,4,male,none,2,building society savings agreement / life insurance,30,none,own,1,skilled employee / official,1,none,yes,2,single
0 <= ... < 200 DM,17,existing credits paid back duly till now,business,5816,unknown / no savings account,... < 1 year,1,male,none,2,"car or other, not in savings account",46,none,own,1,skilled employee / official,1,"yes, registered under customer's name",no,1,single
0 <= ... < 200 DM,16,existing credits paid back duly till now,retraining,1412,... < 100 DM,... >= 7 years,1,male,guarantor,4,"car or other, not in savings account",33,none,own,2,skilled employee / official,1,none,yes,1,single
... < 0 DM,40,existing credits paid back duly till now,education,2300,... < 100 DM,unemployed,2,male,none,2,real estate,45,none,own,3,unskilled - resident,1,none,yes,1,single
0 <= ... < 200 DM,6,existing credits paid back duly till now,car (new),1500,... < 100 DM,1 <= ... < 4 years,4,male,co-applicant,4,"car or other, not in savings account",19,none,own,1,skilled employee / official,1,none,yes,1,single
no checking account,16,delay in paying off in the past,car (used),1727,100 <= ... < 500 DM,1 <= ... < 4 years,4,male,none,2,"car or other, not in savings account",28,bank,own,1,skilled employee / official,1,"yes, registered under customer's name",yes,2,single
0 <= ... < 200 DM,19,delay in paying off in the past,radio/television,1550,... < 100 DM,... >= 7 years,4,female,none,2,"car or other, not in savings account",72,none,rent,1,skilled employee / official,1,"yes, registered under customer's name",yes,1,divorced/separated
0 <= ... < 200 DM,25,critical account / other credits existing (not at this bank),car (used),1627,... < 100 DM,... < 1 year,4,female,guarantor,2,"car or other, not in savings account",21,stores,own,1,management / self-employed / highly qualified employee / officer,1,"yes, registered under customer's name",yes,2,single
no checking account,11,all credits at this bank paid back duly,education,2142,unknown / no savings account,... < 1 year,4,male,none,2,"car or other, not in savings account",27,bank,own,1,management / self-employed / highly qualified employee / officer,1,"yes, registered under customer's name",no,1,single
no checking account,8,existing credits paid back duly till now,furniture/equipment,581,... < 100 DM,... >= 7 years,2,male,none,2,"car or other, not in savings account",19,none,for free,1,unemployed / unskilled - non-resident,2,none,yes,1,divorced/separated
no checking account,21,existing credits paid back duly till now,radio/television,821,... < 100 DM,... < 1 year,2,male,none,3,real estate,26,none,rent,1,unemployed / unskilled - non-resident,1,"yes, registered under customer's name",yes,1,married/widowed
0 <= ... < 200 DM,18,delay in paying off in the past,radio/television,9440,... >= 1000 DM,... >= 7 years,4,male,none,4,"car or other, not in savings account",47,bank,own,1,skilled employee / official,1,none,no,1,divorced/separated
... < 0 DM,10,existing credits paid back duly till now,repairs,2305,... >= 1000 DM,1 <= ... < 4 years,4,male,none,1,unknown / no property,37,bank,for free,1,skilled employee / official,1,none,yes,1,single
... < 0 DM,19,existing credits paid back duly till now,retraining,929,100 <= ... < 500 DM,... >= 7 years,3,male,none,4,real estate,21,stores,own,1,skilled employee / official,1,none,yes,1,single
... >= 200 DM / salary assignments for at least 1 year,15,existing credits paid back duly till now,car (used),1765,... >= 1000 DM,... < 1 year,4,male,none,2,real estate,21,none,own,1,unemployed / unskilled - non-resident,1,"yes, registered under customer's name",yes,2,divorced/separated
0 <= ... < 200 DM,26,existing credits paid back duly till now,business,595,100 <= ... < 500 DM,... >= 7 years,4,male,none,1,real estate,23,bank,own,1,unskilled - resident,1,none,yes,2,married/widowed
no checking account,4,critical account / other credits existing (not at this bank),car (used),8077,... < 100 DM,1 <= ... < 4 years,4,male,none,4,"car or other, not in savings account",35,none,own,1,skilled employee / official,1,none,yes,2,divorced/separated
no checking account,10,existing credits paid back duly till now,car (new),10155,... < 100 DM,1 <= ... < 4 years,4,male,none,3,real estate,32,stores,own,2,skilled employee / official,1,"yes, registered under customer's name",no,2,divorced/separated
... < 0 DM,7,existing credits paid back duly till now,business,3139,... < 100 DM,... >= 7 years,4,male,none,2,building society savings agreement / life insurance,33,none,own,1,unskilled - resident,1,none,yes,1,single
0 <= ... < 200 DM,40,no credits taken / all credits paid back duly,car (new),442,... < 100 DM,1 <= ... < 4 years,1,male,none,2,building society savings agreement / life insurance,38,none,rent,3,unemployed / unskilled - non-resident,1,none,yes,1,single
... < 0 DM,12,critical account / other credits existing (not at this bank),radio/television,2234,100 <= ... < 500 DM,1 <= ... < 4 years,4,male,none,3,unknown / no property,30,stores,own,2,skilled employee / official,1,none,no,1,single
no checking account,26,critical account / other credits existing (not at this bank),radio/television,9363,100 <= ... < 500 DM,unemployed,4,female,co-applicant,4,"car or other, not in savings account",29,none,own,1,skilled employee / official,1,none,yes,1,single
0 <= ... < 200 DM,21,existing credits paid back duly till now,business,2341,... < 100 DM,... < 1 year,4,male,none,2,unknown / no property,30,bank,own,1,unemployed / unskilled - non-resident,1,"yes, registered under customer's name",yes,1,divorced/separated
... < 0 DM,20,critical account / other credits existing (not at this bank),car (new),3315,500 <= ... < 1000 DM,1 <= ... < 4 years,4,male,none,4,real estate,43,none,own,1,skilled employee / official,1,none,yes,2,divorced/separated
0 <= ... < 200 DM,8,existing credits paid back duly till now,furniture/equipment,1098,... < 100 DM,1 <= ... < 4 years,2,male,co-applicant,4,unknown / no property,26,none,own,2,skilled employee / official,2,"yes, registered under customer's name",yes,1,married/widowed
no checking account,11,critical account / other credits existing (not at this bank),furniture/equipment,4431,unknown / no savings account,... < 1 year,4,male,none,1,real estate,37,none,own,1,unskilled - resident,1,none,yes,2,married/widowed
0 <= ... < 200 DM,10,no credits taken / all credits paid back duly,domestic appliances,2259,... < 100 DM,... >= 7 years,3,female,co-applicant,4,"car or other, not in savings account",59,none,own,1,skilled employee / official,1,none,no,2,divorced/separated
0 <= ... < 200 DM,15,all credits at this bank paid back duly,car (used),2721,500 <= ... < 1000 DM,... >= 7 years,4,male,none,4,"car or other, not in savings account",30,none,for free,4,unskilled - resident,1,none,no,1,single
... >= 200 DM / salary assignments for at least 1 year,4,existing credits paid back duly till now,retraining,3135,... < 100 DM,... < 1 year,4,female,none,4,unknown / no property,31,bank,own,1,skilled employee / official,1,"yes, registered under customer's name",yes,1,single
no checking account,22,delay in paying off in the past,car (used),2234,unknown / no savings account,... >= 7 years,4,male,none,2,"car or other, not in savings account",32,none,own,1,skilled employee / official,1,none,yes,1,single
no checking account,18,critical account / other credits existing (not at this bank),car (new),3031,100 <= ... < 500 DM,1 <= ... < 4 years,4,male,none,4,real estate,32,none,own,2,unskilled - resident,1,none,yes,1,single
no checking account,17,existing credits paid back duly till now,car (new),884,100 <= ... < 500 DM,... >= 7 years,4,male,none,1,unknown / no property,29,none,rent,1,unemployed / unskilled - non-resident,2,"yes, registered under customer's name",yes,1,single
... < 0 DM,24,delay in paying off in the past,radio/television,3330,... < 100 DM,... >= 7 years,1,male,none,2,real estate,27,bank,rent,1,unemployed / unskilled - non-resident,1,none,yes,1,divorced/separated
... < 0 DM,23,existing credits paid back duly till now,furniture/equipment,1757,... < 100 DM,... < 1 year,1,male,none,4,"car or other, not in savings account",22,stores,own,3,skilled employee / official,1,none,yes,1,divorced/separated
no checking account,44,existing credits paid back duly till now,domestic appliances,2333,... >= 1000 DM,... >= 7 years,4,male,none,2,building society savings agreement / life insurance,19,none,own,1,unskilled - resident,1,none,yes,1,divorced/separated
0 <= ... < 200 DM,10,existing credits paid back duly till now,radio/television,1923,... < 100 DM,1 <= ... < 4 years,2,female,none,4,"car or other, not in savings account",19,none,own,2,skilled employee / official,1,none,yes,2,single
0 <= ... < 200 DM,11,existing credits paid back duly till now,car (new),2482,100 <= ... < 500 DM,4 <= ... < 7 years,1,female,none,2,real estate,27,stores,own,1,skilled employee / official,2,none,yes,2,single
0 <= ... < 200 DM,11,critical account / other credits existing (not at this bank),car (new),1270,... >= 1000 DM,4 <= ... < 7 years,4,female,co-applicant,4,real estate,32,none,own,2,unskilled - resident,1,"yes, registered under customer's name",yes,1,single
no checking account,9,existing credits paid back duly till now,car (used),5387,... < 100 DM,1 <= ... < 4 years,3,male,none,2,building society savings agreement / life insurance,24,bank,own,4,skilled employee / official,1,none,no,1,divorced/separated
no checking account,24,critical account / other credits existing (not at this bank),car (used),1181,100 <= ... < 500 DM,... >= 7 years,4,male,co-applicant,4,"car or other, not in savings account",42,none,for free,1,skilled employee / official,1,"yes, registered under customer's name",no,2,single
... >= 200 DM / salary assignments for at least 1 year,12,existing credits paid back duly till now,radio/television,2889,... < 100 DM,1 <= ... < 4 years,3,female,none,4,building society savings agreement / life insurance,31,none,rent,1,skilled employee / official,1,none,yes,1,divorced/separated
no checking account,23,existing credits paid back duly till now,radio/television,6055,unknown / no savings account,1 <= ... < 4 years,1,male,co-applicant,4,"car or other, not in savings account",43,none,own,2,skilled employee / official,2,"yes, registered under customer's name",yes,2,single
... < 0 DM,26,all credits at this bank paid back duly,radio/television,476,... < 100 DM,1 <= ... < 4 years,2,male,none,4,"car or other, not in savings account",19,none,own,1,skilled employee / official,1,"yes, registered under customer's name",yes,1,single
... < 0 DM,20,existing credits paid back duly till now,car (new),2183,100 <= ... < 500 DM,1 <= ... < 4 years,4,male,none,4,"car or other, not in savings account",41,none,own,1,management / self-employed / highly qualified employee / officer,1,none,yes,1,single
no checking account,20,existing credits paid back duly till now,furniture/equipment,5697,... < 100 DM,... < 1 year,3,male,none,4,"car or other, not in savings account",25,bank,own,2,skilled employee / official,1,none,yes,2,single
no checking account,57,no credits taken / all credits paid back duly,radio/television,3746,... < 100 DM,... < 1 year,2,female,none,3,"car or other, not in savings account",24,none,own,2,unskilled - resident,1,"yes, registered under customer's name",yes,1,single
0 <= ... < 200 DM,23,existing credits paid back duly till now,furniture/equipment,1254,... < 100 DM,1 <= ... < 4 years,1,male,none,2,building society savings agreement / life insurance,48,bank,own,1,management / self-employed / highly qualified employee / officer,1,none,yes,1,single
no checking account,23,existing credits paid back duly till now,radio/television,3656,100 <= ... < 500 DM,... >= 7 years,3,male,none,4,building society savings agreement / life insurance,33,none,own,1,skilled employee / official,1,"yes, registered under customer's name",yes,2,single
0 <= ... < 200 DM,8,existing credits paid back duly till now,car (new),2127,... < 100 DM,1 <= ... < 4 years,3,female,none,4,"car or other, not in savings account",40,none,own,1,skilled employee / official,1,none,yes,1,divorced/separated
no checking account,19,all credits at this bank paid back duly,business,1086,... < 100 DM,4 <= ... < 7 years,1,male,none,2,unknown / no property,28,none,own,2,management / self-employed / highly qualified employee / officer,1,none,yes,2,divorced/separated
... >= 200 DM / salary assignments for at least 1 year,11,no credits taken / all credits paid back duly,furniture/equipment,2031,... < 100 DM,... < 1 year,4,male,none,3,building society savings agreement / life insurance,30,none,own,1,skilled employee / official,1,none,yes,1,divorced/separated
0 <= ... < 200 DM,26,existing credits paid back duly till now,business,3231,... < 100 DM,... >= 7 years,4,female,none,1,"car or other, not in savings account",25,none,own,2,skilled employee / official,1,"yes, registered under customer's name",yes,2,divorced/separated
... >= 200 DM / salary assignments for at least 1 year,17,delay in paying off in the past,radio/television,2582,... < 100 DM,unemployed,2,male,co-applicant,4,"car or other, not in savings account",23,none,own,2,skilled employee / official,2,none,yes,1,single
0 <= ... < 200 DM,6,existing credits paid back duly till now,others,1147,... < 100 DM,... >= 7 years,2,male,none,2,real estate,21,none,own,1,skilled employee / official,1,"yes, registered under customer's name",yes,1,single
no checking account,17,existing credits paid back duly till now,car (new),3290,... < 100 DM,1 <= ... < 4 years,4,male,none,2,"car or other, not in savings account",41,bank,own,1,skilled employee / official,1,"yes, registered under customer's name",no,1,divorced/separated
0 <= ... < 200 DM,9,existing credits paid back duly till now,others,2507,... < 100 DM,1 <= ... < 4 years,4,male,none,4,"car or other, not in savings account",35,bank,own,3,management / self-employed / highly qualified employee / officer,1,"yes, registered under customer's name",yes,1,single
0 <= ... < 200 DM,18,critical account / other credits existing (not at this bank),radio/television,1998,... < 100 DM,... >= 7 years,2,male,none,4,"car or other, not in savings account",51,stores,rent,1,skilled employee / official,2,"yes, registered under customer's name",yes,2,single
no checking account,25,all credits at this bank paid back duly,car (used),3452,... < 100 DM,1 <= ... < 4 years,1,male,none,2,real estate,33,none,own,1,management / self-employed / highly qualified employee / officer,1,none,yes,1,divorced/separated
no checking account,10,all credits at this bank paid back duly,radio/television,1060,... < 100 DM,1 <= ... < 4 years,4,male,co-applicant,4,building society savings agreement / life insurance,37,none,own,1,skilled employee / official,1,"yes, registered under customer's name",yes,2,single
no checking account,24,existing credits paid back duly till now,business,1881,100 <= ... < 500 DM,4 <= ... < 7 years,4,male,none,4,real estate,43,none,own,1,unskilled - resident,1,none,yes,2,married/widowed
... < 0 DM,19,existing credits paid back duly till now,radio/television,1070,... < 100 DM,1 <= ... < 4 years,4,male,none,4,"car or other, not in savings account",54,none,own,2,unskilled - resident,1,"yes, registered under customer's name",yes,1,single
no checking account,26,existing credits paid back duly till now,radio/television,3219,... < 100 DM,1 <= ... < 4 years,4,male,none,4,real estate,43,stores,own,1,skilled employee / official,1,"yes, registered under customer's name",yes,2,divorced/separated
no checking account,12,existing credits paid back duly till now,radio/television,1564,unknown / no savings account,1 <= ... < 4 years,3,male,none,4,"car or other, not in savings account",26,none,own,1,skilled employee / official,1,"yes, registered under customer's name",no,1,single
no checking account,25,critical account / other credits existing (not at this bank),car (new),1702,unknown / no savings account,1 <= ... < 4 years,1,male,co-applicant,1,real estate,20,none,rent,1,unemployed / unskilled - non-resident,1,"yes, registered under customer's name",yes,1,single
... < 0 DM,23,existing credits paid back duly till now,radio/television,2345,... < 100 DM,1 <= ... < 4 years,4,female,none,4,"car or other, not in savings account",22,none,own,3,unemployed / unskilled - non-resident,1,"yes, registered under customer's name",yes,1,divorced/separated
no checking account,29,existing credits paid back duly till now,car (new),1243,500 <= ... < 1000 DM,... >= 7 years,2,male,none,2,"car or other, not in savings account",32,stores,own,2,skilled employee / official,1,none,yes,2,single
0 <= ... < 200 DM,28,existing credits paid back duly till now,education,2326,unknown / no savings account,1 <= ... < 4 years,4,male,none,4,real estate,47,none,own,2,skilled employee / official,1,none,yes,1,married/widowed
