checking_account_status,duration_months,credit_history,purpose,credit_amount,savings_account,employment_duration,installment_rate,sex,other_debtors,residence_duration,property,age,other_installment_plans,housing,existing_credits,job,num_dependents,telephone,foreign_worker,target,relationship status
0 <= ... < 200 DM,4,delay in paying off in the past,business,319,... < 100 DM,1 <= ... < 4 years,4,female,none,2,real estate,50,none,for free,1,management / self-employed / highly qualified employee / officer,1,none,yes,1,single
no checking account,29,existing credits paid back duly till now,furniture/equipment,3739,unknown / no savings account,1 <= ... < 4 years,4,male,none,2,building society savings agreement / life insurance,47,none,own,2,unskilled - resident,1,none,yes,1,single
no checking account,30,no credits taken / all credits paid back duly,radio/television,250,500 <= ... < 1000 DM,... >= 7 years,3,male,none,4,real estate,67,none,own,2,skilled employee / official,1,"yes, registered under customer's name",yes,1,divorced/separated
... < 0 DM,4,existing credits paid back duly till now,radio/television,250,unknown / no savings account,4 <= ... < 7 years,4,male,none,4,building society savings agreement / life insurance,63,none,own,1,unskilled - resident,1,"yes, registered under customer's name",yes,1,divorced/separated
... < 0 DM,14,critical account / other credits existing (not at this bank),radio/television,250,100 <= ... < 500 DM,... < 1 year,4,female,guarantor,4,"car or other, not in savings account",67,none,own,1,unemployed / unskilled - non-resident,2,none,yes,2,divorced/separated
... >= 200 DM / salary assignments for at least 1 year,4,existing credits paid back duly till now,furniture/equipment,250,... < 100 DM,... < 1 year,1,male,none,3,building society savings agreement / life insurance,75,bank,own,1,management / self-employed / highly qualified employee / officer,1,none,yes,2,divorced/separated
... >= 200 DM / salary assignments for at least 1 year,19,no credits taken / all credits paid back duly,business,6097,... < 100 DM,... >= 7 years,3,male,co-applicant,1,real estate,70,none,rent,2,skilled employee / official,2,"yes, registered under customer's name",yes,1,divorced/separated
... < 0 DM,53,critical account / other credits existing (not at this bank),radio/television,250,... < 100 DM,4 <= ... < 7 years,4,male,none,2,building society savings agreement / life insurance,42,none,own,1,skilled employee / official,1,"yes, registered under customer's name",yes,2,single
no checking account,25,existing credits paid back duly till now,furniture/equipment,250,... < 100 DM,4 <= ... < 7 years,4,male,none,4,"car or other, not in savings account",19,none,own,1,management / self-employed / highly qualified employee / officer,1,none,yes,1,married/widowed
no checking account,4,critical account / other credits existing (not at this bank),radio/television,5519,unknown / no savings account,... < 1 year,4,male,none,4,building society savings agreement / life insurance,39,bank,own,1,skilled employee / official,1,"yes, registered under customer's name",yes,1,divorced/separated
... >= 200 DM / salary assignments for at least 1 year,20,existing credits paid back duly till now,radio/television,250,100 <= ... < 500 DM,unemployed,4,male,none,2,real estate,46,none,own,2,skilled employee / official,1,none,yes,1,divorced/separated
... < 0 DM,27,delay in paying off in the past,business,250,100 <= ... < 500 DM,... >= 7 years,4,male,none,2,unknown / no property,66,none,rent,2,management / self-employed / highly qualified employee / officer,2,"yes, registered under customer's name",yes,1,married/widowed
no checking account,19,existing credits paid back duly till now,education,3546,... >= 1000 DM,1 <= ... < 4 years,4,male,co-applicant,2,building society savings agreement / life insurance,25,none,rent,1,unskilled - resident,1,"yes, registered under customer's name",yes,1,single
no checking account,4,all credits at this bank paid back duly,business,250,... < 100 DM,1 <= ... < 4 years,4,male,none,2,real estate,29,none,own,1,skilled employee / official,1,"yes, registered under customer's name",no,2,married/widowed
0 <= ... < 200 DM,4,delay in paying off in the past,radio/television,250,unknown / no savings account,unemployed,2,male,none,3,unknown / no property,19,bank,for free,2,skilled employee / official,1,none,yes,1,single
... < 0 DM,19,existing credits paid back duly till now,radio/television,250,unknown / no savings account,... >= 7 years,2,female,none,2,"car or other, not in savings account",19,none,own,2,unskilled - resident,1,"yes, registered under customer's name",yes,2,divorced/separated
no checking account,4,critical account / other credits existing (not at this bank),radio/television,3778,... < 100 DM,... >= 7 years,1,female,none,2,real estate,19,none,own,1,skilled employee / official,1,"yes, registered under customer's name",yes,1,single
... >= 200 DM / salary assignments for at least 1 year,4,existing credits paid back duly till now,radio/television,2943,100 <= ... < 500 DM,... >= 7 years,4,male,none,4,"car or other, not in savings account",38,none,own,1,skilled employee / official,1,none,yes,1,single
... < 0 DM,30,all credits at this bank paid back duly,business,250,500 <= ... < 1000 DM,1 <= ... < 4 years,2,female,none,4,unknown / no property,75,none,rent,2,management / self-employed / highly qualified employee / officer,1,none,yes,1,single
0 <= ... < 200 DM,4,all credits at this bank paid back duly,radio/television,250,unknown / no savings account,... < 1 year,4,male,guarantor,4,real estate,19,none,own,2,management / self-employed / highly qualified employee / officer,2,"yes, registered under customer's name",yes,2,single
no checking account,4,existing credits paid back duly till now,radio/television,250,... >= 1000 DM,unemployed,4,male,co-applicant,4,unknown / no property,75,none,own,1,skilled employee / official,1,none,yes,1,single
no checking account,25,all credits at this bank paid back duly,furniture/equipment,6074,unknown / no savings account,unemployed,2,male,none,3,unknown / no property,37,none,own,1,unskilled - resident,1,"yes, registered under customer's name",yes,2,divorced/separated
0 <= ... < 200 DM,30,existing credits paid back duly till now,furniture/equipment,3086,100 <= ... < 500 DM,1 <= ... < 4 years,4,male,none,4,building society savings agreement / life insurance,27,none,own,1,unskilled - resident,1,none,yes,1,single
no checking account,17,critical account / other credits existing (not at this bank),car (new),2980,... < 100 DM,1 <= ... < 4 years,4,male,none,1,building society savings agreement / life insurance,39,none,own,1,skilled employee / official,1,none,yes,1,single
... < 0 DM,30,existing credits paid back duly till now,radio/television,250,500 <= ... < 1000 DM,... >= 7 years,4,male,none,4,real estate,19,none,own,1,skilled employee / official,1,"yes, registered under customer's name",yes,1,single
no checking account,52,existing credits paid back duly till now,radio/television,250,... < 100 DM,1 <= ... < 4 years,2,female,none,2,"car or other, not in savings account",67,none,rent,1,management / self-employed / highly qualified employee / officer,1,"yes, registered under customer's name",yes,2,single
0 <= ... < 200 DM,33,existing credits paid back duly till now,radio/television,250,... < 100 DM,... < 1 year,4,male,none,1,real estate,19,bank,own,1,skilled employee / official,1,none,yes,1,divorced/separated
... < 0 DM,4,existing credits paid back duly till now,radio/television,250,unknown / no savings account,... >= 7 years,3,male,none,2,building society savings agreement / life insurance,19,none,own,2,unskilled - resident,1,none,yes,2,single
no checking account,20,all credits at this bank paid back duly,radio/television,3170,... < 100 DM,unemployed,2,male,none,3,real estate,19,none,for free,2,skilled employee / official,2,"yes, registered under customer's name",yes,2,divorced/separated
... < 0 DM,5,critical account / other credits existing (not at this bank),radio/television,250,unknown / no savings account,... >= 7 years,4,female,none,2,"car or other, not in savings account",75,none,own,1,management / self-employed / highly qualified employee / officer,1,none,no,1,divorced/separated
no checking account,4,delay in paying off in the past,business,13639,... >= 1000 DM,... >= 7 years,1,male,co-applicant,2,building society savings agreement / life insurance,39,none,own,1,skilled employee / official,1,none,yes,1,single
no checking account,14,existing credits paid back duly till now,radio/television,3778,... < 100 DM,... >= 7 years,3,female,co-applicant,4,real estate,19,none,rent,1,skilled employee / official,1,none,yes,1,married/widowed
no checking account,30,existing credits paid back duly till now,others,250,... < 100 DM,1 <= ... < 4 years,2,male,none,2,building society savings agreement / life insurance,36,none,own,1,unskilled - resident,1,none,yes,1,divorced/separated
... < 0 DM,29,existing credits paid back duly till now,furniture/equipment,250,500 <= ... < 1000 DM,... >= 7 years,4,male,guarantor,3,"car or other, not in savings account",30,none,rent,1,unskilled - resident,2,none,yes,1,single
no checking account,8,existing credits paid back duly till now,car (new),6066,unknown / no savings account,... < 1 year,4,male,none,4,building society savings agreement / life insurance,19,none,own,1,skilled employee / official,1,none,yes,2,single
... < 0 DM,13,existing credits paid back duly till now,furniture/equipment,3512,100 <= ... < 500 DM,... < 1 year,2,male,none,2,unknown / no property,75,none,own,1,skilled employee / official,1,"yes, registered under customer's name",yes,1,divorced/separated
... < 0 DM,4,critical account / other credits existing (not at this bank),furniture/equipment,250,unknown / no savings account,4 <= ... < 7 years,2,male,none,4,"car or other, not in savings account",38,none,own,2,skilled employee / official,1,"yes, registered under customer's name",yes,1,divorced/separated
no checking account,4,all credits at this bank paid back duly,radio/television,3730,... < 100 DM,unemployed,4,male,none,2,real estate,75,none,own,1,skilled employee / official,1,none,yes,1,divorced/separated
... < 0 DM,4,all credits at this bank paid back duly,radio/television,3765,unknown / no savings account,... >= 7 years,2,female,none,4,building society savings agreement / life insurance,41,none,own,1,skilled employee / official,1,"yes, registered under customer's name",yes,1,single
no checking account,30,delay in paying off in the past,furniture/equipment,2983,... < 100 DM,... >= 7 years,1,male,none,2,"car or other, not in savings account",75,none,own,1,skilled employee / official,2,none,no,2,single
no checking account,26,existing credits paid back duly till now,car (new),3266,... < 100 DM,4 <= ... < 7 years,4,male,none,4,real estate,19,none,rent,1,skilled employee / official,1,"yes, registered under customer's name",yes,1,single
... < 0 DM,29,existing credits paid back duly till now,business,250,... < 100 DM,4 <= ... < 7 years,4,male,co-applicant,4,unknown / no property,19,none,own,1,skilled employee / official,1,"yes, registered under customer's name",yes,1,divorced/separated
... >= 200 DM / salary assignments for at least 1 year,29,delay in paying off in the past,radio/television,250,... < 100 DM,1 <= ... < 4 years,2,male,none,2,"car or other, not in savings account",19,none,own,2,unskilled - resident,1,"yes, registered under customer's name",yes,1,divorced/separated
no checking account,10,existing credits paid back duly till now,radio/television,3778,unknown / no savings account,unemployed,4,male,none,2,unknown / no property,40,none,rent,1,skilled employee / official,2,"yes, registered under customer's name",yes,1,married/widowed
no checking account,26,all credits at this bank paid back duly,education,250,... >= 1000 DM,unemployed,2,male,none,4,real estate,31,bank,own,1,skilled employee / official,1,"yes, registered under customer's name",yes,1,single
no checking account,30,existing credits paid back duly till now,domestic appliances,250,... < 100 DM,... < 1 year,4,male,none,4,real estate,39,none,own,1,skilled employee / official,1,none,yes,2,single
no checking account,29,critical account / other credits existing (not at this bank),radio/television,250,... >= 1000 DM,unemployed,2,male,none,2,real estate,57,none,own,2,unskilled - resident,1,"yes, registered under customer's name",yes,1,divorced/separated
no checking account,4,existing credits paid back duly till now,radio/television,6860,... < 100 DM,... >= 7 years,4,male,none,4,"car or other, not in savings account",24,none,rent,1,skilled employee / official,1,"yes, registered under customer's name",no,1,single
... < 0 DM,29,existing credits paid back duly till now,business,3375,500 <= ... < 1000 DM,4 <= ... < 7 years,4,female,none,4,real estate,39,stores,rent,1,management / self-employed / highly qualified employee / officer,1,"yes, registered under customer's name",yes,1,single
... < 0 DM,26,existing credits paid back duly till now,car (new),6856,500 <= ... < 1000 DM,4 <= ... < 7 years,4,male,none,3,building society savings agreement / life insurance,27,none,own,2,unskilled - resident,1,"yes, registered under customer's name",yes,1,married/widowed
... < 0 DM,27,existing credits paid back duly till now,radio/television,2846,500 <= ... < 1000 DM,... < 1 year,4,male,none,2,real estate,19,none,own,1,management / self-employed / highly qualified employee / officer,1,"yes, registered under customer's name",yes,2,married/widowed
... < 0 DM,13,all credits at this bank paid back duly,radio/television,3582,... < 100 DM,unemployed,1,male,guarantor,2,unknown / no property,37,none,for free,2,unskilled - resident,1,"yes, registered under customer's name",yes,2,divorced/separated
no checking account,28,existing credits paid back duly till now,furniture/equipment,250,... < 100 DM,unemployed,4,male,co-applicant,1,building society savings agreement / life insurance,40,none,own,2,unskilled - resident,2,none,yes,1,single
no checking account,19,existing credits paid back duly till now,furniture/equipment,4958,... < 100 DM,unemployed,3,male,none,2,real estate,26,none,own,4,skilled employee / official,2,none,yes,1,single
... < 0 DM,30,delay in paying off in the past,car (new),3718,... < 100 DM,... < 1 year,4,male,none,4,"car or other, not in savings account",39,none,own,1,skilled employee / official,1,none,yes,1,single
no checking account,53,existing credits paid back duly till now,radio/television,250,... < 100 DM,1 <= ... < 4 years,4,male,none,2,unknown / no property,19,none,own,1,unskilled - resident,1,none,yes,2,married/widowed
... < 0 DM,4,critical account / other credits existing (not at this bank),radio/television,5501,... < 100 DM,... >= 7 years,4,male,co-applicant,3,building society savings agreement / life insurance,56,none,own,2,unskilled - resident,1,"yes, registered under customer's name",yes,1,single
no checking account,4,existing credits paid back duly till now,furniture/equipment,250,100 <= ... < 500 DM,4 <= ... < 7 years,1,male,none,2,real estate,75,none,rent,1,skilled employee / official,2,"yes, registered under customer's name",yes,1,single
no checking account,29,no credits taken / all credits paid back duly,furniture/equipment,250,... < 100 DM,4 <= ... < 7 years,3,male,none,4,building society savings agreement / life insurance,26,none,own,1,unskilled - resident,1,none,yes,1,divorced/separated
... < 0 DM,30,existing credits paid back duly till now,business,250,... < 100 DM,... < 1 year,4,male,none,2,building society savings agreement / life insurance,19,none,own,1,skilled employee / official,1,none,yes,2,single
0 <= ... < 200 DM,50,delay in paying off in the past,radio/television,6860,... < 100 DM,... < 1 year,4,male,guarantor,2,"car or other, not in savings account",44,none,own,1,unskilled - resident,1,none,yes,1,single
0 <= ... < 200 DM,30,existing credits paid back duly till now,car (new),250,... < 100 DM,4 <= ... < 7 years,4,male,co-applicant,4,"car or other, not in savings account",19,none,own,1,unskilled - resident,1,none,yes,1,divorced/separated
no checking account,4,critical account / other credits existing (not at this bank),car (new),250,... < 100 DM,1 <= ... < 4 years,4,male,none,3,"car or other, not in savings account",20,none,own,1,management / self-employed / highly qualified employee / officer,1,none,yes,1,single
no checking account,4,all credits at this bank paid back duly,radio/television,250,... < 100 DM,... < 1 year,3,male,none,2,building society savings agreement / life insurance,73,none,own,1,skilled employee / official,1,none,yes,1,divorced/separated
... >= 200 DM / salary assignments for at least 1 year,30,existing credits paid back duly till now,car (new),250,100 <= ... < 500 DM,1 <= ... < 4 years,2,male,none,2,real estate,19,bank,for free,1,skilled employee / official,1,none,yes,1,single
... < 0 DM,29,existing credits paid back duly till now,furniture/equipment,250,... < 100 DM,4 <= ... < 7 years,4,male,none,4,unknown / no property,75,bank,own,2,skilled employee / official,1,none,yes,1,divorced/separated
no checking account,4,all credits at this bank paid back duly,business,3627,100 <= ... < 500 DM,... >= 7 years,4,male,co-applicant,2,real estate,19,none,own,1,skilled employee / official,1,none,yes,1,single
... < 0 DM,64,existing credits paid back duly till now,car (new),9735,... < 100 DM,... >= 7 years,2,male,guarantor,2,real estate,19,none,rent,2,skilled employee / official,1,"yes, registered under customer's name",yes,2,divorced/separated
no checking account,5,existing credits paid back duly till now,radio/television,250,unknown / no savings account,1 <= ... < 4 years,4,male,none,2,building society savings agreement / life insurance,39,none,own,1,management / self-employed / highly qualified employee / officer,1,"yes, registered under customer's name",yes,1,single
... < 0 DM,19,all credits at this bank paid back duly,others,2627,... >= 1000 DM,... < 1 year,3,female,guarantor,3,building society savings agreement / life insurance,31,none,own,1,management / self-employed / highly qualified employee / officer,2,none,yes,2,single
0 <= ... < 200 DM,30,existing credits paid back duly till now,furniture/equipment,3518,... < 100 DM,1 <= ... < 4 years,4,female,none,1,building society savings agreement / life insurance,19,none,for free,1,unskilled - resident,1,none,yes,1,single
no checking account,28,existing credits paid back duly till now,radio/television,3225,100 <= ... < 500 DM,4 <= ... < 7 years,3,female,guarantor,1,building society savings agreement / life insurance,19,bank,own,2,unskilled - resident,1,none,yes,1,divorced/separated
no checking account,30,critical account / other credits existing (not at this bank),radio/television,3770,unknown / no savings account,... < 1 year,2,male,none,2,real estate,75,none,own,1,unskilled - resident,1,"yes, registered under customer's name",yes,2,divorced/separated
... < 0 DM,22,existing credits paid back duly till now,business,11603,... >= 1000 DM,1 <= ... < 4 years,3,male,none,2,unknown / no property,68,none,rent,2,skilled employee / official,2,"yes, registered under customer's name",yes,1,single
0 <= ... < 200 DM,17,existing credits paid back duly till now,radio/television,250,... < 100 DM,1 <= ... < 4 years,4,female,none,2,real estate,19,none,own,1,skilled employee / official,1,"yes, registered under customer's name",yes,2,divorced/separated
no checking account,4,no credits taken / all credits paid back duly,car (new),7685,... < 100 DM,1 <= ... < 4 years,4,female,none,4,real estate,19,bank,own,1,skilled employee / official,1,none,yes,1,single
no checking account,4,critical account / other credits existing (not at this bank),car (new),6860,unknown / no savings account,... < 1 year,2,female,none,2,"car or other, not in savings account",20,none,rent,1,management / self-employed / highly qualified employee / officer,1,"yes, registered under customer's name",yes,1,divorced/separated
... < 0 DM,4,no credits taken / all credits paid back duly,car (new),250,... < 100 DM,unemployed,4,female,none,2,building society savings agreement / life insurance,34,none,own,1,management / self-employed / highly qualified employee / officer,1,"yes, registered under customer's name",yes,1,divorced/separated
0 <= ... < 200 DM,19,critical account / other credits existing (not at this bank),education,250,unknown / no savings account,4 <= ... < 7 years,4,male,none,4,building society savings agreement / life insurance,28,none,own,1,unskilled - resident,1,none,yes,2,divorced/separated
no checking account,53,delay in paying off in the past,radio/television,250,... < 100 DM,1 <= ... < 4 years,1,male,co-applicant,4,"car or other, not in savings account",55,none,own,1,skilled employee / official,1,"yes, registered under customer's name",yes,2,divorced/separated
... < 0 DM,53,all credits at this bank paid back duly,radio/television,250,... >= 1000 DM,4 <= ... < 7 years,3,male,none,3,real estate,19,none,own,1,skilled employee / official,1,"yes, registered under customer's name",yes,2,divorced/separated
no checking account,33,existing credits paid back duly till now,repairs,250,... < 100 DM,... < 1 year,4,female,none,2,building society savings agreement / life insurance,19,none,own,1,management / self-employed / highly qualified employee / officer,1,none,yes,1,married/widowed
no checking account,52,critical account / other credits existing (not at this bank),car (new),250,... < 100 DM,1 <= ... < 4 years,1,female,none,4,building society savings agreement / life insurance,64,none,own,2,skilled employee / official,1,none,yes,1,single
0 <= ... < 200 DM,4,existing credits paid back duly till now,furniture/equipment,250,... < 100 DM,... >= 7 years,2,male,co-applicant,3,"car or other, not in savings account",19,stores,own,1,management / self-employed / highly qualified employee / officer,2,"yes, registered under customer's name",yes,2,single
... < 0 DM,30,delay in paying off in the past,furniture/equipment,3766,... < 100 DM,4 <= ... < 7 years,4,male,none,4,unknown / no property,19,bank,own,2,skilled employee / official,1,none,yes,1,single
no checking account,25,no credits taken / all credits paid back duly,business,250,... < 100 DM,... >= 7 years,3,female,none,3,unknown / no property,49,none,own,2,skilled employee / official,1,none,yes,2,divorced/separated
no checking account,20,existing credits paid back duly till now,radio/television,250,... < 100 DM,unemployed,2,male,none,2,building society savings agreement / life insurance,28,none,own,4,management / self-employed / highly qualified employee / officer,1,"yes, registered under customer's name",yes,2,divorced/separated
no checking account,4,no credits taken / all credits paid back duly,car (new),3600,... < 100 DM,... < 1 year,3,male,none,3,building society savings agreement / life insurance,19,bank,own,2,unskilled - resident,1,none,yes,1,divorced/separated
no checking account,4,existing credits paid back duly till now,furniture/equipment,6154,... < 100 DM,... < 1 year,4,female,none,3,building society savings agreement / life insurance,62,none,own,1,skilled employee / official,1,none,yes,1,divorced/separated
... >= 200 DM / salary assignments for at least 1 year,22,existing credits paid back duly till now,business,13625,unknown / no savings account,... < 1 year,2,female,none,3,building society savings agreement / life insurance,19,none,for free,2,unskilled - resident,1,none,yes,1,divorced/separated
0 <= ... < 200 DM,16,existing credits paid back duly till now,radio/television,250,... < 100 DM,... < 1 year,2,male,co-applicant,2,"car or other, not in savings account",19,none,own,1,unskilled - resident,1,none,yes,1,single
... < 0 DM,4,critical account / other credits existing (not at this bank),radio/television,633,100 <= ... < 500 DM,1 <= ... < 4 years,3,female,guarantor,2,unknown / no property,49,bank,for free,1,management / self-employed / highly qualified employee / officer,1,"yes, registered under customer's name",yes,1,divorced/separated
no checking account,4,existing credits paid back duly till now,radio/television,3760,100 <= ... < 500 DM,unemployed,4,male,none,2,building society savings agreement / life insurance,31,none,own,1,skilled employee / official,1,none,yes,1,single
... < 0 DM,4,existing credits paid back duly till now,car (new),250,100 <= ... < 500 DM,unemployed,1,male,none,2,building society savings agreement / life insurance,72,none,own,1,skilled employee / official,1,none,yes,2,married/widowed
no checking account,29,critical account / other credits existing (not at this bank),business,2855,unknown / no savings account,4 <= ... < 7 years,4,male,none,3,real estate,19,none,own,1,unskilled - resident,1,none,yes,1,divorced/separated
... < 0 DM,4,all credits at this bank paid back duly,repairs,6859,unknown / no savings account,4 <= ... < 7 years,3,male,none,2,unknown / no property,67,none,own,2,unskilled - resident,2,"yes, registered under customer's name",yes,2,single
no checking account,4,existing credits paid back duly till now,radio/television,250,... < 100 DM,... < 1 year,4,male,none,2,building society savings agreement / life insurance,38,none,own,1,management / self-employed / highly qualified employee / officer,1,none,yes,1,divorced/separated
no checking account,19,existing credits paid back duly till now,radio/television,4823,unknown / no savings account,... < 1 year,4,male,none,4,building society savings agreement / life insurance,39,none,own,1,skilled employee / official,1,"yes, registered under customer's name",yes,1,married/widowed
... < 0 DM,19,delay in paying off in the past,others,643,unknown / no savings account,1 <= ... < 4 years,2,male,none,4,real estate,39,none,own,1,skilled employee / official,2,none,yes,1,single
... < 0 DM,44,no credits taken / all credits paid back duly,radio/television,250,... < 100 DM,1 <= ... < 4 years,2,female,guarantor,3,"car or other, not in savings account",68,none,own,2,unskilled - resident,1,none,yes,2,married/widowed
no checking account,30,no credits taken / all credits paid back duly,repairs,250,... < 100 DM,1 <= ... < 4 years,3,male,none,1,real estate,27,stores,own,2,skilled employee / official,2,"yes, registered under customer's name",yes,1,divorced/separated
... < 0 DM,33,existing credits paid back duly till now,radio/television,879,... < 100 DM,4 <= ... < 7 years,4,female,none,4,building society savings agreement / life insurance,25,bank,own,1,skilled employee / official,1,none,yes,1,divorced/separated
no checking account,30,existing credits paid back duly till now,car (used),250,... < 100 DM,1 <= ... < 4 years,4,male,none,4,real estate,19,none,own,2,skilled employee / official,1,"yes, registered under customer's name",yes,1,divorced/separated
no checking account,4,existing credits paid back duly till now,car (new),2336,... < 100 DM,unemployed,4,male,none,4,building society savings agreement / life insurance,19,none,own,1,skilled employee / official,1,none,yes,1,single
0 <= ... < 200 DM,61,critical account / other credits existing (not at this bank),radio/television,1529,... < 100 DM,4 <= ... < 7 years,3,male,none,1,unknown / no property,66,bank,own,2,management / self-employed / highly qualified employee / officer,1,none,yes,1,single
no checking account,30,existing credits paid back duly till now,radio/television,250,unknown / no savings account,4 <= ... < 7 years,4,male,none,4,"car or other, not in savings account",38,none,own,1,skilled employee / official,1,none,yes,1,single
... < 0 DM,8,existing credits paid back duly till now,furniture/equipment,1987,... < 100 DM,1 <= ... < 4 years,4,male,none,4,"car or other, not in savings account",19,none,own,1,skilled employee / official,1,"yes, registered under customer's name",yes,1,single
... < 0 DM,29,existing credits paid back duly till now,furniture/equipment,250,100 <= ... < 500 DM,1 <= ... < 4 years,3,male,guarantor,2,real estate,33,bank,own,1,unskilled - resident,1,"yes, registered under customer's name",yes,1,single
0 <= ... < 200 DM,4,existing credits paid back duly till now,radio/television,13551,unknown / no savings account,1 <= ... < 4 years,2,female,none,1,"car or other, not in savings account",75,none,own,2,skilled employee / official,1,"yes, registered under customer's name",yes,1,single
... >= 200 DM / salary assignments for at least 1 year,4,existing credits paid back duly till now,radio/television,250,... < 100 DM,1 <= ... < 4 years,2,male,guarantor,2,real estate,38,none,own,1,skilled employee / official,1,"yes, registered under customer's name",yes,1,divorced/separated
... >= 200 DM / salary assignments for at least 1 year,29,existing credits paid back duly till now,radio/television,3774,... < 100 DM,1 <= ... < 4 years,4,male,none,2,real estate,75,none,for free,1,skilled employee / official,1,"yes, registered under customer's name",yes,2,divorced/separated
no checking account,9,existing credits paid back duly till now,furniture/equipment,250,... < 100 DM,4 <= ... < 7 years,3,male,none,2,"car or other, not in savings account",46,none,rent,2,skilled employee / official,1,none,yes,2,divorced/separated
no checking account,30,existing credits paid back duly till now,car (new),571,500 <= ... < 1000 DM,1 <= ... < 4 years,4,male,guarantor,3,"car or other, not in savings account",50,none,for free,1,skilled employee / official,1,"yes, registered under customer's name",yes,1,single
... < 0 DM,19,existing credits paid back duly till now,car (new),1614,... < 100 DM,... < 1 year,2,male,none,2,real estate,20,none,rent,1,skilled employee / official,2,none,yes,1,single
0 <= ... < 200 DM,43,all credits at this bank paid back duly,car (new),5153,500 <= ... < 1000 DM,... < 1 year,4,male,none,4,building society savings agreement / life insurance,19,none,own,1,unskilled - resident,1,"yes, registered under customer's name",yes,1,single
no checking account,30,existing credits paid back duly till now,education,250,unknown / no savings account,1 <= ... < 4 years,4,male,none,1,real estate,44,none,for free,1,management / self-employed / highly qualified employee / officer,1,"yes, registered under customer's name",yes,2,married/widowed
... < 0 DM,30,no credits taken / all credits paid back duly,radio/television,250,... < 100 DM,... < 1 year,4,male,none,2,unknown / no property,19,none,for free,1,unskilled - resident,1,"yes, registered under customer's name",yes,1,single
0 <= ... < 200 DM,19,existing credits paid back duly till now,car (new),321,100 <= ... < 500 DM,1 <= ... < 4 years,2,male,none,2,unknown / no property,37,none,own,1,skilled employee / official,1,"yes, registered under customer's name",yes,1,married/widowed
... < 0 DM,30,existing credits paid back duly till now,car (new),2458,... < 100 DM,1 <= ... < 4 years,4,male,none,2,"car or other, not in savings account",75,none,own,1,unskilled - resident,1,none,yes,1,single
... >= 200 DM / salary assignments for at least 1 year,4,all credits at this bank paid back duly,radio/television,1227,... < 100 DM,... >= 7 years,4,male,none,4,unknown / no property,51,none,own,1,skilled employee / official,2,none,yes,1,single
no checking account,28,all credits at this bank paid back duly,car (new),11168,... < 100 DM,... < 1 year,3,female,none,4,building society savings agreement / life insurance,69,none,own,1,skilled employee / official,1,none,yes,1,single
... < 0 DM,30,existing credits paid back duly till now,radio/television,3391,... >= 1000 DM,1 <= ... < 4 years,4,male,none,3,"car or other, not in savings account",19,none,own,2,unskilled - resident,1,none,yes,1,divorced/separated
no checking account,29,existing credits paid back duly till now,furniture/equipment,250,500 <= ... < 1000 DM,unemployed,4,female,none,3,building society savings agreement / life insurance,50,none,own,1,skilled employee / official,2,"yes, registered under customer's name",yes,1,divorced/separated
... < 0 DM,4,existing credits paid back duly till now,business,250,500 <= ... < 1000 DM,unemployed,2,male,none,2,real estate,37,none,own,1,skilled employee / official,1,none,yes,1,divorced/separated
... < 0 DM,4,critical account / other credits existing (not at this bank),radio/television,250,100 <= ... < 500 DM,... >= 7 years,3,female,none,2,"car or other, not in savings account",19,none,own,1,skilled employee / official,1,"yes, registered under customer's name",yes,2,divorced/separated
no checking account,29,delay in paying off in the past,car (new),250,... < 100 DM,1 <= ... < 4 years,2,male,co-applicant,2,real estate,50,none,own,4,skilled employee / official,2,none,yes,1,single
... < 0 DM,21,critical account / other credits existing (not at this bank),car (used),250,unknown / no savings account,unemployed,3,female,co-applicant,2,building society savings agreement / life insurance,19,none,own,1,management / self-employed / highly qualified employee / officer,1,none,yes,1,divorced/separated
no checking account,29,existing credits paid back duly till now,furniture/equipment,3663,... < 100 DM,1 <= ... < 4 years,3,female,co-applicant,2,real estate,37,none,own,1,skilled employee / official,1,none,yes,1,single
no checking account,4,critical account / other credits existing (not at this bank),education,250,... < 100 DM,... < 1 year,4,male,none,4,real estate,37,bank,own,1,skilled employee / official,1,none,yes,1,divorced/separated
no checking account,33,existing credits paid back duly till now,car (used),12682,... < 100 DM,... < 1 year,4,male,none,2,building society savings agreement / life insurance,24,none,rent,1,skilled employee / official,1,none,yes,1,single
0 <= ... < 200 DM,4,all credits at this bank paid back duly,furniture/equipment,3725,... < 100 DM,... < 1 year,4,male,none,4,"car or other, not in savings account",38,none,own,1,unskilled - resident,1,none,yes,1,single
0 <= ... < 200 DM,4,critical account / other credits existing (not at this bank),radio/television,250,... < 100 DM,4 <= ... < 7 years,1,male,none,4,real estate,19,stores,own,4,skilled employee / official,1,none,yes,1,divorced/separated
no checking account,29,existing credits paid back duly till now,radio/television,557,100 <= ... < 500 DM,4 <= ... < 7 years,2,female,none,3,"car or other, not in savings account",70,none,own,2,management / self-employed / highly qualified employee / officer,1,"yes, registered under customer's name",yes,1,single
0 <= ... < 200 DM,19,existing credits paid back duly till now,car (new),15945,... < 100 DM,1 <= ... < 4 years,2,female,none,2,real estate,19,bank,for free,1,management / self-employed / highly qualified employee / officer,2,none,yes,1,single
no checking account,4,delay in paying off in the past,radio/television,250,... < 100 DM,... < 1 year,1,male,none,4,"car or other, not in savings account",19,none,own,1,skilled employee / official,1,none,yes,1,single
no checking account,72,critical account / other credits existing (not at this bank),car (new),250,... < 100 DM,unemployed,3,male,none,4,unknown / no property,30,none,own,1,skilled employee / official,1,none,yes,1,divorced/separated
no checking account,30,critical account / other credits existing (not at this bank),radio/television,1837,... < 100 DM,... < 1 year,4,male,none,4,building society savings agreement / life insurance,67,none,for free,1,skilled employee / official,1,"yes, registered under customer's name",yes,2,divorced/separated
... < 0 DM,72,delay in paying off in the past,radio/television,250,... >= 1000 DM,4 <= ... < 7 years,4,male,none,2,unknown / no property,19,none,own,2,unskilled - resident,1,"yes, registered under customer's name",yes,1,single
no checking account,22,critical account / other credits existing (not at this bank),furniture/equipment,3717,... < 100 DM,... < 1 year,4,male,none,2,building society savings agreement / life insurance,39,none,own,1,skilled employee / official,1,"yes, registered under customer's name",yes,1,single
... < 0 DM,53,all credits at this bank paid back duly,business,250,100 <= ... < 500 DM,1 <= ... < 4 years,2,male,none,2,building society savings agreement / life insurance,19,stores,own,1,unskilled - resident,1,"yes, registered under customer's name",no,2,single
0 <= ... < 200 DM,29,no credits taken / all credits paid back duly,radio/television,3747,unknown / no savings account,1 <= ... < 4 years,4,male,none,4,real estate,31,none,rent,1,management / self-employed / highly qualified employee / officer,1,"yes, registered under customer's name",yes,2,single
no checking account,29,existing credits paid back duly till now,radio/television,250,100 <= ... < 500 DM,4 <= ... < 7 years,4,male,none,2,real estate,31,bank,own,2,skilled employee / official,1,"yes, registered under customer's name",yes,1,divorced/separated
no checking account,15,existing credits paid back duly till now,furniture/equipment,250,... < 100 DM,4 <= ... < 7 years,4,male,none,2,real estate,19,none,for free,1,management / self-employed / highly qualified employee / officer,1,none,yes,1,married/widowed
... >= 200 DM / salary assignments for at least 1 year,4,existing credits paid back duly till now,radio/television,250,100 <= ... < 500 DM,1 <= ... < 4 years,2,female,none,4,building society savings agreement / life insurance,50,none,own,1,unskilled - resident,2,none,yes,2,divorced/separated
0 <= ... < 200 DM,29,all credits at this bank paid back duly,car (used),250,... < 100 DM,... >= 7 years,4,female,none,2,"car or other, not in savings account",19,none,rent,1,skilled employee / official,2,none,yes,2,single
... < 0 DM,53,all credits at this bank paid back duly,car (used),250,... >= 1000 DM,4 <= ... < 7 years,1,male,none,2,building society savings agreement / life insurance,67,bank,rent,1,unemployed / unskilled - non-resident,2,"yes, registered under customer's name",yes,1,single
... < 0 DM,30,critical account / other credits existing (not at this bank),radio/television,13248,unknown / no savings account,... < 1 year,4,female,guarantor,3,real estate,39,bank,for free,1,skilled employee / official,1,none,yes,2,divorced/separated
0 <= ... < 200 DM,28,existing credits paid back duly till now,radio/television,3455,... < 100 DM,... >= 7 years,4,male,none,4,unknown / no property,19,none,own,1,skilled employee / official,1,none,yes,2,married/widowed
no checking account,4,existing credits paid back duly till now,business,928,100 <= ... < 500 DM,1 <= ... < 4 years,3,male,guarantor,2,"car or other, not in savings account",67,stores,own,1,skilled employee / official,1,"yes, registered under customer's name",yes,1,married/widowed
no checking account,4,existing credits paid back duly till now,furniture/equipment,6860,... < 100 DM,... >= 7 years,4,male,none,4,real estate,19,none,own,2,unskilled - resident,1,"yes, registered under customer's name",no,2,single
no checking account,16,existing credits paid back duly till now,car (new),3752,... >= 1000 DM,1 <= ... < 4 years,4,male,co-applicant,4,real estate,71,none,own,1,skilled employee / official,1,"yes, registered under customer's name",yes,1,single
no checking account,28,delay in paying off in the past,radio/television,12062,... < 100 DM,1 <= ... < 4 years,1,male,none,4,"car or other, not in savings account",67,bank,rent,1,unskilled - resident,1,"yes, registered under customer's name",yes,2,divorced/separated
... >= 200 DM / salary assignments for at least 1 year,16,existing credits paid back duly till now,radio/television,250,... < 100 DM,... >= 7 years,4,male,none,4,"car or other, not in savings account",70,none,for free,1,unskilled - resident,1,none,yes,1,single
no checking account,32,critical account / other credits existing (not at this bank),car (new),250,... < 100 DM,... < 1 year,4,male,guarantor,2,building society savings agreement / life insurance,19,bank,own,1,management / self-employed / highly qualified employee / officer,1,none,yes,2,single
0 <= ... < 200 DM,33,existing credits paid back duly till now,radio/television,2156,... < 100 DM,4 <= ... < 7 years,4,male,none,2,real estate,19,none,rent,1,unskilled - resident,1,"yes, registered under customer's name",yes,1,divorced/separated
no checking account,51,existing credits paid back duly till now,car (used),444,unknown / no savings account,... >= 7 years,4,male,none,4,"car or other, not in savings account",75,bank,for free,2,skilled employee / official,1,"yes, registered under customer's name",yes,2,single
no checking account,72,delay in paying off in the past,car (new),250,100 <= ... < 500 DM,... < 1 year,2,female,none,3,real estate,19,none,own,1,skilled employee / official,1,none,yes,1,single
no checking account,30,critical account / other credits existing (not at this bank),furniture/equipment,250,... < 100 DM,4 <= ... < 7 years,4,male,none,4,unknown / no property,39,none,own,2,unskilled - resident,1,"yes, registered under customer's name",yes,1,single
no checking account,20,critical account / other credits existing (not at this bank),radio/television,250,500 <= ... < 1000 DM,... < 1 year,3,male,none,2,real estate,19,none,rent,3,unskilled - resident,1,none,yes,2,single
no checking account,53,no credits taken / all credits paid back duly,car (used),250,... >= 1000 DM,unemployed,4,male,co-applicant,3,real estate,39,bank,own,1,skilled employee / official,1,none,yes,1,married/widowed
... < 0 DM,4,existing credits paid back duly till now,radio/television,4022,unknown / no savings account,4 <= ... < 7 years,4,male,none,2,building society savings agreement / life insurance,20,bank,own,1,unskilled - resident,1,"yes, registered under customer's name",yes,1,divorced/separated
... < 0 DM,20,all credits at this bank paid back duly,education,3720,... < 100 DM,... >= 7 years,4,male,none,4,real estate,75,none,own,1,skilled employee / official,1,none,yes,1,single
no checking account,33,critical account / other credits existing (not at this bank),car (new),250,... >= 1000 DM,1 <= ... < 4 years,3,female,none,4,unknown / no property,19,none,own,1,unskilled - resident,1,none,yes,1,single
no checking account,30,existing credits paid back duly till now,car (used),1696,... < 100 DM,4 <= ... < 7 years,2,male,none,2,real estate,75,none,own,1,management / self-employed / highly qualified employee / officer,1,none,yes,1,single
no checking account,53,existing credits paid back duly till now,radio/television,250,... >= 1000 DM,... >= 7 years,4,male,none,4,building society savings agreement / life insurance,65,none,own,1,skilled employee / official,1,"yes, registered under customer's name",yes,1,single
0 <= ... < 200 DM,4,all credits at this bank paid back duly,car (new),3771,... < 100 DM,... >= 7 years,4,male,none,2,building society savings agreement / life insurance,19,none,own,1,skilled employee / official,1,none,yes,1,divorced/separated
0 <= ... < 200 DM,28,existing credits paid back duly till now,car (new),250,... < 100 DM,1 <= ... < 4 years,4,female,guarantor,4,"car or other, not in savings account",19,none,own,1,management / self-employed / highly qualified employee / officer,1,none,yes,2,divorced/separated
no checking account,4,existing credits paid back duly till now,furniture/equipment,15945,100 <= ... < 500 DM,... < 1 year,4,male,none,2,real estate,26,none,own,2,unskilled - resident,1,"yes, registered under customer's name",yes,2,single
... < 0 DM,30,all credits at this bank paid back duly,radio/television,250,... < 100 DM,1 <= ... < 4 years,4,male,none,2,building society savings agreement / life insurance,75,none,own,1,skilled employee / official,1,none,yes,2,single
... < 0 DM,4,existing credits paid back duly till now,furniture/equipment,486,... < 100 DM,1 <= ... < 4 years,4,female,co-applicant,2,"car or other, not in savings account",19,none,rent,1,unskilled - resident,2,"yes, registered under customer's name",yes,1,single
... < 0 DM,6,existing credits paid back duly till now,radio/television,250,... < 100 DM,unemployed,4,male,none,2,real estate,34,bank,own,1,skilled employee / official,1,none,yes,1,divorced/separated
no checking account,72,all credits at this bank paid back duly,others,250,100 <= ... < 500 DM,unemployed,4,male,none,4,real estate,23,none,own,2,unskilled - resident,1,"yes, registered under customer's name",yes,1,single
0 <= ... < 200 DM,72,existing credits paid back duly till now,furniture/equipment,13454,... < 100 DM,... >= 7 years,4,male,none,2,building society savings agreement / life insurance,19,none,rent,1,skilled employee / official,1,none,yes,1,divorced/separated
0 <= ... < 200 DM,4,existing credits paid back duly till now,domestic appliances,250,unknown / no savings account,unemployed,4,female,none,2,unknown / no property,32,none,own,1,unemployed / unskilled - non-resident,1,"yes, registered under customer's name",yes,1,divorced/separated
... >= 200 DM / salary assignments for at least 1 year,30,existing credits paid back duly till now,furniture/equipment,3293,... >= 1000 DM,unemployed,3,male,none,2,real estate,30,none,own,1,management / self-employed / highly qualified employee / officer,1,none,yes,2,divorced/separated
no checking account,30,existing credits paid back duly till now,radio/television,15945,... < 100 DM,4 <= ... < 7 years,4,male,guarantor,2,real estate,46,none,own,1,skilled employee / official,1,none,yes,1,single
... < 0 DM,22,existing credits paid back duly till now,car (new),5343,100 <= ... < 500 DM,1 <= ... < 4 years,1,male,none,2,building society savings agreement / life insurance,49,bank,for free,1,management / self-employed / highly qualified employee / officer,1,"yes, registered under customer's name",yes,1,single
... < 0 DM,21,all credits at this bank paid back duly,radio/television,250,... < 100 DM,... >= 7 years,4,female,none,2,"car or other, not in savings account",41,none,own,2,unskilled - resident,1,"yes, registered under customer's name",yes,2,divorced/separated
0 <= ... < 200 DM,28,existing credits paid back duly till now,radio/television,3776,unknown / no savings account,... >= 7 years,3,male,guarantor,2,building society savings agreement / life insurance,20,none,own,1,skilled employee / official,2,"yes, registered under customer's name",yes,1,single
... < 0 DM,4,existing credits paid back duly till now,radio/television,250,... < 100 DM,... < 1 year,4,male,guarantor,2,real estate,28,none,own,1,skilled employee / official,1,none,yes,1,married/widowed
no checking account,29,critical account / other credits existing (not at this bank),radio/television,250,500 <= ... < 1000 DM,... >= 7 years,2,male,none,2,unknown / no property,19,none,own,1,management / self-employed / highly qualified employee / officer,1,"yes, registered under customer's name",yes,1,single
no checking account,4,existing credits paid back duly till now,education,1239,500 <= ... < 1000 DM,unemployed,3,male,none,2,"car or other, not in savings account",19,stores,own,2,skilled employee / official,1,none,yes,2,divorced/separated
no checking account,4,all credits at this bank paid back duly,car (new),250,... < 100 DM,... >= 7 years,4,male,none,2,real estate,38,none,own,1,unskilled - resident,2,"yes, registered under customer's name",no,1,married/widowed
... < 0 DM,19,existing credits paid back duly till now,furniture/equipment,11395,500 <= ... < 1000 DM,1 <= ... < 4 years,2,male,none,3,building society savings agreement / life insurance,47,none,own,2,skilled employee / official,2,"yes, registered under customer's name",yes,1,divorced/separated
no checking account,53,critical account / other credits existing (not at this bank),radio/television,2992,100 <= ... < 500 DM,4 <= ... < 7 years,3,male,none,2,building society savings agreement / life insurance,75,none,own,1,unskilled - resident,1,"yes, registered under customer's name",yes,1,single
0 <= ... < 200 DM,72,critical account / other credits existing (not at this bank),car (used),6785,unknown / no savings account,... < 1 year,2,female,co-applicant,3,real estate,67,none,own,1,unemployed / unskilled - non-resident,1,none,yes,1,divorced/separated
... >= 200 DM / salary assignments for at least 1 year,29,existing credits paid back duly till now,repairs,250,100 <= ... < 500 DM,... < 1 year,2,female,none,3,unknown / no property,75,none,rent,1,skilled employee / official,1,"yes, registered under customer's name",yes,1,single
no checking account,13,no credits taken / all credits paid back duly,education,13354,unknown / no savings account,4 <= ... < 7 years,3,male,none,2,real estate,60,stores,own,2,skilled employee / official,2,"yes, registered under customer's name",yes,2,divorced/separated
... < 0 DM,72,existing credits paid back duly till now,radio/television,6809,... >= 1000 DM,... >= 7 years,4,male,guarantor,3,building society savings agreement / life insurance,49,bank,rent,2,skilled employee / official,1,none,yes,2,single
0 <= ... < 200 DM,4,critical account / other credits existing (not at this bank),retraining,250,... < 100 DM,... < 1 year,4,female,guarantor,3,"car or other, not in savings account",19,none,own,1,unskilled - resident,1,none,no,2,divorced/separated
... < 0 DM,13,critical account / other credits existing (not at this bank),domestic appliances,521,... < 100 DM,... >= 7 years,2,male,guarantor,2,"car or other, not in savings account",35,none,rent,2,management / self-employed / highly qualified employee / officer,1,"yes, registered under customer's name",yes,2,single
0 <= ... < 200 DM,4,no credits taken / all credits paid back duly,car (new),2427,... < 100 DM,1 <= ... < 4 years,1,female,none,3,real estate,20,none,own,2,skilled employee / official,1,none,yes,2,single
no checking account,27,critical account / other credits existing (not at this bank),business,250,500 <= ... < 1000 DM,1 <= ... < 4 years,4,male,co-applicant,2,real estate,19,none,own,2,unemployed / unskilled - non-resident,1,none,yes,1,divorced/separated
no checking account,27,delay in paying off in the past,radio/television,3471,... < 100 DM,... < 1 year,4,male,none,4,building society savings agreement / life insurance,19,none,own,1,skilled employee / official,1,"yes, registered under customer's name",yes,1,single
... >= 200 DM / salary assignments for at least 1 year,32,existing credits paid back duly till now,car (used),250,... < 100 DM,1 <= ... < 4 years,4,male,none,4,unknown / no property,19,none,own,2,skilled employee / official,1,none,yes,2,divorced/separated
... < 0 DM,4,existing credits paid back duly till now,radio/television,15945,100 <= ... < 500 DM,1 <= ... < 4 years,4,male,co-applicant,2,real estate,25,none,rent,1,management / self-employed / highly qualified employee / officer,1,none,no,2,single
no checking account,72,existing credits paid back duly till now,radio/television,250,... < 100 DM,... < 1 year,4,female,none,4,building society savings agreement / life insurance,28,none,own,1,skilled employee / official,1,none,yes,1,single
... < 0 DM,4,critical account / other credits existing (not at this bank),radio/television,799,... < 100 DM,unemployed,3,male,none,4,unknown / no property,19,none,own,2,unskilled - resident,1,"yes, registered under customer's name",yes,2,divorced/separated
no checking account,4,critical account / other credits existing (not at this bank),others,3772,... < 100 DM,... < 1 year,3,female,none,3,building society savings agreement / life insurance,19,none,own,2,skilled employee / official,1,none,yes,1,single
0 <= ... < 200 DM,13,existing credits paid back duly till now,radio/television,250,100 <= ... < 500 DM,unemployed,3,male,guarantor,1,real estate,75,bank,own,1,unskilled - resident,1,"yes, registered under customer's name",yes,2,divorced/separated
... >= 200 DM / salary assignments for at least 1 year,30,existing credits paid back duly till now,furniture/equipment,250,unknown / no savings account,... < 1 year,4,male,co-applicant,4,"car or other, not in savings account",19,none,rent,1,skilled employee / official,1,"yes, registered under customer's name",yes,2,single
... < 0 DM,22,existing credits paid back duly till now,car (new),250,... < 100 DM,1 <= ... < 4 years,4,male,none,2,"car or other, not in savings account",26,none,own,1,skilled employee / official,1,none,no,2,single
... < 0 DM,4,existing credits paid back duly till now,radio/television,250,... < 100 DM,... >= 7 years,2,male,none,4,unknown / no property,50,none,own,2,skilled employee / official,2,none,yes,1,single
no checking account,13,existing credits paid back duly till now,radio/television,250,... < 100 DM,1 <= ... < 4 years,4,male,none,2,real estate,19,none,own,1,skilled employee / official,1,"yes, registered under customer's name",yes,1,single
... < 0 DM,33,existing credits paid back duly till now,radio/television,920,100 <= ... < 500 DM,... >= 7 years,4,male,none,2,real estate,46,none,own,1,skilled employee / official,1,"yes, registered under customer's name",yes,2,single
no checking account,68,all credits at this bank paid back duly,car (new),2055,... < 100 DM,4 <= ... < 7 years,1,male,none,3,building society savings agreement / life insurance,25,none,own,2,unskilled - resident,1,"yes, registered under customer's name",yes,2,divorced/separated
0 <= ... < 200 DM,4,delay in paying off in the past,radio/television,250,100 <= ... < 500 DM,... < 1 year,2,male,none,1,real estate,32,bank,own,1,unskilled - resident,1,"yes, registered under customer's name",yes,1,single
no checking account,51,existing credits paid back duly till now,furniture/equipment,250,... < 100 DM,... >= 7 years,2,male,none,2,real estate,75,none,rent,2,skilled employee / official,1,none,yes,2,divorced/separated
no checking account,10,critical account / other credits existing (not at this bank),car (new),13641,unknown / no savings account,... < 1 year,4,male,none,4,building society savings agreement / life insurance,60,stores,rent,1,management / self-employed / highly qualified employee / officer,1,"yes, registered under customer's name",yes,1,single
... >= 200 DM / salary assignments for at least 1 year,23,delay in paying off in the past,furniture/equipment,6859,unknown / no savings account,... >= 7 years,3,female,none,2,real estate,48,none,own,1,skilled employee / official,2,none,yes,2,married/widowed
no checking account,32,critical account / other credits existing (not at this bank),education,250,100 <= ... < 500 DM,1 <= ... < 4 years,1,female,none,2,"car or other, not in savings account",19,none,own,1,unskilled - resident,1,none,yes,1,divorced/separated
... < 0 DM,33,existing credits paid back duly till now,furniture/equipment,3767,unknown / no savings account,1 <= ... < 4 years,3,female,none,2,real estate,47,none,rent,2,skilled employee / official,2,none,yes,1,single
... < 0 DM,4,existing credits paid back duly till now,car (used),250,... < 100 DM,unemployed,4,male,none,2,real estate,64,none,own,1,skilled employee / official,1,"yes, registered under customer's name",yes,1,single
... < 0 DM,46,all credits at this bank paid back duly,repairs,438,unknown / no savings account,... >= 7 years,2,male,none,4,building society savings agreement / life insurance,19,none,own,2,unskilled - resident,2,"yes, registered under customer's name",yes,2,single
... < 0 DM,32,critical account / other credits existing (not at this bank),car (new),3747,... < 100 DM,... < 1 year,4,male,none,2,real estate,39,none,own,1,unskilled - resident,1,"yes, registered under customer's name",yes,1,divorced/separated
no checking account,30,delay in paying off in the past,furniture/equipment,250,unknown / no savings account,... >= 7 years,4,male,none,4,building society savings agreement / life insurance,19,none,own,1,management / self-employed / highly qualified employee / officer,1,"yes, registered under customer's name",yes,2,single
... < 0 DM,4,critical account / other credits existing (not at this bank),furniture/equipment,3728,... < 100 DM,1 <= ... < 4 years,3,male,guarantor,3,real estate,19,none,rent,1,skilled employee / official,1,none,yes,1,single
0 <= ... < 200 DM,21,existing credits paid back duly till now,retraining,537,100 <= ... < 500 DM,4 <= ... < 7 years,4,male,co-applicant,2,building society savings agreement / life insurance,19,none,for free,1,unemployed / unskilled - non-resident,1,"yes, registered under customer's name",yes,1,married/widowed
no checking account,20,no credits taken / all credits paid back duly,furniture/equipment,250,... < 100 DM,... < 1 year,1,male,guarantor,2,real estate,19,stores,own,4,skilled employee / official,1,none,yes,2,single
no checking account,4,existing credits paid back duly till now,others,3767,unknown / no savings account,... >= 7 years,4,female,co-applicant,2,real estate,26,bank,own,2,unskilled - resident,1,"yes, registered under customer's name",yes,2,married/widowed
0 <= ... < 200 DM,4,delay in paying off in the past,furniture/equipment,2447,100 <= ... < 500 DM,4 <= ... < 7 years,4,male,none,4,"car or other, not in savings account",19,none,own,1,skilled employee / official,1,none,yes,1,single
no checking account,4,existing credits paid back duly till now,radio/television,250,... < 100 DM,... < 1 year,4,female,none,2,real estate,36,none,own,1,skilled employee / official,2,none,yes,1,divorced/separated
0 <= ... < 200 DM,17,critical account / other credits existing (not at this bank),car (new),250,... < 100 DM,unemployed,2,male,none,4,unknown / no property,19,none,own,1,skilled employee / official,1,"yes, registered under customer's name",yes,1,married/widowed
no checking account,4,existing credits paid back duly till now,radio/television,250,100 <= ... < 500 DM,... < 1 year,4,male,none,2,real estate,19,bank,own,1,skilled employee / official,1,"yes, registered under customer's name",yes,1,single
... < 0 DM,28,no credits taken / all credits paid back duly,business,250,... < 100 DM,... < 1 year,3,male,none,2,real estate,19,none,own,2,management / self-employed / highly qualified employee / officer,1,none,yes,1,single
... >= 200 DM / salary assignments for at least 1 year,9,existing credits paid back duly till now,repairs,1305,... < 100 DM,... >= 7 years,2,male,co-applicant,3,real estate,39,none,own,1,unskilled - resident,2,"yes, registered under customer's name",yes,1,single
... < 0 DM,4,critical account / other credits existing (not at this bank),repairs,13632,unknown / no savings account,... < 1 year,3,male,none,4,building society savings agreement / life insurance,19,none,for free,2,skilled employee / official,1,none,yes,2,divorced/separated
no checking account,32,critical account / other credits existing (not at this bank),domestic appliances,250,unknown / no savings account,1 <= ... < 4 years,3,male,none,3,real estate,73,bank,rent,2,unemployed / unskilled - non-resident,1,"yes, registered under customer's name",yes,1,single
... < 0 DM,29,existing credits paid back duly till now,car (new),250,... >= 1000 DM,unemployed,4,male,none,4,"car or other, not in savings account",19,none,for free,2,management / self-employed / highly qualified employee / officer,1,none,yes,1,single
... < 0 DM,4,critical account / other credits existing (not at this bank),radio/television,8907,100 <= ... < 500 DM,1 <= ... < 4 years,4,male,none,4,"car or other, not in savings account",64,none,rent,1,management / self-employed / highly qualified employee / officer,1,"yes, registered under customer's name",yes,2,divorced/separated
... < 0 DM,30,delay in paying off in the past,radio/television,250,unknown / no savings account,... < 1 year,4,male,co-applicant,1,real estate,19,none,rent,1,skilled employee / official,2,"yes, registered under customer's name",yes,2,married/widowed
no checking account,21,existing credits paid back duly till now,furniture/equipment,250,... < 100 DM,... < 1 year,2,male,none,3,real estate,19,none,rent,1,skilled employee / official,1,none,yes,1,divorced/separated
... < 0 DM,9,existing credits paid back duly till now,car (new),250,... < 100 DM,4 <= ... < 7 years,2,male,none,2,real estate,19,none,own,1,unskilled - resident,1,none,yes,1,single
no checking account,30,no credits taken / all credits paid back duly,car (new),250,... < 100 DM,... >= 7 years,3,male,co-applicant,2,real estate,75,none,own,4,management / self-employed / highly qualified employee / officer,1,none,yes,1,divorced/separated
... < 0 DM,30,no credits taken / all credits paid back duly,radio/television,15945,... < 100 DM,... < 1 year,4,male,none,4,"car or other, not in savings account",48,none,own,1,skilled employee / official,1,none,yes,1,single
... < 0 DM,13,existing credits paid back duly till now,radio/television,3776,100 <= ... < 500 DM,... < 1 year,3,female,guarantor,4,building society savings agreement / life insurance,35,bank,rent,1,management / self-employed / highly qualified employee / officer,2,"yes, registered under customer's name",yes,2,single
... < 0 DM,29,existing credits paid back duly till now,car (new),6859,... < 100 DM,... < 1 year,2,male,none,4,unknown / no property,22,none,own,1,skilled employee / official,1,"yes, registered under customer's name",yes,1,married/widowed
... >= 200 DM / salary assignments for at least 1 year,42,existing credits paid back duly till now,radio/television,250,100 <= ... < 500 DM,... < 1 year,2,female,none,3,unknown / no property,19,none,own,1,skilled employee / official,1,none,yes,1,divorced/separated
no checking account,30,existing credits paid back duly till now,education,3342,... < 100 DM,... < 1 year,4,male,none,2,real estate,19,bank,rent,1,unemployed / unskilled - non-resident,1,none,yes,2,single
0 <= ... < 200 DM,29,existing credits paid back duly till now,radio/television,2843,... < 100 DM,unemployed,4,male,none,4,"car or other, not in savings account",60,none,own,1,skilled employee / official,1,none,yes,1,divorced/separated
no checking account,4,existing credits paid back duly till now,car (new),250,500 <= ... < 1000 DM,... < 1 year,4,male,none,3,unknown / no property,19,stores,rent,2,skilled employee / official,1,"yes, registered under customer's name",yes,1,single
no checking account,30,existing credits paid back duly till now,radio/television,6557,100 <= ... < 500 DM,1 <= ... < 4 years,4,male,none,2,real estate,38,none,own,1,skilled employee / official,1,none,yes,1,married/widowed
no checking account,22,critical account / other credits existing (not at this bank),furniture/equipment,3766,... < 100 DM,... >= 7 years,4,female,co-applicant,4,unknown / no property,38,none,own,1,unskilled - resident,1,"yes, registered under customer's name",yes,1,single
... < 0 DM,33,existing credits paid back duly till now,furniture/equipment,250,100 <= ... < 500 DM,... < 1 year,4,male,none,4,"car or other, not in savings account",39,none,own,2,unskilled - resident,1,"yes, registered under customer's name",yes,1,single
... < 0 DM,4,existing credits paid back duly till now,radio/television,250,unknown / no savings account,1 <= ... < 4 years,4,male,none,2,building society savings agreement / life insurance,41,bank,own,1,skilled employee / official,1,none,yes,2,divorced/separated
no checking account,30,critical account / other credits existing (not at this bank),car (used),1092,... < 100 DM,1 <= ... < 4 years,4,male,none,4,"car or other, not in savings account",39,none,own,1,management / self-employed / highly qualified employee / officer,1,none,yes,1,single
... >= 200 DM / salary assignments for at least 1 year,13,all credits at this bank paid back duly,car (new),250,100 <= ... < 500 DM,1 <= ... < 4 years,2,male,co-applicant,4,real estate,47,none,own,1,skilled employee / official,1,"yes, registered under customer's name",yes,1,single
0 <= ... < 200 DM,4,critical account / other credits existing (not at this bank),radio/television,3717,unknown / no savings account,... < 1 year,4,male,none,4,"car or other, not in savings account",19,none,own,1,skilled employee / official,1,none,yes,1,single
0 <= ... < 200 DM,4,existing credits paid back duly till now,car (new),3757,100 <= ... < 500 DM,... >= 7 years,3,male,none,2,real estate,19,none,own,1,skilled employee / official,1,none,yes,1,married/widowed
no checking account,4,delay in paying off in the past,furniture/equipment,3725,unknown / no savings account,4 <= ... < 7 years,4,female,co-applicant,4,real estate,22,none,own,2,skilled employee / official,2,"yes, registered under customer's name",yes,2,single
no checking account,72,existing credits paid back duly till now,radio/television,3445,500 <= ... < 1000 DM,... < 1 year,4,female,none,4,real estate,19,none,rent,1,skilled employee / official,1,"yes, registered under customer's name",yes,1,single
no checking account,4,critical account / other credits existing (not at this bank),furniture/equipment,2652,... < 100 DM,4 <= ... < 7 years,2,male,none,2,real estate,70,bank,own,2,skilled employee / official,1,"yes, registered under customer's name",yes,2,single
... >= 200 DM / salary assignments for at least 1 year,4,existing credits paid back duly till now,radio/television,6860,... < 100 DM,unemployed,3,male,co-applicant,4,building society savings agreement / life insurance,39,none,rent,1,skilled employee / official,1,"yes, registered under customer's name",yes,1,single
0 <= ... < 200 DM,5,existing credits paid back duly till now,radio/television,6860,... < 100 DM,... < 1 year,2,female,none,3,"car or other, not in savings account",41,none,own,2,unskilled - resident,2,none,no,2,single
... < 0 DM,29,delay in paying off in the past,radio/television,250,100 <= ... < 500 DM,4 <= ... < 7 years,1,female,guarantor,1,real estate,70,none,rent,2,management / self-employed / highly qualified employee / officer,1,"yes, registered under customer's name",yes,1,single
no checking account,4,critical account / other credits existing (not at this bank),radio/television,250,... < 100 DM,4 <= ... < 7 years,4,male,none,4,real estate,38,none,own,1,skilled employee / official,1,"yes, registered under customer's name",yes,1,single
no checking account,72,existing credits paid back duly till now,car (used),1541,... < 100 DM,1 <= ... < 4 years,2,male,none,2,real estate,42,none,for free,1,skilled employee / official,1,"yes, registered under customer's name",yes,1,single
no checking account,4,delay in paying off in the past,furniture/equipment,3846,... < 100 DM,4 <= ... < 7 years,4,male,none,4,"car or other, not in savings account",19,none,rent,1,skilled employee / official,1,"yes, registered under customer's name",yes,2,single
0 <= ... < 200 DM,4,existing credits paid back duly till now,domestic appliances,250,... < 100 DM,... < 1 year,4,male,guarantor,4,real estate,19,bank,own,2,management / self-employed / highly qualified employee / officer,1,none,yes,1,single
no checking account,72,existing credits paid back duly till now,car (used),3408,unknown / no savings account,... < 1 year,3,male,guarantor,2,building society savings agreement / life insurance,50,none,own,2,skilled employee / official,1,"yes, registered under customer's name",yes,2,divorced/separated
... < 0 DM,30,existing credits paid back duly till now,radio/television,250,unknown / no savings account,4 <= ... < 7 years,1,female,none,4,building society savings agreement / life insurance,50,bank,for free,1,unskilled - resident,1,"yes, registered under customer's name",yes,1,divorced/separated
0 <= ... < 200 DM,19,all credits at this bank paid back duly,others,15945,... >= 1000 DM,1 <= ... < 4 years,3,male,none,2,building society savings agreement / life insurance,67,none,own,1,skilled employee / official,1,none,yes,2,married/widowed
no checking account,29,existing credits paid back duly till now,education,250,... < 100 DM,... < 1 year,4,female,none,2,real estate,39,none,rent,2,skilled employee / official,1,"yes, registered under customer's name",yes,2,single
no checking account,26,delay in paying off in the past,car (new),3772,... < 100 DM,4 <= ... < 7 years,4,male,none,2,real estate,20,stores,for free,2,skilled employee / official,2,none,yes,2,divorced/separated
0 <= ... < 200 DM,4,existing credits paid back duly till now,radio/television,6860,... < 100 DM,... >= 7 years,4,male,guarantor,2,real estate,39,none,own,2,skilled employee / official,2,"yes, registered under customer's name",yes,1,single
no checking account,29,existing credits paid back duly till now,business,3778,... < 100 DM,unemployed,4,male,none,2,"car or other, not in savings account",19,none,rent,1,skilled employee / official,1,"yes, registered under customer's name",yes,1,single
0 <= ... < 200 DM,4,delay in paying off in the past,business,10917,... < 100 DM,... >= 7 years,3,male,none,4,"car or other, not in savings account",50,none,own,1,skilled employee / official,1,"yes, registered under customer's name",yes,2,divorced/separated
... < 0 DM,29,existing credits paid back duly till now,car (used),3773,... < 100 DM,unemployed,4,male,none,2,unknown / no property,75,bank,own,1,unemployed / unskilled - non-resident,1,"yes, registered under customer's name",yes,1,married/widowed
no checking account,19,delay in paying off in the past,car (new),250,... < 100 DM,... >= 7 years,2,male,co-applicant,4,"car or other, not in savings account",49,none,own,1,unskilled - resident,1,none,no,1,single
0 <= ... < 200 DM,19,existing credits paid back duly till now,domestic appliances,3748,500 <= ... < 1000 DM,... >= 7 years,4,male,none,2,building society savings agreement / life insurance,32,none,own,1,unemployed / unskilled - non-resident,1,none,yes,2,divorced/separated
... >= 200 DM / salary assignments for at least 1 year,27,existing credits paid back duly till now,radio/television,777,... < 100 DM,unemployed,4,male,co-applicant,1,"car or other, not in savings account",19,none,own,2,skilled employee / official,1,"yes, registered under customer's name",yes,1,married/widowed
... < 0 DM,4,critical account / other credits existing (not at this bank),business,250,unknown / no savings account,unemployed,4,female,none,3,real estate,67,none,own,2,unskilled - resident,1,none,yes,1,divorced/separated
... < 0 DM,4,existing credits paid back duly till now,furniture/equipment,1064,... < 100 DM,1 <= ... < 4 years,4,male,co-applicant,4,building society savings agreement / life insurance,19,none,own,2,management / self-employed / highly qualified employee / officer,1,none,yes,1,single
no checking account,56,critical account / other credits existing (not at this bank),business,15945,100 <= ... < 500 DM,1 <= ... < 4 years,4,male,none,2,unknown / no property,19,none,own,1,unskilled - resident,1,none,yes,1,single
no checking account,4,existing credits paid back duly till now,education,250,... < 100 DM,... < 1 year,3,male,none,3,unknown / no property,32,none,own,2,unskilled - resident,1,none,yes,2,divorced/separated
no checking account,30,existing credits paid back duly till now,furniture/equipment,250,100 <= ... < 500 DM,... < 1 year,4,male,none,2,building society savings agreement / life insurance,75,none,own,1,unskilled - resident,1,none,yes,2,divorced/separated
no checking account,30,existing credits paid back duly till now,car (new),250,... < 100 DM,1 <= ... < 4 years,4,male,co-applicant,3,real estate,24,none,own,1,skilled employee / official,1,none,yes,1,divorced/separated
0 <= ... < 200 DM,19,delay in paying off in the past,car (used),3556,... < 100 DM,unemployed,4,male,none,4,unknown / no property,75,none,own,1,unemployed / unskilled - non-resident,1,none,yes,1,married/widowed
0 <= ... < 200 DM,4,existing credits paid back duly till now,repairs,250,100 <= ... < 500 DM,... >= 7 years,3,male,guarantor,4,unknown / no property,19,none,own,2,skilled employee / official,1,"yes, registered under customer's name",no,1,divorced/separated
no checking account,31,critical account / other credits existing (not at this bank),furniture/equipment,2745,... < 100 DM,... < 1 year,2,male,none,4,building society savings agreement / life insurance,75,none,for free,2,unskilled - resident,1,"yes, registered under customer's name",yes,1,divorced/separated
... < 0 DM,12,existing credits paid back duly till now,radio/television,2536,... >= 1000 DM,... >= 7 years,4,male,none,4,building society savings agreement / life insurance,19,none,own,1,skilled employee / official,1,"yes, registered under customer's name",no,1,single
0 <= ... < 200 DM,4,delay in paying off in the past,car (new),6557,... < 100 DM,4 <= ... < 7 years,1,male,none,3,"car or other, not in savings account",69,none,own,1,unemployed / unskilled - non-resident,1,"yes, registered under customer's name",yes,1,married/widowed
0 <= ... < 200 DM,14,existing credits paid back duly till now,education,3604,unknown / no savings account,... >= 7 years,2,male,none,2,real estate,34,none,rent,1,skilled employee / official,1,"yes, registered under customer's name",no,2,single
... < 0 DM,4,critical account / other credits existing (not at this bank),education,250,100 <= ... < 500 DM,... >= 7 years,4,male,co-applicant,1,building society savings agreement / life insurance,19,stores,own,1,skilled employee / official,1,none,yes,1,divorced/separated
no checking account,30,existing credits paid back duly till now,furniture/equipment,250,100 <= ... < 500 DM,... < 1 year,3,male,none,1,real estate,19,none,rent,1,management / self-employed / highly qualified employee / officer,1,"yes, registered under customer's name",no,2,single
... < 0 DM,29,existing credits paid back duly till now,radio/television,3772,... < 100 DM,1 <= ... < 4 years,4,male,none,2,unknown / no property,66,none,for free,2,unskilled - resident,1,"yes, registered under customer's name",yes,1,single
... < 0 DM,4,existing credits paid back duly till now,car (new),3040,... < 100 DM,1 <= ... < 4 years,4,male,none,2,real estate,38,none,own,1,skilled employee / official,1,none,yes,1,divorced/separated
0 <= ... < 200 DM,48,existing credits paid back duly till now,radio/television,250,unknown / no savings account,... < 1 year,2,male,none,4,real estate,19,none,own,1,unskilled - resident,1,none,yes,1,divorced/separated
no checking account,29,critical account / other credits existing (not at this bank),car (new),250,100 <= ... < 500 DM,... < 1 year,4,female,none,2,building society savings agreement / life insurance,39,none,own,1,skilled employee / official,1,none,yes,2,single
... < 0 DM,30,existing credits paid back duly till now,furniture/equipment,250,... < 100 DM,4 <= ... < 7 years,2,male,co-applicant,2,"car or other, not in savings account",64,none,own,1,management / self-employed / highly qualified employee / officer,2,"yes, registered under customer's name",yes,1,married/widowed
no checking account,24,critical account / other credits existing (not at this bank),car (used),2091,100 <= ... < 500 DM,... < 1 year,3,male,none,2,real estate,55,bank,for free,1,unskilled - resident,2,"yes, registered under customer's name",yes,1,divorced/separated
... >= 200 DM / salary assignments for at least 1 year,25,all credits at this bank paid back duly,car (used),2005,100 <= ... < 500 DM,... >= 7 years,2,male,guarantor,2,building society savings agreement / life insurance,19,none,own,2,skilled employee / official,1,none,yes,1,divorced/separated
no checking account,32,existing credits paid back duly till now,car (new),250,unknown / no savings account,... >= 7 years,4,male,none,2,building society savings agreement / life insurance,19,none,rent,1,skilled employee / official,1,"yes, registered under customer's name",yes,2,divorced/separated
... < 0 DM,4,existing credits paid back duly till now,radio/television,2389,100 <= ... < 500 DM,... < 1 year,2,male,none,2,unknown / no property,66,none,own,1,skilled employee / official,2,"yes, registered under customer's name",yes,1,married/widowed
no checking account,30,existing credits paid back duly till now,radio/television,1122,... < 100 DM,1 <= ... < 4 years,4,male,none,4,building society savings agreement / life insurance,39,none,own,1,skilled employee / official,1,none,yes,1,divorced/separated
no checking account,15,existing credits paid back duly till now,education,250,... < 100 DM,unemployed,3,male,none,4,real estate,19,bank,rent,2,skilled employee / official,1,none,yes,1,single
0 <= ... < 200 DM,4,critical account / other credits existing (not at this bank),others,2689,... < 100 DM,... < 1 year,1,male,guarantor,2,building society savings agreement / life insurance,49,bank,own,1,skilled employee / official,1,"yes, registered under customer's name",yes,2,divorced/separated
no checking account,4,delay in paying off in the past,radio/television,1887,unknown / no savings account,... < 1 year,2,male,none,1,building society savings agreement / life insurance,67,none,own,1,unskilled - resident,1,"yes, registered under customer's name",no,1,divorced/separated
... < 0 DM,32,critical account / other credits existing (not at this bank),car (new),250,unknown / no savings account,... < 1 year,2,male,none,4,building society savings agreement / life insurance,75,none,own,1,skilled employee / official,1,none,yes,1,divorced/separated
no checking account,4,critical account / other credits existing (not at this bank),education,250,100 <= ... < 500 DM,... < 1 year,2,male,none,2,real estate,44,none,rent,2,unskilled - resident,2,"yes, registered under customer's name",yes,1,divorced/separated
... < 0 DM,33,critical account / other credits existing (not at this bank),car (new),250,... < 100 DM,4 <= ... < 7 years,4,male,none,2,building society savings agreement / life insurance,39,none,own,1,skilled employee / official,1,none,yes,1,single
no checking account,19,existing credits paid back duly till now,radio/television,250,unknown / no savings account,1 <= ... < 4 years,4,male,none,4,"car or other, not in savings account",19,none,own,1,skilled employee / official,1,none,yes,1,single
... < 0 DM,30,delay in paying off in the past,business,250,... < 100 DM,4 <= ... < 7 years,2,male,none,3,"car or other, not in savings account",52,none,own,2,management / self-employed / highly qualified employee / officer,1,"yes, registered under customer's name",yes,2,married/widowed
no checking account,30,critical account / other credits existing (not at this bank),car (used),250,100 <= ... < 500 DM,1 <= ... < 4 years,3,female,none,2,unknown / no property,19,none,own,1,skilled employee / official,1,none,yes,2,divorced/separated
... < 0 DM,26,critical account / other credits existing (not at this bank),domestic appliances,15945,... < 100 DM,unemployed,1,male,none,4,"car or other, not in savings account",19,none,own,1,unemployed / unskilled - non-resident,2,none,yes,1,single
... < 0 DM,72,all credits at this bank paid back duly,radio/television,250,... < 100 DM,1 <= ... < 4 years,4,male,none,2,unknown / no property,20,bank,rent,1,unskilled - resident,2,"yes, registered under customer's name",yes,1,divorced/separated
0 <= ... < 200 DM,29,existing credits paid back duly till now,car (new),250,... < 100 DM,... >= 7 years,4,female,co-applicant,4,"car or other, not in savings account",38,none,own,2,unemployed / unskilled - non-resident,1,none,yes,2,married/widowed
... < 0 DM,18,existing credits paid back duly till now,radio/television,250,unknown / no savings account,... >= 7 years,2,male,none,3,real estate,28,none,own,4,management / self-employed / highly qualified employee / officer,2,none,yes,1,married/widowed
... < 0 DM,29,existing credits paid back duly till now,radio/television,7993,unknown / no savings account,1 <= ... < 4 years,3,female,none,4,real estate,19,none,own,1,skilled employee / official,1,"yes, registered under customer's name",yes,2,married/widowed
... < 0 DM,52,critical account / other credits existing (not at this bank),education,15945,... < 100 DM,... < 1 year,3,female,none,2,real estate,48,none,own,1,unskilled - resident,1,"yes, registered under customer's name",yes,1,divorced/separated
... >= 200 DM / salary assignments for at least 1 year,53,existing credits paid back duly till now,radio/television,678,500 <= ... < 1000 DM,... < 1 year,2,male,none,2,building society savings agreement / life insurance,75,none,own,1,skilled employee / official,1,"yes, registered under customer's name",yes,1,divorced/separated
... < 0 DM,4,delay in paying off in the past,radio/television,2731,... < 100 DM,4 <= ... < 7 years,4,male,none,2,"car or other, not in savings account",19,none,own,1,skilled employee / official,1,"yes, registered under customer's name",yes,1,married/widowed
... < 0 DM,4,existing credits paid back duly till now,furniture/equipment,6783,... < 100 DM,... < 1 year,4,male,none,4,building society savings agreement / life insurance,39,none,own,1,unskilled - resident,1,"yes, registered under customer's name",yes,1,single
no checking account,16,existing credits paid back duly till now,business,250,... >= 1000 DM,... >= 7 years,3,male,none,3,"car or other, not in savings account",19,none,own,2,management / self-employed / highly qualified employee / officer,1,"yes, registered under customer's name",yes,2,divorced/separated
no checking account,23,delay in paying off in the past,car (new),250,... < 100 DM,... < 1 year,3,male,none,1,"car or other, not in savings account",19,none,own,2,skilled employee / official,2,"yes, registered under customer's name",yes,1,single
... < 0 DM,29,existing credits paid back duly till now,furniture/equipment,3777,100 <= ... < 500 DM,4 <= ... < 7 years,2,female,none,2,unknown / no property,38,stores,own,2,skilled employee / official,1,"yes, registered under customer's name",yes,2,divorced/separated
... < 0 DM,27,critical account / other credits existing (not at this bank),car (used),3070,... < 100 DM,1 <= ... < 4 years,3,male,co-applicant,1,building society savings agreement / life insurance,47,stores,rent,2,unskilled - resident,2,"yes, registered under customer's name",yes,2,divorced/separated
no checking account,4,no credits taken / all credits paid back duly,radio/television,3775,... < 100 DM,1 <= ... < 4 years,4,female,guarantor,2,building society savings agreement / life insurance,39,none,own,1,unskilled - resident,1,none,yes,2,single
no checking account,13,existing credits paid back duly till now,domestic appliances,4202,... < 100 DM,4 <= ... < 7 years,2,male,none,2,building society savings agreement / life insurance,19,none,own,1,management / self-employed / highly qualified employee / officer,2,none,yes,1,divorced/separated
no checking account,4,critical account / other credits existing (not at this bank),radio/television,6422,... < 100 DM,unemployed,4,male,none,2,real estate,66,none,own,2,unskilled - resident,1,none,yes,1,divorced/separated
... < 0 DM,72,delay in paying off in the past,furniture/equipment,250,unknown / no savings account,unemployed,4,female,none,3,"car or other, not in savings account",39,stores,rent,2,management / self-employed / highly qualified employee / officer,1,"yes, registered under customer's name",yes,1,single
no checking account,19,existing credits paid back duly till now,radio/television,250,... < 100 DM,4 <= ... < 7 years,2,male,none,2,building society savings agreement / life insurance,19,none,own,1,skilled employee / official,1,"yes, registered under customer's name",yes,2,married/widowed
... < 0 DM,19,critical account / other credits existing (not at this bank),car (new),6860,100 <= ... < 500 DM,1 <= ... < 4 years,4,female,co-applicant,1,unknown / no property,19,none,for free,2,unskilled - resident,1,none,yes,1,single
0 <= ... < 200 DM,27,existing credits paid back duly till now,furniture/equipment,250,... < 100 DM,1 <= ... < 4 years,4,male,none,1,"car or other, not in savings account",39,none,own,1,management / self-employed / highly qualified employee / officer,1,none,yes,1,single
... < 0 DM,30,all credits at this bank paid back duly,others,250,100 <= ... < 500 DM,... < 1 year,2,male,none,2,real estate,19,none,rent,1,management / self-employed / highly qualified employee / officer,1,"yes, registered under customer's name",yes,2,single
... < 0 DM,4,existing credits paid back duly till now,education,6857,... < 100 DM,... >= 7 years,4,male,none,2,real estate,19,bank,rent,1,skilled employee / official,1,none,yes,1,single
no checking account,4,existing credits paid back duly till now,car (new),6860,... < 100 DM,4 <= ... < 7 years,2,male,none,2,unknown / no property,38,none,own,2,skilled employee / official,1,"yes, registered under customer's name",yes,2,divorced/separated
... >= 200 DM / salary assignments for at least 1 year,16,critical account / other credits existing (not at this bank),car (new),2655,100 <= ... < 500 DM,4 <= ... < 7 years,2,male,guarantor,3,building society savings agreement / life insurance,19,bank,own,2,management / self-employed / highly qualified employee / officer,1,"yes, registered under customer's name",no,2,single
0 <= ... < 200 DM,33,existing credits paid back duly till now,car (used),250,500 <= ... < 1000 DM,... >= 7 years,2,male,none,2,building society savings agreement / life insurance,19,none,own,4,skilled employee / official,2,"yes, registered under customer's name",yes,2,divorced/separated
no checking account,4,existing credits paid back duly till now,car (new),3598,... < 100 DM,1 <= ... < 4 years,4,male,none,4,real estate,19,none,rent,1,skilled employee / official,1,none,yes,1,single
... < 0 DM,4,critical account / other credits existing (not at this bank),radio/television,3041,... < 100 DM,unemployed,4,male,none,3,building society savings agreement / life insurance,40,bank,own,1,unskilled - resident,1,none,yes,1,single
no checking account,26,critical account / other credits existing (not at this bank),radio/television,250,... < 100 DM,unemployed,4,male,guarantor,4,real estate,19,bank,own,1,unskilled - resident,1,none,yes,2,divorced/separated
no checking account,29,no credits taken / all credits paid back duly,radio/television,515,... < 100 DM,4 <= ... < 7 years,1,male,none,1,building society savings agreement / life insurance,50,none,rent,1,unskilled - resident,1,none,yes,1,single
no checking account,23,existing credits paid back duly till now,furniture/equipment,3776,... < 100 DM,4 <= ... < 7 years,1,female,none,2,unknown / no property,19,none,for free,1,skilled employee / official,1,none,yes,1,married/widowed
... >= 200 DM / salary assignments for at least 1 year,6,critical account / other credits existing (not at this bank),car (new),250,... < 100 DM,... >= 7 years,4,male,none,2,building society savings agreement / life insurance,66,bank,own,2,management / self-employed / highly qualified employee / officer,2,none,yes,2,divorced/separated
... < 0 DM,13,existing credits paid back duly till now,car (new),3138,unknown / no savings account,... >= 7 years,2,male,none,2,real estate,19,stores,own,2,management / self-employed / highly qualified employee / officer,1,none,yes,1,single
no checking account,33,all credits at this bank paid back duly,car (new),250,... < 100 DM,... < 1 year,3,male,guarantor,2,unknown / no property,39,bank,own,1,skilled employee / official,1,"yes, registered under customer's name",yes,1,divorced/separated
... < 0 DM,25,critical account / other credits existing (not at this bank),car (new),15945,... < 100 DM,... < 1 year,3,male,none,2,real estate,70,none,rent,1,skilled employee / official,1,"yes, registered under customer's name",yes,1,divorced/separated
no checking account,23,critical account / other credits existing (not at this bank),furniture/equipment,250,... < 100 DM,... >= 7 years,4,female,none,3,"car or other, not in savings account",26,none,own,1,management / self-employed / highly qualified employee / officer,1,"yes, registered under customer's name",yes,1,single
... >= 200 DM / salary assignments for at least 1 year,26,existing credits paid back duly till now,business,3778,... >= 1000 DM,1 <= ... < 4 years,4,male,none,4,real estate,39,none,own,1,skilled employee / official,2,"yes, registered under customer's name",yes,2,single
0 <= ... < 200 DM,4,existing credits paid back duly till now,others,250,... >= 1000 DM,unemployed,4,male,none,2,building society savings agreement / life insurance,55,bank,rent,1,skilled employee / official,1,none,no,1,divorced/separated
... < 0 DM,4,existing credits paid back duly till now,repairs,250,... < 100 DM,4 <= ... < 7 years,2,female,none,2,real estate,50,none,rent,2,management / self-employed / highly qualified employee / officer,1,"yes, registered under customer's name",yes,2,single
no checking account,53,existing credits paid back duly till now,car (new),3778,... < 100 DM,... < 1 year,2,male,none,2,building society savings agreement / life insurance,39,none,own,1,skilled employee / official,1,"yes, registered under customer's name",yes,1,single
no checking account,4,existing credits paid back duly till now,furniture/equipment,2644,... < 100 DM,... < 1 year,4,male,none,2,"car or other, not in savings account",75,stores,own,1,skilled employee / official,1,none,yes,1,single
no checking account,29,no credits taken / all credits paid back duly,radio/television,3774,... < 100 DM,... >= 7 years,4,male,none,2,building society savings agreement / life insurance,48,stores,for free,1,skilled employee / official,2,"yes, registered under customer's name",yes,1,divorced/separated
... < 0 DM,30,delay in paying off in the past,retraining,3689,... < 100 DM,... >= 7 years,2,male,none,2,real estate,20,stores,for free,2,skilled employee / official,1,"yes, registered under customer's name",yes,1,divorced/separated
no checking account,26,no credits taken / all credits paid back duly,car (new),250,100 <= ... < 500 DM,... >= 7 years,1,male,none,2,real estate,19,none,for free,1,management / self-employed / highly qualified employee / officer,1,none,yes,2,married/widowed
no checking account,29,existing credits paid back duly till now,car (used),3501,... < 100 DM,1 <= ... < 4 years,3,male,none,2,real estate,67,none,rent,1,skilled employee / official,1,"yes, registered under customer's name",yes,1,single
no checking account,30,all credits at this bank paid back duly,furniture/equipment,250,unknown / no savings account,4 <= ... < 7 years,3,male,none,1,building society savings agreement / life insurance,19,stores,own,1,skilled employee / official,1,"yes, registered under customer's name",yes,1,single
... >= 200 DM / salary assignments for at least 1 year,27,critical account / other credits existing (not at this bank),radio/television,6837,... < 100 DM,4 <= ... < 7 years,4,female,none,2,building society savings agreement / life insurance,19,none,rent,2,skilled employee / official,1,none,yes,1,divorced/separated
0 <= ... < 200 DM,24,critical account / other credits existing (not at this bank),car (new),250,... >= 1000 DM,... < 1 year,3,female,none,4,building society savings agreement / life insurance,19,none,rent,2,skilled employee / official,2,"yes, registered under customer's name",yes,1,married/widowed
no checking account,4,delay in paying off in the past,car (new),2672,... >= 1000 DM,1 <= ... < 4 years,2,female,none,3,building society savings agreement / life insurance,50,bank,own,1,unskilled - resident,2,none,yes,1,divorced/separated
... >= 200 DM / salary assignments for at least 1 year,49,critical account / other credits existing (not at this bank),car (new),250,100 <= ... < 500 DM,... < 1 year,2,male,none,2,unknown / no property,54,none,own,2,unskilled - resident,1,"yes, registered under customer's name",yes,2,divorced/separated
... >= 200 DM / salary assignments for at least 1 year,4,all credits at this bank paid back duly,radio/television,250,... < 100 DM,... < 1 year,4,female,none,1,unknown / no property,19,none,rent,4,skilled employee / official,2,"yes, registered under customer's name",yes,1,married/widowed
... < 0 DM,4,existing credits paid back duly till now,repairs,3680,... < 100 DM,4 <= ... < 7 years,4,male,none,4,unknown / no property,25,bank,own,1,skilled employee / official,1,"yes, registered under customer's name",yes,1,divorced/separated
... >= 200 DM / salary assignments for at least 1 year,25,existing credits paid back duly till now,car (used),3468,100 <= ... < 500 DM,1 <= ... < 4 years,4,male,none,4,real estate,19,none,own,1,skilled employee / official,1,none,yes,1,single
0 <= ... < 200 DM,4,delay in paying off in the past,radio/television,4109,... < 100 DM,unemployed,3,male,none,2,building society savings agreement / life insurance,49,none,own,1,unskilled - resident,1,none,yes,2,single
0 <= ... < 200 DM,21,critical account / other credits existing (not at this bank),radio/television,6854,100 <= ... < 500 DM,1 <= ... < 4 years,2,female,guarantor,2,building society savings agreement / life insurance,75,stores,for free,1,unskilled - resident,1,none,yes,2,divorced/separated
0 <= ... < 200 DM,29,critical account / other credits existing (not at this bank),radio/television,250,100 <= ... < 500 DM,... >= 7 years,4,male,none,4,real estate,25,none,own,1,management / self-employed / highly qualified employee / officer,1,none,yes,1,married/widowed
0 <= ... < 200 DM,29,existing credits paid back duly till now,car (used),250,... < 100 DM,... < 1 year,4,female,none,4,real estate,19,none,for free,2,skilled employee / official,1,none,yes,2,married/widowed
no checking account,52,critical account / other credits existing (not at this bank),radio/television,3417,unknown / no savings account,... < 1 year,4,male,none,4,"car or other, not in savings account",19,none,own,2,skilled employee / official,1,"yes, registered under customer's name",yes,1,divorced/separated
no checking account,20,existing credits paid back duly till now,car (new),15945,100 <= ... < 500 DM,4 <= ... < 7 years,3,female,none,2,building society savings agreement / life insurance,61,bank,own,4,skilled employee / official,1,"yes, registered under customer's name",yes,1,single
0 <= ... < 200 DM,30,existing credits paid back duly till now,furniture/equipment,250,... < 100 DM,... < 1 year,4,male,none,3,"car or other, not in savings account",38,none,own,1,skilled employee / official,1,none,yes,2,divorced/separated
... >= 200 DM / salary assignments for at least 1 year,23,existing credits paid back duly till now,car (new),250,... < 100 DM,1 <= ... < 4 years,4,female,none,2,unknown / no property,19,none,own,1,skilled employee / official,1,none,yes,1,married/widowed
no checking account,29,critical account / other credits existing (not at this bank),car (new),250,100 <= ... < 500 DM,4 <= ... < 7 years,4,male,none,4,building society savings agreement / life insurance,19,none,rent,1,unskilled - resident,1,"yes, registered under customer's name",yes,1,single
no checking account,29,delay in paying off in the past,car (used),6530,... < 100 DM,... >= 7 years,4,male,co-applicant,2,"car or other, not in savings account",19,none,own,1,management / self-employed / highly qualified employee / officer,2,none,yes,1,single
... < 0 DM,29,existing credits paid back duly till now,radio/television,2760,... < 100 DM,4 <= ... < 7 years,2,male,none,3,unknown / no property,19,bank,rent,1,unskilled - resident,1,none,yes,1,single
... < 0 DM,19,critical account / other credits existing (not at this bank),radio/television,250,500 <= ... < 1000 DM,... >= 7 years,2,male,co-applicant,4,real estate,67,none,rent,1,skilled employee / official,1,none,yes,1,single
no checking account,32,critical account / other credits existing (not at this bank),car (new),829,... < 100 DM,1 <= ... < 4 years,3,male,guarantor,2,building society savings agreement / life insurance,66,none,own,1,skilled employee / official,1,"yes, registered under customer's name",yes,2,single
... < 0 DM,52,all credits at this bank paid back duly,car (new),6859,... < 100 DM,4 <= ... < 7 years,3,female,none,3,building society savings agreement / life insurance,38,none,own,2,skilled employee / official,2,none,yes,2,divorced/separated
no checking account,19,all credits at this bank paid back duly,radio/television,6859,... < 100 DM,... < 1 year,4,male,none,4,"car or other, not in savings account",21,none,own,1,unskilled - resident,1,none,yes,2,single
0 <= ... < 200 DM,72,no credits taken / all credits paid back duly,radio/television,250,unknown / no savings account,... >= 7 years,3,female,none,1,unknown / no property,50,bank,own,2,unskilled - resident,1,"yes, registered under customer's name",yes,1,divorced/separated
no checking account,23,all credits at this bank paid back duly,furniture/equipment,15945,unknown / no savings account,4 <= ... < 7 years,3,male,guarantor,2,real estate,73,none,rent,1,skilled employee / official,1,none,yes,2,divorced/separated
no checking account,33,existing credits paid back duly till now,radio/television,250,unknown / no savings account,1 <= ... < 4 years,4,male,none,1,building society savings agreement / life insurance,19,none,own,1,skilled employee / official,1,none,yes,2,divorced/separated
... < 0 DM,4,delay in paying off in the past,domestic appliances,15945,500 <= ... < 1000 DM,... < 1 year,3,male,none,2,real estate,39,none,rent,1,unskilled - resident,1,"yes, registered under customer's name",yes,2,single
no checking account,4,critical account / other credits existing (not at this bank),furniture/equipment,250,... < 100 DM,1 <= ... < 4 years,4,male,none,2,real estate,39,none,own,1,skilled employee / official,1,none,yes,1,single
... < 0 DM,30,existing credits paid back duly till now,car (new),250,... < 100 DM,1 <= ... < 4 years,4,male,none,4,building society savings agreement / life insurance,19,none,own,1,skilled employee / official,1,"yes, registered under customer's name",yes,1,single
... < 0 DM,28,critical account / other credits existing (not at this bank),radio/television,6850,500 <= ... < 1000 DM,4 <= ... < 7 years,4,female,none,4,real estate,75,none,own,1,management / self-employed / highly qualified employee / officer,2,none,yes,1,single
no checking account,72,critical account / other credits existing (not at this bank),car (new),250,... < 100 DM,... < 1 year,2,male,none,2,unknown / no property,19,none,own,1,unskilled - resident,2,"yes, registered under customer's name",yes,1,single
no checking account,30,all credits at this bank paid back duly,radio/television,250,unknown / no savings account,... < 1 year,3,female,none,4,"car or other, not in savings account",19,none,own,1,skilled employee / official,2,none,yes,2,divorced/separated
... < 0 DM,4,existing credits paid back duly till now,radio/television,250,100 <= ... < 500 DM,unemployed,2,female,guarantor,4,building society savings agreement / life insurance,26,none,own,1,skilled employee / official,1,none,yes,1,single
... < 0 DM,37,existing credits paid back duly till now,car (new),3734,unknown / no savings account,... < 1 year,2,male,none,2,building society savings agreement / life insurance,44,bank,own,2,management / self-employed / highly qualified employee / officer,2,none,yes,2,single
no checking account,29,critical account / other credits existing (not at this bank),car (new),250,500 <= ... < 1000 DM,unemployed,2,male,none,3,building society savings agreement / life insurance,57,none,own,2,skilled employee / official,1,"yes, registered under customer's name",yes,1,single
... < 0 DM,72,critical account / other credits existing (not at this bank),radio/television,3778,unknown / no savings account,... < 1 year,2,male,none,2,real estate,19,none,for free,2,skilled employee / official,1,"yes, registered under customer's name",yes,1,divorced/separated
no checking account,4,no credits taken / all credits paid back duly,car (new),250,unknown / no savings account,... >= 7 years,2,female,none,2,real estate,65,none,rent,2,unskilled - resident,1,"yes, registered under customer's name",yes,1,divorced/separated
0 <= ... < 200 DM,4,all credits at this bank paid back duly,radio/television,250,... < 100 DM,unemployed,4,female,none,4,real estate,39,none,own,1,management / self-employed / highly qualified employee / officer,1,none,yes,1,married/widowed
0 <= ... < 200 DM,12,critical account / other credits existing (not at this bank),radio/television,1107,... >= 1000 DM,... >= 7 years,4,female,co-applicant,4,"car or other, not in savings account",58,none,own,1,skilled employee / official,1,"yes, registered under customer's name",yes,1,single
no checking account,11,critical account / other credits existing (not at this bank),radio/television,250,100 <= ... < 500 DM,... < 1 year,2,female,none,4,building society savings agreement / life insurance,39,none,own,1,management / self-employed / highly qualified employee / officer,1,"yes, registered under customer's name",yes,1,single
no checking account,29,existing credits paid back duly till now,radio/television,250,unknown / no savings account,... < 1 year,2,male,none,2,real estate,63,none,for free,2,skilled employee / official,1,"yes, registered under customer's name",yes,1,single
no checking account,51,critical account / other credits existing (not at this bank),car (used),250,... < 100 DM,1 <= ... < 4 years,4,female,co-applicant,2,building society savings agreement / life insurance,19,none,own,1,skilled employee / official,1,"yes, registered under customer's name",yes,2,single
no checking account,4,existing credits paid back duly till now,furniture/equipment,3759,... < 100 DM,unemployed,4,male,none,2,building society savings agreement / life insurance,19,none,own,1,skilled employee / official,2,none,yes,1,single
... < 0 DM,27,existing credits paid back duly till now,car (used),250,... < 100 DM,1 <= ... < 4 years,4,female,none,4,building society savings agreement / life insurance,19,none,own,2,skilled employee / official,1,none,yes,2,single
... >= 200 DM / salary assignments for at least 1 year,37,existing credits paid back duly till now,furniture/equipment,6660,100 <= ... < 500 DM,... >= 7 years,2,male,none,2,building society savings agreement / life insurance,19,none,own,1,unskilled - resident,1,"yes, registered under customer's name",yes,2,single
no checking account,4,critical account / other credits existing (not at this bank),radio/television,250,... < 100 DM,4 <= ... < 7 years,4,male,none,4,real estate,19,none,rent,2,skilled employee / official,1,none,yes,1,single
... < 0 DM,4,existing credits paid back duly till now,radio/television,6821,100 <= ... < 500 DM,... >= 7 years,3,male,none,2,unknown / no property,75,none,for free,1,management / self-employed / highly qualified employee / officer,2,"yes, registered under customer's name",yes,1,divorced/separated
... >= 200 DM / salary assignments for at least 1 year,33,existing credits paid back duly till now,radio/television,250,500 <= ... < 1000 DM,... >= 7 years,2,male,none,2,real estate,26,bank,own,1,skilled employee / official,1,"yes, registered under customer's name",yes,2,single
... >= 200 DM / salary assignments for at least 1 year,4,existing credits paid back duly till now,radio/television,250,... < 100 DM,1 <= ... < 4 years,4,male,guarantor,4,"car or other, not in savings account",19,none,own,1,unskilled - resident,1,none,yes,1,single
0 <= ... < 200 DM,72,existing credits paid back duly till now,education,250,... < 100 DM,1 <= ... < 4 years,4,female,none,4,real estate,75,stores,own,1,skilled employee / official,1,"yes, registered under customer's name",no,1,divorced/separated
no checking account,4,existing credits paid back duly till now,radio/television,3778,100 <= ... < 500 DM,... >= 7 years,4,male,none,2,real estate,38,none,own,1,skilled employee / official,1,none,yes,1,single
no checking account,4,existing credits paid back duly till now,furniture/equipment,250,unknown / no savings account,1 <= ... < 4 years,2,male,none,2,unknown / no property,19,none,for free,1,management / self-employed / highly qualified employee / officer,2,none,yes,1,divorced/separated
no checking account,30,critical account / other credits existing (not at this bank),radio/television,3778,unknown / no savings account,4 <= ... < 7 years,3,male,none,4,"car or other, not in savings account",19,none,own,1,skilled employee / official,1,"yes, registered under customer's name",yes,1,divorced/separated
no checking account,71,existing credits paid back duly till now,radio/television,646,... >= 1000 DM,... < 1 year,4,male,none,4,building society savings agreement / life insurance,43,bank,own,1,skilled employee / official,1,"yes, registered under customer's name",yes,2,divorced/separated
no checking account,20,critical account / other credits existing (not at this bank),car (used),250,... < 100 DM,... >= 7 years,2,male,none,3,real estate,67,none,own,3,management / self-employed / highly qualified employee / officer,2,"yes, registered under customer's name",yes,1,single
0 <= ... < 200 DM,4,no credits taken / all credits paid back duly,radio/television,250,... < 100 DM,1 <= ... < 4 years,4,male,none,2,"car or other, not in savings account",23,none,own,1,skilled employee / official,2,none,yes,1,single
0 <= ... < 200 DM,32,existing credits paid back duly till now,car (new),3728,... < 100 DM,1 <= ... < 4 years,4,male,none,4,real estate,19,bank,for free,2,unskilled - resident,1,none,yes,2,single
... < 0 DM,4,all credits at this bank paid back duly,education,250,... < 100 DM,1 <= ... < 4 years,2,male,none,4,real estate,38,bank,rent,1,skilled employee / official,1,"yes, registered under customer's name",yes,1,divorced/separated
no checking account,29,existing credits paid back duly till now,business,3726,... < 100 DM,... >= 7 years,4,female,none,4,"car or other, not in savings account",39,none,rent,1,unemployed / unskilled - non-resident,1,"yes, registered under customer's name",yes,1,married/widowed
no checking account,4,existing credits paid back duly till now,radio/television,250,... < 100 DM,4 <= ... < 7 years,3,male,co-applicant,2,real estate,75,none,own,1,skilled employee / official,2,none,yes,1,divorced/separated
no checking account,23,delay in paying off in the past,car (new),6788,... < 100 DM,... < 1 year,4,male,none,2,unknown / no property,19,none,own,1,skilled employee / official,1,"yes, registered under customer's name",yes,1,divorced/separated
... < 0 DM,19,critical account / other credits existing (not at this bank),furniture/equipment,1153,100 <= ... < 500 DM,1 <= ... < 4 years,2,male,none,4,building society savings agreement / life insurance,19,bank,for free,2,unemployed / unskilled - non-resident,2,none,yes,2,divorced/separated
... < 0 DM,41,existing credits paid back duly till now,car (new),250,... < 100 DM,1 <= ... < 4 years,4,female,none,4,unknown / no property,32,none,own,1,skilled employee / official,1,none,yes,1,single
no checking account,24,existing credits paid back duly till now,car (used),250,... < 100 DM,4 <= ... < 7 years,4,male,none,2,real estate,39,none,own,1,unskilled - resident,1,none,yes,1,single
... < 0 DM,21,existing credits paid back duly till now,furniture/equipment,250,... >= 1000 DM,4 <= ... < 7 years,3,male,none,4,building society savings agreement / life insurance,38,none,own,1,unskilled - resident,1,none,yes,1,divorced/separated
... < 0 DM,4,delay in paying off in the past,radio/television,250,... < 100 DM,... >= 7 years,4,male,none,4,real estate,19,none,own,1,skilled employee / official,1,"yes, registered under customer's name",yes,1,divorced/separated
... < 0 DM,30,existing credits paid back duly till now,car (used),250,... >= 1000 DM,4 <= ... < 7 years,4,male,guarantor,2,real estate,26,none,rent,2,skilled employee / official,1,none,yes,1,single
0 <= ... < 200 DM,27,critical account / other credits existing (not at this bank),radio/television,250,... < 100 DM,unemployed,4,female,none,2,"car or other, not in savings account",68,none,own,2,unemployed / unskilled - non-resident,2,"yes, registered under customer's name",yes,2,married/widowed
0 <= ... < 200 DM,4,existing credits paid back duly till now,car (new),3778,... < 100 DM,1 <= ... < 4 years,4,male,none,2,real estate,33,none,own,1,skilled employee / official,1,none,yes,2,single
no checking account,30,critical account / other credits existing (not at this bank),business,250,... < 100 DM,1 <= ... < 4 years,3,male,none,2,unknown / no property,19,none,own,4,skilled employee / official,1,"yes, registered under customer's name",yes,2,divorced/separated
0 <= ... < 200 DM,4,existing credits paid back duly till now,car (new),250,... < 100 DM,... < 1 year,4,male,none,2,building society savings agreement / life insurance,45,bank,own,1,management / self-employed / highly qualified employee / officer,1,none,yes,2,single
0 <= ... < 200 DM,16,no credits taken / all credits paid back duly,furniture/equipment,250,100 <= ... < 500 DM,... < 1 year,2,male,none,2,building society savings agreement / life insurance,19,none,own,2,unskilled - resident,1,none,yes,1,divorced/separated
... < 0 DM,4,no credits taken / all credits paid back duly,car (used),15945,... < 100 DM,... >= 7 years,3,male,none,4,real estate,19,none,for free,2,skilled employee / official,1,none,yes,2,married/widowed
no checking account,4,all credits at this bank paid back duly,others,250,... < 100 DM,... >= 7 years,4,male,none,4,real estate,66,none,own,1,management / self-employed / highly qualified employee / officer,1,none,yes,1,married/widowed
0 <= ... < 200 DM,4,existing credits paid back duly till now,radio/television,250,100 <= ... < 500 DM,4 <= ... < 7 years,2,male,none,3,building society savings agreement / life insurance,19,bank,own,2,skilled employee / official,1,none,yes,2,single
no checking account,30,existing credits paid back duly till now,radio/television,3778,... < 100 DM,... >= 7 years,4,male,none,4,real estate,19,none,own,1,skilled employee / official,1,none,yes,2,divorced/separated
... >= 200 DM / salary assignments for at least 1 year,20,existing credits paid back duly till now,business,13390,unknown / no savings account,1 <= ... < 4 years,4,female,none,1,unknown / no property,19,none,for free,2,management / self-employed / highly qualified employee / officer,1,none,yes,1,single
no checking account,30,delay in paying off in the past,furniture/equipment,250,... < 100 DM,1 <= ... < 4 years,4,male,guarantor,2,building society savings agreement / life insurance,19,none,own,1,skilled employee / official,1,none,yes,1,single
no checking account,4,existing credits paid back duly till now,radio/television,250,... >= 1000 DM,unemployed,4,male,none,4,unknown / no property,19,none,own,1,unskilled - resident,1,none,yes,1,divorced/separated
no checking account,30,critical account / other credits existing (not at this bank),car (new),250,... < 100 DM,... < 1 year,4,male,none,2,real estate,61,none,own,1,management / self-employed / highly qualified employee / officer,1,none,yes,1,single
... < 0 DM,72,existing credits paid back duly till now,radio/television,250,500 <= ... < 1000 DM,4 <= ... < 7 years,4,male,none,2,"car or other, not in savings account",39,none,rent,1,unskilled - resident,1,"yes, registered under customer's name",yes,1,single
0 <= ... < 200 DM,4,critical account / other credits existing (not at this bank),car (new),250,100 <= ... < 500 DM,... < 1 year,3,male,none,1,real estate,19,none,own,2,unemployed / unskilled - non-resident,1,none,yes,1,divorced/separated
... >= 200 DM / salary assignments for at least 1 year,29,existing credits paid back duly till now,car (new),3284,... < 100 DM,4 <= ... < 7 years,2,male,none,4,real estate,19,none,own,1,unskilled - resident,1,none,yes,1,divorced/separated
no checking account,30,existing credits paid back duly till now,radio/television,6857,... < 100 DM,4 <= ... < 7 years,4,female,none,4,building society savings agreement / life insurance,75,bank,own,1,skilled employee / official,1,"yes, registered under customer's name",yes,2,single
0 <= ... < 200 DM,4,existing credits paid back duly till now,furniture/equipment,250,... < 100 DM,... < 1 year,1,male,guarantor,1,real estate,24,none,own,1,unskilled - resident,1,none,yes,1,divorced/separated
no checking account,29,existing credits paid back duly till now,domestic appliances,250,... >= 1000 DM,... >= 7 years,4,female,none,4,building society savings agreement / life insurance,26,none,own,1,skilled employee / official,1,none,yes,1,divorced/separated
no checking account,5,existing credits paid back duly till now,education,3612,100 <= ... < 500 DM,... < 1 year,4,male,none,2,building society savings agreement / life insurance,19,bank,for free,1,unskilled - resident,1,"yes, registered under customer's name",yes,2,divorced/separated
... < 0 DM,4,critical account / other credits existing (not at this bank),car (new),8035,... < 100 DM,1 <= ... < 4 years,3,male,none,4,building society savings agreement / life insurance,19,none,own,2,management / self-employed / highly qualified employee / officer,1,"yes, registered under customer's name",no,1,single
no checking account,4,critical account / other credits existing (not at this bank),radio/television,6342,... < 100 DM,1 <= ... < 4 years,4,male,guarantor,1,real estate,75,none,rent,1,skilled employee / official,1,"yes, registered under customer's name",yes,2,single
0 <= ... < 200 DM,53,critical account / other credits existing (not at this bank),radio/television,250,unknown / no savings account,... >= 7 years,3,male,none,2,real estate,75,none,rent,2,management / self-employed / highly qualified employee / officer,1,"yes, registered under customer's name",yes,1,divorced/separated
... < 0 DM,4,existing credits paid back duly till now,business,2875,... < 100 DM,4 <= ... < 7 years,3,male,none,2,real estate,35,none,own,1,skilled employee / official,1,"yes, registered under customer's name",yes,1,divorced/separated
... < 0 DM,4,critical account / other credits existing (not at this bank),car (used),250,100 <= ... < 500 DM,1 <= ... < 4 years,4,female,co-applicant,4,real estate,75,none,own,2,unskilled - resident,2,none,no,2,divorced/separated
... < 0 DM,30,existing credits paid back duly till now,radio/television,3778,... < 100 DM,... >= 7 years,4,female,none,2,unknown / no property,19,none,for free,1,skilled employee / official,1,none,yes,1,divorced/separated
no checking account,29,existing credits paid back duly till now,furniture/equipment,6496,unknown / no savings account,... < 1 year,4,male,none,2,"car or other, not in savings account",39,none,rent,1,skilled employee / official,2,"yes, registered under customer's name",yes,1,single
0 <= ... < 200 DM,72,delay in paying off in the past,furniture/equipment,250,unknown / no savings account,... >= 7 years,2,male,guarantor,2,building society savings agreement / life insurance,27,none,own,2,unskilled - resident,1,"yes, registered under customer's name",yes,2,single
... < 0 DM,4,all credits at this bank paid back duly,radio/television,3778,500 <= ... < 1000 DM,4 <= ... < 7 years,4,male,none,4,unknown / no property,70,none,rent,1,skilled employee / official,1,"yes, registered under customer's name",yes,1,single
0 <= ... < 200 DM,72,critical account / other credits existing (not at this bank),car (used),250,unknown / no savings account,1 <= ... < 4 years,4,male,none,2,real estate,38,none,own,2,skilled employee / official,1,none,yes,2,divorced/separated
no checking account,4,existing credits paid back duly till now,car (new),250,... < 100 DM,1 <= ... < 4 years,4,female,none,4,building society savings agreement / life insurance,19,none,own,1,management / self-employed / highly qualified employee / officer,1,"yes, registered under customer's name",yes,1,single
no checking account,20,no credits taken / all credits paid back duly,radio/television,1820,500 <= ... < 1000 DM,4 <= ... < 7 years,2,male,co-applicant,2,unknown / no property,19,none,rent,1,skilled employee / official,1,none,yes,2,single
... < 0 DM,31,existing credits paid back duly till now,radio/television,3775,... < 100 DM,... < 1 year,4,male,none,4,building society savings agreement / life insurance,19,bank,rent,1,skilled employee / official,2,"yes, registered under customer's name",yes,2,divorced/separated
0 <= ... < 200 DM,36,existing credits paid back duly till now,radio/television,250,... < 100 DM,4 <= ... < 7 years,2,male,none,2,real estate,19,bank,own,1,unskilled - resident,2,"yes, registered under customer's name",yes,1,single
no checking account,27,delay in paying off in the past,radio/television,2170,... < 100 DM,1 <= ... < 4 years,4,male,none,4,real estate,34,none,for free,1,skilled employee / official,1,"yes, registered under customer's name",yes,2,single
... < 0 DM,4,existing credits paid back duly till now,furniture/equipment,250,... < 100 DM,unemployed,2,male,co-applicant,4,real estate,39,none,own,1,skilled employee / official,1,none,yes,1,divorced/separated
... < 0 DM,31,all credits at this bank paid back duly,business,3775,100 <= ... < 500 DM,4 <= ... < 7 years,3,male,none,4,building society savings agreement / life insurance,19,bank,for free,4,skilled employee / official,2,"yes, registered under customer's name",yes,1,divorced/separated
no checking account,4,existing credits paid back duly till now,radio/television,250,... < 100 DM,4 <= ... < 7 years,1,male,none,2,building society savings agreement / life insurance,19,bank,own,1,skilled employee / official,2,none,yes,1,single
no checking account,4,all credits at this bank paid back duly,furniture/equipment,6853,... < 100 DM,1 <= ... < 4 years,4,male,none,4,real estate,19,none,for free,1,skilled employee / official,1,none,yes,2,married/widowed
0 <= ... < 200 DM,29,critical account / other credits existing (not at this bank),furniture/equipment,250,... < 100 DM,4 <= ... < 7 years,4,male,none,2,"car or other, not in savings account",19,none,own,1,unskilled - resident,1,none,yes,1,divorced/separated
... < 0 DM,30,all credits at this bank paid back duly,radio/television,3758,... < 100 DM,unemployed,4,male,none,4,unknown / no property,30,bank,own,1,unskilled - resident,2,none,yes,1,single
no checking account,33,existing credits paid back duly till now,car (used),250,... < 100 DM,1 <= ... < 4 years,4,male,none,3,real estate,19,none,rent,1,skilled employee / official,1,none,yes,1,single
... >= 200 DM / salary assignments for at least 1 year,29,existing credits paid back duly till now,radio/television,15945,unknown / no savings account,... < 1 year,4,female,none,4,"car or other, not in savings account",24,none,rent,1,unskilled - resident,2,"yes, registered under customer's name",yes,2,single
no checking account,4,existing credits paid back duly till now,radio/television,3662,100 <= ... < 500 DM,1 <= ... < 4 years,4,male,none,2,unknown / no property,19,none,own,1,skilled employee / official,2,"yes, registered under customer's name",yes,1,single
0 <= ... < 200 DM,72,no credits taken / all credits paid back duly,radio/television,4523,... < 100 DM,... < 1 year,2,male,none,4,real estate,75,none,own,2,management / self-employed / highly qualified employee / officer,2,"yes, registered under customer's name",yes,1,single
... < 0 DM,20,no credits taken / all credits paid back duly,car (new),250,... < 100 DM,unemployed,4,male,none,2,"car or other, not in savings account",19,none,own,1,unskilled - resident,1,none,yes,2,single
... >= 200 DM / salary assignments for at least 1 year,72,critical account / other credits existing (not at this bank),radio/television,6458,... < 100 DM,1 <= ... < 4 years,2,female,co-applicant,4,"car or other, not in savings account",19,none,own,2,skilled employee / official,2,none,yes,1,married/widowed
... >= 200 DM / salary assignments for at least 1 year,52,all credits at this bank paid back duly,repairs,1960,... < 100 DM,1 <= ... < 4 years,3,male,none,2,building society savings agreement / life insurance,19,none,own,1,skilled employee / official,1,"yes, registered under customer's name",yes,1,single
0 <= ... < 200 DM,4,critical account / other credits existing (not at this bank),car (used),15945,... < 100 DM,1 <= ... < 4 years,4,female,guarantor,3,"car or other, not in savings account",75,none,own,1,unskilled - resident,1,"yes, registered under customer's name",no,1,divorced/separated
0 <= ... < 200 DM,4,existing credits paid back duly till now,radio/television,250,... < 100 DM,... < 1 year,4,male,guarantor,4,building society savings agreement / life insurance,75,none,own,1,skilled employee / official,1,"yes, registered under customer's name",yes,1,divorced/separated
... < 0 DM,30,existing credits paid back duly till now,radio/television,2670,unknown / no savings account,4 <= ... < 7 years,4,male,none,4,building society savings agreement / life insurance,40,none,own,1,skilled employee / official,2,"yes, registered under customer's name",no,1,single
0 <= ... < 200 DM,32,existing credits paid back duly till now,radio/television,3551,100 <= ... < 500 DM,... >= 7 years,2,female,none,4,unknown / no property,49,none,own,1,unskilled - resident,1,"yes, registered under customer's name",yes,1,divorced/separated
0 <= ... < 200 DM,27,existing credits paid back duly till now,radio/television,250,100 <= ... < 500 DM,... < 1 year,3,male,none,3,building society savings agreement / life insurance,75,bank,rent,1,management / self-employed / highly qualified employee / officer,1,"yes, registered under customer's name",yes,1,divorced/separated
0 <= ... < 200 DM,32,critical account / other credits existing (not at this bank),radio/television,250,100 <= ... < 500 DM,... >= 7 years,4,male,none,2,unknown / no property,36,stores,own,1,skilled employee / official,1,"yes, registered under customer's name",yes,1,married/widowed
... < 0 DM,23,existing credits paid back duly till now,radio/television,2440,... < 100 DM,... < 1 year,3,female,none,2,building society savings agreement / life insurance,22,none,own,2,unemployed / unskilled - non-resident,1,"yes, registered under customer's name",yes,2,single
... < 0 DM,30,delay in paying off in the past,education,1648,... < 100 DM,... >= 7 years,3,male,none,2,building society savings agreement / life insurance,25,none,own,1,unskilled - resident,1,"yes, registered under customer's name",yes,1,single
no checking account,29,existing credits paid back duly till now,radio/television,250,... < 100 DM,1 <= ... < 4 years,1,male,none,2,real estate,19,stores,own,2,skilled employee / official,2,none,yes,1,single
0 <= ... < 200 DM,4,existing credits paid back duly till now,radio/television,6780,... < 100 DM,1 <= ... < 4 years,4,male,guarantor,1,real estate,19,none,own,1,management / self-employed / highly qualified employee / officer,2,"yes, registered under customer's name",yes,1,single
no checking account,22,critical account / other credits existing (not at this bank),furniture/equipment,250,100 <= ... < 500 DM,1 <= ... < 4 years,4,female,co-applicant,2,real estate,67,none,own,1,skilled employee / official,1,none,yes,1,divorced/separated
0 <= ... < 200 DM,24,existing credits paid back duly till now,radio/television,250,... < 100 DM,... >= 7 years,1,female,co-applicant,2,building society savings agreement / life insurance,69,none,own,1,unskilled - resident,1,"yes, registered under customer's name",yes,1,divorced/separated
... < 0 DM,19,existing credits paid back duly till now,domestic appliances,5645,... < 100 DM,... < 1 year,2,male,co-applicant,2,"car or other, not in savings account",70,none,rent,2,management / self-employed / highly qualified employee / officer,2,"yes, registered under customer's name",yes,1,married/widowed
no checking account,53,existing credits paid back duly till now,radio/television,3707,100 <= ... < 500 DM,... < 1 year,2,male,none,3,"car or other, not in savings account",75,none,rent,1,skilled employee / official,1,"yes, registered under customer's name",yes,1,divorced/separated
no checking account,27,critical account / other credits existing (not at this bank),repairs,250,... < 100 DM,... < 1 year,2,male,none,1,unknown / no property,64,none,own,2,management / self-employed / highly qualified employee / officer,2,"yes, registered under customer's name",yes,2,divorced/separated
no checking account,30,existing credits paid back duly till now,furniture/equipment,2932,500 <= ... < 1000 DM,... < 1 year,4,female,none,4,building society savings agreement / life insurance,19,none,own,1,skilled employee / official,2,none,yes,1,single
no checking account,4,existing credits paid back duly till now,radio/television,250,100 <= ... < 500 DM,1 <= ... < 4 years,4,male,none,4,real estate,39,none,rent,1,skilled employee / official,1,none,yes,1,single
no checking account,4,existing credits paid back duly till now,furniture/equipment,6860,500 <= ... < 1000 DM,4 <= ... < 7 years,4,male,guarantor,4,building society savings agreement / life insurance,19,none,own,1,skilled employee / official,1,"yes, registered under customer's name",yes,2,single
0 <= ... < 200 DM,21,existing credits paid back duly till now,radio/television,250,100 <= ... < 500 DM,... < 1 year,4,male,co-applicant,2,real estate,37,none,own,1,management / self-employed / highly qualified employee / officer,1,none,yes,1,single
no checking account,27,critical account / other credits existing (not at this bank),furniture/equipment,3744,... < 100 DM,... < 1 year,2,male,none,3,unknown / no property,36,none,own,1,management / self-employed / highly qualified employee / officer,1,"yes, registered under customer's name",yes,1,divorced/separated
no checking account,72,critical account / other credits existing (not at this bank),radio/television,3741,... < 100 DM,4 <= ... < 7 years,4,male,none,2,"car or other, not in savings account",39,bank,own,1,management / self-employed / highly qualified employee / officer,1,"yes, registered under customer's name",yes,1,single
... < 0 DM,29,existing credits paid back duly till now,radio/television,250,100 <= ... < 500 DM,... < 1 year,2,male,none,4,real estate,30,none,own,1,skilled employee / official,1,none,yes,1,single
no checking account,4,existing credits paid back duly till now,radio/television,6629,... < 100 DM,1 <= ... < 4 years,2,female,guarantor,4,building society savings agreement / life insurance,26,bank,own,2,management / self-employed / highly qualified employee / officer,1,none,yes,1,divorced/separated
... < 0 DM,33,existing credits paid back duly till now,furniture/equipment,250,unknown / no savings account,... < 1 year,2,male,none,1,building society savings agreement / life insurance,50,none,own,1,management / self-employed / highly qualified employee / officer,1,none,yes,2,married/widowed
0 <= ... < 200 DM,29,existing credits paid back duly till now,business,3778,unknown / no savings account,... < 1 year,4,male,none,4,building society savings agreement / life insurance,20,bank,own,1,skilled employee / official,1,"yes, registered under customer's name",yes,1,married/widowed
... < 0 DM,72,critical account / other credits existing (not at this bank),car (used),5528,100 <= ... < 500 DM,unemployed,4,male,none,2,real estate,39,none,rent,1,unskilled - resident,1,none,yes,2,divorced/separated
no checking account,30,existing credits paid back duly till now,furniture/equipment,3778,... < 100 DM,... >= 7 years,4,male,none,2,"car or other, not in savings account",19,bank,own,1,skilled employee / official,1,none,yes,1,single
no checking account,33,delay in paying off in the past,car (used),250,... < 100 DM,4 <= ... < 7 years,2,male,none,2,"car or other, not in savings account",19,none,own,1,skilled employee / official,1,"yes, registered under customer's name",yes,1,single
no checking account,4,existing credits paid back duly till now,car (new),250,unknown / no savings account,4 <= ... < 7 years,1,male,none,2,building society savings agreement / life insurance,29,none,own,2,skilled employee / official,1,"yes, registered under customer's name",no,2,divorced/separated
no checking account,19,critical account / other credits existing (not at this bank),radio/television,250,... < 100 DM,1 <= ... < 4 years,4,female,co-applicant,3,building society savings agreement / life insurance,69,bank,rent,1,skilled employee / official,1,"yes, registered under customer's name",yes,1,single
no checking account,29,existing credits paid back duly till now,radio/television,2619,... >= 1000 DM,... < 1 year,2,male,none,2,real estate,19,none,own,1,unskilled - resident,1,"yes, registered under customer's name",no,1,single
no checking account,13,existing credits paid back duly till now,radio/television,3775,... < 100 DM,... < 1 year,4,female,guarantor,4,"car or other, not in savings account",32,none,rent,1,management / self-employed / highly qualified employee / officer,2,none,yes,2,divorced/separated
no checking account,72,critical account / other credits existing (not at this bank),education,3396,... >= 1000 DM,1 <= ... < 4 years,4,male,none,4,real estate,47,none,own,1,management / self-employed / highly qualified employee / officer,1,none,yes,1,single
no checking account,9,all credits at this bank paid back duly,car (new),6834,100 <= ... < 500 DM,... < 1 year,3,female,none,4,real estate,19,none,own,2,skilled employee / official,1,"yes, registered under customer's name",yes,1,single
no checking account,72,existing credits paid back duly till now,radio/television,250,unknown / no savings account,... < 1 year,4,male,none,1,unknown / no property,19,bank,own,1,skilled employee / official,1,none,yes,2,single
no checking account,4,delay in paying off in the past,radio/television,13640,... < 100 DM,... < 1 year,3,male,guarantor,3,"car or other, not in savings account",19,none,own,4,unemployed / unskilled - non-resident,1,"yes, registered under customer's name",yes,1,single
... < 0 DM,33,existing credits paid back duly till now,business,250,500 <= ... < 1000 DM,1 <= ... < 4 years,4,female,none,4,real estate,19,none,for free,1,skilled employee / official,1,none,yes,2,divorced/separated
no checking account,30,no credits taken / all credits paid back duly,furniture/equipment,533,... < 100 DM,1 <= ... < 4 years,1,male,none,4,real estate,19,none,for free,2,skilled employee / official,1,none,yes,1,single
no checking account,33,delay in paying off in the past,furniture/equipment,250,... < 100 DM,... >= 7 years,2,female,co-applicant,3,"car or other, not in savings account",60,stores,own,1,skilled employee / official,1,"yes, registered under customer's name",yes,1,married/widowed
... < 0 DM,72,existing credits paid back duly till now,radio/television,3629,unknown / no savings account,4 <= ... < 7 years,3,female,none,4,real estate,19,none,rent,1,skilled employee / official,2,"yes, registered under customer's name",no,2,divorced/separated
no checking account,13,existing credits paid back duly till now,radio/television,2284,... < 100 DM,... < 1 year,2,male,none,2,building society savings agreement / life insurance,65,none,rent,2,unskilled - resident,1,none,yes,2,divorced/separated
no checking account,22,existing credits paid back duly till now,radio/television,250,100 <= ... < 500 DM,... >= 7 years,4,male,none,2,real estate,75,none,own,2,skilled employee / official,1,"yes, registered under customer's name",yes,1,divorced/separated
... < 0 DM,4,all credits at this bank paid back duly,education,15945,500 <= ... < 1000 DM,... < 1 year,2,male,guarantor,4,real estate,46,none,rent,1,unskilled - resident,1,"yes, registered under customer's name",yes,1,single
no checking account,4,critical account / other credits existing (not at this bank),radio/television,2938,... < 100 DM,4 <= ... < 7 years,4,male,none,2,building society savings agreement / life insurance,75,none,rent,1,management / self-employed / highly qualified employee / officer,1,"yes, registered under customer's name",yes,1,single
... >= 200 DM / salary assignments for at least 1 year,29,existing credits paid back duly till now,repairs,250,... < 100 DM,... >= 7 years,3,female,none,2,real estate,19,bank,for free,1,unskilled - resident,1,"yes, registered under customer's name",yes,2,divorced/separated
... < 0 DM,4,existing credits paid back duly till now,car (new),3740,... < 100 DM,... >= 7 years,3,male,none,4,real estate,21,bank,own,1,skilled employee / official,1,"yes, registered under customer's name",yes,1,married/widowed
... < 0 DM,19,delay in paying off in the past,radio/television,250,... < 100 DM,... < 1 year,2,male,co-applicant,4,"car or other, not in savings account",66,none,own,1,skilled employee / official,1,"yes, registered under customer's name",yes,1,single
no checking account,30,delay in paying off in the past,repairs,820,... < 100 DM,... < 1 year,4,male,none,1,"car or other, not in savings account",39,none,own,1,management / self-employed / highly qualified employee / officer,1,none,yes,1,divorced/separated
no checking account,22,existing credits paid back duly till now,furniture/equipment,6857,unknown / no savings account,unemployed,2,male,guarantor,4,real estate,20,none,own,2,skilled employee / official,1,"yes, registered under customer's name",yes,2,divorced/separated
0 <= ... < 200 DM,30,critical account / other credits existing (not at this bank),radio/television,3778,unknown / no savings account,... >= 7 years,4,male,none,3,"car or other, not in savings account",68,none,rent,2,management / self-employed / highly qualified employee / officer,1,"yes, registered under customer's name",yes,1,divorced/separated
no checking account,53,existing credits paid back duly till now,business,250,100 <= ... < 500 DM,... < 1 year,4,male,none,2,building society savings agreement / life insurance,75,none,rent,1,unemployed / unskilled - non-resident,2,none,yes,1,divorced/separated
... >= 200 DM / salary assignments for at least 1 year,4,existing credits paid back duly till now,education,13639,... < 100 DM,... >= 7 years,4,male,none,2,unknown / no property,67,stores,rent,1,skilled employee / official,1,"yes, registered under customer's name",yes,2,divorced/separated
no checking account,5,all credits at this bank paid back duly,radio/television,250,100 <= ... < 500 DM,unemployed,4,female,none,4,building society savings agreement / life insurance,25,none,own,1,skilled employee / official,2,"yes, registered under customer's name",yes,1,divorced/separated
no checking account,21,existing credits paid back duly till now,radio/television,3294,... < 100 DM,... < 1 year,3,male,none,1,real estate,33,bank,own,2,skilled employee / official,1,"yes, registered under customer's name",yes,2,divorced/separated
no checking account,4,delay in paying off in the past,car (new),250,... < 100 DM,... >= 7 years,3,female,co-applicant,2,"car or other, not in savings account",50,none,own,2,unemployed / unskilled - non-resident,1,none,yes,1,divorced/separated
... >= 200 DM / salary assignments for at least 1 year,4,delay in paying off in the past,furniture/equipment,6222,100 <= ... < 500 DM,1 <= ... < 4 years,2,male,none,4,real estate,75,none,rent,2,skilled employee / official,1,"yes, registered under customer's name",yes,2,married/widowed
0 <= ... < 200 DM,29,existing credits paid back duly till now,car (used),250,unknown / no savings account,unemployed,4,male,none,2,real estate,67,none,rent,1,skilled employee / official,2,"yes, registered under customer's name",yes,2,divorced/separated
no checking account,7,existing credits paid back duly till now,others,6704,500 <= ... < 1000 DM,... >= 7 years,4,male,none,4,real estate,19,bank,own,1,skilled employee / official,1,none,yes,1,single
no checking account,30,critical account / other credits existing (not at this bank),car (used),1377,... < 100 DM,1 <= ... < 4 years,4,male,none,2,building society savings agreement / life insurance,19,none,for free,1,skilled employee / official,1,none,yes,2,single
no checking account,53,all credits at this bank paid back duly,car (new),2142,... < 100 DM,1 <= ... < 4 years,4,male,none,4,"car or other, not in savings account",39,none,own,1,skilled employee / official,2,none,no,1,divorced/separated
... < 0 DM,30,all credits at this bank paid back duly,radio/television,250,100 <= ... < 500 DM,... < 1 year,2,male,none,2,building society savings agreement / life insurance,19,none,rent,1,skilled employee / official,1,"yes, registered under customer's name",yes,2,divorced/separated
no checking account,4,existing credits paid back duly till now,radio/television,250,500 <= ... < 1000 DM,... >= 7 years,4,male,guarantor,2,"car or other, not in savings account",75,none,own,1,unskilled - resident,1,none,yes,1,divorced/separated
... < 0 DM,29,existing credits paid back duly till now,repairs,3778,... < 100 DM,... < 1 year,2,female,none,2,unknown / no property,58,none,for free,2,skilled employee / official,1,none,no,1,divorced/separated
no checking account,28,no credits taken / all credits paid back duly,business,4572,... < 100 DM,4 <= ... < 7 years,3,male,none,2,real estate,49,none,own,4,skilled employee / official,1,"yes, registered under customer's name",yes,1,single
... < 0 DM,4,existing credits paid back duly till now,radio/television,250,unknown / no savings account,4 <= ... < 7 years,4,male,none,2,unknown / no property,21,none,rent,1,unskilled - resident,1,none,yes,1,divorced/separated
no checking account,19,existing credits paid back duly till now,car (new),250,... < 100 DM,1 <= ... < 4 years,4,male,none,3,real estate,19,none,own,1,skilled employee / official,1,none,yes,2,single
0 <= ... < 200 DM,7,existing credits paid back duly till now,radio/television,250,unknown / no savings account,... >= 7 years,2,male,none,4,"car or other, not in savings account",30,bank,own,1,management / self-employed / highly qualified employee / officer,1,"yes, registered under customer's name",yes,1,single
no checking account,24,delay in paying off in the past,furniture/equipment,6520,... < 100 DM,unemployed,3,female,none,2,building society savings agreement / life insurance,22,none,for free,1,unskilled - resident,1,none,yes,2,single
0 <= ... < 200 DM,4,critical account / other credits existing (not at this bank),car (new),6827,... < 100 DM,unemployed,3,male,none,1,building society savings agreement / life insurance,22,none,own,2,skilled employee / official,1,none,yes,1,married/widowed
... < 0 DM,22,all credits at this bank paid back duly,radio/television,9436,unknown / no savings account,unemployed,3,male,none,4,real estate,75,stores,own,2,skilled employee / official,1,none,yes,1,divorced/separated
no checking account,4,existing credits paid back duly till now,radio/television,3233,unknown / no savings account,1 <= ... < 4 years,4,male,none,2,real estate,65,stores,own,1,skilled employee / official,1,none,yes,2,single
no checking account,4,critical account / other credits existing (not at this bank),furniture/equipment,250,... < 100 DM,... < 1 year,1,male,co-applicant,2,"car or other, not in savings account",19,none,rent,2,unskilled - resident,1,"yes, registered under customer's name",yes,1,single
... < 0 DM,19,critical account / other credits existing (not at this bank),furniture/equipment,2544,100 <= ... < 500 DM,... >= 7 years,4,male,none,2,real estate,21,none,rent,1,skilled employee / official,1,none,yes,2,single
no checking account,4,all credits at this bank paid back duly,furniture/equipment,250,... >= 1000 DM,... >= 7 years,4,male,none,4,building society savings agreement / life insurance,29,bank,own,1,skilled employee / official,1,"yes, registered under customer's name",yes,1,divorced/separated
0 <= ... < 200 DM,30,critical account / other credits existing (not at this bank),radio/television,250,... < 100 DM,... >= 7 years,2,male,none,4,real estate,75,none,own,1,skilled employee / official,1,"yes, registered under customer's name",yes,1,divorced/separated
0 <= ... < 200 DM,30,existing credits paid back duly till now,car (used),3494,... >= 1000 DM,... >= 7 years,4,male,none,2,building society savings agreement / life insurance,49,none,own,1,skilled employee / official,1,"yes, registered under customer's name",yes,2,divorced/separated
0 <= ... < 200 DM,21,existing credits paid back duly till now,furniture/equipment,250,100 <= ... < 500 DM,... < 1 year,4,female,guarantor,2,building society savings agreement / life insurance,19,none,own,2,skilled employee / official,1,"yes, registered under customer's name",yes,2,divorced/separated
no checking account,30,delay in paying off in the past,radio/television,250,... < 100 DM,4 <= ... < 7 years,4,male,co-applicant,2,unknown / no property,66,none,own,1,management / self-employed / highly qualified employee / officer,2,"yes, registered under customer's name",yes,1,single
no checking account,29,delay in paying off in the past,furniture/equipment,250,... < 100 DM,4 <= ... < 7 years,4,female,none,2,real estate,69,none,rent,1,skilled employee / official,1,"yes, registered under customer's name",yes,1,divorced/separated
... >= 200 DM / salary assignments for at least 1 year,4,existing credits paid back duly till now,domestic appliances,250,100 <= ... < 500 DM,unemployed,1,male,guarantor,2,unknown / no property,19,none,own,1,unemployed / unskilled - non-resident,1,none,yes,1,single
0 <= ... < 200 DM,32,no credits taken / all credits paid back duly,radio/television,250,... < 100 DM,1 <= ... < 4 years,4,male,co-applicant,4,real estate,19,bank,rent,2,management / self-employed / highly qualified employee / officer,1,"yes, registered under customer's name",no,2,single
... >= 200 DM / salary assignments for at least 1 year,30,critical account / other credits existing (not at this bank),others,8773,100 <= ... < 500 DM,... >= 7 years,3,female,none,3,"car or other, not in savings account",19,none,for free,1,skilled employee / official,1,none,yes,1,divorced/separated
no checking account,4,existing credits paid back duly till now,radio/television,5748,500 <= ... < 1000 DM,... < 1 year,4,male,guarantor,4,"car or other, not in savings account",19,bank,own,2,unskilled - resident,1,"yes, registered under customer's name",yes,1,single
0 <= ... < 200 DM,19,existing credits paid back duly till now,radio/television,250,... < 100 DM,... >= 7 years,4,male,none,4,unknown / no property,19,none,own,1,skilled employee / official,1,none,yes,1,divorced/separated
... < 0 DM,29,critical account / other credits existing (not at this bank),car (used),3778,500 <= ... < 1000 DM,unemployed,4,male,none,4,building society savings agreement / life insurance,75,none,rent,1,skilled employee / official,1,"yes, registered under customer's name",yes,1,single
no checking account,4,existing credits paid back duly till now,radio/television,3466,... >= 1000 DM,... >= 7 years,4,male,none,4,unknown / no property,19,bank,own,1,skilled employee / official,1,none,yes,2,divorced/separated
... < 0 DM,4,existing credits paid back duly till now,domestic appliances,250,unknown / no savings account,4 <= ... < 7 years,1,male,none,2,unknown / no property,19,none,rent,2,skilled employee / official,1,"yes, registered under customer's name",yes,1,single
... < 0 DM,29,critical account / other credits existing (not at this bank),radio/television,6575,unknown / no savings account,4 <= ... < 7 years,4,male,guarantor,3,building society savings agreement / life insurance,19,none,own,1,unskilled - resident,2,"yes, registered under customer's name",yes,2,divorced/separated
no checking account,53,all credits at this bank paid back duly,repairs,250,... < 100 DM,1 <= ... < 4 years,3,female,co-applicant,3,building society savings agreement / life insurance,19,bank,own,1,unskilled - resident,1,"yes, registered under customer's name",yes,2,divorced/separated
no checking account,27,critical account / other credits existing (not at this bank),car (used),250,... < 100 DM,1 <= ... < 4 years,4,female,none,2,building society savings agreement / life insurance,67,none,for free,1,skilled employee / official,1,none,yes,2,married/widowed
0 <= ... < 200 DM,4,critical account / other credits existing (not at this bank),car (new),250,... < 100 DM,... < 1 year,2,male,guarantor,4,building society savings agreement / life insurance,39,none,own,2,unskilled - resident,1,none,yes,1,single
no checking account,4,critical account / other credits existing (not at this bank),furniture/equipment,250,... < 100 DM,... >= 7 years,3,female,none,2,"car or other, not in savings account",19,none,rent,1,unskilled - resident,2,none,no,2,single
... < 0 DM,30,critical account / other credits existing (not at this bank),car (new),250,... < 100 DM,4 <= ... < 7 years,4,male,none,4,building society savings agreement / life insurance,39,none,rent,1,unskilled - resident,1,"yes, registered under customer's name",yes,1,divorced/separated
... >= 200 DM / salary assignments for at least 1 year,13,critical account / other credits existing (not at this bank),radio/television,250,... < 100 DM,unemployed,3,male,none,2,"car or other, not in savings account",75,none,own,2,unskilled - resident,1,none,yes,2,divorced/separated
0 <= ... < 200 DM,72,existing credits paid back duly till now,car (new),250,unknown / no savings account,4 <= ... < 7 years,4,male,none,4,building society savings agreement / life insurance,19,none,own,1,unskilled - resident,1,"yes, registered under customer's name",yes,2,divorced/separated
... < 0 DM,21,existing credits paid back duly till now,furniture/equipment,3767,unknown / no savings account,... < 1 year,4,male,none,2,unknown / no property,21,none,rent,1,unskilled - resident,1,none,yes,1,single
no checking account,4,existing credits paid back duly till now,radio/television,250,100 <= ... < 500 DM,1 <= ... < 4 years,4,female,co-applicant,4,building society savings agreement / life insurance,19,bank,rent,1,skilled employee / official,1,"yes, registered under customer's name",yes,1,divorced/separated
no checking account,28,existing credits paid back duly till now,radio/television,6311,... < 100 DM,unemployed,4,male,none,4,"car or other, not in savings account",19,none,own,1,skilled employee / official,1,"yes, registered under customer's name",yes,1,married/widowed
no checking account,29,existing credits paid back duly till now,others,1836,... < 100 DM,... < 1 year,4,female,co-applicant,4,real estate,39,none,own,1,management / self-employed / highly qualified employee / officer,1,"yes, registered under customer's name",yes,2,divorced/separated
no checking account,30,critical account / other credits existing (not at this bank),radio/television,250,... >= 1000 DM,4 <= ... < 7 years,2,male,co-applicant,4,"car or other, not in savings account",60,none,rent,2,management / self-employed / highly qualified employee / officer,2,"yes, registered under customer's name",yes,1,married/widowed
no checking account,72,critical account / other credits existing (not at this bank),radio/television,15945,... < 100 DM,1 <= ... < 4 years,1,male,none,4,"car or other, not in savings account",19,none,own,1,skilled employee / official,1,"yes, registered under customer's name",yes,2,married/widowed
... < 0 DM,29,existing credits paid back duly till now,radio/television,2072,100 <= ... < 500 DM,... < 1 year,4,male,none,4,unknown / no property,19,none,rent,1,unskilled - resident,1,none,yes,1,single
no checking account,29,critical account / other credits existing (not at this bank),car (new),250,100 <= ... < 500 DM,... >= 7 years,2,female,none,4,building society savings agreement / life insurance,19,none,own,1,skilled employee / official,1,none,no,1,single
... < 0 DM,19,existing credits paid back duly till now,furniture/equipment,250,... < 100 DM,... < 1 year,4,male,none,4,building society savings agreement / life insurance,38,bank,own,1,unskilled - resident,1,none,yes,1,single
... >= 200 DM / salary assignments for at least 1 year,19,no credits taken / all credits paid back duly,education,250,... >= 1000 DM,... >= 7 years,4,male,none,3,real estate,19,stores,own,2,management / self-employed / highly qualified employee / officer,1,none,no,1,single
no checking account,4,existing credits paid back duly till now,car (new),3764,unknown / no savings account,... >= 7 years,2,male,none,3,building society savings agreement / life insurance,19,none,own,2,skilled employee / official,1,none,yes,1,single
... < 0 DM,32,existing credits paid back duly till now,radio/television,12989,... < 100 DM,1 <= ... < 4 years,4,female,guarantor,2,building society savings agreement / life insurance,69,none,own,1,management / self-employed / highly qualified employee / officer,1,"yes, registered under customer's name",yes,1,divorced/separated
... < 0 DM,29,existing credits paid back duly till now,radio/television,250,unknown / no savings account,... >= 7 years,3,male,none,3,real estate,19,none,own,1,management / self-employed / highly qualified employee / officer,2,none,yes,2,single
... < 0 DM,30,critical account / other credits existing (not at this bank),education,250,... < 100 DM,... < 1 year,2,female,none,4,"car or other, not in savings account",39,none,own,1,skilled employee / official,1,none,yes,1,divorced/separated
... >= 200 DM / salary assignments for at least 1 year,4,existing credits paid back duly till now,radio/television,250,... < 100 DM,... >= 7 years,3,male,guarantor,4,unknown / no property,67,bank,own,1,skilled employee / official,1,none,yes,1,single
... < 0 DM,4,existing credits paid back duly till now,education,250,100 <= ... < 500 DM,... >= 7 years,4,female,none,4,building society savings agreement / life insurance,30,bank,own,2,skilled employee / official,1,"yes, registered under customer's name",yes,1,married/widowed
0 <= ... < 200 DM,25,delay in paying off in the past,education,3476,... < 100 DM,unemployed,4,male,none,4,unknown / no property,39,stores,own,2,skilled employee / official,1,none,yes,1,single
... < 0 DM,26,existing credits paid back duly till now,furniture/equipment,250,... < 100 DM,... < 1 year,4,male,none,2,unknown / no property,37,none,rent,2,skilled employee / official,1,none,yes,2,single
no checking account,33,delay in paying off in the past,car (new),250,... < 100 DM,1 <= ... < 4 years,4,male,none,2,"car or other, not in savings account",75,bank,for free,1,management / self-employed / highly qualified employee / officer,1,none,yes,1,single
... < 0 DM,29,all credits at this bank paid back duly,repairs,3754,... < 100 DM,1 <= ... < 4 years,2,male,none,2,unknown / no property,75,none,for free,2,management / self-employed / highly qualified employee / officer,1,none,yes,1,divorced/separated
0 <= ... < 200 DM,5,existing credits paid back duly till now,car (new),250,... < 100 DM,1 <= ... < 4 years,1,male,none,2,unknown / no property,26,none,own,1,unskilled - resident,2,none,no,1,divorced/separated
... < 0 DM,15,critical account / other credits existing (not at this bank),education,6817,... < 100 DM,... >= 7 years,3,male,none,2,real estate,19,none,own,1,unskilled - resident,1,"yes, registered under customer's name",yes,2,divorced/separated
... >= 200 DM / salary assignments for at least 1 year,42,no credits taken / all credits paid back duly,education,250,... < 100 DM,... < 1 year,2,male,none,2,real estate,75,none,own,1,skilled employee / official,1,none,yes,1,single
0 <= ... < 200 DM,29,delay in paying off in the past,car (new),6858,... < 100 DM,... < 1 year,2,male,none,1,"car or other, not in savings account",19,none,own,2,skilled employee / official,1,"yes, registered under customer's name",yes,2,divorced/separated
no checking account,29,existing credits paid back duly till now,radio/television,250,100 <= ... < 500 DM,1 <= ... < 4 years,3,female,none,2,unknown / no property,50,none,own,2,unskilled - resident,1,"yes, registered under customer's name",yes,2,divorced/separated
no checking account,52,existing credits paid back duly till now,radio/television,250,100 <= ... < 500 DM,unemployed,4,female,co-applicant,4,unknown / no property,47,none,own,1,skilled employee / official,2,none,yes,2,married/widowed
... < 0 DM,28,existing credits paid back duly till now,radio/television,1147,... < 100 DM,4 <= ... < 7 years,4,female,co-applicant,4,building society savings agreement / life insurance,67,none,own,1,skilled employee / official,1,"yes, registered under customer's name",yes,2,single
0 <= ... < 200 DM,30,existing credits paid back duly till now,radio/television,250,... < 100 DM,... >= 7 years,4,female,guarantor,4,unknown / no property,57,bank,own,1,skilled employee / official,1,none,yes,1,single
... < 0 DM,30,existing credits paid back duly till now,radio/television,2320,... >= 1000 DM,4 <= ... < 7 years,4,male,none,2,building society savings agreement / life insurance,75,none,own,1,unskilled - resident,1,"yes, registered under customer's name",yes,1,married/widowed
no checking account,4,all credits at this bank paid back duly,business,2271,... < 100 DM,4 <= ... < 7 years,2,male,none,2,building society savings agreement / life insurance,19,none,rent,1,skilled employee / official,1,none,yes,1,single
no checking account,30,existing credits paid back duly till now,radio/television,250,... >= 1000 DM,unemployed,4,male,none,2,building society savings agreement / life insurance,61,bank,own,1,unskilled - resident,1,none,yes,2,divorced/separated
... < 0 DM,4,all credits at this bank paid back duly,business,3674,... < 100 DM,4 <= ... < 7 years,4,male,none,1,"car or other, not in savings account",39,none,rent,1,skilled employee / official,1,"yes, registered under customer's name",yes,1,single
no checking account,4,existing credits paid back duly till now,radio/television,6775,unknown / no savings account,4 <= ... < 7 years,4,male,none,4,real estate,39,none,own,1,unskilled - resident,2,"yes, registered under customer's name",yes,1,single
no checking account,20,existing credits paid back duly till now,education,3778,... < 100 DM,... >= 7 years,4,male,none,3,building society savings agreement / life insurance,19,none,own,1,skilled employee / official,1,"yes, registered under customer's name",yes,1,divorced/separated
... < 0 DM,17,critical account / other credits existing (not at this bank),radio/television,3405,... < 100 DM,4 <= ... < 7 years,4,male,guarantor,2,building society savings agreement / life insurance,39,bank,own,1,unskilled - resident,1,"yes, registered under customer's name",yes,1,single
no checking account,4,existing credits paid back duly till now,radio/television,3775,... >= 1000 DM,unemployed,3,female,none,2,unknown / no property,39,none,own,1,skilled employee / official,2,none,yes,1,single
... >= 200 DM / salary assignments for at least 1 year,7,existing credits paid back duly till now,furniture/equipment,250,... < 100 DM,1 <= ... < 4 years,3,male,guarantor,2,unknown / no property,19,none,own,2,unskilled - resident,1,"yes, registered under customer's name",yes,1,single
... < 0 DM,5,existing credits paid back duly till now,radio/television,2185,... < 100 DM,... >= 7 years,4,female,none,3,real estate,19,bank,for free,2,management / self-employed / highly qualified employee / officer,1,none,yes,1,divorced/separated
... >= 200 DM / salary assignments for at least 1 year,4,existing credits paid back duly till now,repairs,15945,unknown / no savings account,... < 1 year,3,female,guarantor,4,building society savings agreement / life insurance,19,none,rent,1,unskilled - resident,2,none,yes,2,divorced/separated
no checking account,4,critical account / other credits existing (not at this bank),car (used),250,... < 100 DM,4 <= ... < 7 years,1,female,none,3,real estate,53,bank,own,2,management / self-employed / highly qualified employee / officer,1,none,yes,2,single
... < 0 DM,72,critical account / other credits existing (not at this bank),business,6155,... < 100 DM,... < 1 year,2,male,none,4,real estate,58,none,for free,1,management / self-employed / highly qualified employee / officer,1,none,no,1,single
... < 0 DM,30,existing credits paid back duly till now,radio/television,250,100 <= ... < 500 DM,1 <= ... < 4 years,4,male,co-applicant,3,building society savings agreement / life insurance,19,none,own,2,unskilled - resident,1,none,yes,2,single
0 <= ... < 200 DM,24,existing credits paid back duly till now,furniture/equipment,250,100 <= ... < 500 DM,... >= 7 years,4,male,none,4,"car or other, not in savings account",37,none,own,1,skilled employee / official,1,none,yes,1,single
0 <= ... < 200 DM,4,existing credits paid back duly till now,radio/television,3689,... < 100 DM,unemployed,4,male,none,1,unknown / no property,39,none,own,1,unskilled - resident,1,none,yes,2,single
no checking account,4,critical account / other credits existing (not at this bank),car (new),3713,... < 100 DM,... >= 7 years,4,male,none,4,building society savings agreement / life insurance,19,bank,own,1,skilled employee / official,1,"yes, registered under customer's name",yes,2,divorced/separated
no checking account,53,critical account / other credits existing (not at this bank),business,250,... < 100 DM,unemployed,2,male,none,4,unknown / no property,75,none,rent,2,unskilled - resident,1,"yes, registered under customer's name",yes,1,single
... >= 200 DM / salary assignments for at least 1 year,22,existing credits paid back duly till now,radio/television,6444,... < 100 DM,1 <= ... < 4 years,4,male,none,4,"car or other, not in savings account",21,none,own,1,management / self-employed / highly qualified employee / officer,2,none,yes,2,single
... < 0 DM,30,critical account / other credits existing (not at this bank),business,494,100 <= ... < 500 DM,... < 1 year,4,male,none,4,"car or other, not in savings account",19,none,own,1,unskilled - resident,1,none,yes,1,single
no checking account,20,existing credits paid back duly till now,car (used),2295,... >= 1000 DM,1 <= ... < 4 years,4,male,none,4,"car or other, not in savings account",19,none,own,2,skilled employee / official,2,none,yes,2,single
... < 0 DM,25,critical account / other credits existing (not at this bank),radio/television,250,... < 100 DM,... >= 7 years,4,female,none,4,"car or other, not in savings account",75,none,own,1,skilled employee / official,1,"yes, registered under customer's name",yes,1,divorced/separated
... < 0 DM,4,existing credits paid back duly till now,radio/television,250,... < 100 DM,... >= 7 years,2,male,guarantor,2,building society savings agreement / life insurance,75,none,rent,1,management / self-employed / highly qualified employee / officer,1,"yes, registered under customer's name",no,1,divorced/separated
no checking account,29,existing credits paid back duly till now,retraining,3343,... >= 1000 DM,1 <= ... < 4 years,4,female,none,4,building society savings agreement / life insurance,75,none,own,2,unskilled - resident,1,none,yes,2,single
... < 0 DM,30,existing credits paid back duly till now,radio/television,5187,... < 100 DM,... < 1 year,3,male,none,2,building society savings agreement / life insurance,31,none,for free,1,unskilled - resident,2,"yes, registered under customer's name",yes,1,single
no checking account,30,existing credits paid back duly till now,car (new),250,... < 100 DM,1 <= ... < 4 years,4,male,none,4,building society savings agreement / life insurance,32,none,own,1,skilled employee / official,1,none,yes,1,single
... < 0 DM,40,critical account / other credits existing (not at this bank),radio/television,13641,... < 100 DM,1 <= ... < 4 years,1,female,guarantor,4,unknown / no property,75,none,own,2,unskilled - resident,1,none,yes,1,divorced/separated
... < 0 DM,29,all credits at this bank paid back duly,radio/television,250,... < 100 DM,unemployed,4,male,none,2,unknown / no property,39,none,own,1,skilled employee / official,1,none,yes,1,married/widowed
... < 0 DM,4,all credits at this bank paid back duly,others,12963,... < 100 DM,... < 1 year,2,female,guarantor,2,building society savings agreement / life insurance,50,none,for free,1,unskilled - resident,1,"yes, registered under customer's name",yes,1,divorced/separated
no checking account,30,delay in paying off in the past,furniture/equipment,6630,... < 100 DM,... >= 7 years,4,female,none,4,real estate,67,none,own,1,management / self-employed / highly qualified employee / officer,1,none,yes,1,single
... < 0 DM,53,existing credits paid back duly till now,domestic appliances,3776,unknown / no savings account,unemployed,2,male,none,2,real estate,36,bank,rent,2,unskilled - resident,1,"yes, registered under customer's name",yes,2,divorced/separated
... >= 200 DM / salary assignments for at least 1 year,29,delay in paying off in the past,furniture/equipment,3778,... < 100 DM,... >= 7 years,4,male,guarantor,2,"car or other, not in savings account",42,bank,own,1,management / self-employed / highly qualified employee / officer,1,none,yes,1,single
... < 0 DM,4,existing credits paid back duly till now,radio/television,250,... < 100 DM,unemployed,4,male,none,4,real estate,31,none,own,1,skilled employee / official,1,none,yes,1,divorced/separated
no checking account,30,critical account / other credits existing (not at this bank),car (new),250,... < 100 DM,1 <= ... < 4 years,4,male,none,3,"car or other, not in savings account",19,none,for free,1,management / self-employed / highly qualified employee / officer,1,none,yes,1,single
0 <= ... < 200 DM,53,existing credits paid back duly till now,repairs,250,500 <= ... < 1000 DM,unemployed,2,male,none,4,building society savings agreement / life insurance,19,none,own,1,management / self-employed / highly qualified employee / officer,1,none,yes,1,divorced/separated
no checking account,51,existing credits paid back duly till now,radio/television,4827,... < 100 DM,unemployed,3,male,none,1,building society savings agreement / life insurance,19,none,own,2,unskilled - resident,1,"yes, registered under customer's name",yes,1,single
... < 0 DM,9,delay in paying off in the past,business,2652,100 <= ... < 500 DM,1 <= ... < 4 years,4,female,none,4,real estate,19,none,own,2,skilled employee / official,1,"yes, registered under customer's name",yes,1,married/widowed
no checking account,23,existing credits paid back duly till now,furniture/equipment,5863,unknown / no savings account,... < 1 year,4,male,none,4,"car or other, not in savings account",24,none,own,1,skilled employee / official,1,none,yes,1,single
no checking account,33,existing credits paid back duly till now,business,250,500 <= ... < 1000 DM,4 <= ... < 7 years,4,male,none,4,real estate,19,none,own,1,skilled employee / official,1,none,yes,1,single
no checking account,4,delay in paying off in the past,furniture/equipment,6370,500 <= ... < 1000 DM,4 <= ... < 7 years,2,male,none,1,unknown / no property,19,stores,own,2,management / self-employed / highly qualified employee / officer,1,"yes, registered under customer's name",yes,1,single
... < 0 DM,30,critical account / other credits existing (not at this bank),domestic appliances,250,... >= 1000 DM,1 <= ... < 4 years,2,male,co-applicant,4,unknown / no property,19,none,rent,2,unskilled - resident,1,none,no,1,divorced/separated
... >= 200 DM / salary assignments for at least 1 year,13,existing credits paid back duly till now,car (new),13639,500 <= ... < 1000 DM,1 <= ... < 4 years,4,female,none,4,"car or other, not in savings account",19,none,own,1,unskilled - resident,1,none,yes,1,divorced/separated
... < 0 DM,30,all credits at this bank paid back duly,car (new),6860,... < 100 DM,4 <= ... < 7 years,4,male,none,1,real estate,39,none,own,1,skilled employee / official,1,none,yes,1,single
no checking account,14,no credits taken / all credits paid back duly,furniture/equipment,250,... < 100 DM,1 <= ... < 4 years,2,male,none,3,real estate,19,none,for free,2,skilled employee / official,1,none,yes,1,divorced/separated
... < 0 DM,28,all credits at this bank paid back duly,car (used),250,... < 100 DM,4 <= ... < 7 years,4,male,none,4,real estate,19,none,own,1,skilled employee / official,1,"yes, registered under customer's name",yes,1,divorced/separated
no checking account,24,all credits at this bank paid back duly,education,250,... >= 1000 DM,4 <= ... < 7 years,1,female,none,4,building society savings agreement / life insurance,19,none,rent,2,skilled employee / official,1,"yes, registered under customer's name",yes,1,divorced/separated
0 <= ... < 200 DM,4,critical account / other credits existing (not at this bank),car (new),895,100 <= ... < 500 DM,unemployed,4,female,none,2,"car or other, not in savings account",19,none,own,2,unskilled - resident,1,none,yes,2,married/widowed
0 <= ... < 200 DM,4,existing credits paid back duly till now,education,250,... < 100 DM,1 <= ... < 4 years,2,male,none,4,"car or other, not in savings account",21,none,own,1,skilled employee / official,2,none,no,1,divorced/separated
... < 0 DM,48,critical account / other credits existing (not at this bank),domestic appliances,6836,... < 100 DM,1 <= ... < 4 years,4,male,none,2,real estate,39,none,own,1,skilled employee / official,2,none,yes,1,single
0 <= ... < 200 DM,4,existing credits paid back duly till now,furniture/equipment,250,500 <= ... < 1000 DM,unemployed,2,male,none,2,unknown / no property,19,none,own,1,management / self-employed / highly qualified employee / officer,1,none,yes,1,single
no checking account,30,existing credits paid back duly till now,car (new),250,... < 100 DM,... < 1 year,2,male,none,2,real estate,19,none,own,1,unskilled - resident,1,"yes, registered under customer's name",yes,1,divorced/separated
no checking account,4,delay in paying off in the past,car (used),6849,unknown / no savings account,unemployed,2,male,none,4,building society savings agreement / life insurance,75,none,own,2,unskilled - resident,2,"yes, registered under customer's name",yes,1,divorced/separated
no checking account,4,existing credits paid back duly till now,furniture/equipment,3778,... < 100 DM,1 <= ... < 4 years,4,female,none,2,building society savings agreement / life insurance,50,none,own,1,unskilled - resident,1,none,yes,1,single
no checking account,29,existing credits paid back duly till now,furniture/equipment,250,... < 100 DM,1 <= ... < 4 years,4,male,guarantor,4,"car or other, not in savings account",19,none,for free,1,management / self-employed / highly qualified employee / officer,1,none,yes,2,single
no checking account,51,existing credits paid back duly till now,radio/television,250,... < 100 DM,4 <= ... < 7 years,4,female,none,4,building society savings agreement / life insurance,67,none,own,1,unskilled - resident,1,none,yes,1,married/widowed
0 <= ... < 200 DM,29,existing credits paid back duly till now,education,250,100 <= ... < 500 DM,... >= 7 years,2,female,none,2,building society savings agreement / life insurance,27,stores,rent,1,unskilled - resident,1,none,yes,1,divorced/separated
no checking account,29,existing credits paid back duly till now,car (new),250,... < 100 DM,1 <= ... < 4 years,2,male,none,4,"car or other, not in savings account",19,none,for free,1,unemployed / unskilled - non-resident,1,"yes, registered under customer's name",yes,1,single
no checking account,4,existing credits paid back duly till now,radio/television,441,... < 100 DM,4 <= ... < 7 years,4,male,none,4,real estate,39,none,own,1,skilled employee / official,1,none,yes,2,single
no checking account,19,existing credits paid back duly till now,car (new),369,unknown / no savings account,4 <= ... < 7 years,4,male,none,4,building society savings agreement / life insurance,75,none,for free,1,skilled employee / official,1,"yes, registered under customer's name",yes,1,divorced/separated
... >= 200 DM / salary assignments for at least 1 year,4,existing credits paid back duly till now,radio/television,15945,... < 100 DM,4 <= ... < 7 years,2,male,none,2,real estate,19,bank,rent,2,skilled employee / official,1,none,yes,1,divorced/separated
... < 0 DM,30,all credits at this bank paid back duly,education,3956,... < 100 DM,... < 1 year,2,male,none,2,"car or other, not in savings account",22,stores,rent,1,unemployed / unskilled - non-resident,1,"yes, registered under customer's name",yes,1,single
no checking account,4,critical account / other credits existing (not at this bank),furniture/equipment,250,unknown / no savings account,... < 1 year,3,male,none,4,real estate,39,none,for free,2,skilled employee / official,1,"yes, registered under customer's name",yes,1,divorced/separated
... < 0 DM,18,existing credits paid back duly till now,radio/television,3715,... >= 1000 DM,... >= 7 years,3,male,none,2,building society savings agreement / life insurance,19,bank,own,1,management / self-employed / highly qualified employee / officer,2,"yes, registered under customer's name",yes,1,divorced/separated
0 <= ... < 200 DM,72,existing credits paid back duly till now,radio/television,3775,100 <= ... < 500 DM,... >= 7 years,4,male,none,3,real estate,19,none,own,2,unskilled - resident,1,none,yes,1,divorced/separated
... < 0 DM,19,existing credits paid back duly till now,radio/television,6856,... < 100 DM,4 <= ... < 7 years,4,female,guarantor,1,"car or other, not in savings account",50,none,own,1,skilled employee / official,1,"yes, registered under customer's name",yes,2,divorced/separated
... < 0 DM,53,existing credits paid back duly till now,furniture/equipment,250,... < 100 DM,... >= 7 years,4,male,none,4,building society savings agreement / life insurance,19,none,rent,1,skilled employee / official,1,none,yes,1,single
0 <= ... < 200 DM,19,delay in paying off in the past,education,5622,... < 100 DM,... < 1 year,4,male,none,4,real estate,75,none,own,1,management / self-employed / highly qualified employee / officer,1,"yes, registered under customer's name",no,1,single
no checking account,29,delay in paying off in the past,car (new),15945,100 <= ... < 500 DM,... < 1 year,1,female,none,3,building society savings agreement / life insurance,27,stores,for free,2,skilled employee / official,1,"yes, registered under customer's name",yes,1,single
no checking account,30,existing credits paid back duly till now,radio/television,250,... < 100 DM,... >= 7 years,4,male,none,4,"car or other, not in savings account",19,none,own,1,skilled employee / official,1,"yes, registered under customer's name",yes,1,divorced/separated
... < 0 DM,19,existing credits paid back duly till now,radio/television,250,... < 100 DM,unemployed,4,male,none,3,unknown / no property,19,none,own,2,unskilled - resident,1,"yes, registered under customer's name",yes,2,single
no checking account,7,delay in paying off in the past,radio/television,1038,unknown / no savings account,1 <= ... < 4 years,1,male,none,4,"car or other, not in savings account",30,none,own,1,skilled employee / official,1,"yes, registered under customer's name",yes,1,divorced/separated
... < 0 DM,51,existing credits paid back duly till now,furniture/equipment,250,100 <= ... < 500 DM,4 <= ... < 7 years,2,male,co-applicant,3,building society savings agreement / life insurance,32,none,rent,1,unskilled - resident,1,none,yes,1,divorced/separated
... < 0 DM,19,existing credits paid back duly till now,radio/television,308,... < 100 DM,1 <= ... < 4 years,2,female,none,2,building society savings agreement / life insurance,75,none,rent,2,skilled employee / official,1,"yes, registered under customer's name",no,1,single
... < 0 DM,15,existing credits paid back duly till now,education,6853,... < 100 DM,1 <= ... < 4 years,2,male,guarantor,2,real estate,69,bank,own,1,skilled employee / official,1,"yes, registered under customer's name",yes,2,single
no checking account,4,existing credits paid back duly till now,radio/television,542,unknown / no savings account,1 <= ... < 4 years,2,male,none,4,real estate,19,stores,own,1,skilled employee / official,1,"yes, registered under customer's name",yes,2,divorced/separated
0 <= ... < 200 DM,4,no credits taken / all credits paid back duly,radio/television,250,100 <= ... < 500 DM,... < 1 year,4,male,none,2,building society savings agreement / life insurance,19,none,own,1,unskilled - resident,1,none,no,2,divorced/separated
... >= 200 DM / salary assignments for at least 1 year,32,existing credits paid back duly till now,radio/television,250,500 <= ... < 1000 DM,unemployed,4,male,guarantor,2,real estate,19,none,own,1,unskilled - resident,1,"yes, registered under customer's name",yes,1,divorced/separated
no checking account,4,existing credits paid back duly till now,radio/television,250,... >= 1000 DM,1 <= ... < 4 years,2,female,none,2,real estate,68,none,own,2,skilled employee / official,2,none,yes,1,divorced/separated
no checking account,32,all credits at this bank paid back duly,car (new),3102,... < 100 DM,... < 1 year,2,male,none,2,real estate,19,none,own,1,skilled employee / official,1,"yes, registered under customer's name",yes,1,divorced/separated
... >= 200 DM / salary assignments for at least 1 year,4,critical account / other credits existing (not at this bank),radio/television,250,unknown / no savings account,... < 1 year,4,male,co-applicant,2,real estate,35,none,own,1,skilled employee / official,1,none,no,2,divorced/separated
no checking account,72,no credits taken / all credits paid back duly,domestic appliances,2455,100 <= ... < 500 DM,... < 1 year,4,male,none,2,building society savings agreement / life insurance,39,none,own,2,skilled employee / official,2,"yes, registered under customer's name",yes,2,divorced/separated
... < 0 DM,4,all credits at this bank paid back duly,radio/television,250,... < 100 DM,... >= 7 years,2,male,none,4,real estate,19,none,own,2,skilled employee / official,1,none,no,2,divorced/separated
no checking account,4,existing credits paid back duly till now,car (used),250,... < 100 DM,unemployed,4,male,none,4,real estate,67,none,own,2,management / self-employed / highly qualified employee / officer,1,"yes, registered under customer's name",yes,2,divorced/separated
... >= 200 DM / salary assignments for at least 1 year,23,existing credits paid back duly till now,radio/television,1221,... < 100 DM,1 <= ... < 4 years,4,female,none,2,"car or other, not in savings account",19,bank,own,1,management / self-employed / highly qualified employee / officer,1,none,no,2,divorced/separated
no checking account,19,existing credits paid back duly till now,repairs,250,100 <= ... < 500 DM,... < 1 year,3,male,co-applicant,4,building society savings agreement / life insurance,19,stores,rent,1,management / self-employed / highly qualified employee / officer,1,none,yes,1,single
no checking account,30,existing credits paid back duly till now,radio/television,250,unknown / no savings account,... < 1 year,4,male,none,2,real estate,67,none,for free,1,skilled employee / official,1,"yes, registered under customer's name",yes,1,single
no checking account,33,existing credits paid back duly till now,radio/television,250,100 <= ... < 500 DM,1 <= ... < 4 years,2,female,none,2,unknown / no property,19,none,own,1,skilled employee / official,1,none,yes,2,divorced/separated
0 <= ... < 200 DM,19,critical account / other credits existing (not at this bank),car (new),2329,unknown / no savings account,1 <= ... < 4 years,2,male,none,3,real estate,75,none,for free,2,unskilled - resident,1,"yes, registered under customer's name",yes,2,single
no checking account,30,existing credits paid back duly till now,car (new),250,... < 100 DM,... >= 7 years,4,male,none,1,real estate,44,bank,rent,1,skilled employee / official,1,"yes, registered under customer's name",yes,2,single
no checking account,4,existing credits paid back duly till now,radio/television,3438,unknown / no savings account,... < 1 year,4,male,none,2,real estate,33,stores,rent,1,management / self-employed / highly qualified employee / officer,1,none,yes,1,single
... < 0 DM,30,existing credits paid back duly till now,radio/television,250,unknown / no savings account,1 <= ... < 4 years,2,female,none,2,building society savings agreement / life insurance,38,none,own,1,management / self-employed / highly qualified employee / officer,1,"yes, registered under customer's name",yes,1,divorced/separated
no checking account,33,existing credits paid back duly till now,radio/television,250,... < 100 DM,... >= 7 years,4,female,none,2,real estate,19,none,own,1,management / self-employed / highly qualified employee / officer,1,none,yes,1,married/widowed
... < 0 DM,4,existing credits paid back duly till now,domestic appliances,2001,100 <= ... < 500 DM,unemployed,4,female,none,4,real estate,19,none,own,4,unskilled - resident,1,"yes, registered under customer's name",yes,2,divorced/separated
0 <= ... < 200 DM,72,critical account / other credits existing (not at this bank),business,250,... < 100 DM,... < 1 year,4,female,none,3,real estate,19,none,own,1,unskilled - resident,2,none,yes,1,single
0 <= ... < 200 DM,4,critical account / other credits existing (not at this bank),business,985,100 <= ... < 500 DM,... < 1 year,4,male,none,2,building society savings agreement / life insurance,31,none,for free,1,unskilled - resident,1,"yes, registered under customer's name",yes,1,single
0 <= ... < 200 DM,4,critical account / other credits existing (not at this bank),car (new),6850,... < 100 DM,1 <= ... < 4 years,1,male,co-applicant,2,real estate,19,none,rent,1,unskilled - resident,2,none,yes,1,married/widowed
no checking account,72,existing credits paid back duly till now,furniture/equipment,250,unknown / no savings account,1 <= ... < 4 years,2,female,none,2,unknown / no property,19,none,own,1,management / self-employed / highly qualified employee / officer,1,none,yes,2,single
no checking account,72,all credits at this bank paid back duly,business,6859,unknown / no savings account,1 <= ... < 4 years,2,male,guarantor,2,real estate,19,none,rent,1,skilled employee / official,1,"yes, registered under customer's name",yes,1,single
0 <= ... < 200 DM,15,existing credits paid back duly till now,car (new),6732,... < 100 DM,... >= 7 years,2,male,none,4,building society savings agreement / life insurance,39,bank,own,1,skilled employee / official,2,none,yes,2,divorced/separated
... < 0 DM,53,no credits taken / all credits paid back duly,radio/television,250,... < 100 DM,4 <= ... < 7 years,4,male,none,3,unknown / no property,27,none,own,1,skilled employee / official,1,none,yes,1,single
... < 0 DM,4,existing credits paid back duly till now,business,3778,... < 100 DM,unemployed,4,male,co-applicant,4,real estate,50,none,own,2,skilled employee / official,1,"yes, registered under customer's name",yes,1,single
no checking account,11,existing credits paid back duly till now,radio/television,6109,... < 100 DM,4 <= ... < 7 years,4,male,none,2,unknown / no property,39,none,own,1,unskilled - resident,1,"yes, registered under customer's name",yes,2,single
no checking account,29,critical account / other credits existing (not at this bank),radio/television,250,... < 100 DM,... >= 7 years,2,male,none,2,unknown / no property,19,none,rent,2,unskilled - resident,2,none,yes,1,married/widowed
... < 0 DM,4,all credits at this bank paid back duly,domestic appliances,250,... < 100 DM,4 <= ... < 7 years,1,female,none,2,building society savings agreement / life insurance,19,bank,own,1,unskilled - resident,2,none,yes,1,single
no checking account,4,existing credits paid back duly till now,car (used),250,... < 100 DM,1 <= ... < 4 years,2,male,none,2,real estate,59,bank,own,1,unskilled - resident,1,none,yes,1,single
no checking account,33,delay in paying off in the past,radio/television,3778,... < 100 DM,1 <= ... < 4 years,4,male,co-applicant,4,building society savings agreement / life insurance,39,none,own,1,skilled employee / official,1,"yes, registered under customer's name",yes,1,single
no checking account,4,critical account / other credits existing (not at this bank),car (new),250,100 <= ... < 500 DM,unemployed,3,male,none,4,real estate,20,none,rent,2,skilled employee / official,1,"yes, registered under customer's name",yes,2,single
no checking account,33,existing credits paid back duly till now,radio/television,477,100 <= ... < 500 DM,... >= 7 years,4,male,none,4,building society savings agreement / life insurance,19,bank,rent,1,skilled employee / official,2,"yes, registered under customer's name",yes,1,single
no checking account,33,critical account / other credits existing (not at this bank),furniture/equipment,3741,... >= 1000 DM,... < 1 year,2,male,none,2,"car or other, not in savings account",27,none,own,2,skilled employee / official,1,none,yes,2,single
0 <= ... < 200 DM,28,critical account / other credits existing (not at this bank),radio/television,6742,100 <= ... < 500 DM,... < 1 year,2,male,guarantor,4,unknown / no property,22,bank,own,1,management / self-employed / highly qualified employee / officer,2,none,yes,1,divorced/separated
no checking account,31,delay in paying off in the past,furniture/equipment,3650,unknown / no savings account,4 <= ... < 7 years,4,male,none,2,"car or other, not in savings account",67,none,own,1,unskilled - resident,1,none,yes,1,single
no checking account,8,no credits taken / all credits paid back duly,education,250,100 <= ... < 500 DM,4 <= ... < 7 years,2,male,none,2,real estate,19,none,for free,2,unskilled - resident,1,"yes, registered under customer's name",yes,2,divorced/separated
... < 0 DM,4,delay in paying off in the past,domestic appliances,6561,100 <= ... < 500 DM,... >= 7 years,4,male,co-applicant,2,unknown / no property,69,bank,own,1,unskilled - resident,1,none,yes,1,divorced/separated
... < 0 DM,30,existing credits paid back duly till now,repairs,250,... < 100 DM,4 <= ... < 7 years,4,male,guarantor,4,"car or other, not in savings account",36,none,rent,1,skilled employee / official,1,"yes, registered under customer's name",yes,2,divorced/separated
no checking account,4,delay in paying off in the past,furniture/equipment,250,unknown / no savings account,1 <= ... < 4 years,2,male,none,4,building society savings agreement / life insurance,51,none,own,2,skilled employee / official,1,"yes, registered under customer's name",yes,2,single
no checking account,4,existing credits paid back duly till now,radio/television,1124,... < 100 DM,... >= 7 years,2,male,none,3,unknown / no property,39,none,own,1,skilled employee / official,1,none,yes,1,divorced/separated
... < 0 DM,72,existing credits paid back duly till now,furniture/equipment,250,unknown / no savings account,... >= 7 years,4,male,none,4,unknown / no property,19,none,own,1,unskilled - resident,1,none,yes,1,single
no checking account,14,existing credits paid back duly till now,furniture/equipment,3662,unknown / no savings account,... >= 7 years,1,female,none,3,"car or other, not in savings account",53,none,own,1,unemployed / unskilled - non-resident,2,"yes, registered under customer's name",yes,1,divorced/separated
... < 0 DM,19,critical account / other credits existing (not at this bank),car (used),250,... < 100 DM,... < 1 year,2,female,none,3,"car or other, not in savings account",66,stores,own,1,unskilled - resident,1,none,yes,1,divorced/separated
... < 0 DM,8,existing credits paid back duly till now,radio/television,250,... < 100 DM,... >= 7 years,4,male,none,4,building society savings agreement / life insurance,75,none,own,1,unskilled - resident,1,none,no,1,single
... < 0 DM,19,delay in paying off in the past,furniture/equipment,2487,... < 100 DM,1 <= ... < 4 years,4,male,none,2,building society savings agreement / life insurance,27,bank,rent,1,unemployed / unskilled - non-resident,2,"yes, registered under customer's name",yes,1,divorced/separated
... < 0 DM,24,existing credits paid back duly till now,radio/television,250,... < 100 DM,4 <= ... < 7 years,4,male,none,4,unknown / no property,19,none,own,1,unskilled - resident,1,none,yes,2,divorced/separated
no checking account,4,critical account / other credits existing (not at this bank),car (new),250,unknown / no savings account,4 <= ... < 7 years,4,male,none,4,building society savings agreement / life insurance,32,bank,own,1,skilled employee / official,1,none,yes,1,single
no checking account,30,existing credits paid back duly till now,business,250,unknown / no savings account,1 <= ... < 4 years,4,female,none,3,"car or other, not in savings account",49,none,own,1,unskilled - resident,1,"yes, registered under customer's name",yes,1,single
no checking account,13,delay in paying off in the past,radio/television,250,... < 100 DM,... < 1 year,3,female,none,2,building society savings agreement / life insurance,30,stores,own,2,skilled employee / official,2,none,no,2,divorced/separated
... < 0 DM,17,existing credits paid back duly till now,furniture/equipment,6801,... < 100 DM,... < 1 year,4,female,none,4,building society savings agreement / life insurance,47,none,own,1,management / self-employed / highly qualified employee / officer,1,none,yes,1,single
... >= 200 DM / salary assignments for at least 1 year,4,existing credits paid back duly till now,retraining,1264,... < 100 DM,... >= 7 years,4,male,none,2,real estate,33,none,own,2,skilled employee / official,1,none,yes,1,single
no checking account,27,delay in paying off in the past,car (new),250,100 <= ... < 500 DM,1 <= ... < 4 years,4,female,none,4,"car or other, not in savings account",36,none,own,1,management / self-employed / highly qualified employee / officer,1,none,yes,1,married/widowed
... < 0 DM,30,existing credits paid back duly till now,radio/television,250,... < 100 DM,unemployed,4,male,co-applicant,3,unknown / no property,27,none,own,1,unskilled - resident,1,none,yes,1,single
... < 0 DM,19,existing credits paid back duly till now,radio/television,3722,... < 100 DM,4 <= ... < 7 years,3,male,guarantor,2,building society savings agreement / life insurance,69,none,rent,1,skilled employee / official,1,"yes, registered under customer's name",yes,1,divorced/separated
no checking account,23,existing credits paid back duly till now,radio/television,3336,... >= 1000 DM,1 <= ... < 4 years,4,male,guarantor,1,real estate,19,none,own,1,unskilled - resident,1,"yes, registered under customer's name",yes,2,divorced/separated
0 <= ... < 200 DM,13,critical account / other credits existing (not at this bank),furniture/equipment,250,... < 100 DM,... < 1 year,2,male,co-applicant,3,building society savings agreement / life insurance,75,none,own,2,skilled employee / official,1,none,yes,1,divorced/separated
... < 0 DM,29,critical account / other credits existing (not at this bank),business,250,500 <= ... < 1000 DM,1 <= ... < 4 years,2,male,guarantor,2,building society savings agreement / life insurance,27,none,own,1,skilled employee / official,1,none,yes,1,divorced/separated
... < 0 DM,26,delay in paying off in the past,radio/television,2693,... < 100 DM,... < 1 year,1,female,none,2,"car or other, not in savings account",43,none,own,1,skilled employee / official,1,none,yes,1,divorced/separated
... >= 200 DM / salary assignments for at least 1 year,4,existing credits paid back duly till now,radio/television,2941,... < 100 DM,1 <= ... < 4 years,3,male,none,2,real estate,19,bank,own,1,skilled employee / official,1,none,yes,1,single
no checking account,6,delay in paying off in the past,furniture/equipment,250,100 <= ... < 500 DM,... < 1 year,3,female,none,2,"car or other, not in savings account",19,stores,own,2,skilled employee / official,1,"yes, registered under customer's name",yes,1,single
... < 0 DM,20,existing credits paid back duly till now,car (new),250,... < 100 DM,... < 1 year,4,male,none,4,real estate,61,none,for free,1,skilled employee / official,1,"yes, registered under customer's name",yes,1,single
0 <= ... < 200 DM,30,existing credits paid back duly till now,furniture/equipment,250,unknown / no savings account,4 <= ... < 7 years,4,male,none,1,unknown / no property,19,bank,rent,1,management / self-employed / highly qualified employee / officer,1,"yes, registered under customer's name",yes,1,single
no checking account,30,critical account / other credits existing (not at this bank),car (used),250,unknown / no savings account,1 <= ... < 4 years,4,female,none,4,real estate,19,stores,own,1,skilled employee / official,2,"yes, registered under customer's name",yes,2,single
no checking account,20,existing credits paid back duly till now,car (new),250,... < 100 DM,4 <= ... < 7 years,4,male,none,3,building society savings agreement / life insurance,19,bank,own,1,skilled employee / official,2,none,yes,1,divorced/separated
0 <= ... < 200 DM,29,existing credits paid back duly till now,car (new),250,unknown / no savings account,unemployed,2,male,none,3,"car or other, not in savings account",66,none,own,2,unskilled - resident,1,none,yes,2,divorced/separated
no checking account,4,critical account / other credits existing (not at this bank),car (used),1321,... < 100 DM,... >= 7 years,3,female,none,4,"car or other, not in savings account",20,bank,own,2,skilled employee / official,2,none,yes,1,divorced/separated
no checking account,31,critical account / other credits existing (not at this bank),radio/television,960,unknown / no savings account,1 <= ... < 4 years,4,male,none,3,real estate,67,none,own,2,skilled employee / official,1,none,yes,1,single
... < 0 DM,16,no credits taken / all credits paid back duly,furniture/equipment,9648,unknown / no savings account,unemployed,4,female,none,1,real estate,61,none,own,1,management / self-employed / highly qualified employee / officer,1,"yes, registered under customer's name",yes,1,single
... < 0 DM,29,critical account / other credits existing (not at this bank),radio/television,13242,100 <= ... < 500 DM,... >= 7 years,4,female,none,2,unknown / no property,56,none,own,1,management / self-employed / highly qualified employee / officer,1,none,yes,1,divorced/separated
no checking account,29,no credits taken / all credits paid back duly,repairs,250,... < 100 DM,1 <= ... < 4 years,1,female,none,2,"car or other, not in savings account",26,stores,own,1,unskilled - resident,1,none,no,1,single
0 <= ... < 200 DM,72,all credits at this bank paid back duly,car (used),250,... < 100 DM,... < 1 year,2,male,none,3,"car or other, not in savings account",36,none,own,1,unemployed / unskilled - non-resident,1,"yes, registered under customer's name",yes,1,single
0 <= ... < 200 DM,21,existing credits paid back duly till now,radio/television,3774,100 <= ... < 500 DM,unemployed,1,male,none,3,real estate,19,none,own,2,skilled employee / official,2,"yes, registered under customer's name",no,2,single
no checking account,72,delay in paying off in the past,car (new),2854,100 <= ... < 500 DM,1 <= ... < 4 years,2,female,none,1,"car or other, not in savings account",67,none,own,1,skilled employee / official,1,none,yes,2,divorced/separated
... < 0 DM,29,critical account / other credits existing (not at this bank),radio/television,250,... < 100 DM,4 <= ... < 7 years,4,male,none,2,real estate,75,none,own,1,skilled employee / official,1,"yes, registered under customer's name",yes,1,married/widowed
no checking account,4,existing credits paid back duly till now,radio/television,250,... < 100 DM,... >= 7 years,1,male,none,2,"car or other, not in savings account",19,none,rent,1,management / self-employed / highly qualified employee / officer,2,"yes, registered under customer's name",yes,1,divorced/separated
0 <= ... < 200 DM,72,existing credits paid back duly till now,repairs,3774,... < 100 DM,1 <= ... < 4 years,4,male,none,4,real estate,63,none,own,1,skilled employee / official,1,"yes, registered under customer's name",yes,1,single
0 <= ... < 200 DM,4,delay in paying off in the past,car (used),2560,... < 100 DM,4 <= ... < 7 years,1,male,guarantor,1,unknown / no property,19,none,own,2,skilled employee / official,2,"yes, registered under customer's name",yes,1,single
0 <= ... < 200 DM,19,critical account / other credits existing (not at this bank),car (used),6860,100 <= ... < 500 DM,1 <= ... < 4 years,2,male,none,4,real estate,21,none,own,2,unemployed / unskilled - non-resident,1,"yes, registered under customer's name",yes,2,single
no checking account,53,critical account / other credits existing (not at this bank),radio/television,250,... < 100 DM,4 <= ... < 7 years,4,male,none,2,real estate,39,bank,for free,1,skilled employee / official,2,"yes, registered under customer's name",yes,2,single
no checking account,29,critical account / other credits existing (not at this bank),furniture/equipment,250,500 <= ... < 1000 DM,4 <= ... < 7 years,2,female,none,2,building society savings agreement / life insurance,75,stores,rent,1,management / self-employed / highly qualified employee / officer,1,none,yes,1,single
no checking account,4,existing credits paid back duly till now,car (new),3393,unknown / no savings account,... >= 7 years,1,male,none,4,real estate,19,none,rent,1,skilled employee / official,1,"yes, registered under customer's name",yes,1,divorced/separated
no checking account,30,existing credits paid back duly till now,radio/television,250,500 <= ... < 1000 DM,4 <= ... < 7 years,3,male,none,2,"car or other, not in savings account",21,none,own,2,unskilled - resident,1,none,yes,1,single
no checking account,19,all credits at this bank paid back duly,radio/television,2758,... < 100 DM,1 <= ... < 4 years,2,male,none,2,building society savings agreement / life insurance,67,none,own,1,unskilled - resident,2,none,yes,1,single
no checking account,29,critical account / other credits existing (not at this bank),radio/television,15945,... < 100 DM,4 <= ... < 7 years,4,female,none,3,building society savings agreement / life insurance,75,none,rent,1,unskilled - resident,2,"yes, registered under customer's name",yes,1,divorced/separated
no checking account,4,existing credits paid back duly till now,education,5373,unknown / no savings account,unemployed,3,female,none,2,real estate,19,bank,own,2,unskilled - resident,2,none,yes,2,divorced/separated
no checking account,13,all credits at this bank paid back duly,education,250,... < 100 DM,... < 1 year,3,female,none,1,"car or other, not in savings account",36,none,own,2,unskilled - resident,1,none,yes,1,divorced/separated
0 <= ... < 200 DM,4,critical account / other credits existing (not at this bank),car (new),6859,unknown / no savings account,... < 1 year,3,male,none,2,building society savings agreement / life insurance,19,none,own,1,skilled employee / official,1,none,yes,2,single
... < 0 DM,28,existing credits paid back duly till now,furniture/equipment,250,500 <= ... < 1000 DM,4 <= ... < 7 years,4,male,none,2,building society savings agreement / life insurance,19,none,rent,1,management / self-employed / highly qualified employee / officer,1,"yes, registered under customer's name",yes,2,single
0 <= ... < 200 DM,30,existing credits paid back duly till now,radio/television,250,500 <= ... < 1000 DM,... < 1 year,4,female,guarantor,4,"car or other, not in savings account",67,stores,own,1,skilled employee / official,1,"yes, registered under customer's name",yes,2,divorced/separated
... < 0 DM,72,no credits taken / all credits paid back duly,radio/television,810,... < 100 DM,4 <= ... < 7 years,2,male,co-applicant,4,real estate,70,none,rent,1,skilled employee / official,1,none,yes,2,single
no checking account,26,delay in paying off in the past,car (new),250,... < 100 DM,1 <= ... < 4 years,2,male,none,2,building society savings agreement / life insurance,19,none,own,2,skilled employee / official,1,"yes, registered under customer's name",yes,2,single
no checking account,30,delay in paying off in the past,radio/television,250,... < 100 DM,... >= 7 years,4,female,none,3,real estate,75,none,own,1,skilled employee / official,1,"yes, registered under customer's name",yes,2,divorced/separated
no checking account,19,delay in paying off in the past,others,1122,500 <= ... < 1000 DM,1 <= ... < 4 years,4,female,none,2,real estate,19,stores,own,2,skilled employee / official,1,"yes, registered under customer's name",yes,1,married/widowed
... >= 200 DM / salary assignments for at least 1 year,21,existing credits paid back duly till now,radio/television,250,unknown / no savings account,1 <= ... < 4 years,4,male,none,3,real estate,51,bank,own,2,skilled employee / official,1,none,yes,1,single
no checking account,4,critical account / other credits existing (not at this bank),radio/television,3577,100 <= ... < 500 DM,unemployed,2,male,none,2,building society savings agreement / life insurance,66,bank,own,2,skilled employee / official,2,"yes, registered under customer's name",yes,1,single
no checking account,4,delay in paying off in the past,business,3767,unknown / no savings account,1 <= ... < 4 years,3,male,none,2,unknown / no property,19,none,own,1,management / self-employed / highly qualified employee / officer,2,"yes, registered under customer's name",yes,2,single
... < 0 DM,51,critical account / other credits existing (not at this bank),car (used),250,unknown / no savings account,1 <= ... < 4 years,2,male,none,2,"car or other, not in savings account",23,none,own,1,skilled employee / official,1,"yes, registered under customer's name",yes,2,single
no checking account,30,delay in paying off in the past,radio/television,250,... < 100 DM,1 <= ... < 4 years,4,male,co-applicant,1,real estate,19,none,for free,1,management / self-employed / highly qualified employee / officer,1,none,yes,2,single
... < 0 DM,19,existing credits paid back duly till now,radio/television,676,... < 100 DM,... < 1 year,4,male,none,2,"car or other, not in savings account",19,stores,for free,1,unskilled - resident,1,none,yes,1,married/widowed
no checking account,33,existing credits paid back duly till now,radio/television,250,... < 100 DM,... < 1 year,4,male,none,2,real estate,19,none,own,1,skilled employee / official,1,"yes, registered under customer's name",yes,1,divorced/separated
no checking account,26,existing credits paid back duly till now,furniture/equipment,250,100 <= ... < 500 DM,... < 1 year,4,female,none,4,building society savings agreement / life insurance,33,none,rent,2,skilled employee / official,1,"yes, registered under customer's name",yes,1,married/widowed
0 <= ... < 200 DM,29,existing credits paid back duly till now,car (new),250,100 <= ... < 500 DM,... < 1 year,2,female,none,2,"car or other, not in savings account",19,none,own,1,management / self-employed / highly qualified employee / officer,1,none,yes,2,single
... < 0 DM,22,all credits at this bank paid back duly,business,250,100 <= ... < 500 DM,1 <= ... < 4 years,1,female,none,3,"car or other, not in savings account",70,bank,rent,2,management / self-employed / highly qualified employee / officer,1,"yes, registered under customer's name",yes,2,married/widowed
... < 0 DM,19,critical account / other credits existing (not at this bank),car (used),15945,... < 100 DM,1 <= ... < 4 years,2,male,none,2,building society savings agreement / life insurance,20,none,own,2,skilled employee / official,2,"yes, registered under customer's name",yes,1,divorced/separated
no checking account,4,existing credits paid back duly till now,car (new),3133,100 <= ... < 500 DM,... >= 7 years,3,male,co-applicant,1,building society savings agreement / life insurance,44,bank,own,1,skilled employee / official,1,"yes, registered under customer's name",yes,2,divorced/separated
no checking account,4,all credits at this bank paid back duly,others,250,... < 100 DM,1 <= ... < 4 years,4,male,none,4,unknown / no property,19,none,own,2,unemployed / unskilled - non-resident,1,none,yes,1,single
no checking account,22,existing credits paid back duly till now,car (new),250,... < 100 DM,... < 1 year,2,male,co-applicant,2,unknown / no property,19,none,own,1,unskilled - resident,1,"yes, registered under customer's name",yes,1,single
... < 0 DM,4,existing credits paid back duly till now,education,5990,... < 100 DM,... >= 7 years,4,female,none,3,real estate,69,none,own,2,management / self-employed / highly qualified employee / officer,1,"yes, registered under customer's name",yes,1,divorced/separated
no checking account,16,existing credits paid back duly till now,radio/television,6789,... < 100 DM,1 <= ... < 4 years,2,male,none,3,real estate,41,none,own,2,skilled employee / official,1,"yes, registered under customer's name",yes,1,single
no checking account,30,all credits at this bank paid back duly,radio/television,250,... < 100 DM,1 <= ... < 4 years,4,male,none,4,real estate,19,none,own,1,skilled employee / official,1,none,yes,2,single
... < 0 DM,4,existing credits paid back duly till now,radio/television,250,... < 100 DM,unemployed,4,female,none,2,building society savings agreement / life insurance,29,none,own,1,management / self-employed / highly qualified employee / officer,1,none,yes,1,divorced/separated
... >= 200 DM / salary assignments for at least 1 year,15,no credits taken / all credits paid back duly,business,6559,unknown / no savings account,... < 1 year,4,male,none,2,building society savings agreement / life insurance,19,bank,for free,1,unemployed / unskilled - non-resident,2,none,no,1,divorced/separated
no checking account,4,existing credits paid back duly till now,radio/television,3685,unknown / no savings account,1 <= ... < 4 years,1,female,none,2,building society savings agreement / life insurance,75,bank,for free,2,management / self-employed / highly qualified employee / officer,1,"yes, registered under customer's name",yes,1,single
0 <= ... < 200 DM,4,all credits at this bank paid back duly,furniture/equipment,3024,unknown / no savings account,4 <= ... < 7 years,1,male,none,4,real estate,67,none,own,2,management / self-employed / highly qualified employee / officer,1,none,no,1,single
0 <= ... < 200 DM,30,existing credits paid back duly till now,repairs,250,... < 100 DM,... >= 7 years,2,male,none,4,real estate,26,none,own,1,management / self-employed / highly qualified employee / officer,1,"yes, registered under customer's name",yes,2,single
... < 0 DM,28,existing credits paid back duly till now,car (new),2489,100 <= ... < 500 DM,4 <= ... < 7 years,4,male,none,4,building society savings agreement / life insurance,75,none,own,1,skilled employee / official,1,none,yes,1,single
no checking account,4,delay in paying off in the past,radio/television,505,... < 100 DM,... >= 7 years,4,male,none,2,building society savings agreement / life insurance,30,none,own,1,unskilled - resident,2,"yes, registered under customer's name",yes,1,divorced/separated
... < 0 DM,24,no credits taken / all credits paid back duly,car (used),2611,... < 100 DM,unemployed,4,male,none,2,building society savings agreement / life insurance,19,none,own,1,management / self-employed / highly qualified employee / officer,1,none,no,1,married/widowed
no checking account,72,critical account / other credits existing (not at this bank),radio/television,250,... < 100 DM,... >= 7 years,2,female,none,1,building society savings agreement / life insurance,29,none,own,1,skilled employee / official,1,none,yes,1,divorced/separated
no checking account,19,no credits taken / all credits paid back duly,radio/television,3778,... < 100 DM,1 <= ... < 4 years,4,male,none,1,"car or other, not in savings account",38,none,for free,1,skilled employee / official,1,none,yes,1,married/widowed
... < 0 DM,4,existing credits paid back duly till now,car (new),250,... < 100 DM,... >= 7 years,4,male,none,2,real estate,40,none,own,1,unskilled - resident,1,none,no,1,single
0 <= ... < 200 DM,32,existing credits paid back duly till now,education,250,... < 100 DM,... < 1 year,4,female,none,3,building society savings agreement / life insurance,75,none,own,1,unskilled - resident,1,none,yes,1,divorced/separated
0 <= ... < 200 DM,18,critical account / other credits existing (not at this bank),radio/television,250,... < 100 DM,1 <= ... < 4 years,4,male,none,3,real estate,19,bank,own,1,skilled employee / official,1,"yes, registered under customer's name",yes,1,single
... < 0 DM,36,all credits at this bank paid back duly,car (used),278,... < 100 DM,1 <= ... < 4 years,2,male,co-applicant,3,real estate,38,none,own,1,skilled employee / official,1,"yes, registered under customer's name",yes,1,divorced/separated
no checking account,22,critical account / other credits existing (not at this bank),car (new),250,... < 100 DM,... < 1 year,3,male,none,1,building society savings agreement / life insurance,20,none,own,1,skilled employee / official,2,"yes, registered under customer's name",yes,1,single
... < 0 DM,9,all credits at this bank paid back duly,repairs,250,... < 100 DM,... < 1 year,2,male,none,2,real estate,75,bank,own,1,skilled employee / official,1,none,yes,2,single
no checking account,30,existing credits paid back duly till now,radio/television,1164,... < 100 DM,... < 1 year,2,male,none,4,"car or other, not in savings account",67,none,own,1,management / self-employed / highly qualified employee / officer,1,"yes, registered under customer's name",yes,2,single
0 <= ... < 200 DM,53,no credits taken / all credits paid back duly,repairs,250,... >= 1000 DM,... >= 7 years,3,female,none,2,"car or other, not in savings account",19,stores,own,2,skilled employee / official,1,"yes, registered under customer's name",yes,1,single
... < 0 DM,4,existing credits paid back duly till now,radio/television,250,... < 100 DM,... >= 7 years,3,male,none,4,"car or other, not in savings account",36,none,own,2,skilled employee / official,1,none,yes,1,single
no checking account,29,existing credits paid back duly till now,car (used),286,unknown / no savings account,... < 1 year,4,male,none,2,building society savings agreement / life insurance,61,bank,own,2,unskilled - resident,1,none,yes,1,single
no checking account,19,existing credits paid back duly till now,radio/television,250,... < 100 DM,unemployed,2,female,co-applicant,4,real estate,19,none,own,2,skilled employee / official,1,none,yes,2,single
0 <= ... < 200 DM,13,existing credits paid back duly till now,furniture/equipment,250,100 <= ... < 500 DM,unemployed,2,male,none,2,real estate,19,bank,own,1,skilled employee / official,1,none,yes,2,single
0 <= ... < 200 DM,29,existing credits paid back duly till now,radio/television,3299,... < 100 DM,4 <= ... < 7 years,4,male,none,2,building society savings agreement / life insurance,38,none,own,1,skilled employee / official,1,none,yes,1,single
... < 0 DM,4,existing credits paid back duly till now,furniture/equipment,6686,... < 100 DM,... < 1 year,4,male,none,2,"car or other, not in savings account",54,bank,rent,1,management / self-employed / highly qualified employee / officer,1,"yes, registered under customer's name",yes,1,divorced/separated
no checking account,24,existing credits paid back duly till now,radio/television,3778,500 <= ... < 1000 DM,4 <= ... < 7 years,4,male,none,3,unknown / no property,19,none,rent,1,unskilled - resident,1,"yes, registered under customer's name",yes,2,single
no checking account,50,critical account / other credits existing (not at this bank),domestic appliances,2887,unknown / no savings account,... >= 7 years,2,male,none,3,unknown / no property,27,none,own,1,management / self-employed / highly qualified employee / officer,1,none,yes,1,single
no checking account,6,all credits at this bank paid back duly,car (new),6858,... < 100 DM,4 <= ... < 7 years,2,male,none,2,building society savings agreement / life insurance,19,bank,own,2,skilled employee / official,2,"yes, registered under customer's name",no,1,single
no checking account,30,existing credits paid back duly till now,radio/television,250,... < 100 DM,... >= 7 years,4,male,none,2,building society savings agreement / life insurance,19,bank,own,1,skilled employee / official,1,none,yes,1,single
0 <= ... < 200 DM,19,existing credits paid back duly till now,radio/television,250,... < 100 DM,... < 1 year,4,male,co-applicant,2,"car or other, not in savings account",75,bank,own,2,skilled employee / official,1,"yes, registered under customer's name",yes,1,divorced/separated
... >= 200 DM / salary assignments for at least 1 year,17,critical account / other credits existing (not at this bank),radio/television,250,unknown / no savings account,... >= 7 years,2,male,none,3,real estate,19,none,rent,2,skilled employee / official,2,"yes, registered under customer's name",yes,1,single
no checking account,4,all credits at this bank paid back duly,furniture/equipment,250,... < 100 DM,4 <= ... < 7 years,4,male,none,2,building society savings agreement / life insurance,39,bank,rent,1,skilled employee / official,1,"yes, registered under customer's name",yes,1,single
no checking account,4,critical account / other credits existing (not at this bank),radio/television,250,unknown / no savings account,4 <= ... < 7 years,1,female,none,3,"car or other, not in savings account",19,none,rent,2,skilled employee / official,2,"yes, registered under customer's name",yes,1,single
no checking account,11,all credits at this bank paid back duly,radio/television,12744,unknown / no savings account,... >= 7 years,4,female,none,2,real estate,50,none,own,2,unskilled - resident,1,"yes, registered under customer's name",no,2,single
... < 0 DM,27,existing credits paid back duly till now,radio/television,250,unknown / no savings account,4 <= ... < 7 years,4,male,guarantor,4,building society savings agreement / life insurance,35,bank,own,1,skilled employee / official,1,"yes, registered under customer's name",yes,1,single
no checking account,30,critical account / other credits existing (not at this bank),business,551,100 <= ... < 500 DM,... < 1 year,3,female,none,2,unknown / no property,48,none,for free,1,unskilled - resident,1,none,yes,2,single
no checking account,4,existing credits paid back duly till now,furniture/equipment,250,... < 100 DM,... < 1 year,1,male,none,2,building society savings agreement / life insurance,19,none,rent,1,skilled employee / official,1,"yes, registered under customer's name",yes,1,divorced/separated
0 <= ... < 200 DM,28,critical account / other credits existing (not at this bank),car (new),10110,... < 100 DM,1 <= ... < 4 years,3,male,none,1,real estate,42,none,rent,1,management / self-employed / highly qualified employee / officer,1,none,yes,2,married/widowed
no checking account,29,existing credits paid back duly till now,business,2195,... < 100 DM,4 <= ... < 7 years,2,male,none,4,real estate,45,none,for free,2,unemployed / unskilled - non-resident,1,none,yes,1,single
no checking account,23,existing credits paid back duly till now,education,392,unknown / no savings account,... < 1 year,3,male,none,3,real estate,19,none,own,2,unskilled - resident,1,none,yes,1,single
no checking account,4,existing credits paid back duly till now,radio/television,3771,... < 100 DM,... < 1 year,4,male,none,4,real estate,39,none,own,1,skilled employee / official,1,none,yes,1,single
... < 0 DM,4,all credits at this bank paid back duly,domestic appliances,250,... < 100 DM,4 <= ... < 7 years,2,male,none,1,building society savings agreement / life insurance,50,none,for free,2,management / self-employed / highly qualified employee / officer,1,none,yes,1,single
no checking account,65,existing credits paid back duly till now,repairs,423,unknown / no savings account,4 <= ... < 7 years,4,male,none,1,real estate,19,none,own,1,management / self-employed / highly qualified employee / officer,2,"yes, registered under customer's name",yes,2,single
no checking account,15,critical account / other credits existing (not at this bank),radio/television,2517,500 <= ... < 1000 DM,... < 1 year,2,female,none,2,building society savings agreement / life insurance,19,none,own,1,skilled employee / official,1,none,no,1,divorced/separated
0 <= ... < 200 DM,29,existing credits paid back duly till now,business,250,100 <= ... < 500 DM,1 <= ... < 4 years,2,male,none,4,"car or other, not in savings account",19,bank,own,2,management / self-employed / highly qualified employee / officer,1,"yes, registered under customer's name",yes,1,single
... < 0 DM,40,existing credits paid back duly till now,furniture/equipment,250,... < 100 DM,unemployed,4,male,none,3,building society savings agreement / life insurance,44,none,rent,1,skilled employee / official,1,none,yes,1,divorced/separated
... >= 200 DM / salary assignments for at least 1 year,29,existing credits paid back duly till now,business,250,100 <= ... < 500 DM,1 <= ... < 4 years,3,male,guarantor,3,"car or other, not in savings account",19,bank,for free,2,skilled employee / official,1,none,yes,1,single
no checking account,4,existing credits paid back duly till now,car (new),2277,... < 100 DM,1 <= ... < 4 years,4,male,none,2,real estate,28,none,own,1,management / self-employed / highly qualified employee / officer,1,"yes, registered under customer's name",yes,1,single
no checking account,4,existing credits paid back duly till now,radio/television,250,... < 100 DM,1 <= ... < 4 years,4,male,none,4,"car or other, not in savings account",19,none,own,1,skilled employee / official,1,none,yes,1,married/widowed
no checking account,31,existing credits paid back duly till now,radio/television,3764,... < 100 DM,1 <= ... < 4 years,4,male,none,2,"car or other, not in savings account",19,bank,rent,1,management / self-employed / highly qualified employee / officer,1,"yes, registered under customer's name",yes,1,divorced/separated
... >= 200 DM / salary assignments for at least 1 year,4,existing credits paid back duly till now,furniture/equipment,250,unknown / no savings account,... < 1 year,4,female,none,2,building society savings agreement / life insurance,19,bank,own,1,skilled employee / official,1,"yes, registered under customer's name",yes,1,single
0 <= ... < 200 DM,4,existing credits paid back duly till now,education,3692,... < 100 DM,unemployed,2,male,none,1,real estate,70,bank,for free,1,unskilled - resident,1,"yes, registered under customer's name",yes,1,single
... < 0 DM,4,critical account / other credits existing (not at this bank),radio/television,3619,... < 100 DM,... < 1 year,2,male,none,4,real estate,75,none,own,1,skilled employee / official,1,"yes, registered under customer's name",yes,1,divorced/separated
no checking account,72,existing credits paid back duly till now,repairs,250,... < 100 DM,unemployed,1,female,none,2,building society savings agreement / life insurance,36,none,own,1,unskilled - resident,1,none,yes,1,single
... < 0 DM,4,existing credits paid back duly till now,radio/television,13602,100 <= ... < 500 DM,... >= 7 years,4,male,co-applicant,4,real estate,75,none,own,1,skilled employee / official,1,none,yes,1,single
... < 0 DM,11,existing credits paid back duly till now,education,250,... < 100 DM,... >= 7 years,4,male,guarantor,2,"car or other, not in savings account",61,none,own,1,unskilled - resident,1,none,yes,1,single
... >= 200 DM / salary assignments for at least 1 year,29,existing credits paid back duly till now,car (new),250,100 <= ... < 500 DM,1 <= ... < 4 years,3,male,none,1,building society savings agreement / life insurance,19,none,own,1,skilled employee / official,1,"yes, registered under customer's name",yes,2,single
... >= 200 DM / salary assignments for at least 1 year,22,all credits at this bank paid back duly,furniture/equipment,250,unknown / no savings account,unemployed,2,female,co-applicant,2,building society savings agreement / life insurance,75,none,for free,1,skilled employee / official,2,none,yes,1,divorced/separated
no checking account,24,delay in paying off in the past,furniture/equipment,250,... >= 1000 DM,4 <= ... < 7 years,4,male,none,2,real estate,67,none,own,1,unskilled - resident,1,none,yes,2,single
no checking account,30,existing credits paid back duly till now,radio/television,250,... < 100 DM,1 <= ... < 4 years,4,male,none,2,building society savings agreement / life insurance,70,none,own,1,unskilled - resident,1,none,yes,1,single
... < 0 DM,4,existing credits paid back duly till now,business,6845,... < 100 DM,... >= 7 years,4,male,guarantor,2,real estate,19,none,own,1,management / self-employed / highly qualified employee / officer,1,"yes, registered under customer's name",yes,1,single
0 <= ... < 200 DM,72,delay in paying off in the past,furniture/equipment,250,unknown / no savings account,4 <= ... < 7 years,2,female,none,1,unknown / no property,67,bank,own,2,management / self-employed / highly qualified employee / officer,2,none,yes,1,divorced/separated
... < 0 DM,20,existing credits paid back duly till now,others,250,unknown / no savings account,unemployed,4,male,none,4,unknown / no property,19,none,rent,2,skilled employee / official,1,"yes, registered under customer's name",yes,2,divorced/separated
no checking account,33,all credits at this bank paid back duly,radio/television,250,... < 100 DM,unemployed,4,female,none,4,"car or other, not in savings account",50,none,own,1,unskilled - resident,1,none,yes,1,single
no checking account,30,existing credits paid back duly till now,education,250,100 <= ... < 500 DM,... >= 7 years,2,male,none,4,unknown / no property,75,none,rent,1,skilled employee / official,1,none,yes,1,married/widowed
... < 0 DM,72,existing credits paid back duly till now,radio/television,3684,... >= 1000 DM,4 <= ... < 7 years,4,male,none,4,building society savings agreement / life insurance,75,none,own,2,skilled employee / official,1,"yes, registered under customer's name",yes,1,divorced/separated
no checking account,53,no credits taken / all credits paid back duly,radio/television,2926,100 <= ... < 500 DM,4 <= ... < 7 years,2,female,none,3,real estate,19,none,own,1,skilled employee / official,1,"yes, registered under customer's name",yes,1,divorced/separated
no checking account,22,existing credits paid back duly till now,repairs,2532,... < 100 DM,1 <= ... < 4 years,3,female,none,4,building society savings agreement / life insurance,20,bank,own,1,skilled employee / official,1,none,yes,1,divorced/separated
0 <= ... < 200 DM,4,existing credits paid back duly till now,radio/television,250,... >= 1000 DM,... >= 7 years,4,male,none,4,real estate,19,none,rent,1,skilled employee / official,2,none,yes,1,single
no checking account,67,existing credits paid back duly till now,car (used),250,unknown / no savings account,1 <= ... < 4 years,2,male,none,2,building society savings agreement / life insurance,19,none,own,1,unskilled - resident,1,none,yes,2,single
... < 0 DM,61,existing credits paid back duly till now,furniture/equipment,250,unknown / no savings account,... >= 7 years,3,male,none,2,real estate,44,none,own,2,management / self-employed / highly qualified employee / officer,1,"yes, registered under customer's name",yes,2,married/widowed
no checking account,30,delay in paying off in the past,car (new),250,... < 100 DM,1 <= ... < 4 years,2,male,none,4,real estate,19,none,own,1,skilled employee / official,1,none,yes,2,single
no checking account,30,existing credits paid back duly till now,radio/television,3533,100 <= ... < 500 DM,4 <= ... < 7 years,3,female,guarantor,2,building society savings agreement / life insurance,24,none,for free,2,skilled employee / official,1,"yes, registered under customer's name",yes,2,divorced/separated
no checking account,30,critical account / other credits existing (not at this bank),business,1724,500 <= ... < 1000 DM,4 <= ... < 7 years,4,male,none,3,building society savings agreement / life insurance,37,none,rent,1,management / self-employed / highly qualified employee / officer,1,none,yes,1,married/widowed
no checking account,27,existing credits paid back duly till now,furniture/equipment,250,unknown / no savings account,... < 1 year,2,male,none,4,"car or other, not in savings account",32,stores,own,1,unskilled - resident,1,"yes, registered under customer's name",yes,1,single
no checking account,30,existing credits paid back duly till now,radio/television,339,unknown / no savings account,... >= 7 years,3,male,none,2,real estate,38,bank,own,2,skilled employee / official,2,"yes, registered under customer's name",yes,2,divorced/separated
... >= 200 DM / salary assignments for at least 1 year,30,existing credits paid back duly till now,repairs,250,unknown / no savings account,4 <= ... < 7 years,2,female,co-applicant,4,building society savings agreement / life insurance,19,stores,own,1,skilled employee / official,1,"yes, registered under customer's name",yes,1,divorced/separated
... < 0 DM,8,all credits at this bank paid back duly,radio/television,1802,... < 100 DM,... < 1 year,4,male,none,2,real estate,19,none,own,1,skilled employee / official,1,none,yes,1,single
no checking account,30,existing credits paid back duly till now,radio/television,3483,unknown / no savings account,4 <= ... < 7 years,3,male,none,4,building society savings agreement / life insurance,39,none,own,2,management / self-employed / highly qualified employee / officer,2,"yes, registered under customer's name",yes,1,single
... < 0 DM,19,critical account / other credits existing (not at this bank),car (new),440,... < 100 DM,... >= 7 years,3,female,none,2,real estate,21,none,own,1,skilled employee / official,2,none,yes,2,single
0 <= ... < 200 DM,4,existing credits paid back duly till now,radio/television,250,unknown / no savings account,... < 1 year,3,male,none,2,unknown / no property,75,none,own,1,unemployed / unskilled - non-resident,2,none,yes,1,divorced/separated
... < 0 DM,28,no credits taken / all credits paid back duly,business,4275,... < 100 DM,unemployed,3,male,none,2,"car or other, not in savings account",19,none,own,1,skilled employee / official,1,"yes, registered under customer's name",yes,1,divorced/separated
... < 0 DM,29,existing credits paid back duly till now,furniture/equipment,250,500 <= ... < 1000 DM,... >= 7 years,3,female,none,3,unknown / no property,19,none,own,2,skilled employee / official,1,none,yes,1,divorced/separated
... >= 200 DM / salary assignments for at least 1 year,29,critical account / other credits existing (not at this bank),car (new),3778,unknown / no savings account,... < 1 year,4,male,none,4,"car or other, not in savings account",38,none,rent,1,management / self-employed / highly qualified employee / officer,1,"yes, registered under customer's name",yes,1,divorced/separated
no checking account,21,existing credits paid back duly till now,car (new),250,unknown / no savings account,unemployed,4,male,co-applicant,4,building society savings agreement / life insurance,19,none,own,2,unskilled - resident,1,"yes, registered under customer's name",yes,2,divorced/separated
0 <= ... < 200 DM,33,existing credits paid back duly till now,radio/television,250,100 <= ... < 500 DM,... < 1 year,4,male,none,2,building society savings agreement / life insurance,19,none,own,1,skilled employee / official,2,none,yes,2,divorced/separated
no checking account,27,existing credits paid back duly till now,radio/television,250,unknown / no savings account,unemployed,4,male,none,2,building society savings agreement / life insurance,75,none,rent,1,skilled employee / official,1,none,yes,1,single
no checking account,22,existing credits paid back duly till now,car (new),3768,... < 100 DM,1 <= ... < 4 years,4,male,none,4,real estate,39,none,rent,1,skilled employee / official,1,none,yes,1,single
no checking account,4,delay in paying off in the past,radio/television,250,... < 100 DM,4 <= ... < 7 years,4,male,co-applicant,4,real estate,19,stores,own,1,unemployed / unskilled - non-resident,1,"yes, registered under customer's name",yes,1,married/widowed
... < 0 DM,9,critical account / other credits existing (not at this bank),radio/television,1454,... >= 1000 DM,4 <= ... < 7 years,1,male,none,4,building society savings agreement / life insurance,75,none,own,2,management / self-employed / highly qualified employee / officer,1,none,yes,1,single
... < 0 DM,15,critical account / other credits existing (not at this bank),furniture/equipment,250,unknown / no savings account,... >= 7 years,4,male,none,3,"car or other, not in savings account",51,none,own,2,skilled employee / official,1,"yes, registered under customer's name",yes,1,single
no checking account,4,critical account / other credits existing (not at this bank),radio/television,3778,unknown / no savings account,... < 1 year,3,male,none,4,building society savings agreement / life insurance,22,none,own,2,skilled employee / official,1,none,yes,1,single
no checking account,16,existing credits paid back duly till now,car (new),250,500 <= ... < 1000 DM,... < 1 year,4,male,none,2,building society savings agreement / life insurance,23,stores,for free,1,skilled employee / official,1,none,yes,2,married/widowed
no checking account,30,existing credits paid back duly till now,radio/television,250,... < 100 DM,4 <= ... < 7 years,4,male,guarantor,2,real estate,75,none,own,1,skilled employee / official,1,"yes, registered under customer's name",no,2,single
0 <= ... < 200 DM,30,existing credits paid back duly till now,radio/television,2365,unknown / no savings account,... < 1 year,3,male,none,1,real estate,38,none,own,1,unemployed / unskilled - non-resident,1,"yes, registered under customer's name",yes,1,single
no checking account,26,existing credits paid back duly till now,radio/television,4856,unknown / no savings account,4 <= ... < 7 years,4,male,none,2,building society savings agreement / life insurance,39,none,own,1,unemployed / unskilled - non-resident,1,"yes, registered under customer's name",yes,2,single
no checking account,31,critical account / other credits existing (not at this bank),education,2715,... < 100 DM,... >= 7 years,4,male,none,2,real estate,30,none,rent,2,unskilled - resident,2,none,yes,1,single
... < 0 DM,27,existing credits paid back duly till now,domestic appliances,6860,100 <= ... < 500 DM,... >= 7 years,4,male,none,4,real estate,75,none,own,1,management / self-employed / highly qualified employee / officer,1,none,yes,1,married/widowed
0 <= ... < 200 DM,60,all credits at this bank paid back duly,radio/television,250,unknown / no savings account,... < 1 year,2,male,none,4,unknown / no property,19,none,for free,1,management / self-employed / highly qualified employee / officer,1,none,yes,1,divorced/separated
... >= 200 DM / salary assignments for at least 1 year,4,existing credits paid back duly till now,radio/television,250,100 <= ... < 500 DM,... >= 7 years,3,male,none,2,"car or other, not in savings account",23,bank,own,1,skilled employee / official,1,none,yes,1,divorced/separated
no checking account,11,existing credits paid back duly till now,business,250,unknown / no savings account,... < 1 year,4,male,none,2,unknown / no property,38,none,own,1,unskilled - resident,2,"yes, registered under customer's name",yes,1,divorced/separated
0 <= ... < 200 DM,33,critical account / other credits existing (not at this bank),car (new),250,... < 100 DM,... >= 7 years,1,male,none,4,building society savings agreement / life insurance,27,none,own,2,management / self-employed / highly qualified employee / officer,1,none,yes,1,single
no checking account,30,existing credits paid back duly till now,furniture/equipment,250,... < 100 DM,1 <= ... < 4 years,4,female,none,1,building society savings agreement / life insurance,19,none,own,1,skilled employee / official,1,"yes, registered under customer's name",yes,1,single
no checking account,29,existing credits paid back duly till now,radio/television,13637,100 <= ... < 500 DM,4 <= ... < 7 years,4,male,none,4,real estate,75,none,own,2,skilled employee / official,1,"yes, registered under customer's name",yes,2,divorced/separated
... < 0 DM,32,existing credits paid back duly till now,radio/television,6858,100 <= ... < 500 DM,4 <= ... < 7 years,4,female,none,2,building society savings agreement / life insurance,27,bank,own,2,skilled employee / official,2,"yes, registered under customer's name",yes,1,divorced/separated
... < 0 DM,30,existing credits paid back duly till now,furniture/equipment,250,... < 100 DM,1 <= ... < 4 years,3,female,none,4,"car or other, not in savings account",19,stores,own,1,management / self-employed / highly qualified employee / officer,1,none,yes,1,single
0 <= ... < 200 DM,4,existing credits paid back duly till now,car (new),250,... < 100 DM,1 <= ... < 4 years,4,male,none,2,"car or other, not in savings account",19,none,own,1,skilled employee / official,1,"yes, registered under customer's name",yes,2,married/widowed
no checking account,29,critical account / other credits existing (not at this bank),car (used),250,unknown / no savings account,... < 1 year,1,male,guarantor,2,building society savings agreement / life insurance,19,bank,for free,2,unskilled - resident,2,"yes, registered under customer's name",yes,2,married/widowed
no checking account,30,existing credits paid back duly till now,radio/television,3598,... < 100 DM,4 <= ... < 7 years,4,male,none,4,building society savings agreement / life insurance,19,bank,own,1,unskilled - resident,1,none,yes,1,married/widowed
... < 0 DM,26,critical account / other credits existing (not at this bank),furniture/equipment,3557,... < 100 DM,1 <= ... < 4 years,4,male,none,2,"car or other, not in savings account",50,none,for free,1,management / self-employed / highly qualified employee / officer,1,none,yes,2,single
0 <= ... < 200 DM,4,existing credits paid back duly till now,car (new),3478,100 <= ... < 500 DM,... >= 7 years,1,female,none,4,unknown / no property,39,none,own,1,unskilled - resident,1,none,yes,1,divorced/separated
no checking account,4,critical account / other credits existing (not at this bank),radio/television,2943,... < 100 DM,unemployed,3,male,none,4,real estate,75,bank,own,2,skilled employee / official,1,none,yes,1,single
no checking account,4,delay in paying off in the past,radio/television,6708,unknown / no savings account,... < 1 year,2,male,guarantor,4,building society savings agreement / life insurance,63,none,own,1,skilled employee / official,1,none,yes,1,single
... < 0 DM,30,critical account / other credits existing (not at this bank),radio/television,3778,... < 100 DM,unemployed,2,male,none,4,real estate,75,bank,own,2,management / self-employed / highly qualified employee / officer,1,"yes, registered under customer's name",no,2,divorced/separated
no checking account,72,critical account / other credits existing (not at this bank),car (new),3121,... < 100 DM,... < 1 year,4,male,none,4,real estate,19,none,own,1,skilled employee / official,1,none,yes,2,single
... < 0 DM,19,all credits at this bank paid back duly,furniture/equipment,250,... < 100 DM,4 <= ... < 7 years,2,female,none,4,unknown / no property,34,none,own,1,unskilled - resident,1,none,yes,2,divorced/separated
no checking account,4,existing credits paid back duly till now,radio/television,3756,... < 100 DM,1 <= ... < 4 years,4,female,none,4,building society savings agreement / life insurance,38,none,own,2,skilled employee / official,2,none,yes,1,single
no checking account,29,all credits at this bank paid back duly,radio/television,250,... < 100 DM,1 <= ... < 4 years,4,male,none,2,building society savings agreement / life insurance,19,none,own,1,skilled employee / official,1,none,no,2,single
... < 0 DM,4,delay in paying off in the past,radio/television,3758,... < 100 DM,unemployed,4,male,none,1,unknown / no property,37,none,own,1,skilled employee / official,1,none,yes,1,divorced/separated
no checking account,16,all credits at this bank paid back duly,radio/television,1280,... < 100 DM,unemployed,4,male,none,2,real estate,19,none,own,1,skilled employee / official,1,none,yes,1,single
0 <= ... < 200 DM,29,existing credits paid back duly till now,car (used),6783,... < 100 DM,... >= 7 years,3,male,none,4,unknown / no property,19,none,rent,1,unskilled - resident,1,none,no,1,single
... < 0 DM,26,existing credits paid back duly till now,education,15945,unknown / no savings account,... < 1 year,2,male,none,2,real estate,24,stores,own,1,unskilled - resident,1,none,no,2,divorced/separated
... < 0 DM,30,existing credits paid back duly till now,car (used),250,... < 100 DM,4 <= ... < 7 years,2,male,none,3,unknown / no property,56,bank,for free,1,skilled employee / official,2,none,no,1,married/widowed
no checking account,29,delay in paying off in the past,car (new),3769,... < 100 DM,... >= 7 years,4,male,none,1,unknown / no property,19,none,own,1,skilled employee / official,1,none,yes,2,divorced/separated
... < 0 DM,13,existing credits paid back duly till now,radio/television,15945,unknown / no savings account,... < 1 year,3,male,none,2,real estate,19,none,own,1,management / self-employed / highly qualified employee / officer,1,"yes, registered under customer's name",yes,2,divorced/separated
no checking account,27,existing credits paid back duly till now,radio/television,250,500 <= ... < 1000 DM,4 <= ... < 7 years,4,male,none,2,real estate,35,none,rent,1,skilled employee / official,1,"yes, registered under customer's name",yes,1,single
... < 0 DM,30,existing credits paid back duly till now,radio/television,250,100 <= ... < 500 DM,4 <= ... < 7 years,4,female,none,3,unknown / no property,22,none,own,1,management / self-employed / highly qualified employee / officer,1,"yes, registered under customer's name",yes,2,single
... < 0 DM,50,existing credits paid back duly till now,radio/television,13642,... < 100 DM,4 <= ... < 7 years,3,male,none,1,building society savings agreement / life insurance,19,none,own,1,unskilled - resident,1,none,yes,1,divorced/separated
... >= 200 DM / salary assignments for at least 1 year,4,existing credits paid back duly till now,furniture/equipment,3770,100 <= ... < 500 DM,1 <= ... < 4 years,4,male,guarantor,4,"car or other, not in savings account",46,none,rent,2,unskilled - resident,1,none,yes,1,single
no checking account,23,existing credits paid back duly till now,car (used),250,100 <= ... < 500 DM,... < 1 year,3,male,none,2,"car or other, not in savings account",19,stores,own,1,unskilled - resident,1,"yes, registered under customer's name",yes,1,single
0 <= ... < 200 DM,5,existing credits paid back duly till now,radio/television,6482,100 <= ... < 500 DM,unemployed,2,female,none,1,"car or other, not in savings account",67,none,own,1,management / self-employed / highly qualified employee / officer,1,none,yes,1,single
... >= 200 DM / salary assignments for at least 1 year,30,critical account / other credits existing (not at this bank),car (new),3778,... < 100 DM,... < 1 year,3,male,co-applicant,4,building society savings agreement / life insurance,67,none,own,1,unskilled - resident,1,none,yes,2,married/widowed
0 <= ... < 200 DM,4,existing credits paid back duly till now,education,358,... < 100 DM,4 <= ... < 7 years,2,male,none,2,real estate,70,bank,own,2,management / self-employed / highly qualified employee / officer,1,none,yes,2,divorced/separated
no checking account,26,existing credits paid back duly till now,business,250,... < 100 DM,1 <= ... < 4 years,4,female,none,4,real estate,75,none,own,1,skilled employee / official,1,none,yes,1,single
no checking account,30,all credits at this bank paid back duly,radio/television,3560,... >= 1000 DM,... >= 7 years,4,male,none,2,building society savings agreement / life insurance,36,bank,rent,1,unskilled - resident,1,none,yes,1,single
no checking account,4,existing credits paid back duly till now,car (new),3724,... < 100 DM,4 <= ... < 7 years,4,male,none,4,building society savings agreement / life insurance,38,bank,own,1,skilled employee / official,1,none,yes,1,single
0 <= ... < 200 DM,53,existing credits paid back duly till now,car (new),1951,... < 100 DM,... < 1 year,2,female,none,4,real estate,70,none,own,2,management / self-employed / highly qualified employee / officer,1,none,yes,1,divorced/separated
0 <= ... < 200 DM,4,critical account / other credits existing (not at this bank),radio/television,4674,... < 100 DM,... >= 7 years,2,female,co-applicant,4,unknown / no property,75,none,own,1,unskilled - resident,2,none,yes,1,single
0 <= ... < 200 DM,13,existing credits paid back duly till now,others,3479,... < 100 DM,... >= 7 years,4,male,guarantor,2,"car or other, not in savings account",75,none,own,2,unskilled - resident,1,none,yes,2,single
... < 0 DM,4,existing credits paid back duly till now,domestic appliances,250,... < 100 DM,unemployed,1,female,guarantor,2,"car or other, not in savings account",39,none,own,1,skilled employee / official,1,"yes, registered under customer's name",yes,1,married/widowed
... < 0 DM,19,existing credits paid back duly till now,repairs,10867,100 <= ... < 500 DM,4 <= ... < 7 years,4,male,guarantor,2,unknown / no property,67,none,for free,1,skilled employee / official,1,"yes, registered under customer's name",yes,1,divorced/separated
0 <= ... < 200 DM,4,all credits at this bank paid back duly,car (new),250,unknown / no savings account,4 <= ... < 7 years,2,female,co-applicant,2,building society savings agreement / life insurance,19,stores,own,2,management / self-employed / highly qualified employee / officer,2,none,yes,1,divorced/separated
0 <= ... < 200 DM,72,existing credits paid back duly till now,education,5921,... >= 1000 DM,1 <= ... < 4 years,2,male,co-applicant,4,real estate,75,bank,rent,1,unemployed / unskilled - non-resident,2,none,yes,2,single
... < 0 DM,50,existing credits paid back duly till now,car (used),250,100 <= ... < 500 DM,1 <= ... < 4 years,4,male,none,2,real estate,70,bank,own,1,management / self-employed / highly qualified employee / officer,2,"yes, registered under customer's name",yes,1,divorced/separated
... < 0 DM,30,critical account / other credits existing (not at this bank),business,3879,... < 100 DM,4 <= ... < 7 years,4,female,none,2,real estate,40,bank,rent,4,management / self-employed / highly qualified employee / officer,1,"yes, registered under customer's name",yes,1,single
0 <= ... < 200 DM,4,existing credits paid back duly till now,radio/television,6760,... < 100 DM,... < 1 year,2,female,none,2,real estate,19,none,own,1,skilled employee / official,1,none,yes,2,divorced/separated
no checking account,29,delay in paying off in the past,car (new),3143,... < 100 DM,4 <= ... < 7 years,4,male,none,2,real estate,33,bank,own,1,skilled employee / official,1,none,yes,1,single
... < 0 DM,15,critical account / other credits existing (not at this bank),car (new),6796,... < 100 DM,4 <= ... < 7 years,4,male,none,4,real estate,65,none,own,1,unskilled - resident,1,none,yes,1,single
no checking account,30,critical account / other credits existing (not at this bank),business,3391,... < 100 DM,4 <= ... < 7 years,4,male,none,2,unknown / no property,19,none,own,1,skilled employee / official,1,none,yes,1,single
... >= 200 DM / salary assignments for at least 1 year,41,delay in paying off in the past,education,3133,unknown / no savings account,... < 1 year,3,female,none,1,"car or other, not in savings account",19,none,for free,2,management / self-employed / highly qualified employee / officer,1,none,yes,1,married/widowed
0 <= ... < 200 DM,4,delay in paying off in the past,car (new),250,100 <= ... < 500 DM,... < 1 year,2,male,none,3,unknown / no property,19,bank,rent,1,skilled employee / official,1,none,yes,2,single
no checking account,72,existing credits paid back duly till now,radio/television,250,unknown / no savings account,1 <= ... < 4 years,3,female,none,4,building society savings agreement / life insurance,63,none,rent,1,management / self-employed / highly qualified employee / officer,1,"yes, registered under customer's name",yes,2,divorced/separated
... < 0 DM,4,existing credits paid back duly till now,furniture/equipment,1669,... >= 1000 DM,unemployed,3,male,none,1,real estate,60,none,own,1,management / self-employed / highly qualified employee / officer,1,"yes, registered under customer's name",yes,1,divorced/separated
no checking account,29,no credits taken / all credits paid back duly,car (used),15945,unknown / no savings account,1 <= ... < 4 years,2,male,none,2,real estate,19,none,for free,2,management / self-employed / highly qualified employee / officer,1,none,yes,2,divorced/separated
no checking account,29,existing credits paid back duly till now,radio/television,250,... < 100 DM,4 <= ... < 7 years,4,female,none,3,building society savings agreement / life insurance,49,none,own,2,skilled employee / official,1,none,yes,1,divorced/separated
... < 0 DM,29,existing credits paid back duly till now,car (used),250,... < 100 DM,... < 1 year,4,male,none,4,unknown / no property,19,none,own,2,management / self-employed / highly qualified employee / officer,1,none,yes,1,single
no checking account,72,existing credits paid back duly till now,car (used),250,500 <= ... < 1000 DM,1 <= ... < 4 years,2,female,none,4,unknown / no property,19,none,for free,1,management / self-employed / highly qualified employee / officer,1,none,yes,1,divorced/separated
... < 0 DM,17,existing credits paid back duly till now,radio/television,250,unknown / no savings account,1 <= ... < 4 years,2,female,none,4,real estate,23,none,own,2,skilled employee / official,1,none,yes,1,single
no checking account,45,critical account / other credits existing (not at this bank),car (new),250,... < 100 DM,... < 1 year,2,male,none,4,building society savings agreement / life insurance,19,none,own,2,unskilled - resident,1,"yes, registered under customer's name",yes,1,single
0 <= ... < 200 DM,29,existing credits paid back duly till now,radio/television,6168,100 <= ... < 500 DM,... >= 7 years,3,male,none,4,building society savings agreement / life insurance,46,bank,own,1,unemployed / unskilled - non-resident,1,"yes, registered under customer's name",yes,2,single
0 <= ... < 200 DM,13,critical account / other credits existing (not at this bank),radio/television,250,500 <= ... < 1000 DM,... >= 7 years,2,female,none,2,real estate,35,stores,rent,1,management / self-employed / highly qualified employee / officer,1,none,yes,1,divorced/separated
no checking account,19,existing credits paid back duly till now,furniture/equipment,250,500 <= ... < 1000 DM,1 <= ... < 4 years,4,male,guarantor,2,building society savings agreement / life insurance,67,none,own,1,management / self-employed / highly qualified employee / officer,1,none,no,1,divorced/separated
no checking account,4,delay in paying off in the past,business,250,... < 100 DM,unemployed,4,male,none,4,real estate,70,none,own,1,management / self-employed / highly qualified employee / officer,1,none,yes,1,divorced/separated
0 <= ... < 200 DM,19,critical account / other credits existing (not at this bank),car (new),6860,... < 100 DM,... < 1 year,4,male,guarantor,4,real estate,19,none,own,1,skilled employee / official,2,none,no,1,single
no checking account,30,critical account / other credits existing (not at this bank),radio/television,250,... >= 1000 DM,... < 1 year,2,female,none,4,building society savings agreement / life insurance,19,none,own,1,unskilled - resident,2,"yes, registered under customer's name",yes,1,single
... < 0 DM,33,existing credits paid back duly till now,radio/television,3616,... >= 1000 DM,1 <= ... < 4 years,2,male,co-applicant,4,building society savings agreement / life insurance,19,none,own,1,unskilled - resident,2,"yes, registered under customer's name",yes,1,single
... >= 200 DM / salary assignments for at least 1 year,4,existing credits paid back duly till now,furniture/equipment,6081,... < 100 DM,unemployed,4,female,guarantor,4,real estate,19,none,rent,2,management / self-employed / highly qualified employee / officer,1,"yes, registered under customer's name",yes,1,married/widowed
no checking account,4,existing credits paid back duly till now,radio/television,2883,... < 100 DM,... < 1 year,4,male,none,3,"car or other, not in savings account",33,none,rent,1,unskilled - resident,1,none,yes,1,single
... < 0 DM,19,no credits taken / all credits paid back duly,furniture/equipment,250,100 <= ... < 500 DM,1 <= ... < 4 years,4,male,none,2,"car or other, not in savings account",75,none,own,2,skilled employee / official,2,none,yes,1,single
... >= 200 DM / salary assignments for at least 1 year,19,existing credits paid back duly till now,furniture/equipment,3778,100 <= ... < 500 DM,... >= 7 years,4,male,co-applicant,2,"car or other, not in savings account",19,none,own,1,management / self-employed / highly qualified employee / officer,1,none,yes,1,married/widowed
0 <= ... < 200 DM,72,existing credits paid back duly till now,repairs,6844,... < 100 DM,... >= 7 years,4,male,none,1,real estate,22,none,own,1,unskilled - resident,1,none,no,2,divorced/separated
no checking account,29,critical account / other credits existing (not at this bank),car (new),250,unknown / no savings account,1 <= ... < 4 years,4,male,none,2,building society savings agreement / life insurance,19,bank,for free,2,skilled employee / official,1,"yes, registered under customer's name",yes,1,married/widowed
... < 0 DM,30,existing credits paid back duly till now,radio/television,250,100 <= ... < 500 DM,1 <= ... < 4 years,2,male,none,2,unknown / no property,75,none,own,2,unskilled - resident,1,"yes, registered under customer's name",yes,2,married/widowed
no checking account,4,existing credits paid back duly till now,education,250,... < 100 DM,1 <= ... < 4 years,4,female,none,1,real estate,39,none,own,1,management / self-employed / highly qualified employee / officer,1,none,yes,1,single
... < 0 DM,30,existing credits paid back duly till now,radio/television,250,... < 100 DM,... < 1 year,4,male,none,1,"car or other, not in savings account",38,none,own,1,skilled employee / official,1,"yes, registered under customer's name",yes,1,single
... < 0 DM,30,existing credits paid back duly till now,radio/television,6850,... < 100 DM,4 <= ... < 7 years,4,male,co-applicant,4,unknown / no property,31,none,own,1,skilled employee / official,1,none,yes,1,single
... < 0 DM,23,existing credits paid back duly till now,radio/television,5239,unknown / no savings account,... >= 7 years,4,male,none,4,real estate,19,bank,own,1,management / self-employed / highly qualified employee / officer,1,none,yes,1,single
no checking account,13,existing credits paid back duly till now,car (new),1546,... < 100 DM,unemployed,3,male,none,2,unknown / no property,19,none,for free,2,management / self-employed / highly qualified employee / officer,2,none,no,1,divorced/separated
... < 0 DM,4,all credits at this bank paid back duly,radio/television,3778,... < 100 DM,1 <= ... < 4 years,4,male,none,4,real estate,28,none,own,1,management / self-employed / highly qualified employee / officer,1,"yes, registered under customer's name",yes,1,divorced/separated
... < 0 DM,19,existing credits paid back duly till now,education,250,100 <= ... < 500 DM,4 <= ... < 7 years,2,male,none,2,real estate,39,none,rent,1,unskilled - resident,1,"yes, registered under customer's name",yes,1,divorced/separated
... < 0 DM,30,existing credits paid back duly till now,car (used),250,... < 100 DM,unemployed,4,male,none,4,unknown / no property,19,bank,for free,1,skilled employee / official,1,none,yes,1,single
... < 0 DM,4,existing credits paid back duly till now,radio/television,6855,... < 100 DM,... < 1 year,4,female,none,4,building society savings agreement / life insurance,39,bank,own,2,skilled employee / official,1,none,yes,1,divorced/separated
... < 0 DM,30,existing credits paid back duly till now,radio/television,250,100 <= ... < 500 DM,4 <= ... < 7 years,3,male,none,2,real estate,20,bank,own,1,unskilled - resident,1,"yes, registered under customer's name",yes,2,divorced/separated
... < 0 DM,19,existing credits paid back duly till now,radio/television,490,... < 100 DM,... < 1 year,3,male,none,2,"car or other, not in savings account",21,none,rent,2,skilled employee / official,2,"yes, registered under customer's name",yes,1,married/widowed
... >= 200 DM / salary assignments for at least 1 year,4,existing credits paid back duly till now,repairs,250,... < 100 DM,1 <= ... < 4 years,1,female,guarantor,4,building society savings agreement / life insurance,23,bank,rent,1,skilled employee / official,1,"yes, registered under customer's name",yes,1,single
0 <= ... < 200 DM,30,existing credits paid back duly till now,car (new),2040,100 <= ... < 500 DM,1 <= ... < 4 years,3,female,none,3,unknown / no property,19,none,own,1,skilled employee / official,1,none,yes,2,divorced/separated
no checking account,53,existing credits paid back duly till now,radio/television,250,... < 100 DM,4 <= ... < 7 years,4,male,none,4,"car or other, not in savings account",37,stores,rent,1,skilled employee / official,1,"yes, registered under customer's name",yes,1,divorced/separated
... < 0 DM,19,existing credits paid back duly till now,radio/television,460,... < 100 DM,1 <= ... < 4 years,4,male,none,4,"car or other, not in savings account",39,none,own,1,skilled employee / official,1,"yes, registered under customer's name",yes,1,single
... >= 200 DM / salary assignments for at least 1 year,27,critical account / other credits existing (not at this bank),furniture/equipment,2389,100 <= ... < 500 DM,4 <= ... < 7 years,3,male,none,4,real estate,19,none,own,1,unskilled - resident,1,none,yes,1,single
... < 0 DM,4,existing credits paid back duly till now,domestic appliances,250,... < 100 DM,... < 1 year,4,male,none,4,real estate,19,none,rent,1,skilled employee / official,1,none,yes,1,divorced/separated
no checking account,13,no credits taken / all credits paid back duly,furniture/equipment,3757,... < 100 DM,... < 1 year,3,male,none,4,building society savings agreement / life insurance,39,bank,own,1,unemployed / unskilled - non-resident,1,none,yes,1,divorced/separated
no checking account,19,existing credits paid back duly till now,radio/television,600,... < 100 DM,... < 1 year,2,female,none,2,unknown / no property,65,none,own,2,skilled employee / official,1,"yes, registered under customer's name",yes,1,divorced/separated
no checking account,28,delay in paying off in the past,car (used),15945,... < 100 DM,1 <= ... < 4 years,4,male,none,3,real estate,58,none,for free,1,unemployed / unskilled - non-resident,1,none,yes,1,single
... < 0 DM,4,no credits taken / all credits paid back duly,car (used),1242,... < 100 DM,4 <= ... < 7 years,4,male,none,4,real estate,39,none,own,1,skilled employee / official,1,none,yes,1,single
no checking account,30,existing credits paid back duly till now,radio/television,3778,unknown / no savings account,... < 1 year,4,male,none,4,building society savings agreement / life insurance,19,none,own,1,skilled employee / official,1,none,yes,2,single
... < 0 DM,19,no credits taken / all credits paid back duly,car (used),3742,unknown / no savings account,... < 1 year,4,male,co-applicant,4,unknown / no property,27,none,rent,2,unskilled - resident,2,"yes, registered under customer's name",yes,1,single
no checking account,30,existing credits paid back duly till now,radio/television,250,100 <= ... < 500 DM,... >= 7 years,2,male,none,4,unknown / no property,30,none,own,2,management / self-employed / highly qualified employee / officer,1,none,yes,2,married/widowed
... < 0 DM,30,critical account / other credits existing (not at this bank),radio/television,250,... >= 1000 DM,4 <= ... < 7 years,2,male,none,4,real estate,19,bank,own,1,management / self-employed / highly qualified employee / officer,1,"yes, registered under customer's name",yes,1,divorced/separated
0 <= ... < 200 DM,4,existing credits paid back duly till now,radio/television,15945,... < 100 DM,1 <= ... < 4 years,4,female,none,4,"car or other, not in savings account",19,none,for free,2,unemployed / unskilled - non-resident,1,none,yes,1,single
no checking account,19,existing credits paid back duly till now,radio/television,15945,100 <= ... < 500 DM,... >= 7 years,2,female,none,1,unknown / no property,19,none,own,1,unemployed / unskilled - non-resident,1,none,yes,1,single
no checking account,29,existing credits paid back duly till now,car (new),3832,... < 100 DM,... >= 7 years,2,male,none,2,real estate,27,none,own,1,unskilled - resident,2,none,yes,1,married/widowed
... < 0 DM,4,critical account / other credits existing (not at this bank),radio/television,6849,unknown / no savings account,4 <= ... < 7 years,2,male,co-applicant,4,"car or other, not in savings account",19,none,own,2,skilled employee / official,1,"yes, registered under customer's name",yes,1,divorced/separated
no checking account,53,critical account / other credits existing (not at this bank),education,3482,500 <= ... < 1000 DM,... < 1 year,4,male,none,4,real estate,52,none,rent,1,skilled employee / official,2,"yes, registered under customer's name",yes,2,single
no checking account,33,all credits at this bank paid back duly,radio/television,6226,... < 100 DM,1 <= ... < 4 years,4,male,none,2,real estate,19,none,own,1,management / self-employed / highly qualified employee / officer,2,none,yes,1,single
no checking account,4,critical account / other credits existing (not at this bank),radio/television,250,100 <= ... < 500 DM,unemployed,3,female,none,1,"car or other, not in savings account",19,none,own,2,skilled employee / official,1,none,yes,1,divorced/separated
... < 0 DM,72,delay in paying off in the past,business,250,100 <= ... < 500 DM,4 <= ... < 7 years,4,male,none,2,"car or other, not in savings account",19,none,own,4,skilled employee / official,1,none,yes,1,single
... < 0 DM,29,critical account / other credits existing (not at this bank),car (used),250,500 <= ... < 1000 DM,1 <= ... < 4 years,4,male,none,3,real estate,75,none,rent,2,unskilled - resident,1,"yes, registered under customer's name",yes,1,single
... < 0 DM,4,critical account / other credits existing (not at this bank),radio/television,349,... < 100 DM,4 <= ... < 7 years,4,male,none,4,real estate,50,none,rent,1,skilled employee / official,1,"yes, registered under customer's name",yes,1,divorced/separated
no checking account,4,critical account / other credits existing (not at this bank),business,250,... < 100 DM,... < 1 year,1,male,none,2,building society savings agreement / life insurance,50,bank,own,2,unskilled - resident,2,"yes, registered under customer's name",yes,1,single
... >= 200 DM / salary assignments for at least 1 year,72,existing credits paid back duly till now,car (used),326,unknown / no savings account,... < 1 year,2,male,co-applicant,2,"car or other, not in savings account",19,none,own,1,skilled employee / official,1,"yes, registered under customer's name",yes,1,single
... < 0 DM,30,existing credits paid back duly till now,radio/television,250,100 <= ... < 500 DM,4 <= ... < 7 years,3,male,guarantor,4,real estate,66,bank,own,2,management / self-employed / highly qualified employee / officer,1,"yes, registered under customer's name",no,1,single
no checking account,4,delay in paying off in the past,repairs,3774,... < 100 DM,... < 1 year,4,female,co-applicant,3,real estate,35,none,own,2,skilled employee / official,1,none,yes,1,married/widowed
no checking account,12,existing credits paid back duly till now,furniture/equipment,790,100 <= ... < 500 DM,unemployed,3,female,co-applicant,3,building society savings agreement / life insurance,37,none,own,1,skilled employee / official,1,none,yes,2,single
no checking account,28,critical account / other credits existing (not at this bank),radio/television,15809,500 <= ... < 1000 DM,... >= 7 years,3,female,co-applicant,1,building society savings agreement / life insurance,62,stores,own,2,skilled employee / official,2,"yes, registered under customer's name",no,2,single
no checking account,31,critical account / other credits existing (not at this bank),furniture/equipment,3224,... < 100 DM,... < 1 year,4,female,none,4,"car or other, not in savings account",49,bank,own,2,management / self-employed / highly qualified employee / officer,2,"yes, registered under customer's name",yes,1,single
no checking account,4,existing credits paid back duly till now,radio/television,250,500 <= ... < 1000 DM,... < 1 year,1,male,none,1,unknown / no property,36,bank,own,2,skilled employee / official,1,"yes, registered under customer's name",yes,2,divorced/separated
no checking account,29,existing credits paid back duly till now,others,250,500 <= ... < 1000 DM,1 <= ... < 4 years,4,female,guarantor,2,"car or other, not in savings account",70,none,own,1,unemployed / unskilled - non-resident,2,none,yes,1,single
no checking account,30,existing credits paid back duly till now,car (used),250,unknown / no savings account,... < 1 year,4,male,none,2,building society savings agreement / life insurance,19,bank,own,1,skilled employee / official,1,"yes, registered under customer's name",yes,1,divorced/separated
... < 0 DM,72,delay in paying off in the past,education,250,100 <= ... < 500 DM,4 <= ... < 7 years,3,male,co-applicant,2,real estate,19,none,rent,2,management / self-employed / highly qualified employee / officer,1,"yes, registered under customer's name",yes,2,single
0 <= ... < 200 DM,14,delay in paying off in the past,radio/television,6859,... < 100 DM,... < 1 year,2,male,none,2,real estate,19,none,own,1,skilled employee / official,2,none,yes,2,divorced/separated
0 <= ... < 200 DM,19,existing credits paid back duly till now,car (new),250,... < 100 DM,... < 1 year,4,male,none,2,"car or other, not in savings account",20,none,own,1,management / self-employed / highly qualified employee / officer,1,"yes, registered under customer's name",yes,1,single
no checking account,4,critical account / other credits existing (not at this bank),radio/television,10571,unknown / no savings account,4 <= ... < 7 years,2,male,none,4,building society savings agreement / life insurance,70,none,rent,2,unemployed / unskilled - non-resident,1,"yes, registered under customer's name",yes,1,divorced/separated
... < 0 DM,53,existing credits paid back duly till now,radio/television,6592,... >= 1000 DM,4 <= ... < 7 years,3,male,none,4,real estate,39,none,own,1,unskilled - resident,1,"yes, registered under customer's name",yes,1,married/widowed
no checking account,20,existing credits paid back duly till now,radio/television,13634,... < 100 DM,... < 1 year,4,female,none,3,building society savings agreement / life insurance,19,none,own,1,skilled employee / official,1,"yes, registered under customer's name",yes,1,divorced/separated
no checking account,53,no credits taken / all credits paid back duly,radio/television,15945,... < 100 DM,... >= 7 years,4,male,none,2,building society savings agreement / life insurance,19,none,own,1,unskilled - resident,1,none,yes,1,single
... < 0 DM,4,existing credits paid back duly till now,radio/television,652,... < 100 DM,... >= 7 years,4,female,none,1,"car or other, not in savings account",39,none,own,1,skilled employee / official,1,none,yes,1,single
... < 0 DM,30,critical account / other credits existing (not at this bank),radio/television,250,... < 100 DM,4 <= ... < 7 years,4,female,co-applicant,3,building society savings agreement / life insurance,19,none,own,1,skilled employee / official,1,"yes, registered under customer's name",yes,1,divorced/separated
0 <= ... < 200 DM,29,existing credits paid back duly till now,furniture/equipment,250,... < 100 DM,4 <= ... < 7 years,4,male,guarantor,2,real estate,19,none,rent,2,unskilled - resident,1,none,yes,1,single
... >= 200 DM / salary assignments for at least 1 year,4,critical account / other credits existing (not at this bank),car (new),973,... < 100 DM,1 <= ... < 4 years,3,male,none,2,"car or other, not in savings account",69,none,own,1,skilled employee / official,1,none,yes,1,married/widowed
