checking_account_status,duration_months,credit_history,purpose,credit_amount,savings_account,employment_duration,installment_rate,sex,other_debtors,residence_duration,property,age,other_installment_plans,housing,existing_credits,job,num_dependents,telephone,foreign_worker,target,relationship status
0 <= ... < 200 DM,24,delay in paying off in the past,education,4254,... >= 1000 DM,... >= 7 years,4,female,none,2,real estate,44,none,for free,2,unskilled - resident,1,"yes, registered under customer's name",no,1,married/widowed
... >= 200 DM / salary assignments for at least 1 year,21,all credits at this bank paid back duly,repairs,3557,unknown / no savings account,unemployed,4,male,none,4,building society savings agreement / life insurance,39,none,own,2,skilled employee / official,1,none,yes,1,divorced/separated
... >= 200 DM / salary assignments for at least 1 year,19,delay in paying off in the past,retraining,3530,500 <= ... < 1000 DM,1 <= ... < 4 years,1,male,guarantor,1,unknown / no property,39,bank,own,2,unemployed / unskilled - non-resident,2,"yes, registered under customer's name",yes,1,single
0 <= ... < 200 DM,8,critical account / other credits existing (not at this bank),radio/television,7818,unknown / no savings account,1 <= ... < 4 years,1,male,none,4,"car or other, not in savings account",52,stores,for free,1,skilled employee / official,1,"yes, registered under customer's name",yes,1,divorced/separated
... < 0 DM,23,no credits taken / all credits paid back duly,radio/television,15945,100 <= ... < 500 DM,4 <= ... < 7 years,4,male,guarantor,1,"car or other, not in savings account",50,none,rent,2,skilled employee / official,2,none,yes,2,married/widowed
... >= 200 DM / salary assignments for at least 1 year,11,existing credits paid back duly till now,education,6144,500 <= ... < 1000 DM,... < 1 year,2,female,none,4,"car or other, not in savings account",71,bank,rent,1,management / self-employed / highly qualified employee / officer,2,none,no,1,divorced/separated
... >= 200 DM / salary assignments for at least 1 year,21,critical account / other credits existing (not at this bank),business,1183,... < 100 DM,... >= 7 years,4,male,co-applicant,1,real estate,43,bank,for free,1,skilled employee / official,2,none,yes,2,divorced/separated
... >= 200 DM / salary assignments for at least 1 year,24,all credits at this bank paid back duly,radio/television,4277,100 <= ... < 500 DM,... < 1 year,4,male,co-applicant,2,building society savings agreement / life insurance,27,none,rent,2,skilled employee / official,1,none,yes,1,single
0 <= ... < 200 DM,4,existing credits paid back duly till now,others,6100,100 <= ... < 500 DM,4 <= ... < 7 years,3,female,none,3,"car or other, not in savings account",28,stores,own,2,unskilled - resident,2,none,yes,2,married/widowed
0 <= ... < 200 DM,23,existing credits paid back duly till now,radio/television,7040,unknown / no savings account,1 <= ... < 4 years,2,male,none,2,"car or other, not in savings account",21,bank,own,2,unskilled - resident,1,"yes, registered under customer's name",yes,2,married/widowed
... >= 200 DM / salary assignments for at least 1 year,6,existing credits paid back duly till now,education,5525,100 <= ... < 500 DM,4 <= ... < 7 years,2,female,co-applicant,2,unknown / no property,42,stores,own,4,skilled employee / official,1,none,yes,1,single
... < 0 DM,21,delay in paying off in the past,car (new),5241,100 <= ... < 500 DM,... >= 7 years,1,male,none,4,unknown / no property,38,stores,rent,2,management / self-employed / highly qualified employee / officer,1,"yes, registered under customer's name",no,1,single
... < 0 DM,39,no credits taken / all credits paid back duly,education,15945,100 <= ... < 500 DM,1 <= ... < 4 years,4,female,co-applicant,2,real estate,21,none,own,2,unskilled - resident,1,"yes, registered under customer's name",no,1,single
... < 0 DM,16,all credits at this bank paid back duly,repairs,5860,... < 100 DM,1 <= ... < 4 years,2,male,co-applicant,2,real estate,52,stores,for free,3,unemployed / unskilled - non-resident,1,none,no,1,married/widowed
0 <= ... < 200 DM,43,delay in paying off in the past,radio/television,2893,unknown / no savings account,4 <= ... < 7 years,2,male,co-applicant,3,unknown / no property,36,none,for free,2,unskilled - resident,1,none,yes,2,single
... < 0 DM,4,existing credits paid back duly till now,others,15945,unknown / no savings account,... >= 7 years,2,female,none,4,unknown / no property,41,none,own,2,unskilled - resident,2,none,yes,2,divorced/separated
... >= 200 DM / salary assignments for at least 1 year,14,all credits at this bank paid back duly,repairs,1683,100 <= ... < 500 DM,... >= 7 years,1,male,none,1,real estate,22,stores,own,1,skilled employee / official,1,none,no,1,married/widowed
... >= 200 DM / salary assignments for at least 1 year,28,critical account / other credits existing (not at this bank),repairs,2517,... < 100 DM,unemployed,3,male,guarantor,4,"car or other, not in savings account",19,none,own,4,unemployed / unskilled - non-resident,1,"yes, registered under customer's name",yes,2,married/widowed
... >= 200 DM / salary assignments for at least 1 year,22,all credits at this bank paid back duly,education,2371,... < 100 DM,... >= 7 years,2,female,none,4,unknown / no property,75,none,rent,2,unskilled - resident,2,none,yes,1,divorced/separated
0 <= ... < 200 DM,17,all credits at this bank paid back duly,radio/television,7933,... >= 1000 DM,4 <= ... < 7 years,4,male,guarantor,4,"car or other, not in savings account",46,bank,own,1,management / self-employed / highly qualified employee / officer,1,none,yes,1,married/widowed
0 <= ... < 200 DM,38,all credits at this bank paid back duly,retraining,6882,100 <= ... < 500 DM,1 <= ... < 4 years,4,male,guarantor,3,unknown / no property,34,stores,own,1,skilled employee / official,1,"yes, registered under customer's name",yes,1,single
no checking account,4,existing credits paid back duly till now,furniture/equipment,4818,100 <= ... < 500 DM,... < 1 year,2,male,guarantor,2,unknown / no property,57,none,own,1,skilled employee / official,1,none,no,2,married/widowed
... < 0 DM,20,critical account / other credits existing (not at this bank),repairs,6627,100 <= ... < 500 DM,... >= 7 years,3,male,none,4,real estate,19,none,own,1,unemployed / unskilled - non-resident,1,"yes, registered under customer's name",yes,1,single
no checking account,48,existing credits paid back duly till now,retraining,15945,... < 100 DM,1 <= ... < 4 years,1,male,guarantor,4,unknown / no property,28,bank,rent,1,skilled employee / official,2,none,yes,1,divorced/separated
... < 0 DM,4,critical account / other credits existing (not at this bank),car (new),316,500 <= ... < 1000 DM,... < 1 year,4,male,none,2,real estate,41,bank,own,4,management / self-employed / highly qualified employee / officer,2,"yes, registered under customer's name",no,2,married/widowed
no checking account,13,critical account / other credits existing (not at this bank),repairs,2946,100 <= ... < 500 DM,... < 1 year,2,female,guarantor,2,building society savings agreement / life insurance,27,bank,rent,1,skilled employee / official,1,"yes, registered under customer's name",yes,1,divorced/separated
0 <= ... < 200 DM,30,all credits at this bank paid back duly,repairs,6751,... < 100 DM,4 <= ... < 7 years,2,male,none,4,real estate,21,stores,for free,2,unemployed / unskilled - non-resident,1,"yes, registered under customer's name",no,2,single
... < 0 DM,23,delay in paying off in the past,car (used),15862,unknown / no savings account,... >= 7 years,4,female,none,2,building society savings agreement / life insurance,37,bank,for free,2,unemployed / unskilled - non-resident,1,none,yes,2,single
no checking account,23,all credits at this bank paid back duly,car (new),1753,... < 100 DM,unemployed,2,female,co-applicant,3,unknown / no property,19,bank,for free,2,unemployed / unskilled - non-resident,2,none,no,2,married/widowed
... >= 200 DM / salary assignments for at least 1 year,4,existing credits paid back duly till now,retraining,2184,500 <= ... < 1000 DM,1 <= ... < 4 years,1,male,none,2,"car or other, not in savings account",27,bank,own,4,skilled employee / official,1,none,no,2,single
no checking account,4,delay in paying off in the past,business,2568,... < 100 DM,... < 1 year,2,male,co-applicant,4,"car or other, not in savings account",29,stores,for free,2,skilled employee / official,2,none,yes,1,single
no checking account,24,existing credits paid back duly till now,furniture/equipment,2357,unknown / no savings account,... >= 7 years,3,female,guarantor,4,unknown / no property,19,none,rent,1,unskilled - resident,1,none,no,1,divorced/separated
... >= 200 DM / salary assignments for at least 1 year,8,critical account / other credits existing (not at this bank),business,3997,100 <= ... < 500 DM,... >= 7 years,2,male,none,4,building society savings agreement / life insurance,29,none,rent,2,skilled employee / official,1,"yes, registered under customer's name",yes,1,divorced/separated
... < 0 DM,22,all credits at this bank paid back duly,car (used),250,... >= 1000 DM,... >= 7 years,2,female,guarantor,3,real estate,35,stores,for free,1,unemployed / unskilled - non-resident,2,"yes, registered under customer's name",yes,1,married/widowed
... >= 200 DM / salary assignments for at least 1 year,9,no credits taken / all credits paid back duly,car (new),9837,unknown / no savings account,4 <= ... < 7 years,2,male,guarantor,1,"car or other, not in savings account",19,bank,rent,1,skilled employee / official,2,none,yes,2,single
... < 0 DM,21,existing credits paid back duly till now,education,3309,100 <= ... < 500 DM,... < 1 year,2,male,none,2,"car or other, not in savings account",39,stores,rent,2,management / self-employed / highly qualified employee / officer,2,"yes, registered under customer's name",yes,2,divorced/separated
no checking account,5,no credits taken / all credits paid back duly,furniture/equipment,4345,... < 100 DM,unemployed,2,male,none,4,building society savings agreement / life insurance,30,none,own,2,unemployed / unskilled - non-resident,1,"yes, registered under customer's name",yes,2,divorced/separated
... >= 200 DM / salary assignments for at least 1 year,25,all credits at this bank paid back duly,car (used),1987,unknown / no savings account,1 <= ... < 4 years,3,male,guarantor,3,real estate,51,stores,for free,1,unskilled - resident,1,"yes, registered under customer's name",yes,1,married/widowed
... < 0 DM,21,no credits taken / all credits paid back duly,furniture/equipment,9803,unknown / no savings account,unemployed,1,female,none,2,real estate,50,stores,rent,2,management / self-employed / highly qualified employee / officer,2,none,yes,1,married/widowed
... < 0 DM,20,existing credits paid back duly till now,furniture/equipment,4732,... < 100 DM,4 <= ... < 7 years,1,male,none,1,"car or other, not in savings account",48,stores,own,2,skilled employee / official,1,"yes, registered under customer's name",no,2,single
... < 0 DM,7,all credits at this bank paid back duly,car (new),2113,unknown / no savings account,1 <= ... < 4 years,1,male,none,1,real estate,32,none,for free,4,unemployed / unskilled - non-resident,1,"yes, registered under customer's name",no,2,single
0 <= ... < 200 DM,41,existing credits paid back duly till now,education,2229,unknown / no savings account,1 <= ... < 4 years,4,female,co-applicant,4,real estate,46,none,for free,2,unskilled - resident,1,none,yes,2,married/widowed
... >= 200 DM / salary assignments for at least 1 year,26,delay in paying off in the past,others,15945,... < 100 DM,... >= 7 years,2,female,none,4,unknown / no property,32,bank,for free,1,skilled employee / official,2,none,yes,1,single
0 <= ... < 200 DM,21,existing credits paid back duly till now,car (used),2088,unknown / no savings account,unemployed,3,male,none,4,unknown / no property,43,none,rent,2,skilled employee / official,1,none,yes,2,married/widowed
no checking account,4,all credits at this bank paid back duly,education,3472,... >= 1000 DM,1 <= ... < 4 years,1,male,guarantor,3,real estate,26,bank,own,1,skilled employee / official,1,none,no,1,single
... < 0 DM,34,no credits taken / all credits paid back duly,retraining,1199,unknown / no savings account,... >= 7 years,1,male,guarantor,4,"car or other, not in savings account",29,bank,own,1,management / self-employed / highly qualified employee / officer,1,"yes, registered under customer's name",yes,1,single
... < 0 DM,24,no credits taken / all credits paid back duly,car (new),250,... < 100 DM,1 <= ... < 4 years,3,male,none,3,real estate,46,none,own,2,unskilled - resident,1,none,yes,1,married/widowed
0 <= ... < 200 DM,18,no credits taken / all credits paid back duly,domestic appliances,2186,500 <= ... < 1000 DM,... >= 7 years,3,male,none,4,"car or other, not in savings account",30,none,own,1,unskilled - resident,1,"yes, registered under customer's name",no,1,married/widowed
... >= 200 DM / salary assignments for at least 1 year,26,all credits at this bank paid back duly,education,5180,500 <= ... < 1000 DM,4 <= ... < 7 years,2,female,none,4,"car or other, not in savings account",49,none,for free,2,unemployed / unskilled - non-resident,1,"yes, registered under customer's name",yes,1,single
... >= 200 DM / salary assignments for at least 1 year,4,delay in paying off in the past,car (new),1611,unknown / no savings account,... >= 7 years,1,male,guarantor,3,building society savings agreement / life insurance,19,none,own,4,unemployed / unskilled - non-resident,2,"yes, registered under customer's name",no,2,married/widowed
... < 0 DM,4,all credits at this bank paid back duly,others,1835,unknown / no savings account,1 <= ... < 4 years,3,female,co-applicant,2,real estate,24,none,rent,3,unemployed / unskilled - non-resident,1,"yes, registered under customer's name",yes,2,married/widowed
0 <= ... < 200 DM,22,all credits at this bank paid back duly,radio/television,2446,unknown / no savings account,... >= 7 years,4,male,guarantor,3,unknown / no property,25,stores,for free,2,management / self-employed / highly qualified employee / officer,1,"yes, registered under customer's name",yes,2,divorced/separated
... < 0 DM,23,existing credits paid back duly till now,furniture/equipment,5605,unknown / no savings account,unemployed,4,female,guarantor,3,"car or other, not in savings account",27,none,for free,3,unskilled - resident,2,"yes, registered under customer's name",yes,1,single
no checking account,28,existing credits paid back duly till now,retraining,3323,... < 100 DM,... < 1 year,3,male,none,1,real estate,33,stores,own,1,unskilled - resident,1,none,yes,1,single
... >= 200 DM / salary assignments for at least 1 year,59,no credits taken / all credits paid back duly,retraining,4094,500 <= ... < 1000 DM,... < 1 year,4,male,none,4,"car or other, not in savings account",23,stores,rent,2,skilled employee / official,1,none,no,1,married/widowed
no checking account,13,existing credits paid back duly till now,business,2631,500 <= ... < 1000 DM,1 <= ... < 4 years,4,male,guarantor,1,unknown / no property,59,none,own,1,unemployed / unskilled - non-resident,1,none,yes,1,single
... < 0 DM,6,critical account / other credits existing (not at this bank),domestic appliances,2525,100 <= ... < 500 DM,... >= 7 years,4,male,none,3,building society savings agreement / life insurance,37,stores,own,1,skilled employee / official,1,"yes, registered under customer's name",yes,2,single
... >= 200 DM / salary assignments for at least 1 year,4,no credits taken / all credits paid back duly,others,2586,... < 100 DM,4 <= ... < 7 years,1,male,guarantor,2,real estate,49,bank,for free,4,unemployed / unskilled - non-resident,2,none,yes,1,divorced/separated
... >= 200 DM / salary assignments for at least 1 year,21,no credits taken / all credits paid back duly,domestic appliances,9407,... < 100 DM,4 <= ... < 7 years,1,female,none,4,"car or other, not in savings account",23,bank,own,4,management / self-employed / highly qualified employee / officer,1,none,yes,2,married/widowed
... >= 200 DM / salary assignments for at least 1 year,22,delay in paying off in the past,business,15478,unknown / no savings account,4 <= ... < 7 years,2,male,none,4,building society savings agreement / life insurance,21,bank,own,2,management / self-employed / highly qualified employee / officer,2,none,yes,2,single
... >= 200 DM / salary assignments for at least 1 year,23,delay in paying off in the past,others,7509,... >= 1000 DM,unemployed,4,female,guarantor,2,real estate,30,none,own,1,unskilled - resident,1,none,yes,1,single
... < 0 DM,23,no credits taken / all credits paid back duly,radio/television,1939,unknown / no savings account,4 <= ... < 7 years,1,male,guarantor,3,"car or other, not in savings account",32,bank,rent,2,management / self-employed / highly qualified employee / officer,1,"yes, registered under customer's name",yes,1,divorced/separated
no checking account,13,critical account / other credits existing (not at this bank),car (used),2343,... >= 1000 DM,4 <= ... < 7 years,2,female,guarantor,4,unknown / no property,29,none,own,1,unemployed / unskilled - non-resident,1,"yes, registered under customer's name",no,1,married/widowed
... >= 200 DM / salary assignments for at least 1 year,27,all credits at this bank paid back duly,repairs,591,unknown / no savings account,... < 1 year,3,male,co-applicant,2,unknown / no property,23,stores,rent,2,unskilled - resident,1,none,no,2,married/widowed
... >= 200 DM / salary assignments for at least 1 year,32,critical account / other credits existing (not at this bank),car (used),3913,100 <= ... < 500 DM,... < 1 year,1,male,co-applicant,3,unknown / no property,43,bank,own,1,skilled employee / official,2,none,no,1,married/widowed
... < 0 DM,22,all credits at this bank paid back duly,furniture/equipment,9147,... >= 1000 DM,unemployed,2,male,none,1,building society savings agreement / life insurance,36,none,own,2,unskilled - resident,1,"yes, registered under customer's name",no,1,divorced/separated
no checking account,38,delay in paying off in the past,radio/television,5901,unknown / no savings account,... < 1 year,4,male,co-applicant,3,real estate,32,none,for free,3,skilled employee / official,2,none,no,1,single
... >= 200 DM / salary assignments for at least 1 year,25,all credits at this bank paid back duly,car (new),1912,unknown / no savings account,... >= 7 years,2,male,guarantor,2,unknown / no property,30,bank,rent,4,unemployed / unskilled - non-resident,2,none,no,1,divorced/separated
... < 0 DM,4,existing credits paid back duly till now,furniture/equipment,7665,100 <= ... < 500 DM,1 <= ... < 4 years,4,female,none,2,unknown / no property,33,stores,own,2,management / self-employed / highly qualified employee / officer,1,none,yes,2,divorced/separated
... < 0 DM,22,no credits taken / all credits paid back duly,furniture/equipment,3235,100 <= ... < 500 DM,... < 1 year,3,female,co-applicant,3,"car or other, not in savings account",43,none,rent,2,skilled employee / official,2,none,yes,2,single
0 <= ... < 200 DM,26,no credits taken / all credits paid back duly,furniture/equipment,1157,... >= 1000 DM,... < 1 year,4,female,guarantor,2,building society savings agreement / life insurance,19,bank,own,1,unskilled - resident,1,none,yes,1,divorced/separated
no checking account,4,delay in paying off in the past,others,5463,unknown / no savings account,... >= 7 years,4,male,guarantor,1,unknown / no property,30,none,own,1,unskilled - resident,2,none,no,1,divorced/separated
no checking account,27,delay in paying off in the past,furniture/equipment,2479,unknown / no savings account,unemployed,2,male,none,1,real estate,55,none,own,1,unskilled - resident,1,"yes, registered under customer's name",yes,2,divorced/separated
... < 0 DM,7,existing credits paid back duly till now,domestic appliances,15945,... < 100 DM,... >= 7 years,2,male,none,2,unknown / no property,19,bank,own,2,skilled employee / official,2,none,yes,1,married/widowed
0 <= ... < 200 DM,26,existing credits paid back duly till now,radio/television,11458,unknown / no savings account,1 <= ... < 4 years,1,male,none,2,real estate,31,none,own,1,skilled employee / official,1,"yes, registered under customer's name",no,1,divorced/separated
no checking account,27,existing credits paid back duly till now,car (new),7083,100 <= ... < 500 DM,4 <= ... < 7 years,1,female,co-applicant,2,unknown / no property,26,bank,rent,4,skilled employee / official,1,none,yes,1,divorced/separated
... < 0 DM,14,all credits at this bank paid back duly,car (new),12055,... >= 1000 DM,4 <= ... < 7 years,4,male,co-applicant,2,"car or other, not in savings account",40,stores,for free,2,unemployed / unskilled - non-resident,1,"yes, registered under customer's name",no,1,divorced/separated
no checking account,59,no credits taken / all credits paid back duly,car (new),2327,500 <= ... < 1000 DM,unemployed,4,male,none,2,building society savings agreement / life insurance,33,none,own,2,unskilled - resident,2,"yes, registered under customer's name",no,1,divorced/separated
no checking account,21,delay in paying off in the past,radio/television,871,... < 100 DM,4 <= ... < 7 years,4,male,none,4,building society savings agreement / life insurance,26,stores,own,1,unskilled - resident,2,none,yes,2,divorced/separated
no checking account,36,delay in paying off in the past,business,1668,unknown / no savings account,1 <= ... < 4 years,1,male,guarantor,3,"car or other, not in savings account",30,none,for free,1,management / self-employed / highly qualified employee / officer,2,"yes, registered under customer's name",yes,2,divorced/separated
0 <= ... < 200 DM,54,delay in paying off in the past,car (new),2719,100 <= ... < 500 DM,4 <= ... < 7 years,4,male,co-applicant,3,"car or other, not in savings account",42,none,for free,1,skilled employee / official,1,none,yes,1,divorced/separated
no checking account,23,no credits taken / all credits paid back duly,business,2237,... < 100 DM,... < 1 year,2,male,none,3,unknown / no property,51,none,own,1,unskilled - resident,1,"yes, registered under customer's name",yes,2,married/widowed
... >= 200 DM / salary assignments for at least 1 year,22,delay in paying off in the past,repairs,9073,... >= 1000 DM,... >= 7 years,4,male,none,2,building society savings agreement / life insurance,37,stores,rent,2,unskilled - resident,1,"yes, registered under customer's name",yes,2,single
0 <= ... < 200 DM,8,existing credits paid back duly till now,furniture/equipment,2856,... < 100 DM,... >= 7 years,3,male,guarantor,3,"car or other, not in savings account",30,none,own,3,unemployed / unskilled - non-resident,2,"yes, registered under customer's name",yes,2,single
... >= 200 DM / salary assignments for at least 1 year,26,no credits taken / all credits paid back duly,others,1309,100 <= ... < 500 DM,1 <= ... < 4 years,2,male,guarantor,1,"car or other, not in savings account",28,bank,own,2,skilled employee / official,1,none,no,1,married/widowed
... < 0 DM,6,no credits taken / all credits paid back duly,business,2893,unknown / no savings account,... >= 7 years,2,female,none,3,unknown / no property,41,none,own,4,skilled employee / official,2,none,yes,1,divorced/separated
0 <= ... < 200 DM,22,delay in paying off in the past,business,941,... < 100 DM,... >= 7 years,2,female,none,4,real estate,38,stores,rent,1,management / self-employed / highly qualified employee / officer,1,"yes, registered under customer's name",yes,1,single
no checking account,25,existing credits paid back duly till now,repairs,250,100 <= ... < 500 DM,... >= 7 years,2,male,co-applicant,1,unknown / no property,44,bank,own,2,unskilled - resident,2,none,yes,2,divorced/separated
0 <= ... < 200 DM,4,no credits taken / all credits paid back duly,furniture/equipment,2052,100 <= ... < 500 DM,... >= 7 years,1,female,co-applicant,3,unknown / no property,40,none,rent,4,unskilled - resident,1,none,no,2,married/widowed
... >= 200 DM / salary assignments for at least 1 year,18,existing credits paid back duly till now,business,8435,... < 100 DM,... < 1 year,4,female,none,3,real estate,37,bank,for free,1,skilled employee / official,1,none,no,1,single
0 <= ... < 200 DM,24,delay in paying off in the past,car (new),470,100 <= ... < 500 DM,... < 1 year,3,female,guarantor,2,unknown / no property,46,bank,for free,1,unemployed / unskilled - non-resident,1,"yes, registered under customer's name",yes,2,married/widowed
... >= 200 DM / salary assignments for at least 1 year,20,critical account / other credits existing (not at this bank),car (new),568,100 <= ... < 500 DM,... >= 7 years,4,female,guarantor,4,building society savings agreement / life insurance,28,bank,for free,1,management / self-employed / highly qualified employee / officer,1,"yes, registered under customer's name",yes,2,single
0 <= ... < 200 DM,16,critical account / other credits existing (not at this bank),repairs,12477,100 <= ... < 500 DM,1 <= ... < 4 years,1,male,none,2,building society savings agreement / life insurance,55,stores,own,2,management / self-employed / highly qualified employee / officer,2,none,no,1,single
... < 0 DM,38,delay in paying off in the past,car (new),3573,100 <= ... < 500 DM,4 <= ... < 7 years,2,male,none,2,real estate,27,none,own,1,unskilled - resident,1,none,yes,2,married/widowed
... >= 200 DM / salary assignments for at least 1 year,22,all credits at this bank paid back duly,business,1331,500 <= ... < 1000 DM,4 <= ... < 7 years,1,female,guarantor,3,real estate,19,none,rent,3,skilled employee / official,1,none,yes,1,single
... < 0 DM,23,all credits at this bank paid back duly,repairs,2302,100 <= ... < 500 DM,1 <= ... < 4 years,4,male,none,3,unknown / no property,36,none,own,2,unskilled - resident,2,none,yes,1,single
0 <= ... < 200 DM,30,critical account / other credits existing (not at this bank),education,3045,100 <= ... < 500 DM,... >= 7 years,1,male,none,4,unknown / no property,19,none,own,1,unemployed / unskilled - non-resident,1,none,yes,1,single
no checking account,21,existing credits paid back duly till now,domestic appliances,493,unknown / no savings account,4 <= ... < 7 years,4,male,co-applicant,4,real estate,41,none,rent,2,skilled employee / official,1,"yes, registered under customer's name",yes,1,married/widowed
... < 0 DM,47,delay in paying off in the past,others,8068,100 <= ... < 500 DM,4 <= ... < 7 years,3,female,co-applicant,4,unknown / no property,51,none,own,4,skilled employee / official,2,none,yes,2,divorced/separated
... < 0 DM,27,no credits taken / all credits paid back duly,repairs,1471,... >= 1000 DM,... >= 7 years,4,male,none,2,building society savings agreement / life insurance,28,stores,own,2,unemployed / unskilled - non-resident,1,none,no,2,married/widowed
... < 0 DM,56,critical account / other credits existing (not at this bank),repairs,4769,... < 100 DM,4 <= ... < 7 years,2,male,co-applicant,1,unknown / no property,38,stores,own,2,unskilled - resident,1,none,yes,1,single
... >= 200 DM / salary assignments for at least 1 year,60,critical account / other credits existing (not at this bank),repairs,5337,... < 100 DM,... < 1 year,2,male,guarantor,4,"car or other, not in savings account",62,none,rent,4,unemployed / unskilled - non-resident,1,none,yes,1,married/widowed
no checking account,25,delay in paying off in the past,retraining,11100,500 <= ... < 1000 DM,unemployed,4,male,guarantor,4,"car or other, not in savings account",22,bank,for free,2,unemployed / unskilled - non-resident,1,"yes, registered under customer's name",yes,1,single
0 <= ... < 200 DM,26,all credits at this bank paid back duly,car (used),250,500 <= ... < 1000 DM,unemployed,4,male,none,4,building society savings agreement / life insurance,34,none,for free,1,unskilled - resident,1,"yes, registered under customer's name",no,1,married/widowed
0 <= ... < 200 DM,24,existing credits paid back duly till now,furniture/equipment,5409,... >= 1000 DM,4 <= ... < 7 years,2,male,none,2,unknown / no property,41,bank,own,1,management / self-employed / highly qualified employee / officer,1,none,yes,1,divorced/separated
... >= 200 DM / salary assignments for at least 1 year,10,critical account / other credits existing (not at this bank),business,1494,unknown / no savings account,... >= 7 years,4,male,none,3,"car or other, not in savings account",51,none,rent,2,unemployed / unskilled - non-resident,1,none,yes,1,divorced/separated
... < 0 DM,5,existing credits paid back duly till now,furniture/equipment,4893,... < 100 DM,unemployed,4,male,none,4,"car or other, not in savings account",58,none,own,3,skilled employee / official,1,none,yes,1,married/widowed
... < 0 DM,24,all credits at this bank paid back duly,repairs,15551,100 <= ... < 500 DM,1 <= ... < 4 years,2,male,guarantor,1,unknown / no property,26,bank,own,2,skilled employee / official,1,"yes, registered under customer's name",no,1,single
0 <= ... < 200 DM,25,all credits at this bank paid back duly,furniture/equipment,7953,unknown / no savings account,1 <= ... < 4 years,4,female,none,1,unknown / no property,47,bank,for free,4,skilled employee / official,1,"yes, registered under customer's name",yes,1,single
... >= 200 DM / salary assignments for at least 1 year,9,existing credits paid back duly till now,repairs,2542,500 <= ... < 1000 DM,4 <= ... < 7 years,2,male,none,2,"car or other, not in savings account",47,none,for free,4,skilled employee / official,1,none,yes,2,married/widowed
... < 0 DM,32,delay in paying off in the past,repairs,2860,... < 100 DM,4 <= ... < 7 years,4,female,none,2,unknown / no property,51,none,for free,3,skilled employee / official,1,none,yes,1,married/widowed
0 <= ... < 200 DM,23,existing credits paid back duly till now,retraining,1951,unknown / no savings account,unemployed,3,male,co-applicant,2,"car or other, not in savings account",39,bank,own,2,unemployed / unskilled - non-resident,1,none,no,2,divorced/separated
no checking account,7,existing credits paid back duly till now,car (new),3550,500 <= ... < 1000 DM,1 <= ... < 4 years,4,male,co-applicant,3,"car or other, not in savings account",33,stores,for free,1,skilled employee / official,1,none,yes,2,single
no checking account,8,critical account / other credits existing (not at this bank),education,1865,... < 100 DM,unemployed,2,male,guarantor,4,"car or other, not in savings account",42,none,own,1,skilled employee / official,2,none,yes,1,single
no checking account,39,all credits at this bank paid back duly,car (new),6081,500 <= ... < 1000 DM,... < 1 year,4,male,guarantor,2,building society savings agreement / life insurance,28,none,for free,1,skilled employee / official,1,none,yes,2,married/widowed
no checking account,61,existing credits paid back duly till now,car (used),1800,unknown / no savings account,1 <= ... < 4 years,3,male,guarantor,1,"car or other, not in savings account",21,none,for free,2,skilled employee / official,1,"yes, registered under customer's name",yes,1,married/widowed
... >= 200 DM / salary assignments for at least 1 year,23,critical account / other credits existing (not at this bank),furniture/equipment,1418,500 <= ... < 1000 DM,1 <= ... < 4 years,4,male,co-applicant,3,unknown / no property,51,stores,for free,2,skilled employee / official,1,none,yes,1,divorced/separated
... >= 200 DM / salary assignments for at least 1 year,39,critical account / other credits existing (not at this bank),car (new),5725,unknown / no savings account,1 <= ... < 4 years,2,female,none,1,building society savings agreement / life insurance,35,bank,for free,2,unskilled - resident,1,"yes, registered under customer's name",no,2,single
0 <= ... < 200 DM,24,no credits taken / all credits paid back duly,car (new),2773,... >= 1000 DM,1 <= ... < 4 years,4,male,co-applicant,4,"car or other, not in savings account",24,none,for free,4,unemployed / unskilled - non-resident,1,"yes, registered under customer's name",yes,1,divorced/separated
... >= 200 DM / salary assignments for at least 1 year,12,all credits at this bank paid back duly,repairs,1340,500 <= ... < 1000 DM,... >= 7 years,2,male,co-applicant,2,unknown / no property,26,none,rent,1,unemployed / unskilled - non-resident,2,"yes, registered under customer's name",yes,1,married/widowed
0 <= ... < 200 DM,6,critical account / other credits existing (not at this bank),domestic appliances,250,... >= 1000 DM,... < 1 year,3,male,guarantor,1,unknown / no property,35,bank,own,2,skilled employee / official,2,none,yes,2,single
0 <= ... < 200 DM,5,existing credits paid back duly till now,business,2379,100 <= ... < 500 DM,1 <= ... < 4 years,2,male,guarantor,3,unknown / no property,36,none,for free,4,management / self-employed / highly qualified employee / officer,2,none,yes,1,single
0 <= ... < 200 DM,25,no credits taken / all credits paid back duly,repairs,1697,500 <= ... < 1000 DM,unemployed,4,female,none,4,building society savings agreement / life insurance,35,none,for free,4,skilled employee / official,1,none,yes,1,divorced/separated
... < 0 DM,25,existing credits paid back duly till now,education,1472,... < 100 DM,unemployed,2,male,none,4,"car or other, not in savings account",41,none,for free,2,unemployed / unskilled - non-resident,1,none,yes,2,married/widowed
... < 0 DM,24,existing credits paid back duly till now,others,10229,... < 100 DM,... >= 7 years,3,male,none,1,building society savings agreement / life insurance,39,none,rent,2,unemployed / unskilled - non-resident,1,none,yes,1,married/widowed
... >= 200 DM / salary assignments for at least 1 year,27,delay in paying off in the past,domestic appliances,1782,... >= 1000 DM,... >= 7 years,2,male,co-applicant,1,unknown / no property,57,bank,own,4,management / self-employed / highly qualified employee / officer,2,"yes, registered under customer's name",no,2,single
... < 0 DM,24,delay in paying off in the past,car (new),4993,unknown / no savings account,... >= 7 years,3,female,co-applicant,1,real estate,37,bank,rent,1,management / self-employed / highly qualified employee / officer,1,"yes, registered under customer's name",yes,2,divorced/separated
... < 0 DM,26,no credits taken / all credits paid back duly,others,5176,100 <= ... < 500 DM,... >= 7 years,3,female,co-applicant,4,unknown / no property,29,stores,for free,3,skilled employee / official,1,none,yes,1,single
... >= 200 DM / salary assignments for at least 1 year,22,critical account / other credits existing (not at this bank),business,292,... >= 1000 DM,... < 1 year,4,male,guarantor,1,real estate,50,bank,own,2,management / self-employed / highly qualified employee / officer,2,"yes, registered under customer's name",yes,1,single
... < 0 DM,23,no credits taken / all credits paid back duly,radio/television,15520,500 <= ... < 1000 DM,... < 1 year,2,female,guarantor,2,real estate,23,stores,rent,2,skilled employee / official,1,none,no,1,single
no checking account,4,all credits at this bank paid back duly,furniture/equipment,8609,unknown / no savings account,... < 1 year,4,male,guarantor,2,real estate,35,stores,own,2,unskilled - resident,2,"yes, registered under customer's name",yes,2,single
... >= 200 DM / salary assignments for at least 1 year,43,critical account / other credits existing (not at this bank),car (new),1573,500 <= ... < 1000 DM,1 <= ... < 4 years,1,male,none,4,unknown / no property,47,stores,own,3,skilled employee / official,1,none,yes,2,divorced/separated
... >= 200 DM / salary assignments for at least 1 year,15,all credits at this bank paid back duly,car (used),473,100 <= ... < 500 DM,1 <= ... < 4 years,1,male,none,1,"car or other, not in savings account",25,stores,own,2,management / self-employed / highly qualified employee / officer,1,"yes, registered under customer's name",yes,1,single
no checking account,35,delay in paying off in the past,business,9433,... < 100 DM,1 <= ... < 4 years,2,female,guarantor,1,unknown / no property,24,bank,rent,1,management / self-employed / highly qualified employee / officer,2,none,yes,2,single
0 <= ... < 200 DM,15,all credits at this bank paid back duly,radio/television,2608,... < 100 DM,4 <= ... < 7 years,4,male,co-applicant,4,"car or other, not in savings account",30,none,rent,1,management / self-employed / highly qualified employee / officer,2,none,yes,2,single
no checking account,39,no credits taken / all credits paid back duly,domestic appliances,5117,... < 100 DM,... < 1 year,3,male,co-applicant,4,unknown / no property,22,bank,own,2,management / self-employed / highly qualified employee / officer,2,none,no,1,divorced/separated
... >= 200 DM / salary assignments for at least 1 year,17,critical account / other credits existing (not at this bank),radio/television,540,100 <= ... < 500 DM,... < 1 year,4,male,co-applicant,1,unknown / no property,21,bank,own,1,skilled employee / official,1,"yes, registered under customer's name",yes,2,single
no checking account,21,no credits taken / all credits paid back duly,repairs,3937,100 <= ... < 500 DM,unemployed,2,male,guarantor,2,unknown / no property,55,stores,own,3,skilled employee / official,1,"yes, registered under customer's name",yes,1,single
0 <= ... < 200 DM,27,existing credits paid back duly till now,car (used),2644,100 <= ... < 500 DM,... < 1 year,2,male,co-applicant,1,real estate,47,none,rent,2,unemployed / unskilled - non-resident,2,"yes, registered under customer's name",no,1,divorced/separated
... < 0 DM,32,all credits at this bank paid back duly,repairs,1959,100 <= ... < 500 DM,unemployed,1,male,none,4,building society savings agreement / life insurance,47,stores,own,1,unemployed / unskilled - non-resident,2,"yes, registered under customer's name",no,1,single
... >= 200 DM / salary assignments for at least 1 year,25,no credits taken / all credits paid back duly,domestic appliances,353,... < 100 DM,4 <= ... < 7 years,1,female,none,4,"car or other, not in savings account",25,none,own,2,skilled employee / official,2,"yes, registered under customer's name",yes,2,divorced/separated
0 <= ... < 200 DM,22,critical account / other credits existing (not at this bank),others,3270,100 <= ... < 500 DM,4 <= ... < 7 years,4,female,none,1,real estate,46,none,own,2,unskilled - resident,1,"yes, registered under customer's name",no,1,divorced/separated
... >= 200 DM / salary assignments for at least 1 year,9,existing credits paid back duly till now,business,11539,... < 100 DM,4 <= ... < 7 years,1,male,co-applicant,1,building society savings agreement / life insurance,21,none,for free,1,management / self-employed / highly qualified employee / officer,1,none,yes,1,single
... >= 200 DM / salary assignments for at least 1 year,24,critical account / other credits existing (not at this bank),education,250,unknown / no savings account,... >= 7 years,1,female,none,4,unknown / no property,35,none,rent,1,unskilled - resident,2,none,yes,2,married/widowed
... >= 200 DM / salary assignments for at least 1 year,26,all credits at this bank paid back duly,car (used),6220,unknown / no savings account,... >= 7 years,1,female,guarantor,4,"car or other, not in savings account",35,bank,rent,4,unemployed / unskilled - non-resident,2,none,yes,2,single
no checking account,24,existing credits paid back duly till now,car (used),4509,100 <= ... < 500 DM,4 <= ... < 7 years,1,male,none,2,building society savings agreement / life insurance,28,bank,rent,3,unemployed / unskilled - non-resident,1,none,yes,1,single
no checking account,25,critical account / other credits existing (not at this bank),radio/television,5417,500 <= ... < 1000 DM,1 <= ... < 4 years,2,female,guarantor,3,real estate,27,bank,for free,4,skilled employee / official,1,none,no,2,single
0 <= ... < 200 DM,27,no credits taken / all credits paid back duly,radio/television,8981,500 <= ... < 1000 DM,1 <= ... < 4 years,2,male,none,4,unknown / no property,27,bank,for free,4,unemployed / unskilled - non-resident,1,none,no,2,married/widowed
... >= 200 DM / salary assignments for at least 1 year,24,existing credits paid back duly till now,business,6817,... >= 1000 DM,unemployed,2,male,guarantor,2,"car or other, not in savings account",46,stores,rent,4,skilled employee / official,1,none,yes,1,divorced/separated
... >= 200 DM / salary assignments for at least 1 year,37,all credits at this bank paid back duly,domestic appliances,5993,... < 100 DM,4 <= ... < 7 years,4,male,co-applicant,4,real estate,43,none,for free,1,skilled employee / official,1,"yes, registered under customer's name",yes,2,single
... < 0 DM,21,existing credits paid back duly till now,car (new),7693,... < 100 DM,... >= 7 years,4,female,co-applicant,4,real estate,25,stores,rent,2,management / self-employed / highly qualified employee / officer,2,none,yes,2,single
no checking account,49,delay in paying off in the past,others,3892,... >= 1000 DM,1 <= ... < 4 years,3,female,none,1,"car or other, not in savings account",33,stores,own,2,skilled employee / official,1,none,yes,1,divorced/separated
... < 0 DM,23,no credits taken / all credits paid back duly,repairs,9149,unknown / no savings account,unemployed,1,female,none,2,unknown / no property,47,stores,for free,1,unskilled - resident,1,none,yes,1,single
no checking account,19,existing credits paid back duly till now,car (new),1715,unknown / no savings account,1 <= ... < 4 years,2,male,guarantor,4,building society savings agreement / life insurance,32,stores,own,2,management / self-employed / highly qualified employee / officer,2,"yes, registered under customer's name",yes,1,single
... >= 200 DM / salary assignments for at least 1 year,17,existing credits paid back duly till now,car (new),10189,... < 100 DM,4 <= ... < 7 years,1,male,co-applicant,1,real estate,27,none,rent,2,unskilled - resident,1,none,yes,2,single
no checking account,23,no credits taken / all credits paid back duly,car (used),2203,100 <= ... < 500 DM,... >= 7 years,4,male,co-applicant,4,"car or other, not in savings account",26,bank,own,2,skilled employee / official,1,none,yes,1,married/widowed
0 <= ... < 200 DM,66,critical account / other credits existing (not at this bank),repairs,1223,100 <= ... < 500 DM,4 <= ... < 7 years,2,male,co-applicant,2,real estate,27,none,rent,2,management / self-employed / highly qualified employee / officer,1,"yes, registered under customer's name",yes,1,married/widowed
0 <= ... < 200 DM,4,critical account / other credits existing (not at this bank),furniture/equipment,4153,unknown / no savings account,4 <= ... < 7 years,2,male,none,2,unknown / no property,29,none,rent,1,skilled employee / official,1,none,yes,2,divorced/separated
... < 0 DM,23,critical account / other credits existing (not at this bank),car (used),13941,500 <= ... < 1000 DM,... < 1 year,4,male,none,2,real estate,34,none,own,4,unemployed / unskilled - non-resident,2,none,yes,2,married/widowed
... >= 200 DM / salary assignments for at least 1 year,25,no credits taken / all credits paid back duly,car (used),2158,... >= 1000 DM,... < 1 year,1,female,co-applicant,3,unknown / no property,32,bank,own,1,management / self-employed / highly qualified employee / officer,1,none,yes,1,married/widowed
... < 0 DM,4,existing credits paid back duly till now,education,3593,unknown / no savings account,1 <= ... < 4 years,1,male,co-applicant,1,building society savings agreement / life insurance,35,stores,rent,1,skilled employee / official,1,"yes, registered under customer's name",yes,1,divorced/separated
... < 0 DM,7,critical account / other credits existing (not at this bank),education,1036,... < 100 DM,... >= 7 years,1,male,none,2,building society savings agreement / life insurance,47,none,rent,1,management / self-employed / highly qualified employee / officer,1,none,no,2,single
0 <= ... < 200 DM,7,all credits at this bank paid back duly,domestic appliances,912,... < 100 DM,1 <= ... < 4 years,3,female,co-applicant,4,unknown / no property,23,stores,for free,1,unskilled - resident,1,none,yes,1,married/widowed
... >= 200 DM / salary assignments for at least 1 year,20,existing credits paid back duly till now,education,2350,500 <= ... < 1000 DM,... >= 7 years,1,male,none,1,real estate,43,none,own,1,management / self-employed / highly qualified employee / officer,1,none,yes,2,single
... >= 200 DM / salary assignments for at least 1 year,21,existing credits paid back duly till now,radio/television,908,100 <= ... < 500 DM,... >= 7 years,4,female,guarantor,3,building society savings agreement / life insurance,31,bank,own,2,skilled employee / official,1,"yes, registered under customer's name",yes,2,single
... < 0 DM,9,all credits at this bank paid back duly,education,5273,... < 100 DM,... >= 7 years,1,female,guarantor,2,building society savings agreement / life insurance,40,none,rent,4,unemployed / unskilled - non-resident,2,none,yes,2,single
0 <= ... < 200 DM,7,critical account / other credits existing (not at this bank),repairs,659,... >= 1000 DM,unemployed,2,male,guarantor,4,real estate,39,stores,rent,4,unskilled - resident,1,none,yes,1,divorced/separated
... < 0 DM,12,no credits taken / all credits paid back duly,car (used),6154,unknown / no savings account,4 <= ... < 7 years,4,male,guarantor,3,real estate,40,none,own,2,skilled employee / official,1,"yes, registered under customer's name",yes,2,divorced/separated
... >= 200 DM / salary assignments for at least 1 year,25,all credits at this bank paid back duly,retraining,5346,... < 100 DM,... >= 7 years,2,female,none,2,"car or other, not in savings account",44,none,own,1,skilled employee / official,1,none,yes,2,single
... < 0 DM,15,existing credits paid back duly till now,car (used),9133,... >= 1000 DM,1 <= ... < 4 years,4,male,guarantor,2,"car or other, not in savings account",49,bank,rent,4,unskilled - resident,1,"yes, registered under customer's name",yes,1,divorced/separated
no checking account,20,no credits taken / all credits paid back duly,radio/television,6673,... < 100 DM,unemployed,2,male,none,3,"car or other, not in savings account",40,bank,rent,3,unskilled - resident,2,none,yes,2,married/widowed
no checking account,31,critical account / other credits existing (not at this bank),repairs,8012,100 <= ... < 500 DM,unemployed,2,female,guarantor,4,real estate,54,none,rent,2,unskilled - resident,1,none,yes,2,divorced/separated
... >= 200 DM / salary assignments for at least 1 year,25,critical account / other credits existing (not at this bank),furniture/equipment,5994,... < 100 DM,... >= 7 years,4,female,none,2,building society savings agreement / life insurance,29,none,for free,1,unemployed / unskilled - non-resident,1,none,yes,1,divorced/separated
no checking account,4,existing credits paid back duly till now,education,1447,unknown / no savings account,unemployed,1,female,none,3,"car or other, not in savings account",36,bank,own,1,unemployed / unskilled - non-resident,1,"yes, registered under customer's name",yes,2,married/widowed
... >= 200 DM / salary assignments for at least 1 year,34,no credits taken / all credits paid back duly,car (used),3127,... < 100 DM,4 <= ... < 7 years,4,male,none,3,unknown / no property,53,stores,for free,1,unskilled - resident,2,none,no,1,married/widowed
no checking account,20,existing credits paid back duly till now,business,15945,unknown / no savings account,... >= 7 years,3,male,guarantor,1,real estate,23,none,for free,1,unskilled - resident,1,none,yes,1,single
... < 0 DM,69,existing credits paid back duly till now,education,879,500 <= ... < 1000 DM,... >= 7 years,4,male,none,2,building society savings agreement / life insurance,41,bank,own,1,skilled employee / official,2,"yes, registered under customer's name",yes,2,single
0 <= ... < 200 DM,5,all credits at this bank paid back duly,education,15945,... < 100 DM,... >= 7 years,4,female,co-applicant,3,"car or other, not in savings account",55,bank,for free,4,skilled employee / official,1,"yes, registered under customer's name",yes,2,married/widowed
0 <= ... < 200 DM,37,all credits at this bank paid back duly,business,1932,... >= 1000 DM,... >= 7 years,1,male,co-applicant,3,building society savings agreement / life insurance,33,stores,for free,4,unemployed / unskilled - non-resident,2,"yes, registered under customer's name",no,1,single
... >= 200 DM / salary assignments for at least 1 year,52,all credits at this bank paid back duly,business,4697,500 <= ... < 1000 DM,4 <= ... < 7 years,4,male,none,3,real estate,22,none,own,2,skilled employee / official,2,none,yes,1,married/widowed
0 <= ... < 200 DM,44,no credits taken / all credits paid back duly,repairs,2372,... >= 1000 DM,... < 1 year,1,female,co-applicant,4,unknown / no property,33,bank,own,1,management / self-employed / highly qualified employee / officer,1,"yes, registered under customer's name",no,1,divorced/separated
... < 0 DM,10,existing credits paid back duly till now,car (used),12993,100 <= ... < 500 DM,unemployed,3,male,co-applicant,4,"car or other, not in savings account",45,stores,rent,2,skilled employee / official,2,none,no,2,single
... < 0 DM,28,no credits taken / all credits paid back duly,car (new),8817,100 <= ... < 500 DM,1 <= ... < 4 years,4,male,none,4,real estate,35,none,rent,1,unskilled - resident,1,none,no,1,married/widowed
... < 0 DM,21,delay in paying off in the past,education,2610,500 <= ... < 1000 DM,1 <= ... < 4 years,4,male,guarantor,3,building society savings agreement / life insurance,75,none,for free,2,skilled employee / official,1,none,yes,2,divorced/separated
... >= 200 DM / salary assignments for at least 1 year,40,delay in paying off in the past,domestic appliances,7955,100 <= ... < 500 DM,... < 1 year,3,female,none,1,real estate,40,none,rent,1,skilled employee / official,1,"yes, registered under customer's name",yes,2,divorced/separated
0 <= ... < 200 DM,20,no credits taken / all credits paid back duly,radio/television,3972,unknown / no savings account,1 <= ... < 4 years,3,male,co-applicant,3,real estate,24,stores,rent,1,unemployed / unskilled - non-resident,2,none,yes,2,married/widowed
... >= 200 DM / salary assignments for at least 1 year,23,critical account / other credits existing (not at this bank),repairs,522,100 <= ... < 500 DM,1 <= ... < 4 years,2,female,none,3,real estate,75,none,rent,1,unskilled - resident,1,none,yes,1,single
... < 0 DM,32,no credits taken / all credits paid back duly,education,250,500 <= ... < 1000 DM,4 <= ... < 7 years,1,female,none,3,building society savings agreement / life insurance,24,none,rent,1,skilled employee / official,2,"yes, registered under customer's name",yes,1,single
... < 0 DM,17,existing credits paid back duly till now,repairs,12416,... >= 1000 DM,... < 1 year,4,male,co-applicant,1,building society savings agreement / life insurance,27,bank,rent,2,skilled employee / official,1,none,yes,1,single
0 <= ... < 200 DM,23,no credits taken / all credits paid back duly,retraining,4576,... >= 1000 DM,... < 1 year,4,female,guarantor,1,"car or other, not in savings account",19,stores,own,2,unskilled - resident,1,none,no,1,married/widowed
0 <= ... < 200 DM,29,no credits taken / all credits paid back duly,domestic appliances,3135,... < 100 DM,1 <= ... < 4 years,2,female,guarantor,1,"car or other, not in savings account",30,none,for free,2,management / self-employed / highly qualified employee / officer,1,none,yes,2,divorced/separated
0 <= ... < 200 DM,17,all credits at this bank paid back duly,repairs,10116,500 <= ... < 1000 DM,unemployed,1,male,co-applicant,3,real estate,41,bank,rent,2,skilled employee / official,1,none,yes,2,single
0 <= ... < 200 DM,26,critical account / other credits existing (not at this bank),education,8776,... >= 1000 DM,... < 1 year,4,male,co-applicant,3,building society savings agreement / life insurance,24,none,rent,2,unemployed / unskilled - non-resident,2,none,yes,1,divorced/separated
0 <= ... < 200 DM,4,all credits at this bank paid back duly,repairs,8201,unknown / no savings account,... >= 7 years,2,female,guarantor,2,"car or other, not in savings account",26,bank,for free,1,management / self-employed / highly qualified employee / officer,1,none,yes,1,married/widowed
... >= 200 DM / salary assignments for at least 1 year,23,no credits taken / all credits paid back duly,retraining,1659,500 <= ... < 1000 DM,1 <= ... < 4 years,1,male,guarantor,4,"car or other, not in savings account",30,bank,for free,4,unemployed / unskilled - non-resident,1,none,yes,1,single
... >= 200 DM / salary assignments for at least 1 year,25,no credits taken / all credits paid back duly,repairs,9730,100 <= ... < 500 DM,1 <= ... < 4 years,4,male,guarantor,2,real estate,25,none,own,2,unemployed / unskilled - non-resident,1,none,no,2,single
no checking account,39,critical account / other credits existing (not at this bank),car (used),1302,500 <= ... < 1000 DM,unemployed,2,male,co-applicant,1,building society savings agreement / life insurance,21,none,own,3,skilled employee / official,2,none,no,1,single
... < 0 DM,19,all credits at this bank paid back duly,education,3334,... < 100 DM,1 <= ... < 4 years,3,male,none,4,building society savings agreement / life insurance,44,stores,own,1,management / self-employed / highly qualified employee / officer,1,none,yes,1,single
... >= 200 DM / salary assignments for at least 1 year,25,no credits taken / all credits paid back duly,others,2666,... < 100 DM,4 <= ... < 7 years,2,female,none,3,unknown / no property,47,none,for free,2,unemployed / unskilled - non-resident,1,none,no,1,married/widowed
... >= 200 DM / salary assignments for at least 1 year,4,all credits at this bank paid back duly,radio/television,4369,100 <= ... < 500 DM,... < 1 year,3,female,guarantor,1,real estate,46,bank,own,2,unemployed / unskilled - non-resident,1,none,yes,2,married/widowed
... >= 200 DM / salary assignments for at least 1 year,22,delay in paying off in the past,furniture/equipment,10309,100 <= ... < 500 DM,unemployed,2,male,guarantor,1,"car or other, not in savings account",33,none,rent,1,unskilled - resident,1,"yes, registered under customer's name",yes,1,single
... >= 200 DM / salary assignments for at least 1 year,28,delay in paying off in the past,car (used),9133,... < 100 DM,1 <= ... < 4 years,2,male,none,1,real estate,36,none,for free,1,unemployed / unskilled - non-resident,2,none,yes,2,single
... < 0 DM,5,existing credits paid back duly till now,business,3696,... < 100 DM,4 <= ... < 7 years,3,male,none,1,real estate,69,none,rent,2,unskilled - resident,1,none,yes,2,single
0 <= ... < 200 DM,38,existing credits paid back duly till now,education,823,500 <= ... < 1000 DM,1 <= ... < 4 years,1,male,guarantor,2,unknown / no property,21,bank,own,3,skilled employee / official,1,none,yes,1,divorced/separated
... >= 200 DM / salary assignments for at least 1 year,4,existing credits paid back duly till now,radio/television,4268,100 <= ... < 500 DM,... >= 7 years,2,male,co-applicant,4,"car or other, not in savings account",59,bank,own,1,skilled employee / official,1,none,no,2,single
0 <= ... < 200 DM,4,all credits at this bank paid back duly,business,5146,100 <= ... < 500 DM,1 <= ... < 4 years,4,male,none,3,"car or other, not in savings account",28,bank,own,3,unemployed / unskilled - non-resident,2,"yes, registered under customer's name",no,1,single
0 <= ... < 200 DM,38,delay in paying off in the past,retraining,5290,100 <= ... < 500 DM,... < 1 year,2,female,guarantor,4,real estate,48,bank,for free,1,unemployed / unskilled - non-resident,1,"yes, registered under customer's name",yes,1,married/widowed
... < 0 DM,4,existing credits paid back duly till now,others,5584,500 <= ... < 1000 DM,unemployed,1,male,co-applicant,3,unknown / no property,41,bank,for free,1,management / self-employed / highly qualified employee / officer,2,none,yes,2,married/widowed
... >= 200 DM / salary assignments for at least 1 year,21,all credits at this bank paid back duly,car (new),15864,unknown / no savings account,1 <= ... < 4 years,4,female,guarantor,4,real estate,26,bank,rent,1,management / self-employed / highly qualified employee / officer,1,"yes, registered under customer's name",no,1,single
... >= 200 DM / salary assignments for at least 1 year,23,delay in paying off in the past,others,9966,100 <= ... < 500 DM,... >= 7 years,3,female,none,4,real estate,37,none,own,4,skilled employee / official,1,none,yes,1,divorced/separated
... < 0 DM,18,delay in paying off in the past,others,15945,... >= 1000 DM,4 <= ... < 7 years,1,female,guarantor,4,unknown / no property,21,bank,rent,2,unemployed / unskilled - non-resident,1,none,no,2,divorced/separated
0 <= ... < 200 DM,4,existing credits paid back duly till now,retraining,10005,... < 100 DM,1 <= ... < 4 years,3,female,co-applicant,2,"car or other, not in savings account",41,none,for free,2,unemployed / unskilled - non-resident,2,none,yes,2,divorced/separated
no checking account,30,no credits taken / all credits paid back duly,retraining,1106,unknown / no savings account,1 <= ... < 4 years,1,male,none,3,"car or other, not in savings account",36,none,rent,1,skilled employee / official,1,"yes, registered under customer's name",yes,2,single
0 <= ... < 200 DM,18,all credits at this bank paid back duly,car (new),6146,unknown / no savings account,1 <= ... < 4 years,4,male,co-applicant,4,building society savings agreement / life insurance,54,none,for free,4,unskilled - resident,1,none,no,2,married/widowed
no checking account,10,all credits at this bank paid back duly,car (new),1099,... < 100 DM,... < 1 year,3,male,co-applicant,1,real estate,30,none,own,1,unskilled - resident,2,none,yes,2,single
no checking account,23,critical account / other credits existing (not at this bank),furniture/equipment,363,unknown / no savings account,... >= 7 years,1,male,none,2,building society savings agreement / life insurance,45,bank,for free,1,skilled employee / official,2,none,yes,2,divorced/separated
... >= 200 DM / salary assignments for at least 1 year,55,all credits at this bank paid back duly,education,15945,... >= 1000 DM,unemployed,3,female,guarantor,4,real estate,35,stores,own,2,management / self-employed / highly qualified employee / officer,1,"yes, registered under customer's name",yes,1,single
0 <= ... < 200 DM,4,existing credits paid back duly till now,car (new),4715,100 <= ... < 500 DM,4 <= ... < 7 years,2,male,guarantor,2,building society savings agreement / life insurance,22,none,for free,1,unskilled - resident,1,"yes, registered under customer's name",no,1,divorced/separated
no checking account,24,no credits taken / all credits paid back duly,others,3301,... < 100 DM,... < 1 year,1,female,guarantor,1,"car or other, not in savings account",28,stores,for free,2,unskilled - resident,1,none,no,1,single
... < 0 DM,64,existing credits paid back duly till now,car (new),7626,unknown / no savings account,... >= 7 years,4,male,none,4,real estate,42,none,own,2,skilled employee / official,1,"yes, registered under customer's name",yes,2,divorced/separated
0 <= ... < 200 DM,6,no credits taken / all credits paid back duly,education,1131,... < 100 DM,unemployed,2,female,none,3,"car or other, not in savings account",19,none,own,1,skilled employee / official,1,"yes, registered under customer's name",yes,1,married/widowed
... >= 200 DM / salary assignments for at least 1 year,8,critical account / other credits existing (not at this bank),education,2989,100 <= ... < 500 DM,unemployed,2,female,guarantor,4,unknown / no property,19,stores,for free,2,unemployed / unskilled - non-resident,2,none,yes,1,divorced/separated
0 <= ... < 200 DM,14,critical account / other credits existing (not at this bank),business,2048,unknown / no savings account,unemployed,4,female,guarantor,4,building society savings agreement / life insurance,32,stores,rent,1,unemployed / unskilled - non-resident,1,"yes, registered under customer's name",yes,1,married/widowed
no checking account,52,critical account / other credits existing (not at this bank),radio/television,8396,100 <= ... < 500 DM,1 <= ... < 4 years,4,male,none,1,real estate,25,bank,for free,2,unskilled - resident,1,"yes, registered under customer's name",no,1,divorced/separated
... < 0 DM,10,no credits taken / all credits paid back duly,business,1289,... < 100 DM,... < 1 year,3,male,none,2,building society savings agreement / life insurance,24,none,own,4,management / self-employed / highly qualified employee / officer,1,none,no,1,single
no checking account,22,delay in paying off in the past,furniture/equipment,8231,unknown / no savings account,... >= 7 years,4,female,co-applicant,3,real estate,39,stores,own,1,unskilled - resident,2,"yes, registered under customer's name",no,1,divorced/separated
... < 0 DM,53,no credits taken / all credits paid back duly,car (new),3624,unknown / no savings account,... < 1 year,3,male,guarantor,4,unknown / no property,19,none,rent,2,skilled employee / official,1,none,no,2,divorced/separated
0 <= ... < 200 DM,11,critical account / other credits existing (not at this bank),retraining,4487,100 <= ... < 500 DM,4 <= ... < 7 years,1,female,guarantor,1,unknown / no property,58,stores,for free,2,management / self-employed / highly qualified employee / officer,1,"yes, registered under customer's name",no,2,divorced/separated
... >= 200 DM / salary assignments for at least 1 year,46,delay in paying off in the past,repairs,3304,... >= 1000 DM,unemployed,2,female,guarantor,3,"car or other, not in savings account",34,none,for free,2,unskilled - resident,2,none,yes,1,single
0 <= ... < 200 DM,5,critical account / other credits existing (not at this bank),car (new),10666,100 <= ... < 500 DM,4 <= ... < 7 years,3,male,co-applicant,4,"car or other, not in savings account",23,none,for free,1,unemployed / unskilled - non-resident,2,none,yes,2,married/widowed
... >= 200 DM / salary assignments for at least 1 year,4,all credits at this bank paid back duly,retraining,15945,unknown / no savings account,... < 1 year,4,male,guarantor,1,"car or other, not in savings account",19,bank,rent,1,skilled employee / official,1,none,yes,1,married/widowed
0 <= ... < 200 DM,4,critical account / other credits existing (not at this bank),furniture/equipment,13928,500 <= ... < 1000 DM,... < 1 year,2,male,none,4,real estate,44,none,rent,1,unemployed / unskilled - non-resident,2,"yes, registered under customer's name",yes,1,single
... < 0 DM,4,existing credits paid back duly till now,car (new),2948,500 <= ... < 1000 DM,4 <= ... < 7 years,4,male,none,3,building society savings agreement / life insurance,24,bank,own,4,unskilled - resident,1,"yes, registered under customer's name",no,1,single
no checking account,34,no credits taken / all credits paid back duly,furniture/equipment,2144,... >= 1000 DM,... >= 7 years,3,male,guarantor,2,building society savings agreement / life insurance,44,none,for free,4,management / self-employed / highly qualified employee / officer,1,"yes, registered under customer's name",yes,1,divorced/separated
... < 0 DM,9,all credits at this bank paid back duly,business,15945,... < 100 DM,... < 1 year,2,male,none,2,real estate,21,stores,for free,1,skilled employee / official,2,none,no,1,divorced/separated
0 <= ... < 200 DM,27,existing credits paid back duly till now,others,1687,100 <= ... < 500 DM,1 <= ... < 4 years,2,female,guarantor,3,"car or other, not in savings account",35,stores,rent,3,skilled employee / official,2,none,yes,1,single
... >= 200 DM / salary assignments for at least 1 year,7,delay in paying off in the past,education,7506,100 <= ... < 500 DM,... < 1 year,4,male,none,2,unknown / no property,37,bank,rent,4,unskilled - resident,2,none,yes,2,married/widowed
... >= 200 DM / salary assignments for at least 1 year,20,no credits taken / all credits paid back duly,business,1820,... < 100 DM,1 <= ... < 4 years,4,male,none,4,unknown / no property,40,bank,for free,2,unemployed / unskilled - non-resident,1,none,no,1,divorced/separated
... < 0 DM,4,critical account / other credits existing (not at this bank),education,816,... >= 1000 DM,... < 1 year,4,male,none,2,unknown / no property,40,none,for free,1,unskilled - resident,2,none,yes,2,single
0 <= ... < 200 DM,31,existing credits paid back duly till now,domestic appliances,3728,... < 100 DM,unemployed,1,female,none,3,"car or other, not in savings account",29,none,for free,2,skilled employee / official,2,none,no,1,married/widowed
0 <= ... < 200 DM,13,no credits taken / all credits paid back duly,car (used),4486,500 <= ... < 1000 DM,1 <= ... < 4 years,1,male,none,3,real estate,20,stores,own,2,skilled employee / official,2,none,no,1,divorced/separated
0 <= ... < 200 DM,20,existing credits paid back duly till now,radio/television,3907,100 <= ... < 500 DM,4 <= ... < 7 years,2,female,none,4,real estate,28,none,own,2,unemployed / unskilled - non-resident,2,"yes, registered under customer's name",yes,1,married/widowed
no checking account,25,critical account / other credits existing (not at this bank),furniture/equipment,250,500 <= ... < 1000 DM,... >= 7 years,4,female,co-applicant,4,"car or other, not in savings account",25,none,own,1,management / self-employed / highly qualified employee / officer,1,"yes, registered under customer's name",no,2,single
no checking account,25,existing credits paid back duly till now,education,15598,... < 100 DM,... < 1 year,1,female,none,4,unknown / no property,38,stores,for free,2,unskilled - resident,1,"yes, registered under customer's name",yes,1,single
... < 0 DM,33,delay in paying off in the past,car (new),2952,unknown / no savings account,4 <= ... < 7 years,3,female,co-applicant,3,"car or other, not in savings account",72,stores,rent,1,management / self-employed / highly qualified employee / officer,1,"yes, registered under customer's name",no,2,divorced/separated
0 <= ... < 200 DM,16,existing credits paid back duly till now,car (used),1088,100 <= ... < 500 DM,1 <= ... < 4 years,3,male,co-applicant,3,"car or other, not in savings account",27,bank,rent,1,skilled employee / official,1,"yes, registered under customer's name",yes,2,single
... >= 200 DM / salary assignments for at least 1 year,19,no credits taken / all credits paid back duly,car (new),1542,100 <= ... < 500 DM,4 <= ... < 7 years,2,male,co-applicant,4,unknown / no property,35,none,own,1,skilled employee / official,2,none,no,1,single
0 <= ... < 200 DM,4,delay in paying off in the past,business,660,unknown / no savings account,1 <= ... < 4 years,1,male,co-applicant,4,unknown / no property,21,none,for free,2,unskilled - resident,1,none,no,1,single
... < 0 DM,27,no credits taken / all credits paid back duly,car (new),12965,100 <= ... < 500 DM,... >= 7 years,3,female,none,2,real estate,41,none,own,2,skilled employee / official,1,none,yes,2,married/widowed
no checking account,21,all credits at this bank paid back duly,repairs,11640,100 <= ... < 500 DM,4 <= ... < 7 years,2,female,guarantor,4,real estate,53,stores,rent,2,skilled employee / official,1,"yes, registered under customer's name",no,2,married/widowed
0 <= ... < 200 DM,19,no credits taken / all credits paid back duly,car (new),2391,unknown / no savings account,... >= 7 years,4,female,co-applicant,3,unknown / no property,21,none,rent,1,unemployed / unskilled - non-resident,1,none,yes,1,married/widowed
0 <= ... < 200 DM,21,no credits taken / all credits paid back duly,furniture/equipment,2498,100 <= ... < 500 DM,... >= 7 years,1,female,co-applicant,2,building society savings agreement / life insurance,39,stores,for free,1,unemployed / unskilled - non-resident,1,"yes, registered under customer's name",no,2,divorced/separated
... >= 200 DM / salary assignments for at least 1 year,8,no credits taken / all credits paid back duly,retraining,1075,100 <= ... < 500 DM,unemployed,3,male,co-applicant,3,building society savings agreement / life insurance,23,none,own,2,skilled employee / official,1,none,yes,1,single
... >= 200 DM / salary assignments for at least 1 year,23,delay in paying off in the past,others,1774,... >= 1000 DM,... < 1 year,2,male,none,3,unknown / no property,26,stores,for free,3,unskilled - resident,2,none,no,2,married/widowed
0 <= ... < 200 DM,25,delay in paying off in the past,car (new),876,100 <= ... < 500 DM,unemployed,1,male,co-applicant,3,real estate,29,bank,for free,2,management / self-employed / highly qualified employee / officer,1,none,yes,2,single
... < 0 DM,20,no credits taken / all credits paid back duly,radio/television,2127,... < 100 DM,unemployed,2,male,co-applicant,1,real estate,35,stores,rent,4,unskilled - resident,2,"yes, registered under customer's name",no,2,married/widowed
... < 0 DM,4,existing credits paid back duly till now,furniture/equipment,2430,100 <= ... < 500 DM,1 <= ... < 4 years,4,male,guarantor,2,unknown / no property,30,stores,rent,1,unemployed / unskilled - non-resident,1,none,yes,1,single
no checking account,21,delay in paying off in the past,education,2496,... >= 1000 DM,... >= 7 years,4,male,guarantor,4,real estate,37,none,rent,1,management / self-employed / highly qualified employee / officer,2,"yes, registered under customer's name",yes,2,married/widowed
... >= 200 DM / salary assignments for at least 1 year,39,critical account / other credits existing (not at this bank),car (new),1934,... >= 1000 DM,... < 1 year,2,male,guarantor,1,building society savings agreement / life insurance,19,bank,rent,2,management / self-employed / highly qualified employee / officer,1,none,yes,1,married/widowed
no checking account,26,existing credits paid back duly till now,car (new),9369,unknown / no savings account,... < 1 year,2,male,guarantor,2,building society savings agreement / life insurance,37,stores,for free,1,skilled employee / official,2,none,yes,1,single
0 <= ... < 200 DM,4,delay in paying off in the past,radio/television,4700,unknown / no savings account,4 <= ... < 7 years,1,male,guarantor,4,building society savings agreement / life insurance,45,none,own,1,unskilled - resident,1,none,yes,1,divorced/separated
... < 0 DM,26,all credits at this bank paid back duly,car (new),14294,... >= 1000 DM,unemployed,1,male,co-applicant,2,unknown / no property,26,none,for free,2,skilled employee / official,2,none,yes,1,divorced/separated
... < 0 DM,20,existing credits paid back duly till now,radio/television,1686,... < 100 DM,... < 1 year,2,male,none,2,"car or other, not in savings account",59,bank,rent,2,unskilled - resident,1,none,no,1,married/widowed
no checking account,22,all credits at this bank paid back duly,car (new),377,... < 100 DM,4 <= ... < 7 years,1,female,co-applicant,2,unknown / no property,56,bank,for free,4,skilled employee / official,2,"yes, registered under customer's name",yes,2,divorced/separated
0 <= ... < 200 DM,16,critical account / other credits existing (not at this bank),others,3093,... < 100 DM,1 <= ... < 4 years,3,male,co-applicant,2,real estate,19,stores,own,1,skilled employee / official,2,"yes, registered under customer's name",yes,1,single
0 <= ... < 200 DM,24,no credits taken / all credits paid back duly,business,2119,... >= 1000 DM,unemployed,1,female,co-applicant,3,real estate,28,stores,rent,1,management / self-employed / highly qualified employee / officer,1,"yes, registered under customer's name",yes,1,married/widowed
... < 0 DM,43,delay in paying off in the past,business,863,500 <= ... < 1000 DM,... >= 7 years,4,male,none,4,building society savings agreement / life insurance,21,stores,for free,1,unemployed / unskilled - non-resident,1,none,yes,2,divorced/separated
... < 0 DM,27,existing credits paid back duly till now,education,823,500 <= ... < 1000 DM,unemployed,2,male,none,1,"car or other, not in savings account",27,bank,for free,1,unemployed / unskilled - non-resident,2,none,yes,2,divorced/separated
... >= 200 DM / salary assignments for at least 1 year,26,delay in paying off in the past,education,2729,500 <= ... < 1000 DM,unemployed,1,female,guarantor,2,"car or other, not in savings account",29,none,own,3,skilled employee / official,1,none,no,2,single
... >= 200 DM / salary assignments for at least 1 year,37,delay in paying off in the past,retraining,2810,500 <= ... < 1000 DM,... >= 7 years,4,male,none,2,building society savings agreement / life insurance,39,none,own,1,unemployed / unskilled - non-resident,1,none,yes,1,divorced/separated
0 <= ... < 200 DM,4,existing credits paid back duly till now,furniture/equipment,2354,unknown / no savings account,1 <= ... < 4 years,4,male,co-applicant,1,unknown / no property,46,none,own,2,skilled employee / official,1,"yes, registered under customer's name",yes,2,married/widowed
... < 0 DM,36,no credits taken / all credits paid back duly,business,3778,unknown / no savings account,unemployed,2,female,co-applicant,1,unknown / no property,22,none,own,2,skilled employee / official,2,none,yes,1,single
no checking account,25,existing credits paid back duly till now,car (new),2818,unknown / no savings account,... < 1 year,1,female,co-applicant,4,building society savings agreement / life insurance,63,stores,for free,4,skilled employee / official,1,"yes, registered under customer's name",yes,1,divorced/separated
... >= 200 DM / salary assignments for at least 1 year,13,all credits at this bank paid back duly,education,10518,... >= 1000 DM,1 <= ... < 4 years,2,male,guarantor,1,building society savings agreement / life insurance,29,none,rent,1,skilled employee / official,2,none,no,1,single
... < 0 DM,23,all credits at this bank paid back duly,business,12409,500 <= ... < 1000 DM,... >= 7 years,3,male,none,4,unknown / no property,39,none,rent,2,unskilled - resident,1,none,yes,1,divorced/separated
... >= 200 DM / salary assignments for at least 1 year,45,delay in paying off in the past,car (new),3291,100 <= ... < 500 DM,... < 1 year,2,male,co-applicant,1,building society savings agreement / life insurance,31,bank,for free,2,unemployed / unskilled - non-resident,2,"yes, registered under customer's name",no,2,divorced/separated
... >= 200 DM / salary assignments for at least 1 year,11,no credits taken / all credits paid back duly,education,4431,500 <= ... < 1000 DM,1 <= ... < 4 years,4,female,none,3,"car or other, not in savings account",37,none,for free,2,skilled employee / official,1,"yes, registered under customer's name",yes,1,married/widowed
no checking account,38,delay in paying off in the past,others,2423,100 <= ... < 500 DM,... >= 7 years,4,male,co-applicant,4,real estate,47,none,rent,1,unemployed / unskilled - non-resident,1,"yes, registered under customer's name",yes,1,married/widowed
0 <= ... < 200 DM,24,existing credits paid back duly till now,others,10060,500 <= ... < 1000 DM,... >= 7 years,3,female,co-applicant,1,real estate,73,none,rent,1,unemployed / unskilled - non-resident,1,"yes, registered under customer's name",yes,1,married/widowed
... < 0 DM,8,critical account / other credits existing (not at this bank),furniture/equipment,2888,500 <= ... < 1000 DM,... >= 7 years,2,male,none,4,unknown / no property,45,none,for free,4,unemployed / unskilled - non-resident,2,none,yes,1,single
no checking account,21,existing credits paid back duly till now,radio/television,3611,... >= 1000 DM,... >= 7 years,4,male,none,1,building society savings agreement / life insurance,27,none,own,2,skilled employee / official,1,"yes, registered under customer's name",yes,1,divorced/separated
... < 0 DM,14,all credits at this bank paid back duly,education,6361,100 <= ... < 500 DM,4 <= ... < 7 years,1,male,none,4,"car or other, not in savings account",26,stores,own,1,unemployed / unskilled - non-resident,1,"yes, registered under customer's name",yes,1,married/widowed
0 <= ... < 200 DM,7,delay in paying off in the past,business,2684,unknown / no savings account,unemployed,2,female,co-applicant,2,unknown / no property,28,none,rent,1,management / self-employed / highly qualified employee / officer,1,none,no,2,divorced/separated
no checking account,14,existing credits paid back duly till now,education,6053,100 <= ... < 500 DM,... >= 7 years,4,male,co-applicant,1,unknown / no property,46,bank,own,1,skilled employee / official,1,none,yes,2,divorced/separated
... >= 200 DM / salary assignments for at least 1 year,7,existing credits paid back duly till now,domestic appliances,4358,... < 100 DM,... < 1 year,2,male,guarantor,1,unknown / no property,19,none,for free,1,skilled employee / official,2,"yes, registered under customer's name",no,2,married/widowed
... < 0 DM,5,existing credits paid back duly till now,car (new),513,500 <= ... < 1000 DM,unemployed,4,male,none,2,"car or other, not in savings account",37,stores,for free,1,unskilled - resident,1,none,yes,2,married/widowed
... < 0 DM,4,existing credits paid back duly till now,car (new),12833,... < 100 DM,1 <= ... < 4 years,4,female,co-applicant,1,"car or other, not in savings account",25,none,own,2,unemployed / unskilled - non-resident,2,none,no,1,married/widowed
no checking account,26,existing credits paid back duly till now,business,1248,... < 100 DM,1 <= ... < 4 years,3,male,co-applicant,4,real estate,44,none,own,1,skilled employee / official,2,none,yes,2,divorced/separated
... >= 200 DM / salary assignments for at least 1 year,26,critical account / other credits existing (not at this bank),repairs,5653,100 <= ... < 500 DM,... >= 7 years,3,female,co-applicant,2,real estate,23,stores,for free,2,skilled employee / official,1,none,yes,1,single
... < 0 DM,4,existing credits paid back duly till now,repairs,4250,... < 100 DM,... >= 7 years,2,male,co-applicant,2,unknown / no property,42,none,for free,1,skilled employee / official,1,none,yes,2,single
... >= 200 DM / salary assignments for at least 1 year,7,all credits at this bank paid back duly,car (used),2950,100 <= ... < 500 DM,... < 1 year,4,female,guarantor,3,unknown / no property,49,stores,for free,1,unskilled - resident,1,none,yes,1,divorced/separated
0 <= ... < 200 DM,21,all credits at this bank paid back duly,car (used),2263,500 <= ... < 1000 DM,... >= 7 years,2,female,guarantor,3,"car or other, not in savings account",28,none,own,2,unemployed / unskilled - non-resident,2,"yes, registered under customer's name",yes,1,divorced/separated
0 <= ... < 200 DM,20,no credits taken / all credits paid back duly,car (new),1377,500 <= ... < 1000 DM,... >= 7 years,4,female,none,2,"car or other, not in savings account",29,bank,own,1,skilled employee / official,1,none,no,1,single
... < 0 DM,61,delay in paying off in the past,radio/television,5422,unknown / no savings account,... < 1 year,2,male,co-applicant,2,"car or other, not in savings account",36,none,for free,2,unemployed / unskilled - non-resident,1,none,yes,2,divorced/separated
0 <= ... < 200 DM,43,critical account / other credits existing (not at this bank),furniture/equipment,7434,unknown / no savings account,... < 1 year,3,male,co-applicant,4,building society savings agreement / life insurance,38,stores,rent,2,unskilled - resident,2,none,yes,1,divorced/separated
... >= 200 DM / salary assignments for at least 1 year,4,existing credits paid back duly till now,radio/television,1092,... < 100 DM,4 <= ... < 7 years,3,male,co-applicant,4,unknown / no property,24,none,rent,2,skilled employee / official,2,"yes, registered under customer's name",no,2,divorced/separated
0 <= ... < 200 DM,30,all credits at this bank paid back duly,others,10185,... >= 1000 DM,4 <= ... < 7 years,1,male,co-applicant,2,building society savings agreement / life insurance,24,bank,for free,1,unemployed / unskilled - non-resident,2,"yes, registered under customer's name",yes,2,divorced/separated
... < 0 DM,20,no credits taken / all credits paid back duly,radio/television,2363,unknown / no savings account,unemployed,1,male,co-applicant,4,"car or other, not in savings account",28,none,for free,1,unskilled - resident,1,none,no,1,divorced/separated
... < 0 DM,14,delay in paying off in the past,radio/television,2353,... >= 1000 DM,... < 1 year,2,male,co-applicant,2,unknown / no property,27,none,own,1,skilled employee / official,2,none,no,1,divorced/separated
no checking account,4,delay in paying off in the past,education,2835,100 <= ... < 500 DM,... < 1 year,1,male,co-applicant,3,building society savings agreement / life insurance,40,none,rent,2,unskilled - resident,2,"yes, registered under customer's name",yes,2,married/widowed
... < 0 DM,9,critical account / other credits existing (not at this bank),business,489,... < 100 DM,... >= 7 years,4,male,none,1,building society savings agreement / life insurance,32,none,own,2,unskilled - resident,1,none,yes,1,divorced/separated
no checking account,4,existing credits paid back duly till now,retraining,4229,... < 100 DM,1 <= ... < 4 years,3,male,none,4,real estate,43,none,rent,2,skilled employee / official,2,none,yes,1,married/widowed
... >= 200 DM / salary assignments for at least 1 year,24,existing credits paid back duly till now,business,15945,... < 100 DM,1 <= ... < 4 years,4,male,none,3,unknown / no property,54,stores,for free,2,unskilled - resident,2,"yes, registered under customer's name",yes,2,married/widowed
0 <= ... < 200 DM,24,existing credits paid back duly till now,car (used),609,... < 100 DM,... >= 7 years,4,male,none,2,unknown / no property,19,bank,rent,2,skilled employee / official,2,"yes, registered under customer's name",no,2,married/widowed
... < 0 DM,18,critical account / other credits existing (not at this bank),domestic appliances,8684,unknown / no savings account,4 <= ... < 7 years,1,male,none,3,building society savings agreement / life insurance,59,none,own,1,unemployed / unskilled - non-resident,1,none,yes,1,divorced/separated
... < 0 DM,35,delay in paying off in the past,education,7590,... >= 1000 DM,4 <= ... < 7 years,1,male,guarantor,1,building society savings agreement / life insurance,24,stores,rent,1,management / self-employed / highly qualified employee / officer,1,none,yes,1,divorced/separated
... < 0 DM,11,delay in paying off in the past,radio/television,6043,unknown / no savings account,... < 1 year,4,female,co-applicant,3,unknown / no property,25,stores,for free,2,unemployed / unskilled - non-resident,2,"yes, registered under customer's name",yes,2,married/widowed
... >= 200 DM / salary assignments for at least 1 year,20,all credits at this bank paid back duly,car (used),2429,100 <= ... < 500 DM,1 <= ... < 4 years,2,male,none,3,real estate,21,none,for free,4,management / self-employed / highly qualified employee / officer,2,none,yes,2,divorced/separated
... >= 200 DM / salary assignments for at least 1 year,25,existing credits paid back duly till now,car (used),3161,... >= 1000 DM,1 <= ... < 4 years,1,female,guarantor,1,"car or other, not in savings account",50,none,for free,1,skilled employee / official,1,"yes, registered under customer's name",yes,2,married/widowed
... >= 200 DM / salary assignments for at least 1 year,25,critical account / other credits existing (not at this bank),education,1957,500 <= ... < 1000 DM,4 <= ... < 7 years,1,male,none,2,unknown / no property,29,none,for free,1,unskilled - resident,1,"yes, registered under customer's name",yes,1,divorced/separated
... >= 200 DM / salary assignments for at least 1 year,36,delay in paying off in the past,others,2619,500 <= ... < 1000 DM,... < 1 year,2,male,none,3,unknown / no property,39,stores,own,2,skilled employee / official,1,"yes, registered under customer's name",yes,1,single
0 <= ... < 200 DM,21,delay in paying off in the past,domestic appliances,5984,... >= 1000 DM,1 <= ... < 4 years,4,male,co-applicant,4,unknown / no property,21,none,for free,2,skilled employee / official,1,none,no,1,married/widowed
... >= 200 DM / salary assignments for at least 1 year,24,delay in paying off in the past,repairs,3066,100 <= ... < 500 DM,... < 1 year,2,male,none,2,real estate,22,stores,own,2,skilled employee / official,1,"yes, registered under customer's name",yes,2,single
0 <= ... < 200 DM,23,no credits taken / all credits paid back duly,furniture/equipment,4188,... >= 1000 DM,1 <= ... < 4 years,3,male,co-applicant,3,"car or other, not in savings account",64,none,rent,2,unskilled - resident,1,"yes, registered under customer's name",yes,1,single
no checking account,22,all credits at this bank paid back duly,business,2358,... < 100 DM,1 <= ... < 4 years,3,male,none,3,real estate,39,bank,own,2,unemployed / unskilled - non-resident,2,"yes, registered under customer's name",yes,1,single
... < 0 DM,29,delay in paying off in the past,repairs,618,100 <= ... < 500 DM,1 <= ... < 4 years,1,female,guarantor,4,"car or other, not in savings account",30,stores,own,4,management / self-employed / highly qualified employee / officer,2,"yes, registered under customer's name",yes,2,single
... < 0 DM,15,existing credits paid back duly till now,car (new),13351,... < 100 DM,1 <= ... < 4 years,3,male,co-applicant,1,real estate,19,stores,for free,1,skilled employee / official,2,"yes, registered under customer's name",no,1,divorced/separated
... < 0 DM,10,no credits taken / all credits paid back duly,domestic appliances,1231,... < 100 DM,1 <= ... < 4 years,4,male,guarantor,1,unknown / no property,27,stores,own,1,management / self-employed / highly qualified employee / officer,1,none,yes,2,divorced/separated
no checking account,25,existing credits paid back duly till now,domestic appliances,15945,500 <= ... < 1000 DM,4 <= ... < 7 years,1,male,guarantor,3,building society savings agreement / life insurance,44,none,rent,3,management / self-employed / highly qualified employee / officer,1,"yes, registered under customer's name",yes,1,divorced/separated
0 <= ... < 200 DM,38,critical account / other credits existing (not at this bank),repairs,783,... < 100 DM,unemployed,3,male,co-applicant,4,real estate,24,none,rent,4,skilled employee / official,1,none,yes,1,married/widowed
... < 0 DM,29,critical account / other credits existing (not at this bank),repairs,1316,... < 100 DM,4 <= ... < 7 years,2,female,none,3,unknown / no property,52,none,own,1,skilled employee / official,1,"yes, registered under customer's name",yes,1,single
... >= 200 DM / salary assignments for at least 1 year,23,all credits at this bank paid back duly,radio/television,7989,unknown / no savings account,4 <= ... < 7 years,1,male,co-applicant,1,building society savings agreement / life insurance,41,stores,for free,1,management / self-employed / highly qualified employee / officer,2,none,no,2,divorced/separated
... < 0 DM,23,delay in paying off in the past,repairs,4114,100 <= ... < 500 DM,1 <= ... < 4 years,4,female,co-applicant,4,unknown / no property,20,none,for free,2,unskilled - resident,1,"yes, registered under customer's name",yes,1,married/widowed
0 <= ... < 200 DM,27,critical account / other credits existing (not at this bank),business,3522,unknown / no savings account,4 <= ... < 7 years,2,male,none,3,"car or other, not in savings account",42,bank,own,1,management / self-employed / highly qualified employee / officer,1,none,yes,1,single
0 <= ... < 200 DM,7,all credits at this bank paid back duly,repairs,13327,500 <= ... < 1000 DM,unemployed,2,male,co-applicant,4,real estate,26,bank,rent,1,management / self-employed / highly qualified employee / officer,2,"yes, registered under customer's name",yes,1,single
0 <= ... < 200 DM,4,delay in paying off in the past,radio/television,1885,unknown / no savings account,unemployed,2,female,guarantor,3,real estate,19,bank,own,4,skilled employee / official,1,none,yes,1,married/widowed
no checking account,40,no credits taken / all credits paid back duly,car (new),4715,100 <= ... < 500 DM,4 <= ... < 7 years,2,female,co-applicant,3,unknown / no property,23,none,rent,2,skilled employee / official,1,"yes, registered under customer's name",yes,1,divorced/separated
... >= 200 DM / salary assignments for at least 1 year,23,no credits taken / all credits paid back duly,car (new),6229,500 <= ... < 1000 DM,... < 1 year,2,female,guarantor,3,unknown / no property,19,bank,own,2,management / self-employed / highly qualified employee / officer,1,"yes, registered under customer's name",yes,2,married/widowed
... < 0 DM,24,existing credits paid back duly till now,car (used),2075,500 <= ... < 1000 DM,1 <= ... < 4 years,3,female,guarantor,3,building society savings agreement / life insurance,25,none,own,4,skilled employee / official,2,"yes, registered under customer's name",yes,2,divorced/separated
... >= 200 DM / salary assignments for at least 1 year,37,no credits taken / all credits paid back duly,repairs,10710,... < 100 DM,unemployed,4,female,none,4,unknown / no property,65,stores,for free,1,unskilled - resident,2,"yes, registered under customer's name",yes,1,single
... >= 200 DM / salary assignments for at least 1 year,5,all credits at this bank paid back duly,car (new),1599,500 <= ... < 1000 DM,4 <= ... < 7 years,1,female,guarantor,3,real estate,30,stores,for free,2,unskilled - resident,2,"yes, registered under customer's name",yes,1,single
0 <= ... < 200 DM,4,all credits at this bank paid back duly,car (used),1603,... < 100 DM,unemployed,4,male,none,2,real estate,43,bank,own,2,unskilled - resident,1,none,no,2,divorced/separated
... < 0 DM,21,no credits taken / all credits paid back duly,furniture/equipment,250,500 <= ... < 1000 DM,... >= 7 years,1,male,guarantor,2,building society savings agreement / life insurance,25,stores,own,1,skilled employee / official,1,"yes, registered under customer's name",yes,1,divorced/separated
0 <= ... < 200 DM,22,existing credits paid back duly till now,car (new),15945,... < 100 DM,unemployed,1,female,none,3,unknown / no property,26,none,rent,1,skilled employee / official,1,none,yes,2,married/widowed
... < 0 DM,4,existing credits paid back duly till now,domestic appliances,3698,... >= 1000 DM,... >= 7 years,4,male,none,1,unknown / no property,33,stores,for free,2,skilled employee / official,2,"yes, registered under customer's name",yes,1,divorced/separated
... < 0 DM,27,existing credits paid back duly till now,radio/television,1614,unknown / no savings account,1 <= ... < 4 years,3,male,guarantor,2,"car or other, not in savings account",43,none,rent,2,unemployed / unskilled - non-resident,2,none,no,2,divorced/separated
... < 0 DM,23,existing credits paid back duly till now,radio/television,1995,... < 100 DM,... < 1 year,4,male,guarantor,2,unknown / no property,33,none,own,1,unskilled - resident,1,"yes, registered under customer's name",yes,1,divorced/separated
... < 0 DM,4,existing credits paid back duly till now,domestic appliances,2725,100 <= ... < 500 DM,... < 1 year,2,male,none,2,unknown / no property,59,none,own,1,skilled employee / official,1,none,yes,2,married/widowed
no checking account,14,no credits taken / all credits paid back duly,furniture/equipment,355,... < 100 DM,... < 1 year,4,female,none,3,building society savings agreement / life insurance,26,stores,for free,1,management / self-employed / highly qualified employee / officer,2,"yes, registered under customer's name",yes,1,single
0 <= ... < 200 DM,15,all credits at this bank paid back duly,business,2349,... >= 1000 DM,4 <= ... < 7 years,4,male,guarantor,4,real estate,34,none,own,1,unemployed / unskilled - non-resident,2,"yes, registered under customer's name",no,2,divorced/separated
0 <= ... < 200 DM,27,no credits taken / all credits paid back duly,retraining,5627,100 <= ... < 500 DM,unemployed,1,male,guarantor,1,"car or other, not in savings account",21,bank,rent,1,unskilled - resident,1,"yes, registered under customer's name",no,2,married/widowed
... >= 200 DM / salary assignments for at least 1 year,22,existing credits paid back duly till now,domestic appliances,1214,500 <= ... < 1000 DM,unemployed,2,female,none,2,real estate,32,stores,rent,4,management / self-employed / highly qualified employee / officer,2,"yes, registered under customer's name",yes,1,single
... < 0 DM,22,existing credits paid back duly till now,education,1847,100 <= ... < 500 DM,unemployed,1,male,none,4,unknown / no property,34,none,rent,4,unemployed / unskilled - non-resident,2,"yes, registered under customer's name",yes,2,single
0 <= ... < 200 DM,4,existing credits paid back duly till now,education,3433,... < 100 DM,... < 1 year,3,female,none,4,"car or other, not in savings account",41,stores,own,1,management / self-employed / highly qualified employee / officer,1,none,yes,2,single
... >= 200 DM / salary assignments for at least 1 year,20,no credits taken / all credits paid back duly,repairs,5516,500 <= ... < 1000 DM,... >= 7 years,4,male,co-applicant,4,"car or other, not in savings account",26,stores,own,2,skilled employee / official,2,none,yes,2,married/widowed
0 <= ... < 200 DM,13,delay in paying off in the past,education,6531,... >= 1000 DM,... < 1 year,4,male,none,2,unknown / no property,23,stores,rent,3,management / self-employed / highly qualified employee / officer,1,"yes, registered under customer's name",yes,1,divorced/separated
no checking account,30,critical account / other credits existing (not at this bank),others,3756,... < 100 DM,... < 1 year,4,male,none,2,"car or other, not in savings account",27,none,for free,1,unskilled - resident,1,"yes, registered under customer's name",yes,2,married/widowed
... < 0 DM,20,delay in paying off in the past,business,2336,... < 100 DM,... >= 7 years,3,male,co-applicant,3,unknown / no property,30,none,for free,2,skilled employee / official,1,none,yes,1,single
0 <= ... < 200 DM,14,all credits at this bank paid back duly,education,1507,unknown / no savings account,... >= 7 years,3,male,guarantor,1,building society savings agreement / life insurance,25,stores,rent,1,skilled employee / official,2,"yes, registered under customer's name",yes,2,single
no checking account,17,critical account / other credits existing (not at this bank),furniture/equipment,3815,100 <= ... < 500 DM,4 <= ... < 7 years,2,female,co-applicant,2,"car or other, not in savings account",55,stores,own,2,unskilled - resident,1,none,yes,1,married/widowed
0 <= ... < 200 DM,44,all credits at this bank paid back duly,car (new),8808,... >= 1000 DM,... >= 7 years,4,female,none,4,building society savings agreement / life insurance,40,bank,for free,2,skilled employee / official,1,none,yes,1,married/widowed
no checking account,21,all credits at this bank paid back duly,car (new),3641,... < 100 DM,4 <= ... < 7 years,2,female,guarantor,3,"car or other, not in savings account",36,stores,own,4,unskilled - resident,2,none,yes,1,divorced/separated
0 <= ... < 200 DM,11,critical account / other credits existing (not at this bank),others,518,100 <= ... < 500 DM,4 <= ... < 7 years,2,male,none,4,unknown / no property,57,none,for free,4,unemployed / unskilled - non-resident,1,none,yes,2,single
0 <= ... < 200 DM,22,all credits at this bank paid back duly,retraining,15945,... < 100 DM,... >= 7 years,2,male,none,1,unknown / no property,22,stores,own,1,unemployed / unskilled - non-resident,1,none,no,1,single
... < 0 DM,4,delay in paying off in the past,repairs,2475,100 <= ... < 500 DM,1 <= ... < 4 years,3,male,guarantor,4,unknown / no property,27,bank,rent,1,skilled employee / official,1,"yes, registered under customer's name",no,2,divorced/separated
... >= 200 DM / salary assignments for at least 1 year,23,delay in paying off in the past,furniture/equipment,1824,unknown / no savings account,1 <= ... < 4 years,2,male,none,4,real estate,75,none,own,3,unskilled - resident,2,"yes, registered under customer's name",no,1,divorced/separated
no checking account,30,no credits taken / all credits paid back duly,car (used),3955,... >= 1000 DM,4 <= ... < 7 years,2,male,none,3,building society savings agreement / life insurance,28,bank,own,4,unskilled - resident,1,none,yes,1,single
0 <= ... < 200 DM,20,critical account / other credits existing (not at this bank),car (used),3385,100 <= ... < 500 DM,... >= 7 years,3,female,co-applicant,1,building society savings agreement / life insurance,47,stores,for free,1,unemployed / unskilled - non-resident,1,none,yes,2,divorced/separated
... < 0 DM,13,all credits at this bank paid back duly,education,7478,500 <= ... < 1000 DM,1 <= ... < 4 years,2,male,co-applicant,4,building society savings agreement / life insurance,19,stores,own,1,management / self-employed / highly qualified employee / officer,2,none,yes,1,married/widowed
... >= 200 DM / salary assignments for at least 1 year,27,existing credits paid back duly till now,radio/television,715,unknown / no savings account,... >= 7 years,3,male,co-applicant,2,unknown / no property,33,none,for free,1,unskilled - resident,1,"yes, registered under customer's name",yes,2,married/widowed
0 <= ... < 200 DM,15,existing credits paid back duly till now,repairs,516,unknown / no savings account,unemployed,2,male,co-applicant,3,"car or other, not in savings account",26,bank,rent,2,unskilled - resident,2,"yes, registered under customer's name",no,1,single
no checking account,23,critical account / other credits existing (not at this bank),car (new),12600,100 <= ... < 500 DM,unemployed,1,female,none,4,unknown / no property,31,bank,rent,4,skilled employee / official,2,"yes, registered under customer's name",no,1,single
... >= 200 DM / salary assignments for at least 1 year,26,all credits at this bank paid back duly,repairs,1561,unknown / no savings account,unemployed,1,male,none,3,"car or other, not in savings account",45,none,for free,4,unskilled - resident,1,none,no,2,divorced/separated
0 <= ... < 200 DM,14,all credits at this bank paid back duly,education,3981,unknown / no savings account,4 <= ... < 7 years,4,female,co-applicant,1,unknown / no property,60,none,rent,2,skilled employee / official,1,none,yes,2,single
... < 0 DM,23,all credits at this bank paid back duly,car (new),9006,500 <= ... < 1000 DM,1 <= ... < 4 years,1,male,none,1,building society savings agreement / life insurance,19,none,for free,1,unemployed / unskilled - non-resident,2,none,yes,1,divorced/separated
no checking account,22,delay in paying off in the past,car (used),3160,500 <= ... < 1000 DM,unemployed,4,male,guarantor,2,building society savings agreement / life insurance,19,none,rent,2,unskilled - resident,1,none,yes,1,single
no checking account,4,existing credits paid back duly till now,repairs,13822,... >= 1000 DM,4 <= ... < 7 years,2,male,guarantor,2,unknown / no property,27,none,rent,1,unskilled - resident,1,none,yes,2,single
... >= 200 DM / salary assignments for at least 1 year,21,critical account / other credits existing (not at this bank),domestic appliances,4093,500 <= ... < 1000 DM,... >= 7 years,4,male,guarantor,2,"car or other, not in savings account",27,none,rent,2,skilled employee / official,1,none,yes,1,single
no checking account,12,critical account / other credits existing (not at this bank),furniture/equipment,15945,500 <= ... < 1000 DM,... < 1 year,3,male,guarantor,4,"car or other, not in savings account",51,none,rent,2,unemployed / unskilled - non-resident,2,"yes, registered under customer's name",yes,2,single
0 <= ... < 200 DM,6,all credits at this bank paid back duly,car (new),15709,100 <= ... < 500 DM,unemployed,1,male,guarantor,3,real estate,24,stores,own,1,skilled employee / official,2,none,yes,2,divorced/separated
0 <= ... < 200 DM,20,all credits at this bank paid back duly,domestic appliances,1982,... < 100 DM,unemployed,4,male,co-applicant,4,"car or other, not in savings account",42,none,own,4,management / self-employed / highly qualified employee / officer,1,none,yes,1,single
... < 0 DM,20,no credits taken / all credits paid back duly,car (new),1383,unknown / no savings account,... >= 7 years,4,male,none,2,unknown / no property,41,bank,own,1,skilled employee / official,1,none,yes,2,divorced/separated
... >= 200 DM / salary assignments for at least 1 year,19,existing credits paid back duly till now,domestic appliances,12613,unknown / no savings account,4 <= ... < 7 years,3,male,guarantor,4,real estate,37,none,for free,1,unemployed / unskilled - non-resident,1,none,yes,2,divorced/separated
... < 0 DM,4,critical account / other credits existing (not at this bank),retraining,3498,unknown / no savings account,1 <= ... < 4 years,2,male,co-applicant,3,building society savings agreement / life insurance,51,stores,for free,1,skilled employee / official,1,none,no,1,married/widowed
... < 0 DM,7,delay in paying off in the past,domestic appliances,1333,unknown / no savings account,... >= 7 years,1,male,co-applicant,1,unknown / no property,39,none,own,4,unskilled - resident,1,"yes, registered under customer's name",yes,1,married/widowed
no checking account,44,no credits taken / all credits paid back duly,furniture/equipment,4098,100 <= ... < 500 DM,4 <= ... < 7 years,3,male,none,3,real estate,42,none,rent,2,skilled employee / official,1,"yes, registered under customer's name",yes,1,single
... >= 200 DM / salary assignments for at least 1 year,26,no credits taken / all credits paid back duly,car (new),15909,500 <= ... < 1000 DM,1 <= ... < 4 years,3,female,guarantor,4,"car or other, not in savings account",36,bank,rent,1,skilled employee / official,1,"yes, registered under customer's name",yes,1,single
0 <= ... < 200 DM,36,all credits at this bank paid back duly,furniture/equipment,4040,... >= 1000 DM,... >= 7 years,2,female,co-applicant,2,unknown / no property,26,none,for free,2,management / self-employed / highly qualified employee / officer,2,none,no,1,divorced/separated
no checking account,21,critical account / other credits existing (not at this bank),car (used),3492,unknown / no savings account,... < 1 year,2,male,none,3,real estate,59,none,own,4,skilled employee / official,1,none,yes,2,single
... >= 200 DM / salary assignments for at least 1 year,12,all credits at this bank paid back duly,radio/television,1651,unknown / no savings account,... < 1 year,4,female,none,1,"car or other, not in savings account",39,none,own,4,skilled employee / official,1,none,yes,1,single
... >= 200 DM / salary assignments for at least 1 year,29,all credits at this bank paid back duly,radio/television,6963,unknown / no savings account,unemployed,2,male,co-applicant,1,building society savings agreement / life insurance,56,none,own,3,management / self-employed / highly qualified employee / officer,1,none,yes,2,single
no checking account,31,existing credits paid back duly till now,others,9323,100 <= ... < 500 DM,... < 1 year,4,female,co-applicant,1,building society savings agreement / life insurance,50,none,for free,1,unemployed / unskilled - non-resident,2,none,yes,1,single
... < 0 DM,34,all credits at this bank paid back duly,car (used),4917,500 <= ... < 1000 DM,unemployed,3,female,none,3,unknown / no property,54,stores,own,2,unemployed / unskilled - non-resident,1,"yes, registered under customer's name",yes,1,single
... < 0 DM,14,critical account / other credits existing (not at this bank),radio/television,1636,unknown / no savings account,... < 1 year,4,female,co-applicant,2,real estate,30,none,rent,1,unemployed / unskilled - non-resident,1,"yes, registered under customer's name",yes,2,divorced/separated
no checking account,21,no credits taken / all credits paid back duly,car (new),8373,500 <= ... < 1000 DM,... >= 7 years,2,female,none,4,real estate,19,none,rent,2,unskilled - resident,1,"yes, registered under customer's name",yes,1,divorced/separated
0 <= ... < 200 DM,4,all credits at this bank paid back duly,education,8427,500 <= ... < 1000 DM,unemployed,4,female,none,1,real estate,21,none,own,1,unemployed / unskilled - non-resident,2,none,yes,1,married/widowed
... < 0 DM,18,existing credits paid back duly till now,education,250,... >= 1000 DM,... >= 7 years,4,male,none,1,unknown / no property,19,bank,own,2,unskilled - resident,2,none,yes,2,single
no checking account,22,existing credits paid back duly till now,domestic appliances,4023,100 <= ... < 500 DM,... < 1 year,1,male,none,3,building society savings agreement / life insurance,36,none,rent,1,skilled employee / official,1,"yes, registered under customer's name",yes,2,married/widowed
... < 0 DM,24,existing credits paid back duly till now,radio/television,396,... < 100 DM,... < 1 year,2,male,none,4,real estate,29,none,for free,3,skilled employee / official,1,"yes, registered under customer's name",no,1,divorced/separated
... >= 200 DM / salary assignments for at least 1 year,22,all credits at this bank paid back duly,car (used),15052,500 <= ... < 1000 DM,4 <= ... < 7 years,3,female,co-applicant,2,"car or other, not in savings account",19,stores,own,1,skilled employee / official,2,none,yes,1,single
no checking account,8,existing credits paid back duly till now,retraining,2282,... >= 1000 DM,unemployed,4,male,none,2,building society savings agreement / life insurance,26,stores,rent,1,unskilled - resident,2,"yes, registered under customer's name",yes,2,single
... >= 200 DM / salary assignments for at least 1 year,24,existing credits paid back duly till now,car (used),15945,500 <= ... < 1000 DM,4 <= ... < 7 years,3,female,co-applicant,3,"car or other, not in savings account",39,stores,rent,1,skilled employee / official,1,none,yes,1,married/widowed
0 <= ... < 200 DM,34,all credits at this bank paid back duly,furniture/equipment,2072,... < 100 DM,1 <= ... < 4 years,4,male,none,4,real estate,24,none,rent,1,unemployed / unskilled - non-resident,1,none,no,2,single
... < 0 DM,22,all credits at this bank paid back duly,furniture/equipment,8382,unknown / no savings account,1 <= ... < 4 years,4,male,guarantor,1,building society savings agreement / life insurance,40,none,rent,2,management / self-employed / highly qualified employee / officer,1,none,yes,1,divorced/separated
... < 0 DM,21,existing credits paid back duly till now,radio/television,5603,unknown / no savings account,1 <= ... < 4 years,2,male,none,1,"car or other, not in savings account",38,stores,for free,4,unemployed / unskilled - non-resident,2,"yes, registered under customer's name",yes,1,single
... >= 200 DM / salary assignments for at least 1 year,7,existing credits paid back duly till now,repairs,8847,unknown / no savings account,... >= 7 years,1,male,none,3,real estate,32,stores,for free,2,skilled employee / official,2,none,yes,2,single
0 <= ... < 200 DM,43,no credits taken / all credits paid back duly,radio/television,3682,unknown / no savings account,1 <= ... < 4 years,4,male,guarantor,4,"car or other, not in savings account",65,none,rent,1,unskilled - resident,1,"yes, registered under customer's name",yes,1,single
... >= 200 DM / salary assignments for at least 1 year,43,existing credits paid back duly till now,repairs,250,100 <= ... < 500 DM,4 <= ... < 7 years,2,female,guarantor,4,real estate,49,stores,own,4,unskilled - resident,1,"yes, registered under customer's name",yes,2,married/widowed
0 <= ... < 200 DM,9,existing credits paid back duly till now,radio/television,2423,unknown / no savings account,... >= 7 years,2,male,co-applicant,3,real estate,26,none,for free,1,management / self-employed / highly qualified employee / officer,1,"yes, registered under customer's name",no,2,single
no checking account,4,delay in paying off in the past,repairs,2252,unknown / no savings account,... >= 7 years,1,female,co-applicant,2,unknown / no property,52,stores,for free,1,skilled employee / official,1,"yes, registered under customer's name",yes,1,divorced/separated
0 <= ... < 200 DM,23,critical account / other credits existing (not at this bank),radio/television,1083,... < 100 DM,4 <= ... < 7 years,3,male,co-applicant,2,"car or other, not in savings account",47,stores,own,4,skilled employee / official,1,"yes, registered under customer's name",yes,1,divorced/separated
no checking account,4,all credits at this bank paid back duly,repairs,2780,... >= 1000 DM,... < 1 year,2,female,co-applicant,4,unknown / no property,42,bank,for free,4,skilled employee / official,1,none,yes,1,divorced/separated
... < 0 DM,7,critical account / other credits existing (not at this bank),car (used),6956,... < 100 DM,... >= 7 years,4,male,guarantor,4,real estate,33,none,rent,1,management / self-employed / highly qualified employee / officer,1,none,yes,1,single
... < 0 DM,22,no credits taken / all credits paid back duly,car (used),8078,unknown / no savings account,1 <= ... < 4 years,1,male,co-applicant,1,building society savings agreement / life insurance,75,stores,rent,2,skilled employee / official,2,none,yes,1,single
... < 0 DM,22,existing credits paid back duly till now,furniture/equipment,4843,unknown / no savings account,4 <= ... < 7 years,4,male,co-applicant,2,real estate,38,none,for free,2,unskilled - resident,1,"yes, registered under customer's name",yes,2,divorced/separated
... < 0 DM,24,critical account / other credits existing (not at this bank),furniture/equipment,2259,... < 100 DM,1 <= ... < 4 years,1,female,guarantor,2,"car or other, not in savings account",44,bank,for free,1,skilled employee / official,1,"yes, registered under customer's name",yes,1,single
0 <= ... < 200 DM,7,critical account / other credits existing (not at this bank),radio/television,10683,... >= 1000 DM,... >= 7 years,4,male,none,1,unknown / no property,28,stores,rent,2,unemployed / unskilled - non-resident,2,none,no,2,married/widowed
no checking account,27,existing credits paid back duly till now,car (new),15481,... < 100 DM,4 <= ... < 7 years,3,male,none,4,real estate,61,none,for free,1,unskilled - resident,2,none,yes,1,single
no checking account,23,delay in paying off in the past,car (new),11664,... < 100 DM,unemployed,2,male,none,4,unknown / no property,23,none,own,4,unskilled - resident,1,"yes, registered under customer's name",no,2,divorced/separated
... >= 200 DM / salary assignments for at least 1 year,34,all credits at this bank paid back duly,furniture/equipment,1271,... >= 1000 DM,1 <= ... < 4 years,4,male,none,4,building society savings agreement / life insurance,25,bank,rent,2,unemployed / unskilled - non-resident,1,none,yes,1,divorced/separated
0 <= ... < 200 DM,69,no credits taken / all credits paid back duly,car (new),250,unknown / no savings account,... < 1 year,1,male,co-applicant,4,unknown / no property,47,stores,own,2,management / self-employed / highly qualified employee / officer,1,none,yes,1,divorced/separated
... >= 200 DM / salary assignments for at least 1 year,24,existing credits paid back duly till now,car (used),1874,... >= 1000 DM,... >= 7 years,3,male,co-applicant,3,building society savings agreement / life insurance,24,stores,own,1,management / self-employed / highly qualified employee / officer,2,none,yes,1,married/widowed
... < 0 DM,33,existing credits paid back duly till now,repairs,9409,100 <= ... < 500 DM,... >= 7 years,4,female,guarantor,1,building society savings agreement / life insurance,32,stores,own,2,unemployed / unskilled - non-resident,2,"yes, registered under customer's name",yes,1,divorced/separated
... >= 200 DM / salary assignments for at least 1 year,11,delay in paying off in the past,domestic appliances,1051,500 <= ... < 1000 DM,... >= 7 years,1,male,co-applicant,2,real estate,70,none,rent,2,unskilled - resident,2,none,yes,1,divorced/separated
... < 0 DM,19,all credits at this bank paid back duly,car (used),6508,... >= 1000 DM,1 <= ... < 4 years,2,male,guarantor,2,real estate,47,stores,rent,2,skilled employee / official,1,none,yes,1,single
0 <= ... < 200 DM,4,no credits taken / all credits paid back duly,radio/television,2899,... < 100 DM,unemployed,4,male,co-applicant,2,building society savings agreement / life insurance,30,stores,rent,1,unemployed / unskilled - non-resident,2,"yes, registered under customer's name",yes,2,single
0 <= ... < 200 DM,29,delay in paying off in the past,car (new),7813,100 <= ... < 500 DM,4 <= ... < 7 years,1,male,co-applicant,1,real estate,25,bank,for free,1,unemployed / unskilled - non-resident,2,none,no,1,single
no checking account,72,critical account / other credits existing (not at this bank),business,1908,unknown / no savings account,1 <= ... < 4 years,1,male,co-applicant,2,real estate,19,bank,rent,3,skilled employee / official,1,none,yes,1,divorced/separated
0 <= ... < 200 DM,15,all credits at this bank paid back duly,business,9856,... < 100 DM,... < 1 year,4,female,none,4,"car or other, not in savings account",63,bank,own,2,unskilled - resident,1,none,yes,2,divorced/separated
... < 0 DM,4,no credits taken / all credits paid back duly,others,430,100 <= ... < 500 DM,... < 1 year,2,female,guarantor,4,unknown / no property,30,none,rent,4,unskilled - resident,1,none,yes,2,single
... < 0 DM,20,no credits taken / all credits paid back duly,furniture/equipment,12840,500 <= ... < 1000 DM,... >= 7 years,3,male,guarantor,2,building society savings agreement / life insurance,27,none,rent,2,unemployed / unskilled - non-resident,1,"yes, registered under customer's name",no,2,single
no checking account,37,all credits at this bank paid back duly,others,10110,... < 100 DM,unemployed,4,male,none,3,real estate,26,none,own,1,unskilled - resident,1,none,no,2,divorced/separated
0 <= ... < 200 DM,4,all credits at this bank paid back duly,radio/television,1328,... < 100 DM,1 <= ... < 4 years,1,female,co-applicant,3,"car or other, not in savings account",25,bank,rent,2,unemployed / unskilled - non-resident,1,none,yes,2,divorced/separated
no checking account,9,no credits taken / all credits paid back duly,furniture/equipment,5191,... >= 1000 DM,... < 1 year,4,female,none,4,real estate,43,bank,own,1,management / self-employed / highly qualified employee / officer,1,none,no,2,divorced/separated
... < 0 DM,24,no credits taken / all credits paid back duly,others,9747,... < 100 DM,unemployed,1,female,none,1,unknown / no property,20,none,for free,1,skilled employee / official,1,"yes, registered under customer's name",yes,2,divorced/separated
... >= 200 DM / salary assignments for at least 1 year,4,delay in paying off in the past,furniture/equipment,5436,100 <= ... < 500 DM,4 <= ... < 7 years,4,male,guarantor,1,building society savings agreement / life insurance,45,stores,rent,2,unemployed / unskilled - non-resident,1,"yes, registered under customer's name",no,2,single
... >= 200 DM / salary assignments for at least 1 year,10,existing credits paid back duly till now,retraining,1645,... >= 1000 DM,... >= 7 years,4,female,none,1,unknown / no property,52,bank,own,1,unskilled - resident,1,none,yes,1,divorced/separated
0 <= ... < 200 DM,20,all credits at this bank paid back duly,education,15945,unknown / no savings account,4 <= ... < 7 years,4,male,co-applicant,2,real estate,32,none,rent,1,unemployed / unskilled - non-resident,1,"yes, registered under customer's name",yes,1,divorced/separated
... < 0 DM,21,critical account / other credits existing (not at this bank),business,7898,... < 100 DM,4 <= ... < 7 years,3,female,none,2,"car or other, not in savings account",28,stores,for free,1,unskilled - resident,2,none,yes,2,single
... < 0 DM,49,delay in paying off in the past,furniture/equipment,2733,... < 100 DM,1 <= ... < 4 years,4,male,none,4,real estate,69,none,for free,2,unskilled - resident,1,"yes, registered under customer's name",yes,1,divorced/separated
... >= 200 DM / salary assignments for at least 1 year,17,existing credits paid back duly till now,retraining,334,unknown / no savings account,4 <= ... < 7 years,4,female,guarantor,4,real estate,28,none,rent,1,unskilled - resident,2,"yes, registered under customer's name",yes,1,divorced/separated
no checking account,38,critical account / other credits existing (not at this bank),domestic appliances,2384,... >= 1000 DM,... < 1 year,4,female,none,2,real estate,57,stores,own,2,unskilled - resident,1,"yes, registered under customer's name",no,1,married/widowed
... >= 200 DM / salary assignments for at least 1 year,4,delay in paying off in the past,education,1480,unknown / no savings account,... < 1 year,2,male,guarantor,1,unknown / no property,71,stores,rent,3,unskilled - resident,2,none,yes,2,divorced/separated
0 <= ... < 200 DM,12,all credits at this bank paid back duly,furniture/equipment,1105,... >= 1000 DM,4 <= ... < 7 years,4,female,none,2,unknown / no property,28,none,own,1,unskilled - resident,1,"yes, registered under customer's name",yes,2,divorced/separated
... >= 200 DM / salary assignments for at least 1 year,22,all credits at this bank paid back duly,education,12048,100 <= ... < 500 DM,4 <= ... < 7 years,2,male,none,4,"car or other, not in savings account",43,none,for free,1,unskilled - resident,1,"yes, registered under customer's name",no,1,divorced/separated
... < 0 DM,24,delay in paying off in the past,education,555,500 <= ... < 1000 DM,4 <= ... < 7 years,1,male,co-applicant,4,"car or other, not in savings account",29,stores,own,2,management / self-employed / highly qualified employee / officer,2,"yes, registered under customer's name",no,1,single
no checking account,58,all credits at this bank paid back duly,car (used),278,... < 100 DM,4 <= ... < 7 years,3,male,guarantor,1,real estate,57,bank,for free,3,skilled employee / official,1,none,yes,2,married/widowed
no checking account,32,no credits taken / all credits paid back duly,car (used),1379,unknown / no savings account,... >= 7 years,4,male,guarantor,2,building society savings agreement / life insurance,28,none,own,2,unemployed / unskilled - non-resident,2,"yes, registered under customer's name",yes,2,single
... < 0 DM,46,existing credits paid back duly till now,education,4876,500 <= ... < 1000 DM,4 <= ... < 7 years,3,male,co-applicant,4,building society savings agreement / life insurance,26,bank,own,1,management / self-employed / highly qualified employee / officer,1,"yes, registered under customer's name",no,1,divorced/separated
... < 0 DM,33,critical account / other credits existing (not at this bank),car (used),2058,100 <= ... < 500 DM,1 <= ... < 4 years,1,male,guarantor,4,real estate,75,none,for free,2,unskilled - resident,2,none,yes,1,divorced/separated
no checking account,36,existing credits paid back duly till now,business,3701,... < 100 DM,1 <= ... < 4 years,1,female,co-applicant,2,unknown / no property,28,bank,for free,3,skilled employee / official,1,none,yes,1,single
0 <= ... < 200 DM,21,all credits at this bank paid back duly,furniture/equipment,1267,500 <= ... < 1000 DM,... < 1 year,2,female,co-applicant,4,"car or other, not in savings account",26,none,rent,4,unemployed / unskilled - non-resident,2,"yes, registered under customer's name",yes,2,single
... < 0 DM,8,delay in paying off in the past,domestic appliances,250,unknown / no savings account,... >= 7 years,4,male,guarantor,2,real estate,37,bank,own,2,unemployed / unskilled - non-resident,2,"yes, registered under customer's name",no,1,married/widowed
0 <= ... < 200 DM,5,all credits at this bank paid back duly,radio/television,9446,unknown / no savings account,... >= 7 years,4,male,none,2,unknown / no property,54,none,rent,3,skilled employee / official,1,none,no,1,married/widowed
0 <= ... < 200 DM,31,all credits at this bank paid back duly,car (used),9524,100 <= ... < 500 DM,1 <= ... < 4 years,1,female,none,2,real estate,66,stores,own,2,unemployed / unskilled - non-resident,1,"yes, registered under customer's name",yes,2,divorced/separated
... >= 200 DM / salary assignments for at least 1 year,9,no credits taken / all credits paid back duly,furniture/equipment,4127,500 <= ... < 1000 DM,unemployed,1,male,none,2,unknown / no property,19,none,for free,2,unskilled - resident,1,none,yes,1,married/widowed
... < 0 DM,15,all credits at this bank paid back duly,radio/television,4643,500 <= ... < 1000 DM,4 <= ... < 7 years,4,male,co-applicant,1,"car or other, not in savings account",19,none,rent,2,skilled employee / official,1,none,yes,2,divorced/separated
0 <= ... < 200 DM,38,existing credits paid back duly till now,radio/television,2089,... < 100 DM,... < 1 year,3,male,none,3,real estate,49,stores,own,2,management / self-employed / highly qualified employee / officer,1,none,yes,2,single
0 <= ... < 200 DM,37,critical account / other credits existing (not at this bank),radio/television,12544,500 <= ... < 1000 DM,4 <= ... < 7 years,2,male,co-applicant,4,real estate,19,none,for free,1,unemployed / unskilled - non-resident,2,"yes, registered under customer's name",yes,1,single
... >= 200 DM / salary assignments for at least 1 year,28,delay in paying off in the past,domestic appliances,2219,... >= 1000 DM,4 <= ... < 7 years,4,male,co-applicant,3,unknown / no property,37,stores,for free,2,skilled employee / official,1,none,yes,2,married/widowed
no checking account,27,all credits at this bank paid back duly,furniture/equipment,443,500 <= ... < 1000 DM,unemployed,2,female,guarantor,3,"car or other, not in savings account",29,bank,own,1,unskilled - resident,2,"yes, registered under customer's name",yes,2,single
... < 0 DM,27,delay in paying off in the past,business,3173,100 <= ... < 500 DM,... < 1 year,2,male,co-applicant,2,building society savings agreement / life insurance,30,bank,rent,1,unskilled - resident,2,"yes, registered under customer's name",no,1,divorced/separated
... >= 200 DM / salary assignments for at least 1 year,22,no credits taken / all credits paid back duly,furniture/equipment,3043,100 <= ... < 500 DM,4 <= ... < 7 years,1,male,none,1,unknown / no property,46,bank,own,1,unemployed / unskilled - non-resident,2,none,yes,2,single
no checking account,8,all credits at this bank paid back duly,furniture/equipment,1936,... >= 1000 DM,1 <= ... < 4 years,4,male,none,2,unknown / no property,29,none,rent,2,unemployed / unskilled - non-resident,2,none,yes,1,divorced/separated
0 <= ... < 200 DM,25,all credits at this bank paid back duly,business,3012,... >= 1000 DM,4 <= ... < 7 years,2,female,co-applicant,1,"car or other, not in savings account",28,bank,rent,2,unemployed / unskilled - non-resident,1,"yes, registered under customer's name",yes,1,married/widowed
no checking account,24,all credits at this bank paid back duly,education,3475,... < 100 DM,1 <= ... < 4 years,2,male,none,2,unknown / no property,42,bank,own,1,unemployed / unskilled - non-resident,2,none,no,1,divorced/separated
... >= 200 DM / salary assignments for at least 1 year,21,existing credits paid back duly till now,car (used),12743,... < 100 DM,1 <= ... < 4 years,1,male,guarantor,2,unknown / no property,25,bank,for free,2,unskilled - resident,2,none,yes,1,divorced/separated
0 <= ... < 200 DM,39,critical account / other credits existing (not at this bank),radio/television,2695,... < 100 DM,... < 1 year,2,male,none,1,"car or other, not in savings account",19,bank,for free,2,unskilled - resident,2,"yes, registered under customer's name",yes,1,single
0 <= ... < 200 DM,4,critical account / other credits existing (not at this bank),furniture/equipment,1003,100 <= ... < 500 DM,... >= 7 years,2,male,none,2,real estate,33,none,for free,1,skilled employee / official,2,"yes, registered under customer's name",yes,1,divorced/separated
0 <= ... < 200 DM,22,no credits taken / all credits paid back duly,others,2214,unknown / no savings account,4 <= ... < 7 years,1,male,guarantor,4,building society savings agreement / life insurance,37,none,rent,2,management / self-employed / highly qualified employee / officer,2,"yes, registered under customer's name",yes,1,divorced/separated
... < 0 DM,21,delay in paying off in the past,education,5451,... < 100 DM,1 <= ... < 4 years,4,male,co-applicant,4,real estate,31,bank,own,2,unemployed / unskilled - non-resident,2,"yes, registered under customer's name",no,1,single
... < 0 DM,9,all credits at this bank paid back duly,car (new),594,unknown / no savings account,unemployed,4,male,co-applicant,2,"car or other, not in savings account",28,none,rent,2,unskilled - resident,2,none,yes,1,single
... >= 200 DM / salary assignments for at least 1 year,25,delay in paying off in the past,repairs,2488,... < 100 DM,4 <= ... < 7 years,3,female,guarantor,4,building society savings agreement / life insurance,45,stores,own,1,management / self-employed / highly qualified employee / officer,1,none,yes,1,single
0 <= ... < 200 DM,11,no credits taken / all credits paid back duly,car (used),15383,unknown / no savings account,1 <= ... < 4 years,4,female,co-applicant,1,"car or other, not in savings account",36,none,rent,2,management / self-employed / highly qualified employee / officer,1,"yes, registered under customer's name",yes,2,divorced/separated
0 <= ... < 200 DM,4,existing credits paid back duly till now,repairs,3540,... < 100 DM,... >= 7 years,2,female,guarantor,2,"car or other, not in savings account",37,none,own,2,management / self-employed / highly qualified employee / officer,1,"yes, registered under customer's name",yes,1,divorced/separated
... < 0 DM,23,no credits taken / all credits paid back duly,others,2644,unknown / no savings account,4 <= ... < 7 years,1,male,guarantor,2,building society savings agreement / life insurance,24,stores,own,1,skilled employee / official,2,none,no,2,divorced/separated
no checking account,22,all credits at this bank paid back duly,education,1822,100 <= ... < 500 DM,unemployed,3,male,none,1,real estate,25,stores,for free,2,unskilled - resident,1,"yes, registered under customer's name",yes,1,divorced/separated
0 <= ... < 200 DM,4,all credits at this bank paid back duly,radio/television,14738,100 <= ... < 500 DM,... < 1 year,4,male,none,1,unknown / no property,39,stores,rent,4,management / self-employed / highly qualified employee / officer,1,none,yes,2,single
no checking account,31,critical account / other credits existing (not at this bank),car (used),2044,... >= 1000 DM,unemployed,3,female,guarantor,1,"car or other, not in savings account",65,stores,rent,1,skilled employee / official,1,"yes, registered under customer's name",yes,2,married/widowed
... < 0 DM,29,critical account / other credits existing (not at this bank),car (used),4941,unknown / no savings account,... < 1 year,3,male,co-applicant,2,real estate,34,none,for free,1,unemployed / unskilled - non-resident,1,none,no,2,single
0 <= ... < 200 DM,7,delay in paying off in the past,domestic appliances,3182,... < 100 DM,1 <= ... < 4 years,4,female,co-applicant,2,building society savings agreement / life insurance,38,bank,for free,1,unskilled - resident,2,"yes, registered under customer's name",yes,1,divorced/separated
no checking account,4,existing credits paid back duly till now,car (used),697,... < 100 DM,1 <= ... < 4 years,4,male,none,2,unknown / no property,22,stores,own,2,unskilled - resident,2,none,yes,1,married/widowed
0 <= ... < 200 DM,24,no credits taken / all credits paid back duly,repairs,2475,500 <= ... < 1000 DM,1 <= ... < 4 years,3,female,none,3,building society savings agreement / life insurance,28,stores,rent,1,unemployed / unskilled - non-resident,1,none,yes,2,single
no checking account,44,existing credits paid back duly till now,furniture/equipment,7579,unknown / no savings account,4 <= ... < 7 years,3,female,co-applicant,4,real estate,29,none,rent,2,skilled employee / official,1,"yes, registered under customer's name",yes,1,divorced/separated
... < 0 DM,21,critical account / other credits existing (not at this bank),radio/television,15945,unknown / no savings account,1 <= ... < 4 years,2,male,co-applicant,2,"car or other, not in savings account",26,none,own,3,unskilled - resident,1,none,yes,1,married/widowed
no checking account,21,existing credits paid back duly till now,others,2181,... < 100 DM,... < 1 year,1,male,none,2,"car or other, not in savings account",29,none,rent,1,management / self-employed / highly qualified employee / officer,2,"yes, registered under customer's name",yes,1,single
... >= 200 DM / salary assignments for at least 1 year,21,all credits at this bank paid back duly,others,3035,... < 100 DM,4 <= ... < 7 years,1,male,none,3,"car or other, not in savings account",31,none,rent,1,unemployed / unskilled - non-resident,1,"yes, registered under customer's name",no,2,single
... >= 200 DM / salary assignments for at least 1 year,6,all credits at this bank paid back duly,retraining,2106,unknown / no savings account,4 <= ... < 7 years,2,male,none,1,"car or other, not in savings account",50,none,own,2,management / self-employed / highly qualified employee / officer,2,"yes, registered under customer's name",yes,2,married/widowed
... < 0 DM,48,critical account / other credits existing (not at this bank),education,9900,500 <= ... < 1000 DM,4 <= ... < 7 years,2,female,co-applicant,2,building society savings agreement / life insurance,48,stores,for free,1,skilled employee / official,2,none,yes,1,divorced/separated
0 <= ... < 200 DM,21,delay in paying off in the past,car (new),250,100 <= ... < 500 DM,... >= 7 years,2,male,co-applicant,2,real estate,24,bank,rent,1,unemployed / unskilled - non-resident,1,none,yes,1,married/widowed
... < 0 DM,27,no credits taken / all credits paid back duly,furniture/equipment,4101,... < 100 DM,4 <= ... < 7 years,2,male,guarantor,1,real estate,31,stores,for free,4,unskilled - resident,1,"yes, registered under customer's name",yes,1,divorced/separated
... >= 200 DM / salary assignments for at least 1 year,20,existing credits paid back duly till now,radio/television,2644,100 <= ... < 500 DM,unemployed,2,female,none,2,real estate,23,stores,for free,2,unskilled - resident,2,"yes, registered under customer's name",no,1,single
0 <= ... < 200 DM,4,existing credits paid back duly till now,repairs,2083,unknown / no savings account,1 <= ... < 4 years,2,female,none,4,unknown / no property,35,bank,own,1,skilled employee / official,1,"yes, registered under customer's name",yes,2,single
0 <= ... < 200 DM,25,no credits taken / all credits paid back duly,radio/television,15945,... < 100 DM,... >= 7 years,4,female,none,3,unknown / no property,26,bank,rent,4,management / self-employed / highly qualified employee / officer,1,"yes, registered under customer's name",yes,1,single
... < 0 DM,24,no credits taken / all credits paid back duly,car (used),1347,... < 100 DM,... < 1 year,4,male,guarantor,1,real estate,24,none,for free,4,unskilled - resident,1,none,no,1,divorced/separated
no checking account,25,no credits taken / all credits paid back duly,business,539,100 <= ... < 500 DM,unemployed,1,female,guarantor,4,real estate,32,none,for free,4,unemployed / unskilled - non-resident,1,none,yes,1,married/widowed
... < 0 DM,9,existing credits paid back duly till now,furniture/equipment,7513,unknown / no savings account,unemployed,2,female,guarantor,4,real estate,57,none,for free,1,unemployed / unskilled - non-resident,2,none,no,1,married/widowed
... < 0 DM,21,no credits taken / all credits paid back duly,car (new),1810,unknown / no savings account,unemployed,4,female,guarantor,4,building society savings agreement / life insurance,23,none,own,1,skilled employee / official,2,"yes, registered under customer's name",yes,1,married/widowed
0 <= ... < 200 DM,27,critical account / other credits existing (not at this bank),business,3589,... < 100 DM,unemployed,3,male,none,2,unknown / no property,33,stores,rent,1,skilled employee / official,1,"yes, registered under customer's name",yes,2,divorced/separated
... >= 200 DM / salary assignments for at least 1 year,43,existing credits paid back duly till now,car (used),10032,unknown / no savings account,... >= 7 years,4,male,co-applicant,2,"car or other, not in savings account",57,bank,own,1,unskilled - resident,1,none,yes,1,divorced/separated
no checking account,27,existing credits paid back duly till now,car (used),531,... < 100 DM,... >= 7 years,3,female,guarantor,2,"car or other, not in savings account",61,stores,rent,1,skilled employee / official,1,none,yes,1,married/widowed
0 <= ... < 200 DM,11,existing credits paid back duly till now,domestic appliances,5819,500 <= ... < 1000 DM,unemployed,1,male,guarantor,4,"car or other, not in savings account",65,bank,own,1,unskilled - resident,1,"yes, registered under customer's name",no,1,married/widowed
no checking account,26,no credits taken / all credits paid back duly,radio/television,2982,... >= 1000 DM,1 <= ... < 4 years,4,male,co-applicant,2,"car or other, not in savings account",52,stores,rent,1,management / self-employed / highly qualified employee / officer,2,"yes, registered under customer's name",yes,1,single
0 <= ... < 200 DM,21,no credits taken / all credits paid back duly,education,5398,100 <= ... < 500 DM,... >= 7 years,2,male,none,4,unknown / no property,48,none,own,2,unskilled - resident,1,"yes, registered under customer's name",yes,1,divorced/separated
no checking account,10,existing credits paid back duly till now,repairs,15668,unknown / no savings account,... < 1 year,4,male,guarantor,2,real estate,21,bank,for free,4,unemployed / unskilled - non-resident,2,none,yes,2,divorced/separated
no checking account,37,all credits at this bank paid back duly,education,6381,... >= 1000 DM,1 <= ... < 4 years,3,male,co-applicant,2,real estate,52,none,rent,1,unemployed / unskilled - non-resident,1,none,yes,2,divorced/separated
no checking account,34,no credits taken / all credits paid back duly,repairs,3053,100 <= ... < 500 DM,... >= 7 years,4,female,guarantor,4,unknown / no property,25,none,for free,4,skilled employee / official,2,none,yes,1,divorced/separated
... < 0 DM,34,critical account / other credits existing (not at this bank),radio/television,250,100 <= ... < 500 DM,... < 1 year,3,male,none,1,unknown / no property,33,none,own,2,skilled employee / official,1,"yes, registered under customer's name",yes,1,divorced/separated
0 <= ... < 200 DM,6,existing credits paid back duly till now,business,5309,... < 100 DM,1 <= ... < 4 years,1,male,guarantor,4,"car or other, not in savings account",22,none,rent,2,unemployed / unskilled - non-resident,1,"yes, registered under customer's name",no,2,single
... < 0 DM,24,existing credits paid back duly till now,furniture/equipment,710,unknown / no savings account,unemployed,1,female,none,3,unknown / no property,29,none,rent,1,skilled employee / official,2,"yes, registered under customer's name",yes,2,married/widowed
0 <= ... < 200 DM,26,existing credits paid back duly till now,furniture/equipment,1035,... < 100 DM,1 <= ... < 4 years,2,male,co-applicant,4,real estate,22,stores,for free,2,unskilled - resident,2,none,yes,2,divorced/separated
... >= 200 DM / salary assignments for at least 1 year,5,existing credits paid back duly till now,business,1363,... < 100 DM,... >= 7 years,3,male,none,2,real estate,29,stores,rent,2,unskilled - resident,1,"yes, registered under customer's name",yes,1,married/widowed
0 <= ... < 200 DM,20,delay in paying off in the past,others,8566,unknown / no savings account,4 <= ... < 7 years,3,female,co-applicant,4,real estate,22,bank,rent,2,skilled employee / official,1,none,no,1,divorced/separated
... < 0 DM,16,all credits at this bank paid back duly,radio/television,5958,... < 100 DM,4 <= ... < 7 years,1,female,none,3,"car or other, not in savings account",43,bank,for free,1,management / self-employed / highly qualified employee / officer,1,"yes, registered under customer's name",no,2,married/widowed
no checking account,59,existing credits paid back duly till now,car (new),15945,100 <= ... < 500 DM,unemployed,1,male,co-applicant,2,real estate,29,bank,own,2,management / self-employed / highly qualified employee / officer,1,"yes, registered under customer's name",yes,1,divorced/separated
no checking account,21,delay in paying off in the past,repairs,4754,... < 100 DM,... < 1 year,2,male,none,1,"car or other, not in savings account",43,bank,rent,2,unskilled - resident,2,none,no,1,divorced/separated
... >= 200 DM / salary assignments for at least 1 year,48,existing credits paid back duly till now,car (used),10910,... < 100 DM,4 <= ... < 7 years,4,male,co-applicant,4,unknown / no property,41,stores,own,2,management / self-employed / highly qualified employee / officer,1,"yes, registered under customer's name",yes,1,divorced/separated
... < 0 DM,21,no credits taken / all credits paid back duly,repairs,250,unknown / no savings account,... >= 7 years,2,female,guarantor,3,real estate,41,bank,for free,1,unemployed / unskilled - non-resident,1,"yes, registered under customer's name",yes,2,divorced/separated
... < 0 DM,23,existing credits paid back duly till now,car (new),1047,... < 100 DM,4 <= ... < 7 years,2,male,none,2,real estate,24,bank,for free,1,unskilled - resident,1,none,yes,1,single
... < 0 DM,21,critical account / other credits existing (not at this bank),others,13095,... < 100 DM,unemployed,2,female,co-applicant,1,real estate,53,stores,rent,2,unemployed / unskilled - non-resident,1,"yes, registered under customer's name",yes,1,divorced/separated
... < 0 DM,18,delay in paying off in the past,education,3063,... < 100 DM,... >= 7 years,2,female,guarantor,1,"car or other, not in savings account",19,stores,rent,4,unemployed / unskilled - non-resident,2,"yes, registered under customer's name",yes,2,divorced/separated
... >= 200 DM / salary assignments for at least 1 year,26,all credits at this bank paid back duly,furniture/equipment,2042,unknown / no savings account,unemployed,3,male,none,1,real estate,32,stores,own,4,unskilled - resident,1,none,yes,2,married/widowed
0 <= ... < 200 DM,24,delay in paying off in the past,others,13307,... >= 1000 DM,... >= 7 years,2,male,none,3,"car or other, not in savings account",36,none,rent,3,management / self-employed / highly qualified employee / officer,1,none,yes,1,divorced/separated
0 <= ... < 200 DM,32,critical account / other credits existing (not at this bank),repairs,2645,... >= 1000 DM,... >= 7 years,4,female,guarantor,2,building society savings agreement / life insurance,35,stores,own,1,unemployed / unskilled - non-resident,2,none,yes,2,divorced/separated
... >= 200 DM / salary assignments for at least 1 year,22,no credits taken / all credits paid back duly,domestic appliances,2734,100 <= ... < 500 DM,... < 1 year,2,female,guarantor,4,"car or other, not in savings account",24,stores,own,1,management / self-employed / highly qualified employee / officer,1,"yes, registered under customer's name",no,2,divorced/separated
no checking account,23,delay in paying off in the past,education,1269,100 <= ... < 500 DM,unemployed,2,female,co-applicant,4,unknown / no property,50,bank,own,2,unskilled - resident,2,none,yes,2,divorced/separated
... >= 200 DM / salary assignments for at least 1 year,12,existing credits paid back duly till now,business,250,100 <= ... < 500 DM,1 <= ... < 4 years,4,male,none,4,unknown / no property,75,bank,own,1,unskilled - resident,1,none,no,2,single
0 <= ... < 200 DM,18,delay in paying off in the past,others,1711,... < 100 DM,... >= 7 years,4,male,co-applicant,2,"car or other, not in savings account",66,bank,own,1,unemployed / unskilled - non-resident,2,none,yes,2,single
0 <= ... < 200 DM,4,existing credits paid back duly till now,furniture/equipment,4787,100 <= ... < 500 DM,1 <= ... < 4 years,4,male,co-applicant,4,real estate,30,stores,rent,2,skilled employee / official,1,none,yes,2,single
0 <= ... < 200 DM,14,no credits taken / all credits paid back duly,car (used),2378,unknown / no savings account,unemployed,1,female,guarantor,2,real estate,38,stores,own,1,management / self-employed / highly qualified employee / officer,2,none,yes,1,divorced/separated
0 <= ... < 200 DM,15,critical account / other credits existing (not at this bank),car (new),1534,500 <= ... < 1000 DM,4 <= ... < 7 years,3,male,co-applicant,2,"car or other, not in savings account",25,bank,own,1,management / self-employed / highly qualified employee / officer,2,none,yes,1,single
no checking account,35,critical account / other credits existing (not at this bank),others,8619,unknown / no savings account,... >= 7 years,2,male,none,2,building society savings agreement / life insurance,31,none,own,4,skilled employee / official,2,"yes, registered under customer's name",yes,1,single
no checking account,17,all credits at this bank paid back duly,retraining,4444,... < 100 DM,1 <= ... < 4 years,1,male,none,1,"car or other, not in savings account",21,none,for free,1,skilled employee / official,2,none,no,1,single
... < 0 DM,41,all credits at this bank paid back duly,retraining,4380,... < 100 DM,4 <= ... < 7 years,2,male,none,1,unknown / no property,44,stores,for free,1,management / self-employed / highly qualified employee / officer,1,none,yes,1,married/widowed
0 <= ... < 200 DM,9,existing credits paid back duly till now,others,5881,500 <= ... < 1000 DM,unemployed,4,male,guarantor,1,building society savings agreement / life insurance,34,none,own,2,unskilled - resident,1,"yes, registered under customer's name",yes,1,divorced/separated
0 <= ... < 200 DM,21,no credits taken / all credits paid back duly,repairs,1852,... < 100 DM,... < 1 year,4,female,co-applicant,2,unknown / no property,43,bank,own,4,skilled employee / official,1,none,no,1,divorced/separated
no checking account,25,all credits at this bank paid back duly,business,3155,unknown / no savings account,... >= 7 years,3,male,none,4,real estate,40,bank,own,4,skilled employee / official,1,"yes, registered under customer's name",yes,1,divorced/separated
... >= 200 DM / salary assignments for at least 1 year,12,all credits at this bank paid back duly,retraining,10242,unknown / no savings account,... >= 7 years,2,female,none,2,building society savings agreement / life insurance,25,none,rent,1,unskilled - resident,2,"yes, registered under customer's name",yes,2,divorced/separated
... < 0 DM,25,existing credits paid back duly till now,radio/television,1997,500 <= ... < 1000 DM,... < 1 year,4,female,guarantor,3,unknown / no property,25,none,for free,3,skilled employee / official,2,"yes, registered under customer's name",yes,1,single
... >= 200 DM / salary assignments for at least 1 year,4,existing credits paid back duly till now,others,15945,500 <= ... < 1000 DM,... >= 7 years,4,male,none,4,unknown / no property,41,bank,own,2,management / self-employed / highly qualified employee / officer,1,"yes, registered under customer's name",yes,2,divorced/separated
... >= 200 DM / salary assignments for at least 1 year,25,delay in paying off in the past,domestic appliances,1235,... < 100 DM,4 <= ... < 7 years,1,female,none,3,unknown / no property,33,none,for free,2,unemployed / unskilled - non-resident,2,none,yes,2,single
0 <= ... < 200 DM,18,existing credits paid back duly till now,car (used),1181,unknown / no savings account,unemployed,1,male,guarantor,2,unknown / no property,35,stores,rent,1,unemployed / unskilled - non-resident,1,"yes, registered under customer's name",no,2,married/widowed
no checking account,4,all credits at this bank paid back duly,furniture/equipment,1880,unknown / no savings account,1 <= ... < 4 years,2,male,none,4,unknown / no property,56,none,own,1,unemployed / unskilled - non-resident,1,none,yes,1,single
... >= 200 DM / salary assignments for at least 1 year,8,delay in paying off in the past,radio/television,11604,500 <= ... < 1000 DM,4 <= ... < 7 years,4,male,guarantor,1,"car or other, not in savings account",29,none,rent,2,unemployed / unskilled - non-resident,1,none,yes,2,single
no checking account,22,critical account / other credits existing (not at this bank),business,1978,... >= 1000 DM,unemployed,2,male,co-applicant,2,real estate,20,none,for free,1,skilled employee / official,1,"yes, registered under customer's name",yes,1,single
... < 0 DM,19,critical account / other credits existing (not at this bank),furniture/equipment,15945,100 <= ... < 500 DM,... < 1 year,3,female,co-applicant,1,unknown / no property,28,stores,rent,2,management / self-employed / highly qualified employee / officer,2,none,yes,2,single
... < 0 DM,27,existing credits paid back duly till now,furniture/equipment,2361,... >= 1000 DM,1 <= ... < 4 years,4,female,co-applicant,3,building society savings agreement / life insurance,31,bank,for free,2,skilled employee / official,1,"yes, registered under customer's name",yes,1,single
no checking account,23,no credits taken / all credits paid back duly,retraining,3518,... < 100 DM,unemployed,3,female,co-applicant,4,unknown / no property,26,none,rent,1,unskilled - resident,2,none,no,1,single
0 <= ... < 200 DM,4,all credits at this bank paid back duly,repairs,1236,... >= 1000 DM,4 <= ... < 7 years,4,female,co-applicant,1,"car or other, not in savings account",24,none,for free,1,management / self-employed / highly qualified employee / officer,1,"yes, registered under customer's name",yes,1,divorced/separated
0 <= ... < 200 DM,12,all credits at this bank paid back duly,car (used),771,... < 100 DM,1 <= ... < 4 years,4,male,none,1,real estate,71,none,for free,2,unemployed / unskilled - non-resident,2,"yes, registered under customer's name",yes,1,married/widowed
0 <= ... < 200 DM,22,no credits taken / all credits paid back duly,repairs,354,100 <= ... < 500 DM,unemployed,4,male,guarantor,4,real estate,21,none,own,1,management / self-employed / highly qualified employee / officer,2,none,yes,2,single
no checking account,19,delay in paying off in the past,others,2982,... < 100 DM,4 <= ... < 7 years,2,male,none,2,unknown / no property,53,none,rent,1,management / self-employed / highly qualified employee / officer,1,"yes, registered under customer's name",yes,1,single
... < 0 DM,17,existing credits paid back duly till now,car (new),2709,... < 100 DM,unemployed,1,male,co-applicant,2,unknown / no property,53,none,for free,2,unemployed / unskilled - non-resident,2,none,yes,1,single
0 <= ... < 200 DM,42,all credits at this bank paid back duly,radio/television,1373,100 <= ... < 500 DM,unemployed,4,male,none,2,unknown / no property,60,bank,own,2,management / self-employed / highly qualified employee / officer,1,none,no,1,single
... >= 200 DM / salary assignments for at least 1 year,14,critical account / other credits existing (not at this bank),business,9657,500 <= ... < 1000 DM,... >= 7 years,4,male,guarantor,3,"car or other, not in savings account",28,bank,for free,2,unskilled - resident,1,"yes, registered under customer's name",yes,1,divorced/separated
no checking account,6,all credits at this bank paid back duly,retraining,4568,unknown / no savings account,... < 1 year,4,male,guarantor,1,real estate,19,bank,own,2,management / self-employed / highly qualified employee / officer,1,"yes, registered under customer's name",yes,1,single
0 <= ... < 200 DM,22,no credits taken / all credits paid back duly,car (used),1410,500 <= ... < 1000 DM,1 <= ... < 4 years,4,male,guarantor,4,unknown / no property,45,bank,own,2,unemployed / unskilled - non-resident,1,"yes, registered under customer's name",yes,2,divorced/separated
... < 0 DM,21,all credits at this bank paid back duly,car (used),1262,500 <= ... < 1000 DM,unemployed,4,male,co-applicant,1,building society savings agreement / life insurance,26,none,own,1,skilled employee / official,1,"yes, registered under customer's name",no,1,single
no checking account,24,no credits taken / all credits paid back duly,furniture/equipment,4015,unknown / no savings account,unemployed,4,female,guarantor,4,building society savings agreement / life insurance,19,bank,for free,2,skilled employee / official,1,none,yes,2,single
... >= 200 DM / salary assignments for at least 1 year,40,existing credits paid back duly till now,domestic appliances,1430,unknown / no savings account,... < 1 year,4,female,none,3,unknown / no property,45,none,rent,2,unemployed / unskilled - non-resident,1,"yes, registered under customer's name",yes,2,single
... < 0 DM,4,all credits at this bank paid back duly,radio/television,2692,500 <= ... < 1000 DM,... < 1 year,3,male,co-applicant,3,unknown / no property,19,stores,for free,1,unemployed / unskilled - non-resident,2,none,yes,2,married/widowed
no checking account,60,no credits taken / all credits paid back duly,radio/television,3564,... >= 1000 DM,unemployed,3,female,co-applicant,4,unknown / no property,61,none,own,2,unskilled - resident,1,"yes, registered under customer's name",no,2,divorced/separated
... < 0 DM,36,delay in paying off in the past,car (used),11261,100 <= ... < 500 DM,1 <= ... < 4 years,4,male,co-applicant,2,"car or other, not in savings account",32,none,own,1,skilled employee / official,1,none,yes,2,married/widowed
0 <= ... < 200 DM,9,no credits taken / all credits paid back duly,car (new),1361,unknown / no savings account,... < 1 year,1,male,guarantor,4,building society savings agreement / life insurance,45,none,rent,2,skilled employee / official,1,none,yes,1,single
no checking account,16,existing credits paid back duly till now,business,1416,500 <= ... < 1000 DM,... >= 7 years,4,male,none,2,unknown / no property,19,bank,rent,4,unskilled - resident,1,"yes, registered under customer's name",no,2,single
... >= 200 DM / salary assignments for at least 1 year,20,critical account / other credits existing (not at this bank),others,1751,... < 100 DM,1 <= ... < 4 years,1,female,co-applicant,4,real estate,25,stores,rent,1,unskilled - resident,1,"yes, registered under customer's name",yes,1,divorced/separated
... >= 200 DM / salary assignments for at least 1 year,21,critical account / other credits existing (not at this bank),others,250,... < 100 DM,1 <= ... < 4 years,4,male,none,4,real estate,60,none,own,1,skilled employee / official,1,none,yes,2,divorced/separated
0 <= ... < 200 DM,42,all credits at this bank paid back duly,repairs,9410,unknown / no savings account,... < 1 year,4,male,none,4,unknown / no property,32,stores,for free,1,unskilled - resident,1,"yes, registered under customer's name",yes,2,divorced/separated
... >= 200 DM / salary assignments for at least 1 year,21,critical account / other credits existing (not at this bank),repairs,2961,unknown / no savings account,4 <= ... < 7 years,2,male,none,1,"car or other, not in savings account",42,none,rent,2,unskilled - resident,1,"yes, registered under customer's name",no,1,single
no checking account,19,delay in paying off in the past,radio/television,15945,100 <= ... < 500 DM,... < 1 year,4,female,co-applicant,4,building society savings agreement / life insurance,60,stores,rent,1,unskilled - resident,1,none,yes,1,single
0 <= ... < 200 DM,28,no credits taken / all credits paid back duly,business,15457,100 <= ... < 500 DM,unemployed,3,male,guarantor,4,building society savings agreement / life insurance,42,none,own,1,skilled employee / official,2,"yes, registered under customer's name",yes,2,divorced/separated
no checking account,4,critical account / other credits existing (not at this bank),car (new),2382,... < 100 DM,... < 1 year,4,male,co-applicant,3,real estate,49,stores,rent,1,management / self-employed / highly qualified employee / officer,1,none,yes,1,divorced/separated
... < 0 DM,22,critical account / other credits existing (not at this bank),repairs,5481,... >= 1000 DM,... >= 7 years,4,male,co-applicant,2,"car or other, not in savings account",36,bank,rent,2,unemployed / unskilled - non-resident,1,"yes, registered under customer's name",no,2,single
no checking account,26,delay in paying off in the past,car (new),8705,500 <= ... < 1000 DM,1 <= ... < 4 years,3,male,guarantor,4,real estate,37,bank,rent,2,skilled employee / official,1,"yes, registered under customer's name",no,2,married/widowed
... < 0 DM,15,existing credits paid back duly till now,others,1077,... < 100 DM,1 <= ... < 4 years,2,male,guarantor,2,"car or other, not in savings account",38,none,rent,1,unskilled - resident,2,"yes, registered under customer's name",yes,1,single
... >= 200 DM / salary assignments for at least 1 year,23,existing credits paid back duly till now,furniture/equipment,3232,unknown / no savings account,4 <= ... < 7 years,2,female,co-applicant,3,building society savings agreement / life insurance,28,none,rent,2,skilled employee / official,1,none,no,1,single
0 <= ... < 200 DM,23,all credits at this bank paid back duly,furniture/equipment,1382,... >= 1000 DM,... < 1 year,4,male,guarantor,4,"car or other, not in savings account",28,stores,for free,2,skilled employee / official,1,"yes, registered under customer's name",no,2,single
... >= 200 DM / salary assignments for at least 1 year,50,no credits taken / all credits paid back duly,domestic appliances,3109,... >= 1000 DM,unemployed,3,male,co-applicant,3,real estate,48,bank,own,1,skilled employee / official,1,"yes, registered under customer's name",no,2,divorced/separated
no checking account,23,delay in paying off in the past,car (new),2736,unknown / no savings account,... >= 7 years,2,male,none,3,unknown / no property,28,bank,for free,2,unskilled - resident,1,none,yes,2,single
0 <= ... < 200 DM,4,delay in paying off in the past,retraining,11304,100 <= ... < 500 DM,... < 1 year,3,female,none,1,"car or other, not in savings account",19,stores,for free,1,management / self-employed / highly qualified employee / officer,1,"yes, registered under customer's name",yes,1,divorced/separated
... < 0 DM,7,existing credits paid back duly till now,car (new),13444,unknown / no savings account,... >= 7 years,4,male,none,1,"car or other, not in savings account",19,none,own,1,management / self-employed / highly qualified employee / officer,1,"yes, registered under customer's name",yes,2,single
0 <= ... < 200 DM,19,all credits at this bank paid back duly,furniture/equipment,1504,... < 100 DM,... < 1 year,1,male,co-applicant,4,"car or other, not in savings account",23,stores,own,4,management / self-employed / highly qualified employee / officer,1,none,yes,1,married/widowed
0 <= ... < 200 DM,24,existing credits paid back duly till now,domestic appliances,8849,100 <= ... < 500 DM,... >= 7 years,4,female,co-applicant,2,"car or other, not in savings account",47,none,own,1,management / self-employed / highly qualified employee / officer,1,none,no,1,single
... < 0 DM,14,no credits taken / all credits paid back duly,retraining,3109,100 <= ... < 500 DM,1 <= ... < 4 years,1,female,none,4,unknown / no property,59,bank,for free,2,unemployed / unskilled - non-resident,1,"yes, registered under customer's name",no,2,married/widowed
0 <= ... < 200 DM,12,delay in paying off in the past,education,2728,100 <= ... < 500 DM,unemployed,2,female,guarantor,4,unknown / no property,56,bank,own,2,unemployed / unskilled - non-resident,2,none,yes,1,single
... < 0 DM,24,existing credits paid back duly till now,others,1950,... >= 1000 DM,... < 1 year,2,male,co-applicant,1,unknown / no property,42,none,rent,1,skilled employee / official,1,"yes, registered under customer's name",no,2,divorced/separated
0 <= ... < 200 DM,17,delay in paying off in the past,furniture/equipment,3456,... < 100 DM,1 <= ... < 4 years,1,male,guarantor,2,"car or other, not in savings account",46,none,for free,1,management / self-employed / highly qualified employee / officer,2,"yes, registered under customer's name",yes,1,married/widowed
no checking account,8,existing credits paid back duly till now,car (used),1494,... < 100 DM,1 <= ... < 4 years,1,female,none,1,unknown / no property,50,stores,for free,1,skilled employee / official,2,none,yes,2,divorced/separated
... < 0 DM,36,all credits at this bank paid back duly,education,12798,unknown / no savings account,1 <= ... < 4 years,4,male,none,2,unknown / no property,55,none,own,2,management / self-employed / highly qualified employee / officer,1,none,no,2,divorced/separated
... >= 200 DM / salary assignments for at least 1 year,21,all credits at this bank paid back duly,education,5479,... < 100 DM,unemployed,3,male,none,1,building society savings agreement / life insurance,31,stores,own,2,unskilled - resident,1,none,no,1,divorced/separated
... >= 200 DM / salary assignments for at least 1 year,41,critical account / other credits existing (not at this bank),education,8794,... < 100 DM,1 <= ... < 4 years,3,female,guarantor,2,real estate,43,stores,own,1,skilled employee / official,1,none,yes,2,divorced/separated
0 <= ... < 200 DM,22,delay in paying off in the past,business,2812,... < 100 DM,4 <= ... < 7 years,3,male,guarantor,1,building society savings agreement / life insurance,47,stores,own,2,unemployed / unskilled - non-resident,1,none,no,2,single
... >= 200 DM / salary assignments for at least 1 year,20,existing credits paid back duly till now,education,8159,100 <= ... < 500 DM,1 <= ... < 4 years,4,male,co-applicant,2,unknown / no property,19,bank,rent,2,unskilled - resident,1,"yes, registered under customer's name",yes,1,divorced/separated
... >= 200 DM / salary assignments for at least 1 year,27,delay in paying off in the past,business,3481,... >= 1000 DM,4 <= ... < 7 years,4,male,none,3,unknown / no property,34,none,for free,1,skilled employee / official,2,"yes, registered under customer's name",yes,1,married/widowed
0 <= ... < 200 DM,4,delay in paying off in the past,domestic appliances,1828,unknown / no savings account,1 <= ... < 4 years,2,female,none,2,building society savings agreement / life insurance,23,bank,own,1,unskilled - resident,1,none,yes,1,married/widowed
0 <= ... < 200 DM,27,critical account / other credits existing (not at this bank),car (used),3913,unknown / no savings account,1 <= ... < 4 years,2,male,guarantor,1,unknown / no property,29,bank,own,4,skilled employee / official,1,none,no,1,divorced/separated
0 <= ... < 200 DM,19,delay in paying off in the past,education,1343,... >= 1000 DM,1 <= ... < 4 years,4,female,none,2,"car or other, not in savings account",26,none,rent,1,management / self-employed / highly qualified employee / officer,1,none,yes,1,divorced/separated
no checking account,5,critical account / other credits existing (not at this bank),business,250,... < 100 DM,4 <= ... < 7 years,4,male,guarantor,1,unknown / no property,19,none,rent,2,skilled employee / official,1,"yes, registered under customer's name",yes,1,married/widowed
no checking account,8,all credits at this bank paid back duly,retraining,2260,... >= 1000 DM,1 <= ... < 4 years,2,male,guarantor,4,unknown / no property,28,none,rent,1,management / self-employed / highly qualified employee / officer,2,"yes, registered under customer's name",no,1,married/widowed
0 <= ... < 200 DM,7,all credits at this bank paid back duly,business,12270,100 <= ... < 500 DM,... < 1 year,1,male,guarantor,4,"car or other, not in savings account",19,none,rent,4,management / self-employed / highly qualified employee / officer,1,none,no,1,single
... >= 200 DM / salary assignments for at least 1 year,23,no credits taken / all credits paid back duly,business,10455,unknown / no savings account,4 <= ... < 7 years,4,female,co-applicant,3,unknown / no property,19,bank,own,1,unskilled - resident,2,"yes, registered under customer's name",yes,2,single
... < 0 DM,37,existing credits paid back duly till now,retraining,3055,500 <= ... < 1000 DM,unemployed,2,female,none,3,building society savings agreement / life insurance,32,bank,for free,2,skilled employee / official,1,none,no,1,divorced/separated
0 <= ... < 200 DM,23,existing credits paid back duly till now,furniture/equipment,8032,100 <= ... < 500 DM,... >= 7 years,4,male,guarantor,2,"car or other, not in savings account",50,bank,own,1,unskilled - resident,1,"yes, registered under customer's name",yes,1,married/widowed
... < 0 DM,19,existing credits paid back duly till now,retraining,1910,... >= 1000 DM,unemployed,3,male,guarantor,1,"car or other, not in savings account",36,none,rent,2,unskilled - resident,2,none,yes,1,single
0 <= ... < 200 DM,6,existing credits paid back duly till now,furniture/equipment,8665,unknown / no savings account,... >= 7 years,4,female,guarantor,2,real estate,33,stores,own,2,management / self-employed / highly qualified employee / officer,1,"yes, registered under customer's name",yes,1,divorced/separated
0 <= ... < 200 DM,28,all credits at this bank paid back duly,retraining,15945,... >= 1000 DM,... >= 7 years,4,female,none,3,real estate,19,none,for free,1,management / self-employed / highly qualified employee / officer,1,none,yes,1,divorced/separated
... >= 200 DM / salary assignments for at least 1 year,18,all credits at this bank paid back duly,furniture/equipment,15714,500 <= ... < 1000 DM,... >= 7 years,1,female,guarantor,4,real estate,54,none,own,2,unskilled - resident,2,none,yes,1,divorced/separated
... < 0 DM,11,critical account / other credits existing (not at this bank),car (new),7025,100 <= ... < 500 DM,... < 1 year,1,female,none,4,unknown / no property,27,bank,own,2,skilled employee / official,1,none,no,2,divorced/separated
no checking account,20,all credits at this bank paid back duly,business,2644,... < 100 DM,4 <= ... < 7 years,2,female,none,1,real estate,23,none,own,4,unskilled - resident,1,none,no,1,married/widowed
no checking account,8,all credits at this bank paid back duly,radio/television,5402,100 <= ... < 500 DM,... >= 7 years,3,male,guarantor,4,"car or other, not in savings account",38,bank,own,2,unskilled - resident,2,"yes, registered under customer's name",yes,1,divorced/separated
... < 0 DM,16,all credits at this bank paid back duly,education,1352,... < 100 DM,... >= 7 years,2,female,co-applicant,4,building society savings agreement / life insurance,19,none,own,4,skilled employee / official,2,none,yes,2,single
0 <= ... < 200 DM,11,existing credits paid back duly till now,furniture/equipment,2445,500 <= ... < 1000 DM,4 <= ... < 7 years,2,male,none,1,unknown / no property,20,none,rent,1,management / self-employed / highly qualified employee / officer,1,none,yes,2,divorced/separated
... >= 200 DM / salary assignments for at least 1 year,17,existing credits paid back duly till now,domestic appliances,10377,100 <= ... < 500 DM,... >= 7 years,3,female,co-applicant,1,unknown / no property,22,bank,for free,1,skilled employee / official,2,"yes, registered under customer's name",yes,2,divorced/separated
... < 0 DM,26,no credits taken / all credits paid back duly,car (used),1739,... < 100 DM,unemployed,1,male,guarantor,4,unknown / no property,53,none,for free,3,unemployed / unskilled - non-resident,1,"yes, registered under customer's name",no,2,divorced/separated
no checking account,6,no credits taken / all credits paid back duly,car (used),11008,... < 100 DM,... >= 7 years,4,male,none,4,"car or other, not in savings account",29,none,rent,1,skilled employee / official,2,none,no,1,married/widowed
... < 0 DM,16,existing credits paid back duly till now,car (new),2019,unknown / no savings account,... < 1 year,1,male,none,4,"car or other, not in savings account",43,none,own,2,skilled employee / official,1,none,no,1,single
0 <= ... < 200 DM,4,all credits at this bank paid back duly,domestic appliances,5785,... >= 1000 DM,... < 1 year,2,male,none,3,"car or other, not in savings account",27,stores,own,2,skilled employee / official,2,"yes, registered under customer's name",no,2,divorced/separated
... >= 200 DM / salary assignments for at least 1 year,26,existing credits paid back duly till now,retraining,3786,500 <= ... < 1000 DM,... >= 7 years,3,female,none,3,"car or other, not in savings account",28,stores,own,2,unskilled - resident,1,"yes, registered under customer's name",yes,2,divorced/separated
no checking account,4,existing credits paid back duly till now,education,2977,100 <= ... < 500 DM,... >= 7 years,2,male,co-applicant,2,real estate,24,stores,rent,1,management / self-employed / highly qualified employee / officer,1,"yes, registered under customer's name",no,1,married/widowed
... >= 200 DM / salary assignments for at least 1 year,23,all credits at this bank paid back duly,retraining,981,... >= 1000 DM,4 <= ... < 7 years,4,female,co-applicant,1,"car or other, not in savings account",54,none,for free,2,unskilled - resident,1,"yes, registered under customer's name",yes,2,married/widowed
0 <= ... < 200 DM,13,existing credits paid back duly till now,education,4377,... < 100 DM,unemployed,2,female,co-applicant,3,real estate,29,none,rent,2,unskilled - resident,2,none,no,2,single
... >= 200 DM / salary assignments for at least 1 year,6,critical account / other credits existing (not at this bank),business,3600,... < 100 DM,1 <= ... < 4 years,2,female,none,1,building society savings agreement / life insurance,47,bank,own,2,skilled employee / official,2,"yes, registered under customer's name",no,2,single
... >= 200 DM / salary assignments for at least 1 year,25,no credits taken / all credits paid back duly,radio/television,1360,... < 100 DM,... < 1 year,1,male,guarantor,2,unknown / no property,30,bank,rent,1,unskilled - resident,1,"yes, registered under customer's name",yes,2,married/widowed
0 <= ... < 200 DM,23,all credits at this bank paid back duly,radio/television,3749,500 <= ... < 1000 DM,... >= 7 years,1,male,none,3,unknown / no property,23,none,own,1,skilled employee / official,1,none,yes,2,married/widowed
... >= 200 DM / salary assignments for at least 1 year,20,all credits at this bank paid back duly,retraining,2225,unknown / no savings account,... < 1 year,4,female,guarantor,4,"car or other, not in savings account",23,stores,for free,1,unskilled - resident,1,"yes, registered under customer's name",yes,1,single
... >= 200 DM / salary assignments for at least 1 year,4,delay in paying off in the past,furniture/equipment,6304,... < 100 DM,... >= 7 years,1,male,none,3,real estate,22,none,own,1,management / self-employed / highly qualified employee / officer,1,"yes, registered under customer's name",no,2,divorced/separated
0 <= ... < 200 DM,22,delay in paying off in the past,domestic appliances,2225,unknown / no savings account,1 <= ... < 4 years,3,male,none,4,building society savings agreement / life insurance,39,bank,rent,2,management / self-employed / highly qualified employee / officer,1,none,no,1,divorced/separated
... < 0 DM,20,delay in paying off in the past,furniture/equipment,2186,unknown / no savings account,... < 1 year,4,male,none,1,building society savings agreement / life insurance,26,bank,own,2,management / self-employed / highly qualified employee / officer,1,"yes, registered under customer's name",no,1,single
... < 0 DM,22,critical account / other credits existing (not at this bank),radio/television,8076,unknown / no savings account,... >= 7 years,4,male,co-applicant,2,unknown / no property,27,bank,rent,2,unemployed / unskilled - non-resident,2,none,yes,2,single
no checking account,28,critical account / other credits existing (not at this bank),others,2547,500 <= ... < 1000 DM,... < 1 year,4,male,none,3,building society savings agreement / life insurance,23,none,for free,2,management / self-employed / highly qualified employee / officer,2,none,no,1,married/widowed
... < 0 DM,17,existing credits paid back duly till now,repairs,2980,500 <= ... < 1000 DM,... >= 7 years,2,male,none,4,unknown / no property,51,none,own,2,unskilled - resident,1,none,yes,1,married/widowed
... >= 200 DM / salary assignments for at least 1 year,28,existing credits paid back duly till now,furniture/equipment,2716,unknown / no savings account,... >= 7 years,1,male,co-applicant,1,unknown / no property,32,none,own,2,unskilled - resident,2,"yes, registered under customer's name",yes,1,married/widowed
... < 0 DM,5,all credits at this bank paid back duly,car (new),2016,100 <= ... < 500 DM,1 <= ... < 4 years,4,female,co-applicant,1,building society savings agreement / life insurance,24,bank,own,2,unemployed / unskilled - non-resident,2,"yes, registered under customer's name",yes,1,married/widowed
no checking account,8,critical account / other credits existing (not at this bank),domestic appliances,2086,unknown / no savings account,4 <= ... < 7 years,4,female,guarantor,2,real estate,41,stores,for free,1,unskilled - resident,1,none,yes,2,divorced/separated
0 <= ... < 200 DM,11,all credits at this bank paid back duly,business,1417,unknown / no savings account,unemployed,4,female,guarantor,2,unknown / no property,25,stores,rent,1,skilled employee / official,1,"yes, registered under customer's name",yes,2,married/widowed
no checking account,35,existing credits paid back duly till now,furniture/equipment,2151,unknown / no savings account,4 <= ... < 7 years,1,male,guarantor,4,unknown / no property,26,stores,for free,2,management / self-employed / highly qualified employee / officer,1,none,no,1,single
0 <= ... < 200 DM,6,existing credits paid back duly till now,domestic appliances,7565,... >= 1000 DM,... >= 7 years,3,male,none,4,unknown / no property,32,bank,rent,3,unemployed / unskilled - non-resident,1,"yes, registered under customer's name",no,2,divorced/separated
... >= 200 DM / salary assignments for at least 1 year,25,existing credits paid back duly till now,education,6403,unknown / no savings account,1 <= ... < 4 years,3,female,none,1,"car or other, not in savings account",44,stores,rent,1,unskilled - resident,1,none,yes,1,divorced/separated
... >= 200 DM / salary assignments for at least 1 year,7,all credits at this bank paid back duly,car (used),5705,... < 100 DM,... >= 7 years,1,female,co-applicant,3,unknown / no property,29,stores,own,2,unemployed / unskilled - non-resident,1,none,yes,2,single
... >= 200 DM / salary assignments for at least 1 year,43,existing credits paid back duly till now,furniture/equipment,1950,unknown / no savings account,1 <= ... < 4 years,1,male,none,2,unknown / no property,57,none,for free,4,unskilled - resident,1,none,yes,2,married/widowed
... < 0 DM,39,critical account / other credits existing (not at this bank),radio/television,5428,... < 100 DM,unemployed,1,male,co-applicant,1,"car or other, not in savings account",33,none,for free,3,skilled employee / official,1,"yes, registered under customer's name",yes,1,married/widowed
... < 0 DM,19,no credits taken / all credits paid back duly,repairs,4946,... >= 1000 DM,4 <= ... < 7 years,4,male,guarantor,1,building society savings agreement / life insurance,28,stores,own,4,skilled employee / official,2,none,no,1,divorced/separated
0 <= ... < 200 DM,19,all credits at this bank paid back duly,car (new),2008,unknown / no savings account,unemployed,1,male,none,2,real estate,47,none,for free,4,unskilled - resident,2,"yes, registered under customer's name",yes,2,married/widowed
0 <= ... < 200 DM,15,existing credits paid back duly till now,business,681,100 <= ... < 500 DM,... >= 7 years,2,male,none,2,"car or other, not in savings account",40,stores,own,4,skilled employee / official,2,none,no,1,divorced/separated
... < 0 DM,39,critical account / other credits existing (not at this bank),domestic appliances,7306,... < 100 DM,1 <= ... < 4 years,4,male,none,2,real estate,39,bank,own,2,skilled employee / official,1,none,yes,1,divorced/separated
0 <= ... < 200 DM,49,delay in paying off in the past,repairs,2039,... >= 1000 DM,1 <= ... < 4 years,4,female,guarantor,2,unknown / no property,30,none,own,1,management / self-employed / highly qualified employee / officer,1,"yes, registered under customer's name",yes,2,divorced/separated
0 <= ... < 200 DM,4,existing credits paid back duly till now,car (new),15945,... >= 1000 DM,unemployed,4,male,none,2,real estate,31,none,for free,1,unemployed / unskilled - non-resident,2,"yes, registered under customer's name",no,1,divorced/separated
0 <= ... < 200 DM,9,delay in paying off in the past,business,4680,unknown / no savings account,unemployed,3,female,none,2,unknown / no property,37,none,rent,2,skilled employee / official,2,"yes, registered under customer's name",yes,1,married/widowed
no checking account,7,no credits taken / all credits paid back duly,furniture/equipment,250,... < 100 DM,... >= 7 years,1,male,none,4,building society savings agreement / life insurance,21,stores,own,1,skilled employee / official,1,none,yes,2,single
no checking account,23,no credits taken / all credits paid back duly,furniture/equipment,15625,unknown / no savings account,... < 1 year,1,male,co-applicant,4,"car or other, not in savings account",47,stores,rent,1,unemployed / unskilled - non-resident,1,none,no,1,single
0 <= ... < 200 DM,26,no credits taken / all credits paid back duly,furniture/equipment,12260,unknown / no savings account,4 <= ... < 7 years,1,female,co-applicant,4,real estate,46,bank,for free,2,unskilled - resident,1,"yes, registered under customer's name",yes,1,married/widowed
... >= 200 DM / salary assignments for at least 1 year,24,existing credits paid back duly till now,business,2580,unknown / no savings account,4 <= ... < 7 years,2,male,guarantor,2,real estate,55,stores,rent,1,unskilled - resident,1,none,no,2,single
... >= 200 DM / salary assignments for at least 1 year,21,critical account / other credits existing (not at this bank),others,15945,unknown / no savings account,1 <= ... < 4 years,4,male,guarantor,2,real estate,30,none,rent,1,unemployed / unskilled - non-resident,1,"yes, registered under customer's name",yes,1,single
no checking account,41,delay in paying off in the past,domestic appliances,2581,... < 100 DM,4 <= ... < 7 years,4,male,guarantor,1,unknown / no property,19,none,for free,1,unskilled - resident,1,"yes, registered under customer's name",yes,2,divorced/separated
... >= 200 DM / salary assignments for at least 1 year,10,existing credits paid back duly till now,car (new),2442,... >= 1000 DM,unemployed,2,male,guarantor,4,real estate,26,none,own,1,skilled employee / official,2,none,yes,1,single
... >= 200 DM / salary assignments for at least 1 year,19,existing credits paid back duly till now,car (new),5718,... < 100 DM,4 <= ... < 7 years,4,male,none,4,real estate,19,bank,rent,2,skilled employee / official,1,none,yes,2,divorced/separated
0 <= ... < 200 DM,25,no credits taken / all credits paid back duly,domestic appliances,1320,unknown / no savings account,1 <= ... < 4 years,4,female,none,2,unknown / no property,59,none,rent,1,unemployed / unskilled - non-resident,1,"yes, registered under customer's name",yes,1,single
no checking account,24,no credits taken / all credits paid back duly,furniture/equipment,8543,500 <= ... < 1000 DM,... < 1 year,3,female,guarantor,4,"car or other, not in savings account",28,stores,for free,1,skilled employee / official,2,none,yes,1,divorced/separated
0 <= ... < 200 DM,22,existing credits paid back duly till now,car (new),5262,unknown / no savings account,... >= 7 years,1,male,none,4,real estate,44,none,own,4,management / self-employed / highly qualified employee / officer,2,"yes, registered under customer's name",no,2,single
0 <= ... < 200 DM,10,all credits at this bank paid back duly,radio/television,9064,100 <= ... < 500 DM,... >= 7 years,4,female,guarantor,4,unknown / no property,25,stores,for free,4,unemployed / unskilled - non-resident,1,none,yes,1,single
... < 0 DM,24,existing credits paid back duly till now,furniture/equipment,9869,... >= 1000 DM,1 <= ... < 4 years,4,female,guarantor,1,"car or other, not in savings account",24,stores,own,4,unemployed / unskilled - non-resident,2,"yes, registered under customer's name",no,1,single
... >= 200 DM / salary assignments for at least 1 year,23,existing credits paid back duly till now,education,4747,unknown / no savings account,4 <= ... < 7 years,1,male,guarantor,4,unknown / no property,51,none,rent,1,skilled employee / official,2,none,yes,2,single
0 <= ... < 200 DM,4,delay in paying off in the past,education,2276,... < 100 DM,... >= 7 years,1,male,none,1,real estate,37,stores,rent,2,skilled employee / official,1,"yes, registered under customer's name",no,1,divorced/separated
no checking account,26,delay in paying off in the past,car (used),2440,100 <= ... < 500 DM,... >= 7 years,4,female,guarantor,2,unknown / no property,32,stores,for free,1,skilled employee / official,1,"yes, registered under customer's name",yes,2,divorced/separated
0 <= ... < 200 DM,23,all credits at this bank paid back duly,car (new),15098,unknown / no savings account,... >= 7 years,1,male,co-applicant,3,"car or other, not in savings account",51,bank,for free,1,management / self-employed / highly qualified employee / officer,2,"yes, registered under customer's name",no,2,married/widowed
... >= 200 DM / salary assignments for at least 1 year,18,existing credits paid back duly till now,education,2302,unknown / no savings account,... < 1 year,4,female,none,2,"car or other, not in savings account",67,bank,own,4,skilled employee / official,2,"yes, registered under customer's name",yes,1,single
... >= 200 DM / salary assignments for at least 1 year,9,all credits at this bank paid back duly,repairs,1360,unknown / no savings account,1 <= ... < 4 years,4,male,none,4,"car or other, not in savings account",38,none,for free,2,unskilled - resident,1,none,no,2,divorced/separated
... >= 200 DM / salary assignments for at least 1 year,7,existing credits paid back duly till now,car (used),4132,100 <= ... < 500 DM,... >= 7 years,4,male,co-applicant,4,unknown / no property,35,bank,for free,1,unskilled - resident,1,none,yes,1,divorced/separated
0 <= ... < 200 DM,14,existing credits paid back duly till now,domestic appliances,11995,... < 100 DM,unemployed,2,male,none,4,building society savings agreement / life insurance,60,bank,rent,2,unemployed / unskilled - non-resident,1,"yes, registered under customer's name",no,1,divorced/separated
0 <= ... < 200 DM,38,delay in paying off in the past,education,1361,... < 100 DM,unemployed,3,female,guarantor,4,real estate,40,none,for free,4,skilled employee / official,1,"yes, registered under customer's name",yes,2,single
0 <= ... < 200 DM,56,delay in paying off in the past,radio/television,4467,... < 100 DM,... < 1 year,2,male,none,1,building society savings agreement / life insurance,67,bank,rent,2,management / self-employed / highly qualified employee / officer,1,none,yes,2,single
0 <= ... < 200 DM,26,existing credits paid back duly till now,car (used),1682,100 <= ... < 500 DM,4 <= ... < 7 years,1,male,co-applicant,1,building society savings agreement / life insurance,28,none,own,2,management / self-employed / highly qualified employee / officer,1,none,yes,2,divorced/separated
... >= 200 DM / salary assignments for at least 1 year,41,no credits taken / all credits paid back duly,domestic appliances,2528,... >= 1000 DM,unemployed,2,female,guarantor,2,real estate,27,stores,rent,1,unemployed / unskilled - non-resident,1,"yes, registered under customer's name",yes,1,divorced/separated
... >= 200 DM / salary assignments for at least 1 year,9,existing credits paid back duly till now,car (used),3033,... >= 1000 DM,4 <= ... < 7 years,1,female,none,2,real estate,68,bank,for free,1,unskilled - resident,2,none,yes,2,divorced/separated
no checking account,11,no credits taken / all credits paid back duly,furniture/equipment,2890,100 <= ... < 500 DM,1 <= ... < 4 years,4,male,none,1,real estate,75,none,for free,1,management / self-employed / highly qualified employee / officer,1,"yes, registered under customer's name",yes,1,divorced/separated
... >= 200 DM / salary assignments for at least 1 year,40,no credits taken / all credits paid back duly,education,9841,unknown / no savings account,... < 1 year,4,female,co-applicant,1,real estate,40,none,own,1,management / self-employed / highly qualified employee / officer,1,"yes, registered under customer's name",yes,2,divorced/separated
no checking account,41,no credits taken / all credits paid back duly,others,1563,100 <= ... < 500 DM,4 <= ... < 7 years,4,female,co-applicant,2,building society savings agreement / life insurance,19,bank,own,2,skilled employee / official,2,"yes, registered under customer's name",yes,1,married/widowed
0 <= ... < 200 DM,25,all credits at this bank paid back duly,others,592,... >= 1000 DM,... >= 7 years,2,male,none,3,real estate,41,bank,for free,2,management / self-employed / highly qualified employee / officer,1,none,no,2,married/widowed
... >= 200 DM / salary assignments for at least 1 year,4,existing credits paid back duly till now,furniture/equipment,2764,100 <= ... < 500 DM,... < 1 year,4,female,co-applicant,4,real estate,44,none,rent,2,management / self-employed / highly qualified employee / officer,2,none,no,1,married/widowed
... >= 200 DM / salary assignments for at least 1 year,16,existing credits paid back duly till now,domestic appliances,12268,... < 100 DM,... >= 7 years,4,male,co-applicant,2,building society savings agreement / life insurance,31,bank,own,1,management / self-employed / highly qualified employee / officer,2,none,no,1,single
... >= 200 DM / salary assignments for at least 1 year,7,existing credits paid back duly till now,repairs,1524,100 <= ... < 500 DM,1 <= ... < 4 years,3,male,co-applicant,3,building society savings agreement / life insurance,43,stores,own,1,management / self-employed / highly qualified employee / officer,2,none,yes,1,single
no checking account,4,existing credits paid back duly till now,car (used),2103,... < 100 DM,unemployed,2,female,guarantor,1,real estate,29,none,for free,3,unskilled - resident,1,"yes, registered under customer's name",yes,1,single
0 <= ... < 200 DM,22,existing credits paid back duly till now,furniture/equipment,3181,100 <= ... < 500 DM,... >= 7 years,2,female,co-applicant,1,unknown / no property,22,none,own,1,skilled employee / official,2,"yes, registered under customer's name",yes,2,divorced/separated
... >= 200 DM / salary assignments for at least 1 year,16,existing credits paid back duly till now,car (new),8574,... < 100 DM,1 <= ... < 4 years,4,male,none,1,real estate,23,none,for free,2,management / self-employed / highly qualified employee / officer,1,"yes, registered under customer's name",yes,1,married/widowed
0 <= ... < 200 DM,21,all credits at this bank paid back duly,car (new),943,500 <= ... < 1000 DM,... >= 7 years,4,male,none,1,building society savings agreement / life insurance,37,bank,for free,1,skilled employee / official,1,none,no,2,married/widowed
... >= 200 DM / salary assignments for at least 1 year,33,no credits taken / all credits paid back duly,business,15945,500 <= ... < 1000 DM,... < 1 year,4,male,guarantor,1,real estate,30,stores,rent,2,management / self-employed / highly qualified employee / officer,1,"yes, registered under customer's name",yes,1,single
no checking account,7,no credits taken / all credits paid back duly,car (used),3051,unknown / no savings account,1 <= ... < 4 years,1,female,none,2,"car or other, not in savings account",32,stores,rent,1,management / self-employed / highly qualified employee / officer,2,"yes, registered under customer's name",yes,1,married/widowed
... < 0 DM,12,no credits taken / all credits paid back duly,retraining,8046,500 <= ... < 1000 DM,... >= 7 years,2,female,co-applicant,4,building society savings agreement / life insurance,66,none,rent,2,unemployed / unskilled - non-resident,1,none,yes,2,married/widowed
... < 0 DM,20,critical account / other credits existing (not at this bank),domestic appliances,1689,100 <= ... < 500 DM,... < 1 year,2,female,guarantor,4,real estate,58,stores,rent,2,unskilled - resident,1,"yes, registered under customer's name",yes,1,single
0 <= ... < 200 DM,4,critical account / other credits existing (not at this bank),business,12697,100 <= ... < 500 DM,... < 1 year,4,male,guarantor,3,"car or other, not in savings account",53,none,rent,4,unskilled - resident,2,none,no,2,divorced/separated
0 <= ... < 200 DM,23,critical account / other credits existing (not at this bank),business,15945,100 <= ... < 500 DM,1 <= ... < 4 years,2,male,guarantor,1,"car or other, not in savings account",64,stores,for free,1,skilled employee / official,1,"yes, registered under customer's name",yes,2,divorced/separated
0 <= ... < 200 DM,23,existing credits paid back duly till now,car (new),3938,500 <= ... < 1000 DM,1 <= ... < 4 years,1,female,co-applicant,1,unknown / no property,34,stores,for free,4,unskilled - resident,1,none,no,1,married/widowed
... >= 200 DM / salary assignments for at least 1 year,4,all credits at this bank paid back duly,car (new),10951,... < 100 DM,1 <= ... < 4 years,1,female,none,2,unknown / no property,33,stores,for free,1,management / self-employed / highly qualified employee / officer,1,none,yes,2,single
0 <= ... < 200 DM,14,critical account / other credits existing (not at this bank),business,3139,... < 100 DM,1 <= ... < 4 years,4,male,guarantor,2,building society savings agreement / life insurance,24,stores,rent,1,unemployed / unskilled - non-resident,1,"yes, registered under customer's name",yes,2,single
0 <= ... < 200 DM,21,existing credits paid back duly till now,education,6235,... < 100 DM,... < 1 year,2,male,guarantor,4,unknown / no property,19,bank,own,1,unemployed / unskilled - non-resident,1,none,yes,2,divorced/separated
no checking account,21,no credits taken / all credits paid back duly,furniture/equipment,4685,... < 100 DM,... >= 7 years,4,male,none,3,"car or other, not in savings account",24,none,rent,1,skilled employee / official,2,none,yes,1,married/widowed
... >= 200 DM / salary assignments for at least 1 year,4,existing credits paid back duly till now,business,351,... < 100 DM,... >= 7 years,2,male,co-applicant,4,"car or other, not in savings account",43,none,for free,4,unskilled - resident,2,"yes, registered under customer's name",yes,1,married/widowed
0 <= ... < 200 DM,18,existing credits paid back duly till now,radio/television,5042,... < 100 DM,... >= 7 years,2,male,none,3,unknown / no property,20,stores,for free,1,unemployed / unskilled - non-resident,2,none,yes,2,single
no checking account,20,all credits at this bank paid back duly,education,3621,... < 100 DM,4 <= ... < 7 years,1,female,guarantor,2,unknown / no property,27,bank,rent,2,skilled employee / official,1,"yes, registered under customer's name",no,1,single
... >= 200 DM / salary assignments for at least 1 year,21,all credits at this bank paid back duly,domestic appliances,3304,... >= 1000 DM,4 <= ... < 7 years,1,male,co-applicant,2,"car or other, not in savings account",21,none,own,1,skilled employee / official,1,"yes, registered under customer's name",yes,1,divorced/separated
... >= 200 DM / salary assignments for at least 1 year,30,existing credits paid back duly till now,retraining,2609,... < 100 DM,... < 1 year,3,female,co-applicant,3,"car or other, not in savings account",30,bank,own,1,unskilled - resident,2,none,yes,1,divorced/separated
0 <= ... < 200 DM,20,delay in paying off in the past,radio/television,4808,unknown / no savings account,1 <= ... < 4 years,1,male,co-applicant,1,real estate,29,stores,own,1,unskilled - resident,2,"yes, registered under customer's name",yes,2,single
... >= 200 DM / salary assignments for at least 1 year,18,no credits taken / all credits paid back duly,car (new),1524,100 <= ... < 500 DM,unemployed,3,female,none,3,real estate,42,none,rent,2,skilled employee / official,1,"yes, registered under customer's name",yes,1,single
no checking account,57,critical account / other credits existing (not at this bank),radio/television,1977,unknown / no savings account,4 <= ... < 7 years,1,female,co-applicant,1,building society savings agreement / life insurance,58,bank,for free,1,skilled employee / official,1,none,yes,1,married/widowed
... < 0 DM,22,existing credits paid back duly till now,repairs,5521,500 <= ... < 1000 DM,1 <= ... < 4 years,1,male,co-applicant,2,unknown / no property,38,stores,own,1,unemployed / unskilled - non-resident,1,none,yes,1,divorced/separated
... >= 200 DM / salary assignments for at least 1 year,23,all credits at this bank paid back duly,radio/television,10070,100 <= ... < 500 DM,4 <= ... < 7 years,2,male,co-applicant,1,real estate,31,stores,rent,4,unemployed / unskilled - non-resident,2,none,no,1,married/widowed
no checking account,19,delay in paying off in the past,repairs,394,100 <= ... < 500 DM,unemployed,2,female,co-applicant,1,"car or other, not in savings account",29,none,own,4,unemployed / unskilled - non-resident,1,none,no,2,single
no checking account,4,all credits at this bank paid back duly,repairs,5672,... >= 1000 DM,... >= 7 years,2,male,none,2,real estate,24,none,for free,2,management / self-employed / highly qualified employee / officer,1,"yes, registered under customer's name",yes,2,married/widowed
no checking account,4,no credits taken / all credits paid back duly,domestic appliances,15945,100 <= ... < 500 DM,... >= 7 years,1,male,co-applicant,2,unknown / no property,61,bank,own,1,skilled employee / official,2,none,yes,1,divorced/separated
0 <= ... < 200 DM,23,all credits at this bank paid back duly,repairs,3047,... < 100 DM,4 <= ... < 7 years,2,male,none,3,unknown / no property,22,none,for free,1,unskilled - resident,1,"yes, registered under customer's name",yes,1,married/widowed
0 <= ... < 200 DM,21,all credits at this bank paid back duly,furniture/equipment,5046,unknown / no savings account,1 <= ... < 4 years,2,male,guarantor,1,unknown / no property,37,none,own,2,unemployed / unskilled - non-resident,1,"yes, registered under customer's name",no,1,single
no checking account,54,existing credits paid back duly till now,others,2139,500 <= ... < 1000 DM,unemployed,2,male,guarantor,1,unknown / no property,21,stores,own,3,management / self-employed / highly qualified employee / officer,2,none,yes,1,single
0 <= ... < 200 DM,29,existing credits paid back duly till now,furniture/equipment,1222,unknown / no savings account,... >= 7 years,2,male,none,4,unknown / no property,45,none,for free,2,skilled employee / official,2,none,yes,1,married/widowed
no checking account,4,all credits at this bank paid back duly,education,2320,unknown / no savings account,unemployed,4,female,guarantor,3,"car or other, not in savings account",43,bank,own,1,unemployed / unskilled - non-resident,2,"yes, registered under customer's name",yes,1,single
... < 0 DM,23,delay in paying off in the past,car (used),782,... < 100 DM,... < 1 year,4,female,co-applicant,2,real estate,23,stores,own,1,unskilled - resident,1,none,no,2,single
no checking account,7,all credits at this bank paid back duly,furniture/equipment,4184,500 <= ... < 1000 DM,... >= 7 years,4,male,none,4,unknown / no property,37,stores,for free,1,unskilled - resident,2,none,yes,1,single
0 <= ... < 200 DM,21,all credits at this bank paid back duly,others,1315,... < 100 DM,1 <= ... < 4 years,2,female,guarantor,2,building society savings agreement / life insurance,19,bank,rent,1,unemployed / unskilled - non-resident,1,"yes, registered under customer's name",yes,2,single
no checking account,5,existing credits paid back duly till now,car (new),2866,... < 100 DM,4 <= ... < 7 years,4,male,none,2,"car or other, not in savings account",61,stores,own,4,unskilled - resident,1,"yes, registered under customer's name",yes,2,single
no checking account,11,critical account / other credits existing (not at this bank),car (used),9997,unknown / no savings account,unemployed,2,male,none,4,real estate,53,none,for free,2,skilled employee / official,1,"yes, registered under customer's name",yes,1,married/widowed
0 <= ... < 200 DM,39,existing credits paid back duly till now,business,8222,500 <= ... < 1000 DM,1 <= ... < 4 years,4,male,guarantor,3,"car or other, not in savings account",24,stores,for free,2,unskilled - resident,1,"yes, registered under customer's name",yes,1,divorced/separated
no checking account,52,delay in paying off in the past,car (used),4259,... >= 1000 DM,1 <= ... < 4 years,4,female,none,1,real estate,43,stores,for free,2,skilled employee / official,2,none,yes,1,single
... < 0 DM,33,critical account / other credits existing (not at this bank),domestic appliances,8374,100 <= ... < 500 DM,... < 1 year,4,female,none,4,building society savings agreement / life insurance,31,bank,own,2,unskilled - resident,1,none,yes,1,divorced/separated
0 <= ... < 200 DM,6,all credits at this bank paid back duly,others,2297,unknown / no savings account,... >= 7 years,4,male,guarantor,1,real estate,43,bank,for free,4,skilled employee / official,2,none,yes,1,single
... < 0 DM,23,delay in paying off in the past,retraining,2714,unknown / no savings account,... >= 7 years,2,female,guarantor,3,building society savings agreement / life insurance,30,stores,for free,4,management / self-employed / highly qualified employee / officer,2,none,yes,1,divorced/separated
... < 0 DM,14,existing credits paid back duly till now,repairs,2086,... < 100 DM,1 <= ... < 4 years,2,male,co-applicant,4,unknown / no property,41,none,rent,2,unskilled - resident,2,"yes, registered under customer's name",yes,1,divorced/separated
... < 0 DM,28,no credits taken / all credits paid back duly,business,2230,... < 100 DM,4 <= ... < 7 years,2,male,co-applicant,3,unknown / no property,25,none,rent,4,skilled employee / official,2,"yes, registered under customer's name",yes,1,single
no checking account,23,existing credits paid back duly till now,repairs,14504,... < 100 DM,1 <= ... < 4 years,4,female,guarantor,4,"car or other, not in savings account",57,none,rent,2,skilled employee / official,1,none,yes,2,divorced/separated
... >= 200 DM / salary assignments for at least 1 year,4,critical account / other credits existing (not at this bank),furniture/equipment,14733,... < 100 DM,4 <= ... < 7 years,4,male,guarantor,4,building society savings agreement / life insurance,26,bank,rent,2,skilled employee / official,1,none,yes,1,single
... < 0 DM,21,delay in paying off in the past,others,1444,... >= 1000 DM,unemployed,4,male,guarantor,4,"car or other, not in savings account",71,stores,own,4,management / self-employed / highly qualified employee / officer,1,none,yes,1,single
... >= 200 DM / salary assignments for at least 1 year,26,no credits taken / all credits paid back duly,others,3045,... < 100 DM,unemployed,1,male,none,2,"car or other, not in savings account",37,none,rent,1,management / self-employed / highly qualified employee / officer,1,none,yes,1,single
... >= 200 DM / salary assignments for at least 1 year,7,no credits taken / all credits paid back duly,repairs,5123,... >= 1000 DM,... >= 7 years,4,male,guarantor,1,real estate,56,none,rent,1,skilled employee / official,1,none,yes,2,single
... < 0 DM,10,critical account / other credits existing (not at this bank),retraining,3334,unknown / no savings account,unemployed,1,female,guarantor,4,"car or other, not in savings account",47,stores,for free,2,skilled employee / official,1,"yes, registered under customer's name",yes,2,single
... < 0 DM,5,existing credits paid back duly till now,repairs,3555,unknown / no savings account,... < 1 year,4,male,guarantor,1,"car or other, not in savings account",27,none,own,1,management / self-employed / highly qualified employee / officer,1,"yes, registered under customer's name",no,1,single
0 <= ... < 200 DM,33,delay in paying off in the past,car (used),5836,... < 100 DM,1 <= ... < 4 years,2,male,none,1,building society savings agreement / life insurance,23,stores,rent,2,unskilled - resident,1,none,yes,1,divorced/separated
no checking account,35,critical account / other credits existing (not at this bank),repairs,3507,... >= 1000 DM,... >= 7 years,4,female,none,1,real estate,21,stores,for free,1,skilled employee / official,2,"yes, registered under customer's name",yes,2,single
... < 0 DM,17,all credits at this bank paid back duly,car (new),2847,unknown / no savings account,4 <= ... < 7 years,4,male,co-applicant,3,building society savings agreement / life insurance,62,bank,own,1,skilled employee / official,1,none,no,2,married/widowed
no checking account,7,all credits at this bank paid back duly,furniture/equipment,5594,... < 100 DM,unemployed,4,female,none,2,"car or other, not in savings account",62,stores,own,2,unskilled - resident,2,none,no,2,single
no checking account,10,no credits taken / all credits paid back duly,radio/television,15945,... < 100 DM,... < 1 year,3,female,co-applicant,1,unknown / no property,21,bank,for free,1,skilled employee / official,1,none,yes,2,divorced/separated
... >= 200 DM / salary assignments for at least 1 year,14,no credits taken / all credits paid back duly,others,8950,unknown / no savings account,1 <= ... < 4 years,2,female,none,3,building society savings agreement / life insurance,27,none,rent,2,unskilled - resident,1,none,no,1,single
0 <= ... < 200 DM,4,existing credits paid back duly till now,furniture/equipment,4099,100 <= ... < 500 DM,unemployed,1,female,none,2,building society savings agreement / life insurance,47,none,own,1,management / self-employed / highly qualified employee / officer,1,none,yes,1,divorced/separated
... < 0 DM,23,delay in paying off in the past,furniture/equipment,4180,100 <= ... < 500 DM,... >= 7 years,4,female,none,4,unknown / no property,69,stores,rent,2,unemployed / unskilled - non-resident,1,"yes, registered under customer's name",yes,2,divorced/separated
... < 0 DM,23,existing credits paid back duly till now,repairs,1420,... < 100 DM,... < 1 year,1,male,co-applicant,4,"car or other, not in savings account",52,stores,own,1,unskilled - resident,1,none,no,1,married/widowed
0 <= ... < 200 DM,34,all credits at this bank paid back duly,car (used),2157,500 <= ... < 1000 DM,... >= 7 years,4,male,none,3,unknown / no property,44,bank,for free,4,unemployed / unskilled - non-resident,2,"yes, registered under customer's name",no,2,single
0 <= ... < 200 DM,24,existing credits paid back duly till now,education,2142,100 <= ... < 500 DM,... < 1 year,4,male,co-applicant,2,real estate,29,bank,own,2,skilled employee / official,1,none,no,2,single
... < 0 DM,38,delay in paying off in the past,furniture/equipment,3166,... >= 1000 DM,unemployed,1,male,none,3,real estate,30,stores,rent,1,skilled employee / official,1,none,yes,2,divorced/separated
... < 0 DM,23,critical account / other credits existing (not at this bank),radio/television,15945,500 <= ... < 1000 DM,... < 1 year,3,male,co-applicant,3,unknown / no property,51,none,for free,1,unemployed / unskilled - non-resident,2,none,no,1,married/widowed
no checking account,38,existing credits paid back duly till now,education,1852,unknown / no savings account,1 <= ... < 4 years,1,male,co-applicant,1,"car or other, not in savings account",46,none,for free,2,unemployed / unskilled - non-resident,1,"yes, registered under customer's name",no,1,divorced/separated
0 <= ... < 200 DM,26,all credits at this bank paid back duly,repairs,2199,100 <= ... < 500 DM,unemployed,1,male,guarantor,2,building society savings agreement / life insurance,39,bank,for free,1,skilled employee / official,2,"yes, registered under customer's name",no,2,divorced/separated
... < 0 DM,20,delay in paying off in the past,domestic appliances,15945,100 <= ... < 500 DM,4 <= ... < 7 years,4,female,co-applicant,1,unknown / no property,36,stores,rent,2,management / self-employed / highly qualified employee / officer,1,"yes, registered under customer's name",no,1,single
... >= 200 DM / salary assignments for at least 1 year,4,existing credits paid back duly till now,others,5131,unknown / no savings account,... >= 7 years,2,female,co-applicant,4,"car or other, not in savings account",37,none,own,2,unemployed / unskilled - non-resident,1,"yes, registered under customer's name",yes,2,single
no checking account,23,existing credits paid back duly till now,retraining,250,unknown / no savings account,4 <= ... < 7 years,2,female,guarantor,4,building society savings agreement / life insurance,50,none,for free,4,skilled employee / official,1,none,yes,2,divorced/separated
... >= 200 DM / salary assignments for at least 1 year,22,no credits taken / all credits paid back duly,repairs,2992,500 <= ... < 1000 DM,4 <= ... < 7 years,4,male,guarantor,4,"car or other, not in savings account",47,bank,rent,1,unskilled - resident,1,none,yes,1,married/widowed
no checking account,19,critical account / other credits existing (not at this bank),car (new),3146,... < 100 DM,... >= 7 years,1,male,guarantor,2,real estate,19,bank,own,2,unskilled - resident,2,"yes, registered under customer's name",yes,1,single
... >= 200 DM / salary assignments for at least 1 year,18,existing credits paid back duly till now,radio/television,7850,500 <= ... < 1000 DM,4 <= ... < 7 years,1,female,co-applicant,4,"car or other, not in savings account",37,stores,for free,2,skilled employee / official,1,none,yes,1,married/widowed
no checking account,21,all credits at this bank paid back duly,domestic appliances,1188,100 <= ... < 500 DM,... >= 7 years,1,male,co-applicant,1,unknown / no property,40,none,for free,2,unemployed / unskilled - non-resident,2,"yes, registered under customer's name",no,1,single
... >= 200 DM / salary assignments for at least 1 year,20,critical account / other credits existing (not at this bank),education,15945,500 <= ... < 1000 DM,1 <= ... < 4 years,4,female,none,2,real estate,75,stores,rent,3,skilled employee / official,2,"yes, registered under customer's name",yes,1,single
... >= 200 DM / salary assignments for at least 1 year,8,existing credits paid back duly till now,education,2929,100 <= ... < 500 DM,4 <= ... < 7 years,4,female,none,2,unknown / no property,30,bank,for free,2,unskilled - resident,1,none,yes,1,single
... >= 200 DM / salary assignments for at least 1 year,4,delay in paying off in the past,education,2562,... < 100 DM,... >= 7 years,4,female,none,1,"car or other, not in savings account",35,bank,for free,1,management / self-employed / highly qualified employee / officer,2,none,yes,1,married/widowed
0 <= ... < 200 DM,5,critical account / other credits existing (not at this bank),others,9133,500 <= ... < 1000 DM,... < 1 year,3,male,guarantor,1,real estate,23,none,own,1,management / self-employed / highly qualified employee / officer,1,"yes, registered under customer's name",yes,1,single
... < 0 DM,19,no credits taken / all credits paid back duly,furniture/equipment,1650,... < 100 DM,4 <= ... < 7 years,4,female,none,2,"car or other, not in savings account",40,stores,rent,2,management / self-employed / highly qualified employee / officer,2,none,yes,2,married/widowed
0 <= ... < 200 DM,8,existing credits paid back duly till now,radio/television,1760,500 <= ... < 1000 DM,... < 1 year,4,male,co-applicant,4,"car or other, not in savings account",55,stores,for free,2,unemployed / unskilled - non-resident,1,none,yes,1,single
0 <= ... < 200 DM,4,all credits at this bank paid back duly,repairs,2009,... < 100 DM,... < 1 year,1,female,guarantor,3,unknown / no property,37,bank,for free,2,unemployed / unskilled - non-resident,1,"yes, registered under customer's name",no,2,divorced/separated
no checking account,17,all credits at this bank paid back duly,car (new),3064,... >= 1000 DM,1 <= ... < 4 years,2,male,guarantor,2,unknown / no property,66,none,own,2,unemployed / unskilled - non-resident,1,"yes, registered under customer's name",yes,2,single
no checking account,6,delay in paying off in the past,business,11410,unknown / no savings account,... < 1 year,2,male,guarantor,3,real estate,53,bank,for free,3,management / self-employed / highly qualified employee / officer,1,none,yes,1,divorced/separated
no checking account,25,delay in paying off in the past,car (new),1570,... < 100 DM,1 <= ... < 4 years,2,male,none,1,unknown / no property,23,stores,own,2,skilled employee / official,2,"yes, registered under customer's name",yes,1,married/widowed
... >= 200 DM / salary assignments for at least 1 year,16,all credits at this bank paid back duly,business,2486,... >= 1000 DM,4 <= ... < 7 years,4,male,none,3,"car or other, not in savings account",39,bank,own,2,skilled employee / official,1,"yes, registered under customer's name",yes,2,single
no checking account,33,no credits taken / all credits paid back duly,radio/television,1139,... >= 1000 DM,unemployed,1,male,guarantor,4,building society savings agreement / life insurance,29,none,rent,2,management / self-employed / highly qualified employee / officer,1,"yes, registered under customer's name",yes,2,single
... < 0 DM,5,delay in paying off in the past,business,2380,unknown / no savings account,1 <= ... < 4 years,3,female,none,2,unknown / no property,29,none,rent,2,unemployed / unskilled - non-resident,2,none,yes,1,divorced/separated
... < 0 DM,33,all credits at this bank paid back duly,car (used),1117,... >= 1000 DM,4 <= ... < 7 years,2,female,guarantor,2,"car or other, not in savings account",35,none,for free,1,skilled employee / official,1,"yes, registered under customer's name",yes,1,married/widowed
... < 0 DM,19,no credits taken / all credits paid back duly,education,8593,500 <= ... < 1000 DM,1 <= ... < 4 years,2,male,guarantor,1,unknown / no property,42,bank,own,1,management / self-employed / highly qualified employee / officer,1,none,yes,2,single
... >= 200 DM / salary assignments for at least 1 year,23,existing credits paid back duly till now,domestic appliances,545,unknown / no savings account,... >= 7 years,3,male,co-applicant,4,"car or other, not in savings account",75,none,for free,1,unskilled - resident,2,"yes, registered under customer's name",yes,2,married/widowed
... < 0 DM,18,existing credits paid back duly till now,radio/television,2243,... >= 1000 DM,... < 1 year,4,male,none,2,unknown / no property,24,none,for free,2,unskilled - resident,2,"yes, registered under customer's name",yes,1,single
no checking account,31,all credits at this bank paid back duly,radio/television,12268,... < 100 DM,unemployed,4,female,none,4,real estate,20,stores,own,1,management / self-employed / highly qualified employee / officer,1,"yes, registered under customer's name",yes,1,married/widowed
0 <= ... < 200 DM,39,critical account / other credits existing (not at this bank),domestic appliances,2223,100 <= ... < 500 DM,unemployed,2,male,guarantor,1,"car or other, not in savings account",39,none,rent,3,unemployed / unskilled - non-resident,2,"yes, registered under customer's name",yes,2,married/widowed
... < 0 DM,10,existing credits paid back duly till now,others,1248,100 <= ... < 500 DM,... >= 7 years,3,female,co-applicant,3,"car or other, not in savings account",33,stores,rent,2,skilled employee / official,2,"yes, registered under customer's name",yes,1,married/widowed
... < 0 DM,21,critical account / other credits existing (not at this bank),car (used),4636,100 <= ... < 500 DM,1 <= ... < 4 years,1,male,guarantor,4,building society savings agreement / life insurance,40,bank,own,2,skilled employee / official,2,none,yes,1,divorced/separated
0 <= ... < 200 DM,5,no credits taken / all credits paid back duly,domestic appliances,9687,unknown / no savings account,1 <= ... < 4 years,4,female,guarantor,4,unknown / no property,75,bank,own,2,skilled employee / official,1,"yes, registered under customer's name",no,1,divorced/separated
no checking account,20,all credits at this bank paid back duly,education,1087,100 <= ... < 500 DM,... >= 7 years,4,male,none,3,unknown / no property,29,none,rent,1,skilled employee / official,2,none,yes,1,married/widowed
no checking account,24,existing credits paid back duly till now,business,5168,... < 100 DM,4 <= ... < 7 years,4,male,co-applicant,1,building society savings agreement / life insurance,52,none,own,1,unskilled - resident,2,none,yes,2,single
... < 0 DM,7,existing credits paid back duly till now,business,4688,... >= 1000 DM,... >= 7 years,1,male,none,1,real estate,42,stores,own,1,unskilled - resident,1,none,yes,1,divorced/separated
no checking account,20,critical account / other credits existing (not at this bank),others,6155,... < 100 DM,1 <= ... < 4 years,1,male,none,3,"car or other, not in savings account",31,none,for free,4,unskilled - resident,1,none,no,1,divorced/separated
... < 0 DM,28,no credits taken / all credits paid back duly,furniture/equipment,5512,500 <= ... < 1000 DM,1 <= ... < 4 years,2,female,co-applicant,4,unknown / no property,31,none,rent,1,unskilled - resident,2,"yes, registered under customer's name",yes,1,single
... < 0 DM,5,delay in paying off in the past,domestic appliances,12540,unknown / no savings account,unemployed,1,male,none,1,building society savings agreement / life insurance,75,none,own,2,management / self-employed / highly qualified employee / officer,2,"yes, registered under customer's name",yes,2,married/widowed
... < 0 DM,21,no credits taken / all credits paid back duly,car (used),4109,unknown / no savings account,... >= 7 years,4,male,none,2,real estate,27,none,for free,1,unemployed / unskilled - non-resident,2,none,no,1,divorced/separated
... >= 200 DM / salary assignments for at least 1 year,44,critical account / other credits existing (not at this bank),retraining,2511,... >= 1000 DM,1 <= ... < 4 years,1,male,none,2,"car or other, not in savings account",26,none,rent,2,unskilled - resident,1,"yes, registered under customer's name",yes,2,divorced/separated
0 <= ... < 200 DM,23,delay in paying off in the past,education,2749,100 <= ... < 500 DM,... >= 7 years,2,male,guarantor,4,"car or other, not in savings account",50,none,own,2,unskilled - resident,1,none,no,2,single
0 <= ... < 200 DM,14,all credits at this bank paid back duly,radio/television,1861,... >= 1000 DM,... >= 7 years,2,male,co-applicant,4,unknown / no property,28,bank,own,2,skilled employee / official,1,"yes, registered under customer's name",no,2,single
0 <= ... < 200 DM,25,no credits taken / all credits paid back duly,others,2448,500 <= ... < 1000 DM,... < 1 year,2,female,none,3,real estate,47,none,own,1,unemployed / unskilled - non-resident,2,none,yes,1,divorced/separated
... < 0 DM,4,no credits taken / all credits paid back duly,business,5070,... < 100 DM,... >= 7 years,4,male,guarantor,1,building society savings agreement / life insurance,21,none,rent,3,unskilled - resident,1,"yes, registered under customer's name",yes,1,divorced/separated
0 <= ... < 200 DM,41,existing credits paid back duly till now,business,15945,500 <= ... < 1000 DM,4 <= ... < 7 years,3,male,none,2,building society savings agreement / life insurance,26,bank,rent,2,management / self-employed / highly qualified employee / officer,1,none,yes,2,single
no checking account,21,critical account / other credits existing (not at this bank),retraining,13114,unknown / no savings account,4 <= ... < 7 years,2,female,co-applicant,1,unknown / no property,39,none,own,1,skilled employee / official,1,none,yes,2,single
... < 0 DM,16,no credits taken / all credits paid back duly,repairs,11116,... < 100 DM,1 <= ... < 4 years,4,female,guarantor,2,"car or other, not in savings account",32,none,for free,2,unemployed / unskilled - non-resident,1,none,yes,2,married/widowed
... >= 200 DM / salary assignments for at least 1 year,23,all credits at this bank paid back duly,business,1937,... < 100 DM,... >= 7 years,1,male,none,2,real estate,34,none,rent,2,management / self-employed / highly qualified employee / officer,1,none,no,1,divorced/separated
0 <= ... < 200 DM,22,existing credits paid back duly till now,education,12331,unknown / no savings account,1 <= ... < 4 years,3,male,none,3,real estate,66,none,rent,1,skilled employee / official,1,none,yes,1,single
0 <= ... < 200 DM,4,no credits taken / all credits paid back duly,repairs,1086,100 <= ... < 500 DM,unemployed,4,male,guarantor,3,"car or other, not in savings account",48,bank,for free,1,skilled employee / official,1,"yes, registered under customer's name",yes,1,single
... >= 200 DM / salary assignments for at least 1 year,14,no credits taken / all credits paid back duly,car (used),5870,unknown / no savings account,1 <= ... < 4 years,3,male,co-applicant,2,real estate,28,none,own,4,skilled employee / official,1,none,no,1,married/widowed
... >= 200 DM / salary assignments for at least 1 year,23,all credits at this bank paid back duly,furniture/equipment,2356,... < 100 DM,... >= 7 years,1,female,co-applicant,1,building society savings agreement / life insurance,22,bank,for free,2,skilled employee / official,1,none,yes,2,single
0 <= ... < 200 DM,6,existing credits paid back duly till now,repairs,3108,unknown / no savings account,4 <= ... < 7 years,2,female,none,2,building society savings agreement / life insurance,31,none,own,1,skilled employee / official,1,none,no,2,single
no checking account,24,all credits at this bank paid back duly,retraining,2781,... < 100 DM,... >= 7 years,2,male,none,4,"car or other, not in savings account",57,none,for free,1,skilled employee / official,2,"yes, registered under customer's name",yes,2,married/widowed
0 <= ... < 200 DM,4,no credits taken / all credits paid back duly,repairs,916,unknown / no savings account,1 <= ... < 4 years,3,female,none,2,"car or other, not in savings account",27,bank,for free,2,skilled employee / official,1,none,yes,2,single
... < 0 DM,23,no credits taken / all credits paid back duly,radio/television,8536,... < 100 DM,... >= 7 years,2,male,none,1,unknown / no property,49,stores,own,2,management / self-employed / highly qualified employee / officer,1,none,yes,1,single
no checking account,8,all credits at this bank paid back duly,furniture/equipment,10243,unknown / no savings account,1 <= ... < 4 years,1,female,guarantor,3,building society savings agreement / life insurance,38,bank,own,2,unskilled - resident,1,"yes, registered under customer's name",no,2,single
... < 0 DM,41,all credits at this bank paid back duly,business,1171,... < 100 DM,1 <= ... < 4 years,1,male,co-applicant,4,real estate,55,none,for free,2,management / self-employed / highly qualified employee / officer,1,"yes, registered under customer's name",yes,2,single
0 <= ... < 200 DM,32,critical account / other credits existing (not at this bank),radio/television,518,... < 100 DM,4 <= ... < 7 years,4,male,guarantor,2,unknown / no property,27,bank,for free,1,unskilled - resident,2,"yes, registered under customer's name",yes,2,single
0 <= ... < 200 DM,25,critical account / other credits existing (not at this bank),domestic appliances,5574,unknown / no savings account,4 <= ... < 7 years,3,female,none,2,building society savings agreement / life insurance,25,none,rent,1,unemployed / unskilled - non-resident,1,"yes, registered under customer's name",yes,1,married/widowed
0 <= ... < 200 DM,12,existing credits paid back duly till now,radio/television,2689,100 <= ... < 500 DM,4 <= ... < 7 years,3,male,none,4,"car or other, not in savings account",31,bank,rent,1,management / self-employed / highly qualified employee / officer,2,"yes, registered under customer's name",yes,2,divorced/separated
... < 0 DM,22,no credits taken / all credits paid back duly,radio/television,990,... < 100 DM,1 <= ... < 4 years,4,male,co-applicant,1,unknown / no property,33,none,own,4,unskilled - resident,1,none,yes,2,single
... < 0 DM,26,delay in paying off in the past,business,4999,... < 100 DM,4 <= ... < 7 years,4,female,guarantor,3,real estate,42,bank,own,1,unemployed / unskilled - non-resident,2,none,yes,1,married/widowed
no checking account,61,all credits at this bank paid back duly,business,4004,500 <= ... < 1000 DM,1 <= ... < 4 years,4,male,co-applicant,3,unknown / no property,40,none,for free,2,management / self-employed / highly qualified employee / officer,1,none,yes,2,single
... < 0 DM,24,all credits at this bank paid back duly,others,10866,... >= 1000 DM,... < 1 year,4,female,guarantor,2,building society savings agreement / life insurance,31,bank,own,1,skilled employee / official,2,none,no,1,single
... >= 200 DM / salary assignments for at least 1 year,20,all credits at this bank paid back duly,education,3202,500 <= ... < 1000 DM,1 <= ... < 4 years,3,female,guarantor,2,"car or other, not in savings account",29,stores,own,1,management / self-employed / highly qualified employee / officer,2,"yes, registered under customer's name",no,1,single
... >= 200 DM / salary assignments for at least 1 year,16,critical account / other credits existing (not at this bank),retraining,250,unknown / no savings account,1 <= ... < 4 years,1,male,guarantor,2,real estate,23,none,own,1,unemployed / unskilled - non-resident,2,"yes, registered under customer's name",yes,1,single
no checking account,14,all credits at this bank paid back duly,furniture/equipment,1789,500 <= ... < 1000 DM,unemployed,4,male,guarantor,2,unknown / no property,23,bank,rent,2,unskilled - resident,2,none,yes,2,single
... < 0 DM,4,all credits at this bank paid back duly,radio/television,987,100 <= ... < 500 DM,1 <= ... < 4 years,4,female,none,3,unknown / no property,37,bank,for free,4,skilled employee / official,1,"yes, registered under customer's name",no,1,divorced/separated
no checking account,24,all credits at this bank paid back duly,car (used),9719,unknown / no savings account,... >= 7 years,2,male,none,1,unknown / no property,33,bank,own,2,unskilled - resident,1,"yes, registered under customer's name",yes,2,single
... < 0 DM,14,existing credits paid back duly till now,business,4623,unknown / no savings account,unemployed,1,male,none,1,real estate,32,none,own,1,unskilled - resident,2,none,no,1,married/widowed
... >= 200 DM / salary assignments for at least 1 year,11,all credits at this bank paid back duly,business,1802,... >= 1000 DM,... < 1 year,3,female,guarantor,2,unknown / no property,37,none,own,4,unskilled - resident,1,"yes, registered under customer's name",yes,1,married/widowed
no checking account,66,all credits at this bank paid back duly,furniture/equipment,1873,... >= 1000 DM,unemployed,1,male,none,2,real estate,69,none,rent,1,management / self-employed / highly qualified employee / officer,1,"yes, registered under customer's name",yes,1,divorced/separated
... >= 200 DM / salary assignments for at least 1 year,16,no credits taken / all credits paid back duly,domestic appliances,15945,... < 100 DM,1 <= ... < 4 years,3,male,none,1,real estate,41,bank,own,2,unskilled - resident,1,"yes, registered under customer's name",yes,2,married/widowed
no checking account,21,existing credits paid back duly till now,business,1889,... < 100 DM,4 <= ... < 7 years,4,male,guarantor,3,"car or other, not in savings account",34,none,own,1,unemployed / unskilled - non-resident,1,none,yes,2,married/widowed
... >= 200 DM / salary assignments for at least 1 year,24,existing credits paid back duly till now,education,4090,unknown / no savings account,4 <= ... < 7 years,4,male,co-applicant,3,"car or other, not in savings account",22,stores,own,2,unemployed / unskilled - non-resident,1,none,yes,1,divorced/separated
no checking account,6,critical account / other credits existing (not at this bank),education,2708,100 <= ... < 500 DM,1 <= ... < 4 years,2,male,guarantor,2,"car or other, not in savings account",24,none,rent,1,management / self-employed / highly qualified employee / officer,1,none,yes,1,divorced/separated
... < 0 DM,11,all credits at this bank paid back duly,others,2168,... < 100 DM,4 <= ... < 7 years,2,male,co-applicant,1,building society savings agreement / life insurance,44,none,own,4,unskilled - resident,1,none,yes,1,single
no checking account,25,critical account / other credits existing (not at this bank),repairs,1204,500 <= ... < 1000 DM,... >= 7 years,4,female,co-applicant,3,real estate,45,none,for free,1,unemployed / unskilled - non-resident,2,none,yes,1,single
no checking account,20,critical account / other credits existing (not at this bank),radio/television,2087,500 <= ... < 1000 DM,4 <= ... < 7 years,2,female,co-applicant,4,building society savings agreement / life insurance,38,bank,own,1,skilled employee / official,1,none,yes,2,single
... >= 200 DM / salary assignments for at least 1 year,4,all credits at this bank paid back duly,business,1845,100 <= ... < 500 DM,unemployed,2,female,guarantor,2,"car or other, not in savings account",30,none,own,4,unskilled - resident,1,"yes, registered under customer's name",yes,2,divorced/separated
... < 0 DM,27,delay in paying off in the past,repairs,2065,... < 100 DM,unemployed,4,male,guarantor,4,building society savings agreement / life insurance,46,none,rent,2,skilled employee / official,1,none,yes,1,divorced/separated
... >= 200 DM / salary assignments for at least 1 year,17,no credits taken / all credits paid back duly,retraining,3756,100 <= ... < 500 DM,unemployed,3,female,guarantor,4,"car or other, not in savings account",19,none,own,2,skilled employee / official,1,"yes, registered under customer's name",yes,1,single
... < 0 DM,19,no credits taken / all credits paid back duly,repairs,1438,500 <= ... < 1000 DM,... >= 7 years,4,female,none,1,"car or other, not in savings account",45,none,rent,4,skilled employee / official,1,none,yes,2,divorced/separated
... >= 200 DM / salary assignments for at least 1 year,25,critical account / other credits existing (not at this bank),education,1047,unknown / no savings account,1 <= ... < 4 years,4,female,co-applicant,4,real estate,27,none,rent,4,skilled employee / official,1,none,no,1,married/widowed
0 <= ... < 200 DM,6,existing credits paid back duly till now,domestic appliances,2678,100 <= ... < 500 DM,... >= 7 years,4,female,none,2,building society savings agreement / life insurance,19,bank,for free,2,management / self-employed / highly qualified employee / officer,1,"yes, registered under customer's name",yes,1,divorced/separated
0 <= ... < 200 DM,10,delay in paying off in the past,furniture/equipment,15945,500 <= ... < 1000 DM,... >= 7 years,2,female,none,2,"car or other, not in savings account",47,stores,own,1,unemployed / unskilled - non-resident,1,none,yes,1,married/widowed
0 <= ... < 200 DM,25,no credits taken / all credits paid back duly,others,1358,... < 100 DM,unemployed,2,male,none,1,unknown / no property,28,none,for free,1,skilled employee / official,2,"yes, registered under customer's name",yes,1,married/widowed
no checking account,19,critical account / other credits existing (not at this bank),business,328,... < 100 DM,... < 1 year,2,female,co-applicant,2,unknown / no property,27,none,own,1,skilled employee / official,1,"yes, registered under customer's name",yes,1,married/widowed
... < 0 DM,27,no credits taken / all credits paid back duly,domestic appliances,2050,... < 100 DM,4 <= ... < 7 years,1,male,guarantor,2,real estate,26,bank,for free,1,unskilled - resident,2,none,yes,2,single
... < 0 DM,40,all credits at this bank paid back duly,car (used),9608,... < 100 DM,unemployed,2,male,co-applicant,1,real estate,31,none,rent,2,skilled employee / official,2,"yes, registered under customer's name",no,1,single
no checking account,7,no credits taken / all credits paid back duly,education,5327,unknown / no savings account,... >= 7 years,2,male,guarantor,3,unknown / no property,25,bank,own,1,unskilled - resident,1,"yes, registered under customer's name",yes,2,single
... < 0 DM,26,existing credits paid back duly till now,education,2542,100 <= ... < 500 DM,unemployed,3,male,none,1,unknown / no property,43,stores,own,3,skilled employee / official,2,"yes, registered under customer's name",no,1,single
... < 0 DM,25,all credits at this bank paid back duly,furniture/equipment,10736,100 <= ... < 500 DM,unemployed,2,male,guarantor,3,real estate,42,stores,for free,1,skilled employee / official,1,none,yes,1,married/widowed
0 <= ... < 200 DM,20,no credits taken / all credits paid back duly,car (new),10167,... >= 1000 DM,unemployed,4,male,none,2,real estate,40,none,own,2,skilled employee / official,1,"yes, registered under customer's name",no,1,married/widowed
no checking account,39,delay in paying off in the past,radio/television,4995,100 <= ... < 500 DM,unemployed,4,male,none,4,real estate,26,bank,for free,2,unemployed / unskilled - non-resident,1,"yes, registered under customer's name",yes,1,divorced/separated
... < 0 DM,25,no credits taken / all credits paid back duly,domestic appliances,12435,... < 100 DM,... >= 7 years,2,male,guarantor,1,unknown / no property,54,none,own,1,unskilled - resident,1,none,yes,1,single
... >= 200 DM / salary assignments for at least 1 year,26,delay in paying off in the past,furniture/equipment,9365,unknown / no savings account,... >= 7 years,2,female,none,1,"car or other, not in savings account",58,bank,for free,4,management / self-employed / highly qualified employee / officer,2,none,yes,1,divorced/separated
... >= 200 DM / salary assignments for at least 1 year,24,delay in paying off in the past,others,3671,100 <= ... < 500 DM,1 <= ... < 4 years,1,male,co-applicant,4,unknown / no property,54,stores,rent,1,unskilled - resident,1,"yes, registered under customer's name",no,2,single
no checking account,27,all credits at this bank paid back duly,radio/television,4038,... < 100 DM,unemployed,3,female,none,3,building society savings agreement / life insurance,43,none,own,1,unemployed / unskilled - non-resident,2,"yes, registered under customer's name",yes,2,married/widowed
no checking account,10,critical account / other credits existing (not at this bank),education,7919,100 <= ... < 500 DM,... >= 7 years,2,male,guarantor,2,unknown / no property,39,stores,own,4,skilled employee / official,1,none,no,1,divorced/separated
0 <= ... < 200 DM,33,all credits at this bank paid back duly,furniture/equipment,4333,... < 100 DM,4 <= ... < 7 years,4,female,guarantor,4,"car or other, not in savings account",37,stores,for free,1,unskilled - resident,1,"yes, registered under customer's name",no,1,divorced/separated
no checking account,12,no credits taken / all credits paid back duly,education,3447,... >= 1000 DM,4 <= ... < 7 years,2,male,none,2,unknown / no property,32,bank,for free,4,skilled employee / official,1,"yes, registered under customer's name",yes,1,married/widowed
no checking account,29,existing credits paid back duly till now,education,3039,... < 100 DM,1 <= ... < 4 years,3,male,none,4,"car or other, not in savings account",41,stores,rent,2,unskilled - resident,1,none,yes,2,married/widowed
0 <= ... < 200 DM,22,delay in paying off in the past,radio/television,895,... >= 1000 DM,... >= 7 years,1,male,co-applicant,3,unknown / no property,49,bank,for free,2,skilled employee / official,1,none,no,1,divorced/separated
... < 0 DM,28,delay in paying off in the past,car (new),1231,unknown / no savings account,1 <= ... < 4 years,2,female,guarantor,1,"car or other, not in savings account",30,none,for free,1,unskilled - resident,2,none,yes,2,married/widowed
... < 0 DM,4,existing credits paid back duly till now,radio/television,2139,... < 100 DM,4 <= ... < 7 years,2,male,none,3,"car or other, not in savings account",27,none,for free,2,management / self-employed / highly qualified employee / officer,1,none,yes,1,married/widowed
... >= 200 DM / salary assignments for at least 1 year,21,no credits taken / all credits paid back duly,others,3641,... < 100 DM,1 <= ... < 4 years,2,male,none,4,"car or other, not in savings account",39,stores,rent,1,skilled employee / official,2,none,yes,2,single
... >= 200 DM / salary assignments for at least 1 year,4,delay in paying off in the past,furniture/equipment,250,100 <= ... < 500 DM,4 <= ... < 7 years,2,male,none,3,building society savings agreement / life insurance,48,bank,for free,2,unemployed / unskilled - non-resident,2,none,yes,1,divorced/separated
... < 0 DM,4,critical account / other credits existing (not at this bank),domestic appliances,1395,500 <= ... < 1000 DM,unemployed,4,male,co-applicant,3,real estate,20,stores,rent,2,unemployed / unskilled - non-resident,1,none,yes,1,divorced/separated
... < 0 DM,20,all credits at this bank paid back duly,car (new),9964,500 <= ... < 1000 DM,... >= 7 years,4,male,none,4,"car or other, not in savings account",36,bank,own,2,unskilled - resident,1,"yes, registered under customer's name",yes,2,single
0 <= ... < 200 DM,4,existing credits paid back duly till now,car (used),305,... < 100 DM,... >= 7 years,3,male,co-applicant,4,real estate,19,none,own,2,skilled employee / official,2,"yes, registered under customer's name",no,2,single
0 <= ... < 200 DM,20,delay in paying off in the past,car (new),7924,unknown / no savings account,4 <= ... < 7 years,2,male,co-applicant,2,unknown / no property,24,stores,for free,2,skilled employee / official,1,"yes, registered under customer's name",yes,1,single
... < 0 DM,26,all credits at this bank paid back duly,others,10652,100 <= ... < 500 DM,... < 1 year,2,male,guarantor,3,real estate,60,stores,for free,2,unemployed / unskilled - non-resident,1,none,yes,1,single
0 <= ... < 200 DM,4,existing credits paid back duly till now,radio/television,2250,100 <= ... < 500 DM,unemployed,3,male,guarantor,4,real estate,27,none,own,2,management / self-employed / highly qualified employee / officer,1,"yes, registered under customer's name",no,1,divorced/separated
no checking account,35,all credits at this bank paid back duly,car (used),5288,100 <= ... < 500 DM,4 <= ... < 7 years,4,female,guarantor,1,unknown / no property,35,bank,for free,1,unemployed / unskilled - non-resident,1,none,no,2,single
... >= 200 DM / salary assignments for at least 1 year,10,existing credits paid back duly till now,furniture/equipment,250,... >= 1000 DM,... < 1 year,3,male,co-applicant,4,building society savings agreement / life insurance,30,stores,own,1,unemployed / unskilled - non-resident,2,"yes, registered under customer's name",yes,1,married/widowed
... < 0 DM,41,no credits taken / all credits paid back duly,business,4562,... < 100 DM,unemployed,1,female,none,3,"car or other, not in savings account",25,none,own,1,skilled employee / official,2,"yes, registered under customer's name",yes,2,divorced/separated
no checking account,35,existing credits paid back duly till now,furniture/equipment,1268,... < 100 DM,4 <= ... < 7 years,1,female,co-applicant,4,"car or other, not in savings account",43,bank,for free,1,skilled employee / official,1,"yes, registered under customer's name",yes,1,married/widowed
no checking account,36,critical account / other credits existing (not at this bank),car (new),3311,unknown / no savings account,4 <= ... < 7 years,2,female,none,2,real estate,26,none,rent,1,unemployed / unskilled - non-resident,2,none,no,1,married/widowed
... >= 200 DM / salary assignments for at least 1 year,20,delay in paying off in the past,business,11193,unknown / no savings account,4 <= ... < 7 years,1,male,co-applicant,3,"car or other, not in savings account",36,stores,rent,1,unskilled - resident,1,none,no,2,divorced/separated
no checking account,45,all credits at this bank paid back duly,education,6531,... >= 1000 DM,1 <= ... < 4 years,3,male,none,2,"car or other, not in savings account",36,bank,rent,1,skilled employee / official,2,none,yes,2,divorced/separated
no checking account,20,all credits at this bank paid back duly,radio/television,3504,unknown / no savings account,unemployed,4,female,guarantor,4,real estate,47,none,rent,3,unemployed / unskilled - non-resident,2,none,yes,2,single
no checking account,28,existing credits paid back duly till now,repairs,15158,100 <= ... < 500 DM,1 <= ... < 4 years,2,male,co-applicant,3,real estate,47,stores,rent,1,unskilled - resident,2,"yes, registered under customer's name",yes,1,single
... < 0 DM,7,all credits at this bank paid back duly,repairs,1127,500 <= ... < 1000 DM,... >= 7 years,1,male,co-applicant,2,real estate,56,stores,rent,2,unemployed / unskilled - non-resident,2,none,yes,1,divorced/separated
... < 0 DM,50,no credits taken / all credits paid back duly,education,2716,... >= 1000 DM,1 <= ... < 4 years,1,female,none,4,"car or other, not in savings account",43,bank,own,1,management / self-employed / highly qualified employee / officer,2,none,yes,2,divorced/separated
... < 0 DM,17,critical account / other credits existing (not at this bank),furniture/equipment,6949,unknown / no savings account,4 <= ... < 7 years,3,male,none,3,"car or other, not in savings account",32,bank,own,2,unskilled - resident,2,"yes, registered under customer's name",no,1,divorced/separated
no checking account,9,critical account / other credits existing (not at this bank),car (used),250,... < 100 DM,... < 1 year,1,female,guarantor,4,unknown / no property,50,none,own,3,management / self-employed / highly qualified employee / officer,2,none,yes,1,single
0 <= ... < 200 DM,5,critical account / other credits existing (not at this bank),furniture/equipment,15945,500 <= ... < 1000 DM,... < 1 year,4,male,guarantor,2,building society savings agreement / life insurance,31,stores,for free,2,management / self-employed / highly qualified employee / officer,1,none,yes,2,married/widowed
0 <= ... < 200 DM,31,all credits at this bank paid back duly,furniture/equipment,2031,... < 100 DM,4 <= ... < 7 years,2,male,guarantor,4,real estate,40,stores,rent,3,skilled employee / official,1,"yes, registered under customer's name",yes,2,married/widowed
... < 0 DM,23,existing credits paid back duly till now,repairs,2817,500 <= ... < 1000 DM,... < 1 year,2,female,none,1,unknown / no property,26,none,own,2,unemployed / unskilled - non-resident,1,none,yes,1,single
... < 0 DM,21,all credits at this bank paid back duly,repairs,4460,100 <= ... < 500 DM,... >= 7 years,3,male,none,2,unknown / no property,39,none,rent,2,unemployed / unskilled - non-resident,1,"yes, registered under customer's name",yes,2,single
no checking account,47,no credits taken / all credits paid back duly,education,2230,... < 100 DM,... >= 7 years,4,male,none,3,real estate,54,none,rent,1,management / self-employed / highly qualified employee / officer,2,"yes, registered under customer's name",yes,1,married/widowed
0 <= ... < 200 DM,31,delay in paying off in the past,retraining,4695,... < 100 DM,1 <= ... < 4 years,2,male,co-applicant,1,building society savings agreement / life insurance,32,stores,rent,2,management / self-employed / highly qualified employee / officer,2,"yes, registered under customer's name",yes,1,single
... >= 200 DM / salary assignments for at least 1 year,38,all credits at this bank paid back duly,car (new),15945,unknown / no savings account,unemployed,3,male,none,4,real estate,48,none,own,1,unskilled - resident,2,"yes, registered under customer's name",yes,2,divorced/separated
... >= 200 DM / salary assignments for at least 1 year,19,existing credits paid back duly till now,repairs,3299,100 <= ... < 500 DM,... >= 7 years,3,male,guarantor,2,"car or other, not in savings account",54,bank,for free,2,management / self-employed / highly qualified employee / officer,1,"yes, registered under customer's name",yes,2,divorced/separated
0 <= ... < 200 DM,4,all credits at this bank paid back duly,business,11650,unknown / no savings account,1 <= ... < 4 years,2,female,co-applicant,3,unknown / no property,25,none,own,1,skilled employee / official,2,"yes, registered under customer's name",yes,1,divorced/separated
0 <= ... < 200 DM,24,all credits at this bank paid back duly,car (new),6520,100 <= ... < 500 DM,1 <= ... < 4 years,2,male,guarantor,4,"car or other, not in savings account",20,bank,own,2,management / self-employed / highly qualified employee / officer,1,"yes, registered under customer's name",yes,1,single
... >= 200 DM / salary assignments for at least 1 year,22,existing credits paid back duly till now,others,4852,unknown / no savings account,1 <= ... < 4 years,4,male,co-applicant,1,"car or other, not in savings account",50,none,for free,2,unemployed / unskilled - non-resident,2,"yes, registered under customer's name",yes,1,single
... >= 200 DM / salary assignments for at least 1 year,21,delay in paying off in the past,repairs,1608,100 <= ... < 500 DM,4 <= ... < 7 years,4,female,guarantor,4,real estate,75,none,for free,1,unskilled - resident,2,none,no,2,married/widowed
no checking account,5,no credits taken / all credits paid back duly,repairs,1248,unknown / no savings account,1 <= ... < 4 years,2,female,co-applicant,1,"car or other, not in savings account",24,none,own,2,skilled employee / official,2,none,no,1,married/widowed
no checking account,20,critical account / other credits existing (not at this bank),repairs,10288,... < 100 DM,1 <= ... < 4 years,1,male,none,4,"car or other, not in savings account",26,stores,rent,2,skilled employee / official,2,none,yes,2,single
0 <= ... < 200 DM,9,no credits taken / all credits paid back duly,furniture/equipment,6914,100 <= ... < 500 DM,... >= 7 years,2,male,none,3,"car or other, not in savings account",41,none,own,2,unskilled - resident,1,"yes, registered under customer's name",yes,2,married/widowed
... >= 200 DM / salary assignments for at least 1 year,20,no credits taken / all credits paid back duly,others,3217,500 <= ... < 1000 DM,1 <= ... < 4 years,1,male,guarantor,2,building society savings agreement / life insurance,55,none,for free,2,unskilled - resident,1,"yes, registered under customer's name",yes,1,married/widowed
... < 0 DM,25,all credits at this bank paid back duly,radio/television,5926,... >= 1000 DM,... < 1 year,1,male,guarantor,2,building society savings agreement / life insurance,27,bank,own,2,unskilled - resident,1,"yes, registered under customer's name",yes,2,married/widowed
0 <= ... < 200 DM,72,all credits at this bank paid back duly,furniture/equipment,4843,100 <= ... < 500 DM,4 <= ... < 7 years,4,male,co-applicant,4,real estate,31,none,for free,2,skilled employee / official,1,"yes, registered under customer's name",yes,2,divorced/separated
0 <= ... < 200 DM,22,delay in paying off in the past,car (new),2795,unknown / no savings account,4 <= ... < 7 years,1,male,none,1,unknown / no property,25,bank,own,2,unskilled - resident,1,"yes, registered under customer's name",yes,2,divorced/separated
... >= 200 DM / salary assignments for at least 1 year,5,no credits taken / all credits paid back duly,business,1964,100 <= ... < 500 DM,1 <= ... < 4 years,3,male,co-applicant,1,real estate,24,stores,rent,2,unemployed / unskilled - non-resident,1,none,yes,1,married/widowed
... >= 200 DM / salary assignments for at least 1 year,9,delay in paying off in the past,retraining,1549,... >= 1000 DM,... >= 7 years,1,female,co-applicant,3,"car or other, not in savings account",33,bank,rent,4,unskilled - resident,2,"yes, registered under customer's name",yes,1,single
0 <= ... < 200 DM,25,all credits at this bank paid back duly,retraining,4619,... < 100 DM,unemployed,2,male,co-applicant,1,real estate,39,stores,for free,4,management / self-employed / highly qualified employee / officer,2,none,yes,2,married/widowed
... >= 200 DM / salary assignments for at least 1 year,29,critical account / other credits existing (not at this bank),car (new),9629,unknown / no savings account,unemployed,4,female,guarantor,4,unknown / no property,30,stores,for free,2,unskilled - resident,1,none,no,2,single
... < 0 DM,32,delay in paying off in the past,education,322,500 <= ... < 1000 DM,4 <= ... < 7 years,4,male,co-applicant,4,real estate,19,stores,rent,1,unskilled - resident,1,none,yes,1,single
no checking account,12,existing credits paid back duly till now,domestic appliances,14402,unknown / no savings account,1 <= ... < 4 years,2,male,none,2,building society savings agreement / life insurance,54,none,own,1,skilled employee / official,2,"yes, registered under customer's name",yes,1,divorced/separated
no checking account,44,all credits at this bank paid back duly,retraining,250,500 <= ... < 1000 DM,... >= 7 years,4,female,co-applicant,2,building society savings agreement / life insurance,44,none,for free,1,unskilled - resident,1,"yes, registered under customer's name",no,1,single
... < 0 DM,22,delay in paying off in the past,radio/television,1360,unknown / no savings account,4 <= ... < 7 years,2,female,none,2,"car or other, not in savings account",23,none,for free,1,management / self-employed / highly qualified employee / officer,2,none,no,1,single
... >= 200 DM / salary assignments for at least 1 year,24,all credits at this bank paid back duly,radio/television,274,500 <= ... < 1000 DM,1 <= ... < 4 years,4,female,co-applicant,3,unknown / no property,45,none,own,1,skilled employee / official,1,none,yes,1,single
0 <= ... < 200 DM,21,no credits taken / all credits paid back duly,car (used),668,unknown / no savings account,... >= 7 years,4,male,guarantor,4,"car or other, not in savings account",43,none,rent,1,skilled employee / official,1,none,no,1,married/widowed
... >= 200 DM / salary assignments for at least 1 year,48,no credits taken / all credits paid back duly,education,4873,... < 100 DM,... < 1 year,4,male,guarantor,4,real estate,19,stores,own,2,unskilled - resident,2,"yes, registered under customer's name",no,2,divorced/separated
... < 0 DM,7,all credits at this bank paid back duly,car (new),5464,... < 100 DM,... >= 7 years,4,male,none,2,unknown / no property,30,bank,for free,1,skilled employee / official,1,none,no,1,married/widowed
0 <= ... < 200 DM,10,existing credits paid back duly till now,education,1204,... < 100 DM,1 <= ... < 4 years,4,female,co-applicant,1,unknown / no property,29,stores,own,2,skilled employee / official,2,none,yes,1,single
0 <= ... < 200 DM,21,existing credits paid back duly till now,retraining,4186,100 <= ... < 500 DM,... < 1 year,3,female,co-applicant,2,real estate,19,none,own,1,skilled employee / official,1,none,yes,2,married/widowed
no checking account,22,existing credits paid back duly till now,radio/television,1436,500 <= ... < 1000 DM,4 <= ... < 7 years,4,female,co-applicant,1,unknown / no property,23,none,own,4,unskilled - resident,1,none,yes,1,divorced/separated
0 <= ... < 200 DM,8,critical account / other credits existing (not at this bank),business,1299,100 <= ... < 500 DM,4 <= ... < 7 years,1,female,none,3,unknown / no property,29,none,own,2,skilled employee / official,2,none,yes,2,single
no checking account,23,existing credits paid back duly till now,repairs,1725,... < 100 DM,... < 1 year,3,male,guarantor,3,real estate,27,none,own,1,unskilled - resident,2,none,no,2,divorced/separated
0 <= ... < 200 DM,4,existing credits paid back duly till now,car (used),3237,100 <= ... < 500 DM,... >= 7 years,2,male,guarantor,4,unknown / no property,23,stores,own,1,unemployed / unskilled - non-resident,1,none,yes,2,single
... < 0 DM,8,existing credits paid back duly till now,car (new),15945,unknown / no savings account,... >= 7 years,2,male,co-applicant,3,unknown / no property,46,stores,own,2,unskilled - resident,2,"yes, registered under customer's name",yes,2,divorced/separated
0 <= ... < 200 DM,34,existing credits paid back duly till now,furniture/equipment,2551,500 <= ... < 1000 DM,unemployed,2,female,guarantor,1,building society savings agreement / life insurance,31,none,own,1,skilled employee / official,1,none,yes,1,single
... >= 200 DM / salary assignments for at least 1 year,21,critical account / other credits existing (not at this bank),car (new),11277,... < 100 DM,unemployed,4,male,co-applicant,3,unknown / no property,39,stores,own,1,unskilled - resident,2,"yes, registered under customer's name",yes,1,married/widowed
no checking account,22,existing credits paid back duly till now,education,2934,... < 100 DM,4 <= ... < 7 years,4,male,none,2,real estate,46,bank,rent,4,management / self-employed / highly qualified employee / officer,1,none,yes,2,married/widowed
0 <= ... < 200 DM,25,all credits at this bank paid back duly,repairs,2710,... < 100 DM,4 <= ... < 7 years,3,female,co-applicant,4,"car or other, not in savings account",30,none,rent,4,skilled employee / official,1,"yes, registered under customer's name",yes,1,divorced/separated
no checking account,23,all credits at this bank paid back duly,car (used),10976,... >= 1000 DM,1 <= ... < 4 years,3,male,co-applicant,3,building society savings agreement / life insurance,36,bank,for free,1,unemployed / unskilled - non-resident,1,"yes, registered under customer's name",yes,1,married/widowed
... < 0 DM,20,critical account / other credits existing (not at this bank),radio/television,2764,unknown / no savings account,4 <= ... < 7 years,1,male,guarantor,1,building society savings agreement / life insurance,67,bank,own,1,skilled employee / official,1,none,no,1,single
no checking account,12,critical account / other credits existing (not at this bank),domestic appliances,628,500 <= ... < 1000 DM,... >= 7 years,2,female,co-applicant,4,real estate,19,none,own,2,management / self-employed / highly qualified employee / officer,2,none,no,2,single
no checking account,6,critical account / other credits existing (not at this bank),radio/television,7857,... < 100 DM,... >= 7 years,3,female,co-applicant,3,unknown / no property,19,none,own,3,unskilled - resident,1,"yes, registered under customer's name",no,1,single
... < 0 DM,19,critical account / other credits existing (not at this bank),car (used),1992,500 <= ... < 1000 DM,unemployed,1,male,guarantor,4,"car or other, not in savings account",46,none,for free,2,unskilled - resident,1,none,yes,2,single
no checking account,15,critical account / other credits existing (not at this bank),repairs,1727,100 <= ... < 500 DM,... >= 7 years,1,male,co-applicant,2,unknown / no property,44,stores,own,3,unskilled - resident,2,"yes, registered under customer's name",yes,2,divorced/separated
0 <= ... < 200 DM,24,all credits at this bank paid back duly,retraining,3797,100 <= ... < 500 DM,... >= 7 years,2,female,guarantor,1,unknown / no property,26,bank,rent,1,unskilled - resident,2,none,no,1,divorced/separated
0 <= ... < 200 DM,22,all credits at this bank paid back duly,education,2769,unknown / no savings account,4 <= ... < 7 years,4,male,co-applicant,2,"car or other, not in savings account",25,none,rent,2,management / self-employed / highly qualified employee / officer,2,none,yes,1,divorced/separated
... >= 200 DM / salary assignments for at least 1 year,57,existing credits paid back duly till now,retraining,3760,unknown / no savings account,1 <= ... < 4 years,4,female,co-applicant,1,building society savings agreement / life insurance,24,bank,rent,4,unemployed / unskilled - non-resident,2,"yes, registered under customer's name",yes,2,divorced/separated
... >= 200 DM / salary assignments for at least 1 year,49,existing credits paid back duly till now,business,13013,100 <= ... < 500 DM,1 <= ... < 4 years,4,male,none,2,real estate,43,bank,for free,1,management / self-employed / highly qualified employee / officer,2,none,yes,1,divorced/separated
... >= 200 DM / salary assignments for at least 1 year,46,critical account / other credits existing (not at this bank),domestic appliances,8264,unknown / no savings account,4 <= ... < 7 years,4,male,none,2,"car or other, not in savings account",39,bank,rent,3,management / self-employed / highly qualified employee / officer,1,"yes, registered under customer's name",yes,1,married/widowed
... < 0 DM,4,critical account / other credits existing (not at this bank),car (used),2561,unknown / no savings account,... < 1 year,2,female,none,3,unknown / no property,28,bank,own,1,management / self-employed / highly qualified employee / officer,2,"yes, registered under customer's name",yes,2,divorced/separated
... < 0 DM,24,delay in paying off in the past,others,1021,... >= 1000 DM,unemployed,1,male,co-applicant,4,"car or other, not in savings account",54,bank,for free,2,management / self-employed / highly qualified employee / officer,2,none,yes,2,single
... >= 200 DM / salary assignments for at least 1 year,15,existing credits paid back duly till now,car (new),1185,unknown / no savings account,... < 1 year,1,female,co-applicant,2,"car or other, not in savings account",21,none,for free,2,unskilled - resident,1,none,yes,2,married/widowed
... >= 200 DM / salary assignments for at least 1 year,38,existing credits paid back duly till now,repairs,4474,unknown / no savings account,... < 1 year,4,male,none,3,real estate,71,none,rent,2,unemployed / unskilled - non-resident,1,"yes, registered under customer's name",yes,2,married/widowed
... >= 200 DM / salary assignments for at least 1 year,20,critical account / other credits existing (not at this bank),car (new),2558,unknown / no savings account,1 <= ... < 4 years,2,female,guarantor,4,"car or other, not in savings account",19,none,own,2,management / self-employed / highly qualified employee / officer,1,none,yes,2,divorced/separated
... >= 200 DM / salary assignments for at least 1 year,14,no credits taken / all credits paid back duly,repairs,6777,100 <= ... < 500 DM,4 <= ... < 7 years,3,male,guarantor,4,building society savings agreement / life insurance,32,bank,for free,1,skilled employee / official,1,"yes, registered under customer's name",yes,1,single
... < 0 DM,17,no credits taken / all credits paid back duly,retraining,6535,... < 100 DM,1 <= ... < 4 years,1,male,none,4,"car or other, not in savings account",27,stores,rent,1,management / self-employed / highly qualified employee / officer,1,"yes, registered under customer's name",yes,2,divorced/separated
... < 0 DM,27,delay in paying off in the past,education,3188,... >= 1000 DM,4 <= ... < 7 years,3,male,co-applicant,3,real estate,49,none,for free,4,unemployed / unskilled - non-resident,1,"yes, registered under customer's name",yes,1,single
... < 0 DM,21,no credits taken / all credits paid back duly,car (used),9660,unknown / no savings account,1 <= ... < 4 years,2,male,guarantor,2,"car or other, not in savings account",26,none,for free,2,management / self-employed / highly qualified employee / officer,2,"yes, registered under customer's name",no,2,married/widowed
0 <= ... < 200 DM,26,no credits taken / all credits paid back duly,radio/television,837,... < 100 DM,4 <= ... < 7 years,1,female,none,4,"car or other, not in savings account",37,none,rent,2,skilled employee / official,2,"yes, registered under customer's name",yes,1,single
0 <= ... < 200 DM,26,delay in paying off in the past,car (used),4168,... < 100 DM,1 <= ... < 4 years,4,female,none,3,unknown / no property,54,stores,for free,2,skilled employee / official,1,none,yes,1,divorced/separated
0 <= ... < 200 DM,42,no credits taken / all credits paid back duly,retraining,9108,500 <= ... < 1000 DM,4 <= ... < 7 years,1,female,none,4,"car or other, not in savings account",60,stores,rent,4,management / self-employed / highly qualified employee / officer,1,"yes, registered under customer's name",yes,1,divorced/separated
0 <= ... < 200 DM,6,existing credits paid back duly till now,car (used),1877,100 <= ... < 500 DM,... < 1 year,1,female,guarantor,3,building society savings agreement / life insurance,52,bank,own,1,unemployed / unskilled - non-resident,1,"yes, registered under customer's name",yes,1,single
no checking account,4,critical account / other credits existing (not at this bank),car (new),2186,... < 100 DM,1 <= ... < 4 years,4,male,none,2,building society savings agreement / life insurance,21,none,rent,1,unemployed / unskilled - non-resident,2,"yes, registered under customer's name",no,1,single
0 <= ... < 200 DM,28,all credits at this bank paid back duly,car (used),1115,100 <= ... < 500 DM,... >= 7 years,4,female,none,3,building society savings agreement / life insurance,50,none,rent,1,unemployed / unskilled - non-resident,1,none,yes,2,single
0 <= ... < 200 DM,31,no credits taken / all credits paid back duly,others,13960,500 <= ... < 1000 DM,1 <= ... < 4 years,4,male,co-applicant,1,real estate,19,none,rent,1,skilled employee / official,1,none,no,1,divorced/separated
0 <= ... < 200 DM,19,existing credits paid back duly till now,furniture/equipment,6563,... >= 1000 DM,4 <= ... < 7 years,2,male,co-applicant,1,unknown / no property,39,none,rent,1,skilled employee / official,2,"yes, registered under customer's name",no,1,single
... < 0 DM,21,delay in paying off in the past,repairs,250,... < 100 DM,... >= 7 years,4,female,co-applicant,4,real estate,61,none,own,2,management / self-employed / highly qualified employee / officer,1,none,yes,2,divorced/separated
no checking account,26,delay in paying off in the past,radio/television,6127,... < 100 DM,1 <= ... < 4 years,4,female,none,3,unknown / no property,31,none,own,2,skilled employee / official,1,none,no,2,divorced/separated
... >= 200 DM / salary assignments for at least 1 year,21,critical account / other credits existing (not at this bank),repairs,445,... >= 1000 DM,unemployed,4,male,none,4,unknown / no property,24,stores,for free,2,unskilled - resident,1,"yes, registered under customer's name",yes,1,single
0 <= ... < 200 DM,23,existing credits paid back duly till now,education,1577,100 <= ... < 500 DM,... >= 7 years,2,male,co-applicant,2,"car or other, not in savings account",25,none,for free,2,management / self-employed / highly qualified employee / officer,2,none,yes,1,divorced/separated
... >= 200 DM / salary assignments for at least 1 year,4,no credits taken / all credits paid back duly,car (new),250,500 <= ... < 1000 DM,... >= 7 years,3,male,guarantor,4,unknown / no property,24,none,rent,2,unskilled - resident,1,none,yes,1,single
... >= 200 DM / salary assignments for at least 1 year,22,existing credits paid back duly till now,repairs,10004,... < 100 DM,... < 1 year,2,female,co-applicant,3,"car or other, not in savings account",23,stores,own,3,unskilled - resident,1,none,yes,1,married/widowed
0 <= ... < 200 DM,27,all credits at this bank paid back duly,radio/television,5727,100 <= ... < 500 DM,1 <= ... < 4 years,2,male,none,2,real estate,19,stores,own,2,management / self-employed / highly qualified employee / officer,1,none,no,2,divorced/separated
... >= 200 DM / salary assignments for at least 1 year,26,existing credits paid back duly till now,car (new),11164,... >= 1000 DM,... < 1 year,4,male,co-applicant,2,"car or other, not in savings account",35,bank,own,1,unemployed / unskilled - non-resident,1,none,yes,2,single
no checking account,50,delay in paying off in the past,education,2041,... < 100 DM,... >= 7 years,1,male,none,1,real estate,23,none,for free,4,skilled employee / official,1,none,no,1,married/widowed
no checking account,15,existing credits paid back duly till now,repairs,1773,unknown / no savings account,4 <= ... < 7 years,1,female,none,4,real estate,38,bank,for free,4,unemployed / unskilled - non-resident,1,"yes, registered under customer's name",yes,1,married/widowed
0 <= ... < 200 DM,17,existing credits paid back duly till now,car (used),4215,500 <= ... < 1000 DM,... >= 7 years,3,male,none,4,unknown / no property,35,none,rent,2,skilled employee / official,1,none,yes,1,married/widowed
0 <= ... < 200 DM,36,existing credits paid back duly till now,repairs,3101,... < 100 DM,1 <= ... < 4 years,4,male,guarantor,2,unknown / no property,19,bank,own,4,skilled employee / official,1,none,no,1,married/widowed
0 <= ... < 200 DM,26,critical account / other credits existing (not at this bank),others,1273,... >= 1000 DM,... < 1 year,3,male,co-applicant,2,real estate,31,none,own,1,skilled employee / official,1,"yes, registered under customer's name",yes,2,married/widowed
... < 0 DM,17,existing credits paid back duly till now,radio/television,2898,100 <= ... < 500 DM,4 <= ... < 7 years,1,male,none,3,unknown / no property,54,none,for free,1,unskilled - resident,1,none,yes,1,divorced/separated
no checking account,15,no credits taken / all credits paid back duly,radio/television,4599,unknown / no savings account,unemployed,4,male,co-applicant,1,"car or other, not in savings account",21,bank,own,2,management / self-employed / highly qualified employee / officer,1,"yes, registered under customer's name",yes,2,married/widowed
no checking account,20,no credits taken / all credits paid back duly,repairs,5316,unknown / no savings account,1 <= ... < 4 years,3,male,guarantor,3,unknown / no property,27,stores,for free,1,unemployed / unskilled - non-resident,2,none,no,1,married/widowed
no checking account,27,all credits at this bank paid back duly,retraining,10939,... < 100 DM,... < 1 year,4,male,guarantor,4,real estate,33,bank,own,1,management / self-employed / highly qualified employee / officer,1,"yes, registered under customer's name",yes,1,married/widowed
... < 0 DM,21,no credits taken / all credits paid back duly,education,7835,100 <= ... < 500 DM,1 <= ... < 4 years,4,male,co-applicant,2,real estate,26,bank,own,1,skilled employee / official,2,none,yes,1,divorced/separated
no checking account,27,no credits taken / all credits paid back duly,education,986,unknown / no savings account,4 <= ... < 7 years,2,male,co-applicant,3,"car or other, not in savings account",33,none,for free,1,unemployed / unskilled - non-resident,1,"yes, registered under customer's name",yes,1,divorced/separated
... < 0 DM,20,existing credits paid back duly till now,car (used),4747,... >= 1000 DM,... < 1 year,3,female,guarantor,2,building society savings agreement / life insurance,19,stores,own,1,skilled employee / official,2,"yes, registered under customer's name",yes,1,divorced/separated
... >= 200 DM / salary assignments for at least 1 year,4,existing credits paid back duly till now,furniture/equipment,1060,100 <= ... < 500 DM,... < 1 year,4,male,co-applicant,4,building society savings agreement / life insurance,28,bank,own,2,unemployed / unskilled - non-resident,1,none,no,2,divorced/separated
no checking account,23,existing credits paid back duly till now,radio/television,5291,... < 100 DM,1 <= ... < 4 years,4,male,none,1,real estate,36,none,rent,1,skilled employee / official,2,"yes, registered under customer's name",no,2,divorced/separated
no checking account,18,all credits at this bank paid back duly,repairs,2751,unknown / no savings account,1 <= ... < 4 years,1,male,guarantor,4,real estate,25,none,own,3,management / self-employed / highly qualified employee / officer,2,"yes, registered under customer's name",yes,2,divorced/separated
... >= 200 DM / salary assignments for at least 1 year,33,existing credits paid back duly till now,car (used),642,100 <= ... < 500 DM,1 <= ... < 4 years,1,female,none,3,unknown / no property,64,none,rent,1,unemployed / unskilled - non-resident,1,none,yes,1,single
no checking account,24,delay in paying off in the past,repairs,1583,500 <= ... < 1000 DM,1 <= ... < 4 years,2,female,guarantor,3,"car or other, not in savings account",19,none,for free,1,management / self-employed / highly qualified employee / officer,1,"yes, registered under customer's name",no,2,married/widowed
no checking account,28,critical account / other credits existing (not at this bank),repairs,1932,500 <= ... < 1000 DM,... < 1 year,4,male,guarantor,3,building society savings agreement / life insurance,39,bank,own,2,unskilled - resident,1,"yes, registered under customer's name",no,2,married/widowed
... >= 200 DM / salary assignments for at least 1 year,26,critical account / other credits existing (not at this bank),furniture/equipment,667,unknown / no savings account,... >= 7 years,3,female,none,2,real estate,28,none,rent,4,unemployed / unskilled - non-resident,1,"yes, registered under customer's name",yes,2,married/widowed
... >= 200 DM / salary assignments for at least 1 year,12,delay in paying off in the past,others,7636,500 <= ... < 1000 DM,... >= 7 years,3,male,co-applicant,2,real estate,39,none,rent,1,skilled employee / official,1,none,yes,1,divorced/separated
no checking account,21,delay in paying off in the past,car (used),1610,500 <= ... < 1000 DM,... >= 7 years,1,male,guarantor,4,real estate,27,bank,for free,2,unemployed / unskilled - non-resident,2,"yes, registered under customer's name",yes,2,divorced/separated
... >= 200 DM / salary assignments for at least 1 year,22,existing credits paid back duly till now,car (new),2130,unknown / no savings account,... < 1 year,2,male,none,2,unknown / no property,66,bank,rent,1,management / self-employed / highly qualified employee / officer,2,"yes, registered under customer's name",no,2,married/widowed
no checking account,26,delay in paying off in the past,car (used),4802,100 <= ... < 500 DM,1 <= ... < 4 years,4,male,co-applicant,2,real estate,19,none,for free,3,unemployed / unskilled - non-resident,1,none,yes,2,single
... < 0 DM,8,no credits taken / all credits paid back duly,repairs,14953,... >= 1000 DM,... >= 7 years,1,female,co-applicant,2,"car or other, not in savings account",46,stores,own,3,unemployed / unskilled - non-resident,1,none,yes,1,single
... >= 200 DM / salary assignments for at least 1 year,29,no credits taken / all credits paid back duly,business,2308,500 <= ... < 1000 DM,... < 1 year,4,female,none,4,unknown / no property,41,stores,own,1,management / self-employed / highly qualified employee / officer,2,none,yes,2,single
... < 0 DM,27,no credits taken / all credits paid back duly,domestic appliances,14197,unknown / no savings account,4 <= ... < 7 years,1,female,none,4,building society savings agreement / life insurance,21,none,for free,1,unskilled - resident,2,none,yes,1,single
... < 0 DM,25,no credits taken / all credits paid back duly,repairs,12232,100 <= ... < 500 DM,unemployed,4,male,none,2,unknown / no property,45,stores,rent,2,management / self-employed / highly qualified employee / officer,1,none,no,2,divorced/separated
0 <= ... < 200 DM,4,all credits at this bank paid back duly,furniture/equipment,5888,... >= 1000 DM,... >= 7 years,2,female,none,3,"car or other, not in savings account",51,none,own,2,unemployed / unskilled - non-resident,1,"yes, registered under customer's name",no,1,divorced/separated
... < 0 DM,22,critical account / other credits existing (not at this bank),car (new),7035,500 <= ... < 1000 DM,unemployed,4,female,none,4,unknown / no property,34,none,for free,2,unemployed / unskilled - non-resident,1,none,no,1,single
0 <= ... < 200 DM,23,critical account / other credits existing (not at this bank),car (new),250,unknown / no savings account,1 <= ... < 4 years,2,male,co-applicant,1,unknown / no property,25,none,for free,1,management / self-employed / highly qualified employee / officer,1,none,yes,1,single
0 <= ... < 200 DM,21,critical account / other credits existing (not at this bank),car (new),1703,500 <= ... < 1000 DM,... >= 7 years,2,male,guarantor,2,unknown / no property,30,none,own,2,unskilled - resident,2,none,no,1,married/widowed
... < 0 DM,25,existing credits paid back duly till now,business,1522,... < 100 DM,... >= 7 years,2,female,co-applicant,4,"car or other, not in savings account",19,none,rent,2,unskilled - resident,1,none,no,2,divorced/separated
0 <= ... < 200 DM,19,critical account / other credits existing (not at this bank),education,9102,500 <= ... < 1000 DM,1 <= ... < 4 years,4,male,none,4,unknown / no property,22,none,rent,2,skilled employee / official,2,none,no,1,single
... >= 200 DM / salary assignments for at least 1 year,6,all credits at this bank paid back duly,car (used),6176,500 <= ... < 1000 DM,... >= 7 years,4,female,none,4,building society savings agreement / life insurance,29,none,for free,1,management / self-employed / highly qualified employee / officer,2,"yes, registered under customer's name",yes,1,married/widowed
no checking account,23,no credits taken / all credits paid back duly,education,2801,... >= 1000 DM,... < 1 year,1,male,co-applicant,1,real estate,19,bank,rent,1,skilled employee / official,1,none,no,2,married/widowed
... >= 200 DM / salary assignments for at least 1 year,44,critical account / other credits existing (not at this bank),domestic appliances,1216,100 <= ... < 500 DM,4 <= ... < 7 years,3,female,none,2,"car or other, not in savings account",29,bank,for free,3,unemployed / unskilled - non-resident,1,none,yes,1,divorced/separated
... >= 200 DM / salary assignments for at least 1 year,4,all credits at this bank paid back duly,car (used),5865,500 <= ... < 1000 DM,1 <= ... < 4 years,1,female,none,3,unknown / no property,45,bank,for free,1,unskilled - resident,1,"yes, registered under customer's name",yes,2,single
... < 0 DM,19,no credits taken / all credits paid back duly,radio/television,2169,... < 100 DM,1 <= ... < 4 years,3,male,none,4,unknown / no property,29,bank,rent,1,management / self-employed / highly qualified employee / officer,2,none,yes,1,single
... < 0 DM,42,existing credits paid back duly till now,repairs,2077,... >= 1000 DM,4 <= ... < 7 years,4,male,none,4,unknown / no property,20,bank,own,2,unskilled - resident,2,none,yes,1,single
... >= 200 DM / salary assignments for at least 1 year,39,critical account / other credits existing (not at this bank),domestic appliances,5619,unknown / no savings account,... < 1 year,2,female,co-applicant,1,"car or other, not in savings account",45,stores,for free,4,management / self-employed / highly qualified employee / officer,2,none,no,1,divorced/separated
0 <= ... < 200 DM,20,existing credits paid back duly till now,business,1994,... < 100 DM,1 <= ... < 4 years,2,male,guarantor,2,"car or other, not in savings account",41,none,own,2,management / self-employed / highly qualified employee / officer,1,"yes, registered under customer's name",no,2,single
no checking account,25,existing credits paid back duly till now,repairs,1403,... < 100 DM,... < 1 year,2,male,co-applicant,1,"car or other, not in savings account",34,none,own,2,management / self-employed / highly qualified employee / officer,1,"yes, registered under customer's name",no,1,married/widowed
no checking account,7,existing credits paid back duly till now,domestic appliances,2398,500 <= ... < 1000 DM,unemployed,3,male,co-applicant,2,building society savings agreement / life insurance,21,none,rent,1,skilled employee / official,1,none,yes,1,married/widowed
no checking account,21,critical account / other credits existing (not at this bank),repairs,4824,... < 100 DM,... >= 7 years,3,female,co-applicant,1,"car or other, not in savings account",28,stores,own,3,management / self-employed / highly qualified employee / officer,2,none,no,1,married/widowed
... >= 200 DM / salary assignments for at least 1 year,8,critical account / other credits existing (not at this bank),car (used),250,... < 100 DM,... < 1 year,3,male,none,1,"car or other, not in savings account",28,bank,own,1,management / self-employed / highly qualified employee / officer,2,"yes, registered under customer's name",yes,1,single
no checking account,22,no credits taken / all credits paid back duly,education,1783,500 <= ... < 1000 DM,1 <= ... < 4 years,1,male,none,4,real estate,31,bank,rent,1,unemployed / unskilled - non-resident,2,"yes, registered under customer's name",yes,1,divorced/separated
no checking account,24,critical account / other credits existing (not at this bank),car (used),15945,unknown / no savings account,... >= 7 years,4,male,guarantor,3,building society savings agreement / life insurance,39,none,own,1,unemployed / unskilled - non-resident,2,"yes, registered under customer's name",yes,1,married/widowed
no checking account,7,no credits taken / all credits paid back duly,repairs,4072,100 <= ... < 500 DM,1 <= ... < 4 years,1,male,co-applicant,1,unknown / no property,53,none,for free,2,unemployed / unskilled - non-resident,1,"yes, registered under customer's name",no,1,married/widowed
0 <= ... < 200 DM,21,delay in paying off in the past,business,15945,100 <= ... < 500 DM,... >= 7 years,4,male,co-applicant,4,unknown / no property,32,bank,rent,1,skilled employee / official,2,"yes, registered under customer's name",no,2,married/widowed
0 <= ... < 200 DM,20,existing credits paid back duly till now,furniture/equipment,9308,... < 100 DM,4 <= ... < 7 years,2,male,guarantor,4,real estate,46,none,own,2,unemployed / unskilled - non-resident,2,"yes, registered under customer's name",no,1,divorced/separated
... >= 200 DM / salary assignments for at least 1 year,6,existing credits paid back duly till now,furniture/equipment,599,... < 100 DM,4 <= ... < 7 years,4,male,co-applicant,2,unknown / no property,27,bank,own,1,management / self-employed / highly qualified employee / officer,1,none,yes,1,divorced/separated
0 <= ... < 200 DM,23,all credits at this bank paid back duly,radio/television,4316,500 <= ... < 1000 DM,... >= 7 years,2,male,none,4,building society savings agreement / life insurance,29,bank,rent,1,unemployed / unskilled - non-resident,2,none,yes,1,single
0 <= ... < 200 DM,11,delay in paying off in the past,education,1691,unknown / no savings account,4 <= ... < 7 years,4,female,guarantor,4,building society savings agreement / life insurance,19,bank,own,1,management / self-employed / highly qualified employee / officer,1,none,yes,1,divorced/separated
no checking account,27,all credits at this bank paid back duly,radio/television,2835,... < 100 DM,1 <= ... < 4 years,4,male,none,3,unknown / no property,34,none,for free,2,unskilled - resident,1,"yes, registered under customer's name",no,2,divorced/separated
no checking account,22,no credits taken / all credits paid back duly,repairs,11416,100 <= ... < 500 DM,... >= 7 years,4,male,none,4,building society savings agreement / life insurance,24,none,for free,1,management / self-employed / highly qualified employee / officer,1,none,yes,1,divorced/separated
no checking account,26,all credits at this bank paid back duly,education,1571,... < 100 DM,... >= 7 years,1,female,co-applicant,1,unknown / no property,27,bank,for free,2,skilled employee / official,1,none,no,1,married/widowed
... < 0 DM,4,critical account / other credits existing (not at this bank),retraining,1263,... < 100 DM,4 <= ... < 7 years,4,female,co-applicant,2,building society savings agreement / life insurance,24,stores,own,4,unskilled - resident,2,"yes, registered under customer's name",yes,1,married/widowed
0 <= ... < 200 DM,24,no credits taken / all credits paid back duly,furniture/equipment,4646,100 <= ... < 500 DM,4 <= ... < 7 years,1,male,guarantor,4,real estate,48,stores,rent,2,unskilled - resident,1,"yes, registered under customer's name",yes,2,single
... >= 200 DM / salary assignments for at least 1 year,4,critical account / other credits existing (not at this bank),car (new),9262,100 <= ... < 500 DM,1 <= ... < 4 years,3,male,guarantor,1,unknown / no property,56,stores,for free,2,skilled employee / official,2,none,yes,1,married/widowed
