checking_account_status,duration_months,credit_history,purpose,credit_amount,savings_account,employment_duration,installment_rate,sex,other_debtors,residence_duration,property,age,other_installment_plans,housing,existing_credits,job,num_dependents,telephone,foreign_worker,target,relationship status
no checking account,50,existing credits paid back duly till now,education,250,unknown / no savings account,1 <= ... < 4 years,3,female,none,2,unknown / no property,26,bank,own,1,skilled employee / official,1,none,yes,1,divorced/separated
0 <= ... < 200 DM,35,existing credits paid back duly till now,car (new),1100,unknown / no savings account,1 <= ... < 4 years,2,female,none,2,real estate,34,none,rent,3,skilled employee / official,1,"yes, registered under customer's name",yes,1,single
0 <= ... < 200 DM,4,no credits taken / all credits paid back duly,radio/television,5233,500 <= ... < 1000 DM,4 <= ... < 7 years,1,male,none,1,real estate,33,none,own,1,skilled employee / official,1,none,yes,1,divorced/separated
... < 0 DM,17,critical account / other credits existing (not at this bank),car (new),250,100 <= ... < 500 DM,... >= 7 years,4,male,none,2,real estate,33,none,own,1,management / self-employed / highly qualified employee / officer,1,none,yes,2,divorced/separated
no checking account,5,existing credits paid back duly till now,radio/television,954,... < 100 DM,... >= 7 years,1,female,co-applicant,4,"car or other, not in savings account",26,none,own,2,unemployed / unskilled - non-resident,1,none,yes,1,divorced/separated
0 <= ... < 200 DM,7,existing credits paid back duly till now,car (new),379,... < 100 DM,... >= 7 years,2,female,none,1,"car or other, not in savings account",45,none,own,1,skilled employee / official,1,none,yes,1,divorced/separated
0 <= ... < 200 DM,60,existing credits paid back duly till now,radio/television,250,... < 100 DM,4 <= ... < 7 years,4,female,none,2,real estate,32,none,own,1,skilled employee / official,1,none,yes,1,single
no checking account,17,critical account / other credits existing (not at this bank),business,15945,unknown / no savings account,1 <= ... < 4 years,3,male,none,4,real estate,27,none,for free,2,skilled employee / official,1,"yes, registered under customer's name",yes,2,divorced/separated
no checking account,41,no credits taken / all credits paid back duly,education,4974,... >= 1000 DM,... < 1 year,2,male,none,1,unknown / no property,49,none,own,1,skilled employee / official,1,none,yes,1,married/widowed
0 <= ... < 200 DM,17,critical account / other credits existing (not at this bank),car (new),250,... >= 1000 DM,4 <= ... < 7 years,4,male,none,2,unknown / no property,29,bank,own,1,unemployed / unskilled - non-resident,2,"yes, registered under customer's name",yes,1,single
0 <= ... < 200 DM,23,existing credits paid back duly till now,business,7796,unknown / no savings account,... >= 7 years,2,male,none,2,building society savings agreement / life insurance,46,bank,for free,1,skilled employee / official,1,none,yes,1,single
0 <= ... < 200 DM,57,critical account / other credits existing (not at this bank),furniture/equipment,5709,unknown / no savings account,... >= 7 years,4,male,none,4,"car or other, not in savings account",23,none,own,1,management / self-employed / highly qualified employee / officer,1,"yes, registered under customer's name",yes,1,divorced/separated
no checking account,10,existing credits paid back duly till now,education,1477,... < 100 DM,... >= 7 years,4,female,none,2,real estate,38,bank,own,2,skilled employee / official,1,"yes, registered under customer's name",yes,1,single
0 <= ... < 200 DM,58,existing credits paid back duly till now,business,4347,unknown / no savings account,unemployed,1,female,co-applicant,3,building society savings agreement / life insurance,38,none,own,1,skilled employee / official,2,"yes, registered under customer's name",yes,1,single
0 <= ... < 200 DM,27,existing credits paid back duly till now,furniture/equipment,2438,unknown / no savings account,... < 1 year,3,male,none,4,real estate,63,stores,for free,1,skilled employee / official,1,"yes, registered under customer's name",yes,2,single
0 <= ... < 200 DM,72,critical account / other credits existing (not at this bank),car (used),9267,unknown / no savings account,... >= 7 years,2,male,none,1,"car or other, not in savings account",19,none,own,1,skilled employee / official,1,none,yes,2,married/widowed
... < 0 DM,28,critical account / other credits existing (not at this bank),others,486,... < 100 DM,1 <= ... < 4 years,4,female,none,2,unknown / no property,47,none,own,2,skilled employee / official,1,none,yes,1,single
no checking account,18,existing credits paid back duly till now,furniture/equipment,2152,... >= 1000 DM,1 <= ... < 4 years,2,male,none,4,building society savings agreement / life insurance,33,bank,own,1,skilled employee / official,1,"yes, registered under customer's name",yes,1,single
0 <= ... < 200 DM,72,existing credits paid back duly till now,car (new),250,... < 100 DM,... < 1 year,4,female,none,3,"car or other, not in savings account",44,none,rent,1,skilled employee / official,1,none,yes,1,divorced/separated
0 <= ... < 200 DM,52,existing credits paid back duly till now,furniture/equipment,625,... < 100 DM,... >= 7 years,2,male,none,2,"car or other, not in savings account",27,none,rent,1,skilled employee / official,1,none,yes,2,single
0 <= ... < 200 DM,26,delay in paying off in the past,radio/television,1402,... < 100 DM,1 <= ... < 4 years,2,female,none,1,real estate,74,none,own,2,skilled employee / official,1,none,yes,1,single
no checking account,28,critical account / other credits existing (not at this bank),repairs,2701,500 <= ... < 1000 DM,... < 1 year,2,female,none,1,building society savings agreement / life insurance,40,none,own,1,unskilled - resident,1,"yes, registered under customer's name",yes,1,divorced/separated
0 <= ... < 200 DM,11,all credits at this bank paid back duly,radio/television,1942,100 <= ... < 500 DM,1 <= ... < 4 years,4,male,none,3,building society savings agreement / life insurance,59,none,own,1,unskilled - resident,1,none,yes,1,single
0 <= ... < 200 DM,12,delay in paying off in the past,radio/television,13545,... < 100 DM,1 <= ... < 4 years,1,male,none,3,"car or other, not in savings account",54,bank,own,1,skilled employee / official,2,none,yes,2,single
no checking account,48,existing credits paid back duly till now,radio/television,3804,500 <= ... < 1000 DM,... >= 7 years,4,male,none,1,"car or other, not in savings account",34,none,for free,1,skilled employee / official,1,"yes, registered under customer's name",yes,1,single
0 <= ... < 200 DM,26,critical account / other credits existing (not at this bank),car (used),250,... < 100 DM,... >= 7 years,4,male,none,3,"car or other, not in savings account",28,none,own,1,skilled employee / official,1,"yes, registered under customer's name",yes,2,single
... < 0 DM,12,critical account / other credits existing (not at this bank),car (new),250,... < 100 DM,... >= 7 years,4,male,guarantor,2,"car or other, not in savings account",47,bank,for free,1,unskilled - resident,1,none,yes,1,divorced/separated
... < 0 DM,8,existing credits paid back duly till now,car (new),250,... < 100 DM,... >= 7 years,2,male,none,3,unknown / no property,51,none,own,1,unskilled - resident,1,none,yes,1,divorced/separated
0 <= ... < 200 DM,65,critical account / other credits existing (not at this bank),radio/television,14103,... < 100 DM,... < 1 year,1,male,none,3,building society savings agreement / life insurance,33,bank,own,1,skilled employee / official,1,"yes, registered under customer's name",yes,2,single
no checking account,4,all credits at this bank paid back duly,radio/television,362,unknown / no savings account,... >= 7 years,3,female,none,4,building society savings agreement / life insurance,33,none,own,2,management / self-employed / highly qualified employee / officer,1,none,yes,1,single
0 <= ... < 200 DM,21,critical account / other credits existing (not at this bank),car (new),2783,... < 100 DM,1 <= ... < 4 years,2,male,none,2,"car or other, not in savings account",38,none,own,2,skilled employee / official,1,"yes, registered under customer's name",yes,1,single
0 <= ... < 200 DM,25,critical account / other credits existing (not at this bank),radio/television,250,... < 100 DM,... < 1 year,4,male,none,4,unknown / no property,31,none,for free,1,management / self-employed / highly qualified employee / officer,1,none,yes,1,single
... < 0 DM,20,existing credits paid back duly till now,car (new),509,... < 100 DM,... >= 7 years,2,male,guarantor,2,building society savings agreement / life insurance,50,none,own,1,unskilled - resident,1,"yes, registered under customer's name",yes,1,single
... < 0 DM,66,existing credits paid back duly till now,radio/television,744,unknown / no savings account,... < 1 year,2,female,guarantor,4,"car or other, not in savings account",34,none,rent,1,management / self-employed / highly qualified employee / officer,1,"yes, registered under customer's name",yes,1,single
0 <= ... < 200 DM,5,critical account / other credits existing (not at this bank),business,1079,... < 100 DM,... < 1 year,2,female,none,4,real estate,48,none,for free,1,skilled employee / official,1,none,yes,1,married/widowed
... >= 200 DM / salary assignments for at least 1 year,26,critical account / other credits existing (not at this bank),car (new),264,... < 100 DM,4 <= ... < 7 years,1,female,none,1,real estate,31,none,own,1,unskilled - resident,1,none,yes,1,divorced/separated
0 <= ... < 200 DM,27,delay in paying off in the past,car (used),324,... < 100 DM,4 <= ... < 7 years,1,male,none,3,real estate,25,none,for free,1,management / self-employed / highly qualified employee / officer,1,"yes, registered under customer's name",yes,1,divorced/separated
0 <= ... < 200 DM,29,existing credits paid back duly till now,furniture/equipment,250,... < 100 DM,1 <= ... < 4 years,1,male,none,3,"car or other, not in savings account",33,none,own,1,skilled employee / official,1,none,yes,1,single
0 <= ... < 200 DM,71,existing credits paid back duly till now,radio/television,990,... < 100 DM,... >= 7 years,3,male,none,3,real estate,56,none,own,1,skilled employee / official,1,none,yes,1,single
0 <= ... < 200 DM,60,delay in paying off in the past,radio/television,1525,... < 100 DM,4 <= ... < 7 years,1,male,none,4,unknown / no property,54,none,own,1,skilled employee / official,1,"yes, registered under customer's name",no,1,single
0 <= ... < 200 DM,34,existing credits paid back duly till now,repairs,1448,... < 100 DM,... >= 7 years,2,female,none,3,"car or other, not in savings account",42,none,rent,1,skilled employee / official,1,"yes, registered under customer's name",yes,1,single
0 <= ... < 200 DM,59,all credits at this bank paid back duly,car (new),1648,500 <= ... < 1000 DM,4 <= ... < 7 years,4,male,none,2,real estate,42,none,own,1,skilled employee / official,2,"yes, registered under customer's name",yes,1,married/widowed
0 <= ... < 200 DM,21,existing credits paid back duly till now,car (new),502,... < 100 DM,1 <= ... < 4 years,1,female,none,3,unknown / no property,59,none,for free,1,skilled employee / official,1,none,no,1,divorced/separated
no checking account,52,existing credits paid back duly till now,furniture/equipment,1523,... < 100 DM,4 <= ... < 7 years,2,male,none,2,building society savings agreement / life insurance,36,none,for free,1,skilled employee / official,1,"yes, registered under customer's name",yes,1,divorced/separated
0 <= ... < 200 DM,12,critical account / other credits existing (not at this bank),furniture/equipment,250,unknown / no savings account,1 <= ... < 4 years,1,male,none,1,"car or other, not in savings account",49,none,own,1,skilled employee / official,1,none,yes,2,single
no checking account,19,existing credits paid back duly till now,radio/television,2712,... < 100 DM,... >= 7 years,4,female,none,2,building society savings agreement / life insurance,35,none,rent,1,unemployed / unskilled - non-resident,1,none,yes,2,single
0 <= ... < 200 DM,6,critical account / other credits existing (not at this bank),radio/television,754,unknown / no savings account,1 <= ... < 4 years,4,female,none,2,real estate,41,none,own,1,skilled employee / official,1,"yes, registered under customer's name",yes,1,single
... < 0 DM,22,existing credits paid back duly till now,car (used),1846,... < 100 DM,... < 1 year,1,female,none,4,"car or other, not in savings account",39,none,own,1,unskilled - resident,2,none,yes,1,single
0 <= ... < 200 DM,60,critical account / other credits existing (not at this bank),car (new),1566,100 <= ... < 500 DM,4 <= ... < 7 years,4,male,guarantor,3,real estate,75,none,own,1,skilled employee / official,1,"yes, registered under customer's name",yes,1,single
... < 0 DM,26,existing credits paid back duly till now,car (used),4686,... < 100 DM,... >= 7 years,2,male,none,1,real estate,63,none,own,1,management / self-employed / highly qualified employee / officer,1,none,yes,1,single
no checking account,30,critical account / other credits existing (not at this bank),car (used),3144,unknown / no savings account,unemployed,3,male,none,3,building society savings agreement / life insurance,22,none,own,1,skilled employee / official,1,"yes, registered under customer's name",yes,2,divorced/separated
... < 0 DM,72,critical account / other credits existing (not at this bank),radio/television,250,... < 100 DM,... >= 7 years,1,male,none,2,unknown / no property,35,none,own,1,skilled employee / official,1,"yes, registered under customer's name",yes,2,single
... < 0 DM,9,critical account / other credits existing (not at this bank),car (new),250,... < 100 DM,1 <= ... < 4 years,3,female,guarantor,4,real estate,65,none,own,1,management / self-employed / highly qualified employee / officer,1,"yes, registered under customer's name",yes,2,single
0 <= ... < 200 DM,25,existing credits paid back duly till now,car (new),438,100 <= ... < 500 DM,... < 1 year,3,female,none,3,building society savings agreement / life insurance,31,none,own,2,management / self-employed / highly qualified employee / officer,1,"yes, registered under customer's name",yes,1,single
no checking account,28,existing credits paid back duly till now,retraining,6452,... < 100 DM,4 <= ... < 7 years,2,male,none,3,"car or other, not in savings account",32,none,rent,2,management / self-employed / highly qualified employee / officer,2,none,yes,1,single
... < 0 DM,17,delay in paying off in the past,car (used),250,unknown / no savings account,1 <= ... < 4 years,3,male,none,4,building society savings agreement / life insurance,35,none,own,1,unskilled - resident,2,none,yes,2,married/widowed
no checking account,23,existing credits paid back duly till now,radio/television,1150,... < 100 DM,... >= 7 years,2,female,none,2,building society savings agreement / life insurance,75,none,for free,2,skilled employee / official,1,none,yes,2,divorced/separated
... < 0 DM,41,critical account / other credits existing (not at this bank),domestic appliances,455,... < 100 DM,... >= 7 years,4,female,none,3,"car or other, not in savings account",27,none,own,1,unskilled - resident,1,none,yes,1,single
... >= 200 DM / salary assignments for at least 1 year,23,existing credits paid back duly till now,car (new),1517,... < 100 DM,4 <= ... < 7 years,4,female,none,3,"car or other, not in savings account",19,bank,rent,1,unskilled - resident,1,none,yes,1,single
no checking account,30,all credits at this bank paid back duly,car (new),1150,... < 100 DM,... >= 7 years,2,male,none,2,unknown / no property,37,none,own,1,skilled employee / official,1,"yes, registered under customer's name",no,1,single
no checking account,13,existing credits paid back duly till now,radio/television,250,unknown / no savings account,4 <= ... < 7 years,3,male,none,4,real estate,44,none,rent,3,skilled employee / official,1,none,yes,1,divorced/separated
0 <= ... < 200 DM,40,existing credits paid back duly till now,radio/television,1907,... < 100 DM,... >= 7 years,1,male,none,4,real estate,22,none,own,1,management / self-employed / highly qualified employee / officer,1,none,yes,2,single
no checking account,4,existing credits paid back duly till now,radio/television,250,... < 100 DM,unemployed,2,male,none,1,building society savings agreement / life insurance,28,none,rent,2,unskilled - resident,1,none,yes,1,single
... < 0 DM,12,delay in paying off in the past,radio/television,602,... < 100 DM,... >= 7 years,2,female,none,3,unknown / no property,42,none,own,1,skilled employee / official,1,"yes, registered under customer's name",yes,1,divorced/separated
... < 0 DM,27,existing credits paid back duly till now,furniture/equipment,2599,... < 100 DM,... >= 7 years,4,female,none,1,unknown / no property,29,none,for free,1,skilled employee / official,1,none,yes,1,divorced/separated
no checking account,22,existing credits paid back duly till now,furniture/equipment,948,... < 100 DM,unemployed,3,male,none,3,"car or other, not in savings account",28,none,own,2,management / self-employed / highly qualified employee / officer,1,"yes, registered under customer's name",yes,1,married/widowed
no checking account,18,critical account / other credits existing (not at this bank),business,1348,... < 100 DM,4 <= ... < 7 years,1,female,none,4,real estate,19,none,own,2,skilled employee / official,1,none,yes,2,divorced/separated
... < 0 DM,72,existing credits paid back duly till now,education,250,... < 100 DM,1 <= ... < 4 years,3,male,none,1,building society savings agreement / life insurance,27,none,for free,1,skilled employee / official,2,none,yes,1,single
0 <= ... < 200 DM,28,critical account / other credits existing (not at this bank),furniture/equipment,250,500 <= ... < 1000 DM,... >= 7 years,4,female,none,2,real estate,50,none,own,2,management / self-employed / highly qualified employee / officer,1,"yes, registered under customer's name",yes,1,divorced/separated
0 <= ... < 200 DM,39,delay in paying off in the past,car (new),731,... < 100 DM,4 <= ... < 7 years,1,male,none,3,building society savings agreement / life insurance,36,none,own,1,skilled employee / official,1,none,yes,2,married/widowed
... < 0 DM,20,critical account / other credits existing (not at this bank),car (new),250,... < 100 DM,1 <= ... < 4 years,2,male,none,4,real estate,38,none,own,1,unskilled - resident,1,none,yes,1,single
... < 0 DM,8,critical account / other credits existing (not at this bank),car (new),250,... < 100 DM,1 <= ... < 4 years,2,male,none,4,unknown / no property,42,bank,own,2,management / self-employed / highly qualified employee / officer,2,none,yes,1,single
0 <= ... < 200 DM,20,existing credits paid back duly till now,car (new),1018,unknown / no savings account,... >= 7 years,4,male,none,1,unknown / no property,45,none,own,1,skilled employee / official,1,none,yes,1,single
... < 0 DM,25,critical account / other credits existing (not at this bank),business,1029,... < 100 DM,... >= 7 years,4,female,none,4,"car or other, not in savings account",23,none,rent,1,management / self-employed / highly qualified employee / officer,1,none,yes,1,single
0 <= ... < 200 DM,28,existing credits paid back duly till now,furniture/equipment,250,unknown / no savings account,4 <= ... < 7 years,4,female,none,3,building society savings agreement / life insurance,38,none,own,2,skilled employee / official,1,none,yes,1,single
no checking account,16,no credits taken / all credits paid back duly,business,1351,500 <= ... < 1000 DM,... < 1 year,4,male,none,3,unknown / no property,22,none,own,1,unskilled - resident,1,"yes, registered under customer's name",yes,1,single
0 <= ... < 200 DM,23,existing credits paid back duly till now,furniture/equipment,704,100 <= ... < 500 DM,unemployed,2,female,none,3,real estate,42,none,own,2,skilled employee / official,1,"yes, registered under customer's name",yes,1,single
0 <= ... < 200 DM,21,no credits taken / all credits paid back duly,car (new),2010,... < 100 DM,... < 1 year,1,female,none,2,building society savings agreement / life insurance,27,none,own,1,management / self-employed / highly qualified employee / officer,1,"yes, registered under customer's name",yes,1,single
0 <= ... < 200 DM,29,critical account / other credits existing (not at this bank),education,694,... < 100 DM,1 <= ... < 4 years,4,male,none,3,"car or other, not in savings account",38,none,own,1,skilled employee / official,1,none,yes,1,single
no checking account,72,critical account / other credits existing (not at this bank),car (new),4295,... < 100 DM,1 <= ... < 4 years,2,male,none,2,"car or other, not in savings account",40,none,for free,2,skilled employee / official,1,none,yes,1,single
no checking account,19,critical account / other credits existing (not at this bank),furniture/equipment,250,unknown / no savings account,... >= 7 years,4,female,none,2,"car or other, not in savings account",36,none,own,2,skilled employee / official,1,none,yes,1,divorced/separated
no checking account,4,existing credits paid back duly till now,car (used),250,... < 100 DM,1 <= ... < 4 years,3,male,co-applicant,3,real estate,27,none,own,1,skilled employee / official,2,"yes, registered under customer's name",yes,1,married/widowed
no checking account,27,critical account / other credits existing (not at this bank),car (new),483,... < 100 DM,1 <= ... < 4 years,4,male,none,4,"car or other, not in savings account",42,none,own,1,management / self-employed / highly qualified employee / officer,1,"yes, registered under customer's name",yes,1,divorced/separated
0 <= ... < 200 DM,25,existing credits paid back duly till now,furniture/equipment,2355,... < 100 DM,... >= 7 years,4,male,none,4,building society savings agreement / life insurance,48,none,own,4,unemployed / unskilled - non-resident,1,"yes, registered under customer's name",yes,1,divorced/separated
no checking account,10,existing credits paid back duly till now,car (new),1588,... < 100 DM,... >= 7 years,3,male,none,1,building society savings agreement / life insurance,41,none,own,1,management / self-employed / highly qualified employee / officer,2,none,yes,1,single
0 <= ... < 200 DM,13,critical account / other credits existing (not at this bank),furniture/equipment,1062,... < 100 DM,... < 1 year,2,male,co-applicant,2,"car or other, not in savings account",42,none,own,2,skilled employee / official,1,none,yes,2,divorced/separated
0 <= ... < 200 DM,72,existing credits paid back duly till now,radio/television,250,100 <= ... < 500 DM,... >= 7 years,4,female,none,1,unknown / no property,37,none,own,1,skilled employee / official,1,"yes, registered under customer's name",yes,2,divorced/separated
0 <= ... < 200 DM,22,no credits taken / all credits paid back duly,education,3765,... < 100 DM,... < 1 year,4,female,none,1,unknown / no property,75,none,for free,1,skilled employee / official,1,"yes, registered under customer's name",yes,1,divorced/separated
no checking account,23,existing credits paid back duly till now,others,250,... >= 1000 DM,... >= 7 years,1,female,none,3,unknown / no property,30,bank,rent,2,unskilled - resident,1,none,yes,2,single
0 <= ... < 200 DM,21,critical account / other credits existing (not at this bank),car (new),1570,100 <= ... < 500 DM,... < 1 year,2,female,none,4,"car or other, not in savings account",41,none,for free,1,skilled employee / official,1,none,yes,1,divorced/separated
no checking account,20,existing credits paid back duly till now,car (used),3748,unknown / no savings account,4 <= ... < 7 years,4,male,co-applicant,2,"car or other, not in savings account",73,none,own,1,skilled employee / official,1,none,yes,1,divorced/separated
no checking account,10,critical account / other credits existing (not at this bank),radio/television,250,... < 100 DM,1 <= ... < 4 years,3,female,none,3,"car or other, not in savings account",37,bank,own,1,unskilled - resident,1,none,yes,2,single
0 <= ... < 200 DM,27,existing credits paid back duly till now,furniture/equipment,654,... < 100 DM,... >= 7 years,3,male,none,4,building society savings agreement / life insurance,45,bank,for free,1,unskilled - resident,1,"yes, registered under customer's name",yes,1,divorced/separated
... < 0 DM,7,critical account / other credits existing (not at this bank),radio/television,1894,... < 100 DM,unemployed,2,male,none,4,real estate,29,none,own,1,skilled employee / official,1,none,yes,1,single
no checking account,53,existing credits paid back duly till now,car (used),675,... < 100 DM,1 <= ... < 4 years,2,male,none,2,unknown / no property,29,none,own,2,unskilled - resident,1,none,yes,1,single
... < 0 DM,29,all credits at this bank paid back duly,radio/television,917,... < 100 DM,4 <= ... < 7 years,1,female,none,4,real estate,32,bank,rent,1,management / self-employed / highly qualified employee / officer,1,none,yes,2,single
0 <= ... < 200 DM,52,delay in paying off in the past,car (new),250,... < 100 DM,... < 1 year,4,male,none,2,"car or other, not in savings account",26,none,for free,2,unskilled - resident,1,none,yes,1,single
... < 0 DM,22,critical account / other credits existing (not at this bank),car (new),810,100 <= ... < 500 DM,... < 1 year,1,male,none,2,building society savings agreement / life insurance,34,stores,for free,1,unskilled - resident,1,"yes, registered under customer's name",yes,1,single
no checking account,4,critical account / other credits existing (not at this bank),furniture/equipment,3327,... < 100 DM,... >= 7 years,3,male,none,2,real estate,29,none,own,1,skilled employee / official,1,none,yes,1,single
0 <= ... < 200 DM,19,existing credits paid back duly till now,car (new),3182,... < 100 DM,... >= 7 years,4,female,none,2,"car or other, not in savings account",37,none,own,2,skilled employee / official,1,none,yes,1,single
0 <= ... < 200 DM,72,no credits taken / all credits paid back duly,car (used),2339,... < 100 DM,1 <= ... < 4 years,1,female,none,2,unknown / no property,23,none,rent,4,unskilled - resident,1,none,yes,1,single
0 <= ... < 200 DM,13,critical account / other credits existing (not at this bank),others,3984,... < 100 DM,unemployed,1,female,guarantor,4,building society savings agreement / life insurance,42,bank,for free,1,unskilled - resident,1,none,yes,1,single
0 <= ... < 200 DM,25,critical account / other credits existing (not at this bank),repairs,1278,... < 100 DM,... < 1 year,4,male,none,2,"car or other, not in savings account",19,none,own,1,unskilled - resident,1,"yes, registered under customer's name",no,1,single
... < 0 DM,12,existing credits paid back duly till now,radio/television,4044,... < 100 DM,4 <= ... < 7 years,4,male,none,2,real estate,29,stores,own,1,skilled employee / official,1,"yes, registered under customer's name",yes,1,single
no checking account,20,critical account / other credits existing (not at this bank),car (new),3052,... < 100 DM,4 <= ... < 7 years,4,female,none,1,real estate,30,none,own,2,skilled employee / official,1,none,yes,1,married/widowed
0 <= ... < 200 DM,60,no credits taken / all credits paid back duly,furniture/equipment,916,... < 100 DM,4 <= ... < 7 years,4,male,none,3,"car or other, not in savings account",33,none,own,2,unskilled - resident,2,none,yes,1,married/widowed
... < 0 DM,29,existing credits paid back duly till now,radio/television,745,... < 100 DM,1 <= ... < 4 years,1,female,none,2,"car or other, not in savings account",58,bank,own,1,management / self-employed / highly qualified employee / officer,1,none,yes,1,single
no checking account,40,critical account / other credits existing (not at this bank),furniture/equipment,250,unknown / no savings account,... >= 7 years,1,female,none,1,real estate,75,none,own,1,skilled employee / official,1,"yes, registered under customer's name",yes,1,single
... < 0 DM,22,critical account / other credits existing (not at this bank),radio/television,1923,500 <= ... < 1000 DM,unemployed,4,male,none,3,real estate,49,none,own,2,unskilled - resident,1,none,yes,2,single
no checking account,33,existing credits paid back duly till now,car (new),2542,500 <= ... < 1000 DM,4 <= ... < 7 years,4,female,guarantor,3,building society savings agreement / life insurance,30,none,for free,1,skilled employee / official,1,none,yes,2,single
... >= 200 DM / salary assignments for at least 1 year,29,critical account / other credits existing (not at this bank),car (new),1097,... < 100 DM,1 <= ... < 4 years,2,male,none,2,real estate,28,bank,rent,3,unskilled - resident,1,"yes, registered under customer's name",yes,1,divorced/separated
no checking account,4,critical account / other credits existing (not at this bank),radio/television,1006,... >= 1000 DM,... < 1 year,1,male,none,2,real estate,67,none,own,2,skilled employee / official,1,none,yes,1,single
no checking account,13,existing credits paid back duly till now,car (new),250,... < 100 DM,... < 1 year,4,male,none,2,real estate,40,none,own,1,management / self-employed / highly qualified employee / officer,1,none,yes,1,single
0 <= ... < 200 DM,18,delay in paying off in the past,radio/television,874,100 <= ... < 500 DM,... >= 7 years,1,male,none,2,real estate,38,bank,own,1,unskilled - resident,1,"yes, registered under customer's name",yes,1,single
0 <= ... < 200 DM,21,existing credits paid back duly till now,furniture/equipment,2305,... >= 1000 DM,4 <= ... < 7 years,1,male,none,4,real estate,29,none,own,2,skilled employee / official,1,none,yes,1,divorced/separated
no checking account,51,critical account / other credits existing (not at this bank),business,3218,100 <= ... < 500 DM,4 <= ... < 7 years,2,male,none,3,building society savings agreement / life insurance,42,none,own,1,management / self-employed / highly qualified employee / officer,1,none,yes,1,single
... >= 200 DM / salary assignments for at least 1 year,42,critical account / other credits existing (not at this bank),retraining,313,unknown / no savings account,1 <= ... < 4 years,3,male,none,4,unknown / no property,75,none,rent,1,skilled employee / official,1,none,yes,1,single
0 <= ... < 200 DM,5,critical account / other credits existing (not at this bank),furniture/equipment,3381,unknown / no savings account,... < 1 year,4,female,co-applicant,4,"car or other, not in savings account",29,stores,own,1,skilled employee / official,1,"yes, registered under customer's name",no,1,married/widowed
0 <= ... < 200 DM,71,critical account / other credits existing (not at this bank),repairs,1609,100 <= ... < 500 DM,... < 1 year,1,male,none,4,"car or other, not in savings account",66,none,own,1,skilled employee / official,1,"yes, registered under customer's name",yes,1,single
no checking account,43,critical account / other credits existing (not at this bank),others,2525,... < 100 DM,... < 1 year,2,male,none,4,real estate,19,none,own,2,skilled employee / official,1,none,yes,1,single
0 <= ... < 200 DM,13,critical account / other credits existing (not at this bank),education,1041,... < 100 DM,4 <= ... < 7 years,2,male,none,3,real estate,38,none,rent,2,skilled employee / official,1,"yes, registered under customer's name",yes,1,single
... >= 200 DM / salary assignments for at least 1 year,16,delay in paying off in the past,car (used),551,unknown / no savings account,... >= 7 years,3,male,none,2,building society savings agreement / life insurance,39,none,own,2,unskilled - resident,1,"yes, registered under customer's name",yes,1,divorced/separated
no checking account,20,existing credits paid back duly till now,radio/television,250,100 <= ... < 500 DM,4 <= ... < 7 years,4,female,none,1,real estate,24,bank,own,1,skilled employee / official,1,none,yes,2,divorced/separated
... < 0 DM,50,existing credits paid back duly till now,others,2032,unknown / no savings account,... >= 7 years,4,female,none,4,"car or other, not in savings account",52,none,rent,1,skilled employee / official,1,none,yes,1,single
no checking account,72,critical account / other credits existing (not at this bank),radio/television,391,... < 100 DM,1 <= ... < 4 years,4,male,none,1,building society savings agreement / life insurance,41,none,own,1,management / self-employed / highly qualified employee / officer,1,"yes, registered under customer's name",yes,1,single
no checking account,68,existing credits paid back duly till now,radio/television,2515,... < 100 DM,1 <= ... < 4 years,3,female,co-applicant,4,building society savings agreement / life insurance,37,none,rent,2,skilled employee / official,1,none,yes,1,divorced/separated
0 <= ... < 200 DM,24,existing credits paid back duly till now,car (new),830,100 <= ... < 500 DM,unemployed,4,male,none,4,building society savings agreement / life insurance,26,none,own,1,skilled employee / official,1,none,yes,2,single
... < 0 DM,23,critical account / other credits existing (not at this bank),car (used),576,... < 100 DM,unemployed,2,male,none,3,building society savings agreement / life insurance,28,none,own,4,unskilled - resident,1,"yes, registered under customer's name",yes,1,divorced/separated
0 <= ... < 200 DM,34,existing credits paid back duly till now,car (used),1036,... < 100 DM,1 <= ... < 4 years,2,female,guarantor,3,real estate,74,bank,rent,1,unskilled - resident,1,"yes, registered under customer's name",yes,1,divorced/separated
0 <= ... < 200 DM,31,existing credits paid back duly till now,radio/television,7998,... < 100 DM,... < 1 year,2,male,none,2,real estate,29,bank,own,2,skilled employee / official,1,none,yes,1,single
... < 0 DM,18,critical account / other credits existing (not at this bank),car (new),250,... < 100 DM,1 <= ... < 4 years,1,male,none,3,"car or other, not in savings account",54,bank,own,1,skilled employee / official,1,none,yes,1,single
0 <= ... < 200 DM,11,existing credits paid back duly till now,repairs,250,... < 100 DM,4 <= ... < 7 years,2,male,none,2,"car or other, not in savings account",30,none,own,1,skilled employee / official,2,"yes, registered under customer's name",yes,1,single
... >= 200 DM / salary assignments for at least 1 year,29,critical account / other credits existing (not at this bank),radio/television,1902,... < 100 DM,... >= 7 years,4,male,none,2,unknown / no property,75,none,rent,1,skilled employee / official,1,"yes, registered under customer's name",yes,1,married/widowed
... >= 200 DM / salary assignments for at least 1 year,27,critical account / other credits existing (not at this bank),car (new),8108,... < 100 DM,1 <= ... < 4 years,4,female,none,1,building society savings agreement / life insurance,30,bank,rent,2,unskilled - resident,1,"yes, registered under customer's name",yes,1,single
... < 0 DM,21,existing credits paid back duly till now,car (used),3015,... < 100 DM,... < 1 year,2,female,none,3,"car or other, not in savings account",33,none,own,1,management / self-employed / highly qualified employee / officer,2,none,yes,1,divorced/separated
no checking account,17,existing credits paid back duly till now,radio/television,250,... < 100 DM,1 <= ... < 4 years,4,male,none,2,real estate,75,none,own,1,skilled employee / official,1,"yes, registered under customer's name",yes,1,single
... < 0 DM,19,existing credits paid back duly till now,business,2948,... < 100 DM,unemployed,1,male,none,3,building society savings agreement / life insurance,45,bank,own,1,unskilled - resident,1,none,yes,1,single
0 <= ... < 200 DM,23,critical account / other credits existing (not at this bank),car (new),250,unknown / no savings account,1 <= ... < 4 years,2,male,none,3,real estate,27,none,own,2,skilled employee / official,1,none,yes,1,single
... >= 200 DM / salary assignments for at least 1 year,20,critical account / other credits existing (not at this bank),business,892,... < 100 DM,4 <= ... < 7 years,2,male,none,1,"car or other, not in savings account",75,bank,own,1,unskilled - resident,1,"yes, registered under customer's name",yes,1,divorced/separated
... < 0 DM,31,critical account / other credits existing (not at this bank),car (new),1934,... < 100 DM,... < 1 year,2,male,none,4,real estate,36,stores,own,1,unskilled - resident,2,none,yes,1,single
... < 0 DM,26,critical account / other credits existing (not at this bank),radio/television,512,... < 100 DM,4 <= ... < 7 years,2,female,none,4,real estate,52,none,rent,1,skilled employee / official,1,"yes, registered under customer's name",yes,2,divorced/separated
no checking account,25,critical account / other credits existing (not at this bank),furniture/equipment,3790,... < 100 DM,... >= 7 years,4,male,none,3,real estate,42,bank,own,1,skilled employee / official,1,"yes, registered under customer's name",yes,1,single
0 <= ... < 200 DM,26,delay in paying off in the past,car (new),2741,unknown / no savings account,... >= 7 years,1,male,none,1,building society savings agreement / life insurance,33,bank,for free,2,skilled employee / official,1,none,no,1,married/widowed
no checking account,41,critical account / other credits existing (not at this bank),education,250,... < 100 DM,... >= 7 years,2,male,none,4,building society savings agreement / life insurance,39,none,for free,2,management / self-employed / highly qualified employee / officer,1,none,yes,1,single
... < 0 DM,6,existing credits paid back duly till now,car (new),250,... < 100 DM,... >= 7 years,4,male,none,3,building society savings agreement / life insurance,68,none,rent,1,skilled employee / official,1,"yes, registered under customer's name",yes,1,single
... < 0 DM,27,delay in paying off in the past,furniture/equipment,1575,... < 100 DM,... < 1 year,2,male,none,1,"car or other, not in savings account",36,none,own,1,management / self-employed / highly qualified employee / officer,1,"yes, registered under customer's name",yes,1,single
no checking account,46,critical account / other credits existing (not at this bank),business,1342,unknown / no savings account,unemployed,2,male,none,2,"car or other, not in savings account",50,stores,for free,1,skilled employee / official,1,none,yes,1,single
no checking account,26,critical account / other credits existing (not at this bank),car (new),3391,... < 100 DM,... >= 7 years,3,female,none,2,real estate,32,none,own,1,skilled employee / official,1,"yes, registered under customer's name",yes,1,single
0 <= ... < 200 DM,5,no credits taken / all credits paid back duly,business,250,100 <= ... < 500 DM,1 <= ... < 4 years,2,female,co-applicant,3,real estate,39,none,for free,1,skilled employee / official,1,"yes, registered under customer's name",yes,1,married/widowed
0 <= ... < 200 DM,27,no credits taken / all credits paid back duly,furniture/equipment,250,... < 100 DM,1 <= ... < 4 years,2,male,none,3,building society savings agreement / life insurance,61,none,own,1,skilled employee / official,1,none,yes,1,married/widowed
0 <= ... < 200 DM,72,critical account / other credits existing (not at this bank),car (new),1567,... < 100 DM,... < 1 year,1,male,none,3,real estate,29,none,own,1,unemployed / unskilled - non-resident,2,none,yes,2,divorced/separated
... < 0 DM,23,critical account / other credits existing (not at this bank),radio/television,1127,... < 100 DM,1 <= ... < 4 years,2,male,none,3,real estate,31,bank,own,2,unskilled - resident,1,"yes, registered under customer's name",yes,1,single
no checking account,24,existing credits paid back duly till now,business,250,500 <= ... < 1000 DM,... >= 7 years,2,female,guarantor,1,building society savings agreement / life insurance,28,bank,own,1,skilled employee / official,1,none,yes,1,single
... < 0 DM,65,critical account / other credits existing (not at this bank),car (new),4543,... < 100 DM,4 <= ... < 7 years,1,male,none,1,building society savings agreement / life insurance,75,bank,own,2,skilled employee / official,1,"yes, registered under customer's name",yes,2,single
no checking account,27,delay in paying off in the past,furniture/equipment,316,... < 100 DM,... < 1 year,4,male,co-applicant,4,"car or other, not in savings account",65,none,own,2,skilled employee / official,1,"yes, registered under customer's name",yes,1,married/widowed
0 <= ... < 200 DM,28,existing credits paid back duly till now,repairs,646,... < 100 DM,... < 1 year,2,female,none,2,"car or other, not in savings account",27,stores,for free,1,skilled employee / official,1,none,yes,1,single
0 <= ... < 200 DM,23,existing credits paid back duly till now,radio/television,250,... < 100 DM,... >= 7 years,4,female,none,2,real estate,25,none,own,2,management / self-employed / highly qualified employee / officer,1,none,yes,1,single
no checking account,25,critical account / other credits existing (not at this bank),car (new),2143,unknown / no savings account,1 <= ... < 4 years,2,female,none,4,"car or other, not in savings account",31,none,own,1,unskilled - resident,1,"yes, registered under customer's name",yes,1,single
... >= 200 DM / salary assignments for at least 1 year,66,all credits at this bank paid back duly,car (new),3684,unknown / no savings account,unemployed,1,female,none,4,"car or other, not in savings account",33,none,own,2,unskilled - resident,1,none,yes,1,single
no checking account,15,existing credits paid back duly till now,radio/television,250,... < 100 DM,... < 1 year,2,female,none,4,building society savings agreement / life insurance,40,none,own,2,skilled employee / official,2,"yes, registered under customer's name",yes,1,single
no checking account,15,delay in paying off in the past,radio/television,1076,unknown / no savings account,1 <= ... < 4 years,4,female,none,4,"car or other, not in savings account",47,none,own,1,skilled employee / official,1,none,yes,1,single
... < 0 DM,23,delay in paying off in the past,car (new),401,100 <= ... < 500 DM,unemployed,1,female,none,3,building society savings agreement / life insurance,42,none,own,1,management / self-employed / highly qualified employee / officer,1,none,yes,1,single
0 <= ... < 200 DM,26,existing credits paid back duly till now,furniture/equipment,4404,unknown / no savings account,1 <= ... < 4 years,4,female,none,2,unknown / no property,30,none,rent,1,unskilled - resident,1,"yes, registered under customer's name",yes,1,divorced/separated
no checking account,63,no credits taken / all credits paid back duly,furniture/equipment,1808,... < 100 DM,... < 1 year,1,female,none,1,real estate,33,none,own,2,management / self-employed / highly qualified employee / officer,1,none,yes,1,divorced/separated
no checking account,23,existing credits paid back duly till now,furniture/equipment,250,... < 100 DM,unemployed,3,female,none,4,building society savings agreement / life insurance,31,none,rent,1,skilled employee / official,1,none,yes,1,single
... >= 200 DM / salary assignments for at least 1 year,23,critical account / other credits existing (not at this bank),radio/television,3881,... < 100 DM,4 <= ... < 7 years,2,male,none,2,real estate,21,none,for free,1,skilled employee / official,1,none,yes,1,single
0 <= ... < 200 DM,21,critical account / other credits existing (not at this bank),car (new),2621,100 <= ... < 500 DM,... >= 7 years,4,female,none,2,real estate,33,none,own,1,skilled employee / official,1,"yes, registered under customer's name",no,2,single
... < 0 DM,19,existing credits paid back duly till now,car (used),2236,unknown / no savings account,... >= 7 years,4,male,none,2,real estate,75,none,rent,1,skilled employee / official,1,none,yes,1,single
0 <= ... < 200 DM,13,critical account / other credits existing (not at this bank),car (used),1494,... < 100 DM,... >= 7 years,1,male,none,3,unknown / no property,42,none,own,1,skilled employee / official,1,none,yes,1,divorced/separated
... < 0 DM,19,critical account / other credits existing (not at this bank),car (new),2574,... < 100 DM,1 <= ... < 4 years,4,female,none,3,building society savings agreement / life insurance,30,none,rent,1,management / self-employed / highly qualified employee / officer,1,none,yes,2,single
... < 0 DM,67,critical account / other credits existing (not at this bank),business,250,... < 100 DM,... >= 7 years,4,male,none,4,unknown / no property,22,none,for free,1,skilled employee / official,1,"yes, registered under customer's name",yes,1,divorced/separated
0 <= ... < 200 DM,27,critical account / other credits existing (not at this bank),repairs,250,... < 100 DM,... >= 7 years,2,female,none,2,building society savings agreement / life insurance,30,none,own,1,skilled employee / official,1,none,yes,2,single
0 <= ... < 200 DM,16,critical account / other credits existing (not at this bank),others,1171,100 <= ... < 500 DM,... < 1 year,4,male,none,4,unknown / no property,33,bank,for free,1,skilled employee / official,1,none,yes,1,divorced/separated
0 <= ... < 200 DM,46,existing credits paid back duly till now,radio/television,331,unknown / no savings account,... >= 7 years,1,male,none,1,building society savings agreement / life insurance,44,none,own,2,unskilled - resident,2,none,yes,1,single
0 <= ... < 200 DM,5,existing credits paid back duly till now,car (new),257,unknown / no savings account,4 <= ... < 7 years,2,female,co-applicant,4,building society savings agreement / life insurance,69,none,own,1,skilled employee / official,1,none,yes,1,married/widowed
no checking account,38,critical account / other credits existing (not at this bank),furniture/equipment,904,... < 100 DM,4 <= ... < 7 years,1,female,none,2,"car or other, not in savings account",40,none,own,1,skilled employee / official,1,none,yes,1,single
0 <= ... < 200 DM,50,existing credits paid back duly till now,repairs,250,... < 100 DM,1 <= ... < 4 years,4,female,none,2,unknown / no property,19,none,for free,4,management / self-employed / highly qualified employee / officer,1,"yes, registered under customer's name",yes,1,divorced/separated
0 <= ... < 200 DM,12,existing credits paid back duly till now,car (new),2369,... < 100 DM,... >= 7 years,3,female,none,1,unknown / no property,34,stores,rent,2,unemployed / unskilled - non-resident,2,"yes, registered under customer's name",yes,1,single
0 <= ... < 200 DM,15,delay in paying off in the past,radio/television,11255,... < 100 DM,1 <= ... < 4 years,3,male,none,4,"car or other, not in savings account",24,bank,for free,1,skilled employee / official,1,none,yes,2,single
no checking account,25,critical account / other credits existing (not at this bank),car (new),868,... < 100 DM,4 <= ... < 7 years,3,female,none,2,"car or other, not in savings account",55,none,own,1,skilled employee / official,1,"yes, registered under customer's name",yes,1,divorced/separated
... < 0 DM,26,critical account / other credits existing (not at this bank),business,250,unknown / no savings account,4 <= ... < 7 years,4,female,none,1,building society savings agreement / life insurance,28,none,rent,1,management / self-employed / highly qualified employee / officer,1,"yes, registered under customer's name",yes,1,divorced/separated
no checking account,40,existing credits paid back duly till now,car (new),732,... < 100 DM,4 <= ... < 7 years,1,male,none,2,building society savings agreement / life insurance,35,none,own,2,unskilled - resident,1,none,yes,1,divorced/separated
0 <= ... < 200 DM,26,existing credits paid back duly till now,car (used),6474,... < 100 DM,... < 1 year,1,female,none,1,unknown / no property,40,bank,own,1,unskilled - resident,1,"yes, registered under customer's name",no,1,single
... < 0 DM,23,critical account / other credits existing (not at this bank),others,7101,... < 100 DM,... >= 7 years,4,female,none,4,unknown / no property,34,none,own,2,skilled employee / official,1,"yes, registered under customer's name",yes,2,single
0 <= ... < 200 DM,24,all credits at this bank paid back duly,furniture/equipment,250,... < 100 DM,4 <= ... < 7 years,2,male,none,1,building society savings agreement / life insurance,55,none,own,2,skilled employee / official,1,none,yes,2,divorced/separated
no checking account,19,existing credits paid back duly till now,car (new),1831,unknown / no savings account,... >= 7 years,2,male,none,4,building society savings agreement / life insurance,28,none,own,1,unskilled - resident,1,"yes, registered under customer's name",yes,1,single
no checking account,26,all credits at this bank paid back duly,car (new),250,... < 100 DM,1 <= ... < 4 years,4,female,none,4,"car or other, not in savings account",37,none,own,1,unskilled - resident,1,none,yes,1,single
0 <= ... < 200 DM,25,critical account / other credits existing (not at this bank),business,1917,unknown / no savings account,4 <= ... < 7 years,2,male,none,4,"car or other, not in savings account",35,none,for free,2,management / self-employed / highly qualified employee / officer,1,none,yes,1,single
no checking account,19,critical account / other credits existing (not at this bank),radio/television,3107,... < 100 DM,... >= 7 years,1,male,guarantor,1,unknown / no property,39,none,own,1,skilled employee / official,1,none,yes,1,single
0 <= ... < 200 DM,26,delay in paying off in the past,car (new),751,... < 100 DM,1 <= ... < 4 years,4,male,none,2,"car or other, not in savings account",33,none,own,1,management / self-employed / highly qualified employee / officer,1,"yes, registered under customer's name",yes,2,single
... < 0 DM,22,all credits at this bank paid back duly,furniture/equipment,250,unknown / no savings account,... < 1 year,2,male,none,1,real estate,32,none,own,2,management / self-employed / highly qualified employee / officer,1,none,yes,1,married/widowed
... < 0 DM,23,existing credits paid back duly till now,car (used),2209,... < 100 DM,... >= 7 years,4,female,none,2,real estate,35,none,rent,1,unskilled - resident,1,"yes, registered under customer's name",yes,1,divorced/separated
0 <= ... < 200 DM,44,delay in paying off in the past,car (new),4061,unknown / no savings account,unemployed,2,female,none,2,"car or other, not in savings account",35,none,own,1,unemployed / unskilled - non-resident,1,none,yes,1,divorced/separated
0 <= ... < 200 DM,63,existing credits paid back duly till now,domestic appliances,414,... < 100 DM,... < 1 year,3,female,none,4,real estate,46,none,own,1,skilled employee / official,1,none,yes,1,single
no checking account,12,existing credits paid back duly till now,car (used),1651,... < 100 DM,1 <= ... < 4 years,2,female,none,3,unknown / no property,34,none,own,1,unskilled - resident,1,"yes, registered under customer's name",yes,2,single
... < 0 DM,30,existing credits paid back duly till now,radio/television,250,... < 100 DM,... >= 7 years,1,female,none,1,"car or other, not in savings account",75,none,own,2,management / self-employed / highly qualified employee / officer,1,"yes, registered under customer's name",yes,1,single
0 <= ... < 200 DM,21,critical account / other credits existing (not at this bank),car (used),2233,... < 100 DM,... < 1 year,1,female,none,2,"car or other, not in savings account",27,none,own,4,skilled employee / official,1,"yes, registered under customer's name",yes,1,single
... < 0 DM,12,existing credits paid back duly till now,business,2844,... < 100 DM,unemployed,1,female,none,4,unknown / no property,43,none,own,4,skilled employee / official,1,none,yes,2,single
0 <= ... < 200 DM,11,critical account / other credits existing (not at this bank),radio/television,3629,unknown / no savings account,1 <= ... < 4 years,1,male,none,4,"car or other, not in savings account",74,none,own,4,unskilled - resident,1,none,yes,1,single
0 <= ... < 200 DM,27,existing credits paid back duly till now,furniture/equipment,2481,... < 100 DM,... >= 7 years,4,female,none,3,real estate,23,none,for free,1,management / self-employed / highly qualified employee / officer,1,"yes, registered under customer's name",yes,1,single
... < 0 DM,19,existing credits paid back duly till now,car (new),2842,... < 100 DM,1 <= ... < 4 years,1,male,co-applicant,3,"car or other, not in savings account",61,bank,own,2,skilled employee / official,1,none,yes,2,single
... >= 200 DM / salary assignments for at least 1 year,24,existing credits paid back duly till now,car (new),318,100 <= ... < 500 DM,1 <= ... < 4 years,1,female,none,2,unknown / no property,33,none,own,1,unskilled - resident,1,"yes, registered under customer's name",yes,1,divorced/separated
0 <= ... < 200 DM,21,all credits at this bank paid back duly,radio/television,1959,... >= 1000 DM,... >= 7 years,2,male,none,1,real estate,50,bank,own,1,skilled employee / official,1,"yes, registered under customer's name",yes,1,single
... >= 200 DM / salary assignments for at least 1 year,39,critical account / other credits existing (not at this bank),car (new),575,... < 100 DM,... < 1 year,4,male,none,2,unknown / no property,32,none,own,2,skilled employee / official,1,"yes, registered under customer's name",yes,2,single
0 <= ... < 200 DM,48,critical account / other credits existing (not at this bank),car (new),1685,... < 100 DM,4 <= ... < 7 years,4,female,co-applicant,3,building society savings agreement / life insurance,31,none,rent,1,management / self-employed / highly qualified employee / officer,1,"yes, registered under customer's name",yes,1,divorced/separated
no checking account,28,critical account / other credits existing (not at this bank),furniture/equipment,786,... < 100 DM,... >= 7 years,1,male,none,4,building society savings agreement / life insurance,35,none,own,1,unskilled - resident,1,"yes, registered under customer's name",yes,1,single
... < 0 DM,11,critical account / other credits existing (not at this bank),radio/television,250,... < 100 DM,... >= 7 years,4,female,none,4,real estate,55,bank,own,1,skilled employee / official,1,none,yes,1,single
no checking account,23,critical account / other credits existing (not at this bank),car (used),865,500 <= ... < 1000 DM,1 <= ... < 4 years,2,male,none,4,unknown / no property,58,none,for free,1,management / self-employed / highly qualified employee / officer,1,none,yes,1,married/widowed
no checking account,28,critical account / other credits existing (not at this bank),radio/television,250,... < 100 DM,4 <= ... < 7 years,1,male,none,1,"car or other, not in savings account",51,stores,own,2,skilled employee / official,1,"yes, registered under customer's name",yes,2,single
0 <= ... < 200 DM,34,critical account / other credits existing (not at this bank),car (new),250,unknown / no savings account,... < 1 year,1,female,co-applicant,3,"car or other, not in savings account",39,none,rent,1,skilled employee / official,1,none,yes,1,single
... < 0 DM,72,critical account / other credits existing (not at this bank),others,250,... < 100 DM,... >= 7 years,1,male,none,3,building society savings agreement / life insurance,30,none,own,1,skilled employee / official,1,none,yes,1,single
... < 0 DM,24,critical account / other credits existing (not at this bank),radio/television,250,unknown / no savings account,... >= 7 years,4,male,none,2,unknown / no property,47,none,for free,2,skilled employee / official,1,none,yes,1,single
... < 0 DM,27,existing credits paid back duly till now,radio/television,2474,unknown / no savings account,unemployed,2,male,none,2,"car or other, not in savings account",29,none,for free,1,skilled employee / official,1,none,yes,1,single
0 <= ... < 200 DM,17,delay in paying off in the past,business,250,... < 100 DM,... >= 7 years,1,male,none,4,"car or other, not in savings account",21,bank,own,1,management / self-employed / highly qualified employee / officer,1,none,yes,1,single
no checking account,14,delay in paying off in the past,education,250,500 <= ... < 1000 DM,... < 1 year,2,male,none,2,real estate,46,none,own,1,skilled employee / official,1,"yes, registered under customer's name",yes,1,divorced/separated
... < 0 DM,26,delay in paying off in the past,radio/television,1053,... < 100 DM,1 <= ... < 4 years,2,male,none,2,building society savings agreement / life insurance,27,none,own,1,skilled employee / official,1,"yes, registered under customer's name",yes,2,single
... < 0 DM,21,critical account / other credits existing (not at this bank),car (used),250,100 <= ... < 500 DM,... < 1 year,4,female,none,1,"car or other, not in savings account",36,none,own,1,unskilled - resident,1,"yes, registered under customer's name",yes,1,single
0 <= ... < 200 DM,22,critical account / other credits existing (not at this bank),furniture/equipment,5262,... < 100 DM,... < 1 year,4,male,guarantor,3,"car or other, not in savings account",39,none,own,2,management / self-employed / highly qualified employee / officer,1,"yes, registered under customer's name",yes,1,divorced/separated
no checking account,69,critical account / other credits existing (not at this bank),car (new),1020,... < 100 DM,4 <= ... < 7 years,4,female,none,1,real estate,39,none,rent,4,unskilled - resident,1,"yes, registered under customer's name",yes,1,divorced/separated
... >= 200 DM / salary assignments for at least 1 year,8,critical account / other credits existing (not at this bank),radio/television,1754,unknown / no savings account,... >= 7 years,4,female,none,3,unknown / no property,47,none,rent,1,skilled employee / official,1,none,yes,1,single
0 <= ... < 200 DM,24,existing credits paid back duly till now,car (new),901,unknown / no savings account,4 <= ... < 7 years,4,male,none,1,real estate,50,bank,own,1,unskilled - resident,1,none,yes,1,single
no checking account,12,delay in paying off in the past,car (new),250,... < 100 DM,1 <= ... < 4 years,3,female,none,4,unknown / no property,38,none,own,1,skilled employee / official,1,"yes, registered under customer's name",yes,1,single
... < 0 DM,12,existing credits paid back duly till now,radio/television,424,... < 100 DM,... >= 7 years,4,female,none,4,"car or other, not in savings account",28,none,rent,2,unskilled - resident,1,none,yes,1,single
no checking account,24,all credits at this bank paid back duly,education,1058,... < 100 DM,... < 1 year,1,male,none,1,"car or other, not in savings account",55,none,own,2,skilled employee / official,1,none,yes,1,divorced/separated
0 <= ... < 200 DM,10,all credits at this bank paid back duly,car (new),706,... < 100 DM,... >= 7 years,4,male,none,3,unknown / no property,23,none,own,1,skilled employee / official,1,none,yes,1,single
... >= 200 DM / salary assignments for at least 1 year,6,critical account / other credits existing (not at this bank),car (new),2572,100 <= ... < 500 DM,... >= 7 years,3,male,none,3,building society savings agreement / life insurance,27,bank,rent,2,unskilled - resident,2,"yes, registered under customer's name",yes,1,divorced/separated
0 <= ... < 200 DM,57,delay in paying off in the past,others,521,unknown / no savings account,1 <= ... < 4 years,3,male,none,4,real estate,44,none,own,1,skilled employee / official,1,none,yes,2,single
0 <= ... < 200 DM,19,critical account / other credits existing (not at this bank),radio/television,1254,unknown / no savings account,... >= 7 years,2,male,none,2,real estate,41,bank,own,1,management / self-employed / highly qualified employee / officer,1,none,yes,1,single
0 <= ... < 200 DM,65,critical account / other credits existing (not at this bank),car (new),902,... < 100 DM,... < 1 year,2,female,none,2,"car or other, not in savings account",41,none,own,1,unskilled - resident,1,"yes, registered under customer's name",yes,1,single
0 <= ... < 200 DM,53,delay in paying off in the past,furniture/equipment,831,unknown / no savings account,1 <= ... < 4 years,4,female,none,1,building society savings agreement / life insurance,38,none,own,1,skilled employee / official,2,"yes, registered under customer's name",yes,1,divorced/separated
0 <= ... < 200 DM,25,existing credits paid back duly till now,radio/television,5891,100 <= ... < 500 DM,... < 1 year,4,male,co-applicant,1,building society savings agreement / life insurance,59,none,own,2,unskilled - resident,1,none,yes,2,divorced/separated
no checking account,26,existing credits paid back duly till now,car (new),1165,... < 100 DM,1 <= ... < 4 years,3,male,none,3,"car or other, not in savings account",32,none,rent,1,skilled employee / official,1,none,yes,1,divorced/separated
no checking account,6,existing credits paid back duly till now,car (new),1173,... < 100 DM,... >= 7 years,4,female,none,1,real estate,26,none,rent,1,skilled employee / official,1,none,yes,1,married/widowed
... < 0 DM,21,critical account / other credits existing (not at this bank),repairs,5089,... < 100 DM,... < 1 year,1,male,co-applicant,2,unknown / no property,42,none,for free,1,skilled employee / official,1,"yes, registered under customer's name",yes,2,single
0 <= ... < 200 DM,49,critical account / other credits existing (not at this bank),others,2256,100 <= ... < 500 DM,1 <= ... < 4 years,4,male,co-applicant,3,unknown / no property,24,none,rent,1,unskilled - resident,1,none,yes,1,single
0 <= ... < 200 DM,46,critical account / other credits existing (not at this bank),others,1401,... < 100 DM,... < 1 year,3,male,none,2,building society savings agreement / life insurance,58,bank,own,1,management / self-employed / highly qualified employee / officer,1,"yes, registered under customer's name",yes,2,single
0 <= ... < 200 DM,12,no credits taken / all credits paid back duly,radio/television,1254,unknown / no savings account,1 <= ... < 4 years,1,male,none,2,"car or other, not in savings account",35,none,own,1,skilled employee / official,1,none,yes,1,single
no checking account,26,critical account / other credits existing (not at this bank),radio/television,4917,100 <= ... < 500 DM,... < 1 year,4,female,none,4,building society savings agreement / life insurance,58,none,rent,1,skilled employee / official,1,none,yes,1,single
0 <= ... < 200 DM,26,critical account / other credits existing (not at this bank),education,497,... >= 1000 DM,1 <= ... < 4 years,1,female,none,2,"car or other, not in savings account",62,bank,own,2,skilled employee / official,1,"yes, registered under customer's name",yes,1,single
0 <= ... < 200 DM,27,critical account / other credits existing (not at this bank),radio/television,1737,100 <= ... < 500 DM,... < 1 year,2,male,none,4,"car or other, not in savings account",75,none,own,1,management / self-employed / highly qualified employee / officer,1,none,yes,1,single
0 <= ... < 200 DM,25,existing credits paid back duly till now,education,354,100 <= ... < 500 DM,... < 1 year,2,male,none,3,real estate,31,none,own,2,skilled employee / official,1,"yes, registered under customer's name",yes,2,divorced/separated
no checking account,23,critical account / other credits existing (not at this bank),car (new),250,... < 100 DM,... >= 7 years,4,female,none,3,"car or other, not in savings account",31,none,own,2,skilled employee / official,1,none,yes,1,single
0 <= ... < 200 DM,67,critical account / other credits existing (not at this bank),radio/television,684,... < 100 DM,... >= 7 years,1,female,none,2,unknown / no property,31,none,own,1,unskilled - resident,1,none,yes,1,married/widowed
... < 0 DM,27,existing credits paid back duly till now,car (new),1115,... < 100 DM,4 <= ... < 7 years,2,male,none,4,building society savings agreement / life insurance,74,none,own,1,skilled employee / official,1,none,yes,1,married/widowed
... < 0 DM,68,all credits at this bank paid back duly,furniture/equipment,250,unknown / no savings account,1 <= ... < 4 years,1,male,none,1,building society savings agreement / life insurance,30,none,for free,1,management / self-employed / highly qualified employee / officer,1,"yes, registered under customer's name",yes,2,single
no checking account,13,critical account / other credits existing (not at this bank),business,612,... < 100 DM,unemployed,4,male,none,4,real estate,21,none,own,2,management / self-employed / highly qualified employee / officer,1,"yes, registered under customer's name",yes,2,single
... >= 200 DM / salary assignments for at least 1 year,23,critical account / other credits existing (not at this bank),car (used),300,... < 100 DM,unemployed,4,male,none,4,real estate,58,none,own,2,unskilled - resident,2,"yes, registered under customer's name",yes,1,single
0 <= ... < 200 DM,16,critical account / other credits existing (not at this bank),car (used),1390,... < 100 DM,... < 1 year,2,male,none,3,"car or other, not in savings account",25,none,for free,1,management / self-employed / highly qualified employee / officer,1,none,yes,1,single
no checking account,48,critical account / other credits existing (not at this bank),radio/television,250,... < 100 DM,1 <= ... < 4 years,4,female,none,4,building society savings agreement / life insurance,26,none,for free,1,unemployed / unskilled - non-resident,1,"yes, registered under customer's name",yes,1,single
0 <= ... < 200 DM,21,critical account / other credits existing (not at this bank),business,4396,100 <= ... < 500 DM,4 <= ... < 7 years,2,female,none,4,"car or other, not in savings account",32,none,own,2,unskilled - resident,1,"yes, registered under customer's name",yes,1,divorced/separated
0 <= ... < 200 DM,28,delay in paying off in the past,car (used),250,... < 100 DM,1 <= ... < 4 years,4,female,none,3,building society savings agreement / life insurance,61,none,rent,1,skilled employee / official,1,"yes, registered under customer's name",yes,1,single
0 <= ... < 200 DM,24,critical account / other credits existing (not at this bank),car (new),3476,... < 100 DM,... >= 7 years,3,female,none,2,"car or other, not in savings account",54,bank,own,1,management / self-employed / highly qualified employee / officer,1,none,yes,1,single
no checking account,52,critical account / other credits existing (not at this bank),car (used),768,... < 100 DM,... < 1 year,1,male,none,2,real estate,32,none,own,2,unskilled - resident,1,"yes, registered under customer's name",yes,1,single
... < 0 DM,28,critical account / other credits existing (not at this bank),radio/television,250,... < 100 DM,1 <= ... < 4 years,4,female,none,3,real estate,46,none,own,2,skilled employee / official,2,none,yes,1,divorced/separated
0 <= ... < 200 DM,72,existing credits paid back duly till now,car (new),6949,100 <= ... < 500 DM,4 <= ... < 7 years,2,male,none,1,real estate,35,none,own,1,unskilled - resident,1,"yes, registered under customer's name",yes,1,single
0 <= ... < 200 DM,26,critical account / other credits existing (not at this bank),furniture/equipment,250,... < 100 DM,1 <= ... < 4 years,4,female,none,3,"car or other, not in savings account",62,none,for free,1,skilled employee / official,1,"yes, registered under customer's name",yes,1,divorced/separated
0 <= ... < 200 DM,18,existing credits paid back duly till now,car (used),4316,100 <= ... < 500 DM,... < 1 year,4,female,none,2,building society savings agreement / life insurance,33,none,rent,1,skilled employee / official,1,none,yes,1,single
no checking account,30,existing credits paid back duly till now,furniture/equipment,454,... < 100 DM,4 <= ... < 7 years,2,female,none,2,"car or other, not in savings account",39,none,rent,1,skilled employee / official,1,none,yes,1,divorced/separated
no checking account,22,critical account / other credits existing (not at this bank),repairs,4168,... < 100 DM,1 <= ... < 4 years,1,female,co-applicant,4,"car or other, not in savings account",34,none,for free,2,management / self-employed / highly qualified employee / officer,1,"yes, registered under customer's name",yes,1,single
... < 0 DM,14,delay in paying off in the past,car (new),250,... < 100 DM,1 <= ... < 4 years,2,male,none,3,real estate,19,none,own,1,skilled employee / official,1,"yes, registered under customer's name",yes,2,divorced/separated
no checking account,24,critical account / other credits existing (not at this bank),car (used),370,... < 100 DM,... < 1 year,1,female,none,3,unknown / no property,39,bank,own,1,skilled employee / official,1,"yes, registered under customer's name",yes,1,single
... >= 200 DM / salary assignments for at least 1 year,20,delay in paying off in the past,others,1462,unknown / no savings account,... < 1 year,1,male,co-applicant,1,"car or other, not in savings account",23,none,own,1,skilled employee / official,1,none,yes,1,divorced/separated
no checking account,12,critical account / other credits existing (not at this bank),car (new),494,... < 100 DM,1 <= ... < 4 years,1,male,none,4,unknown / no property,27,none,own,1,unemployed / unskilled - non-resident,1,"yes, registered under customer's name",yes,1,single
... >= 200 DM / salary assignments for at least 1 year,60,critical account / other credits existing (not at this bank),car (new),1999,unknown / no savings account,1 <= ... < 4 years,3,male,none,3,"car or other, not in savings account",32,none,own,1,skilled employee / official,1,none,yes,1,single
... < 0 DM,10,no credits taken / all credits paid back duly,car (new),250,unknown / no savings account,1 <= ... < 4 years,4,female,guarantor,4,"car or other, not in savings account",32,none,for free,4,skilled employee / official,2,"yes, registered under customer's name",yes,1,married/widowed
no checking account,16,critical account / other credits existing (not at this bank),car (new),250,... < 100 DM,1 <= ... < 4 years,1,female,none,3,"car or other, not in savings account",34,none,rent,4,skilled employee / official,1,"yes, registered under customer's name",yes,1,single
0 <= ... < 200 DM,13,delay in paying off in the past,radio/television,251,unknown / no savings account,... < 1 year,4,male,none,3,building society savings agreement / life insurance,28,none,for free,1,skilled employee / official,1,"yes, registered under customer's name",yes,1,single
0 <= ... < 200 DM,33,delay in paying off in the past,car (new),250,unknown / no savings account,1 <= ... < 4 years,2,male,none,1,building society savings agreement / life insurance,25,bank,own,2,skilled employee / official,1,"yes, registered under customer's name",yes,1,married/widowed
... < 0 DM,27,critical account / other credits existing (not at this bank),education,250,... < 100 DM,... < 1 year,1,male,none,3,"car or other, not in savings account",41,none,own,1,skilled employee / official,1,"yes, registered under customer's name",yes,1,single
no checking account,70,critical account / other credits existing (not at this bank),business,445,unknown / no savings account,... >= 7 years,4,male,none,4,building society savings agreement / life insurance,34,none,for free,1,unskilled - resident,1,"yes, registered under customer's name",yes,1,single
... >= 200 DM / salary assignments for at least 1 year,8,delay in paying off in the past,car (new),250,100 <= ... < 500 DM,... < 1 year,1,female,none,2,real estate,65,none,own,1,management / self-employed / highly qualified employee / officer,1,"yes, registered under customer's name",yes,1,single
... >= 200 DM / salary assignments for at least 1 year,21,critical account / other credits existing (not at this bank),radio/television,337,500 <= ... < 1000 DM,1 <= ... < 4 years,2,male,none,3,real estate,55,none,own,1,management / self-employed / highly qualified employee / officer,1,none,yes,1,single
... < 0 DM,11,critical account / other credits existing (not at this bank),furniture/equipment,400,... < 100 DM,... >= 7 years,2,male,none,3,real estate,24,none,rent,1,skilled employee / official,1,"yes, registered under customer's name",yes,1,single
0 <= ... < 200 DM,12,critical account / other credits existing (not at this bank),business,5588,unknown / no savings account,... >= 7 years,2,female,none,3,unknown / no property,30,none,own,2,management / self-employed / highly qualified employee / officer,1,none,yes,1,single
0 <= ... < 200 DM,10,existing credits paid back duly till now,radio/television,469,... < 100 DM,1 <= ... < 4 years,1,female,none,4,building society savings agreement / life insurance,19,none,own,2,skilled employee / official,1,none,yes,2,single
0 <= ... < 200 DM,26,no credits taken / all credits paid back duly,radio/television,250,unknown / no savings account,1 <= ... < 4 years,4,male,none,4,building society savings agreement / life insurance,25,none,own,1,skilled employee / official,2,none,yes,1,single
no checking account,10,existing credits paid back duly till now,car (new),250,... < 100 DM,unemployed,4,male,none,4,unknown / no property,19,none,rent,1,skilled employee / official,1,none,yes,1,single
no checking account,66,critical account / other credits existing (not at this bank),business,459,... < 100 DM,unemployed,1,male,none,1,unknown / no property,34,none,rent,1,unskilled - resident,1,none,yes,1,single
... < 0 DM,29,all credits at this bank paid back duly,car (used),371,100 <= ... < 500 DM,... < 1 year,1,male,guarantor,1,real estate,33,none,own,1,skilled employee / official,1,"yes, registered under customer's name",yes,1,married/widowed
0 <= ... < 200 DM,4,no credits taken / all credits paid back duly,repairs,250,unknown / no savings account,... < 1 year,4,male,none,1,building society savings agreement / life insurance,23,none,for free,1,skilled employee / official,1,none,yes,1,single
no checking account,10,critical account / other credits existing (not at this bank),car (new),1045,unknown / no savings account,1 <= ... < 4 years,4,female,guarantor,4,real estate,40,bank,rent,1,skilled employee / official,1,"yes, registered under customer's name",no,1,married/widowed
no checking account,67,critical account / other credits existing (not at this bank),car (new),2307,100 <= ... < 500 DM,... >= 7 years,4,female,none,2,unknown / no property,27,none,for free,1,skilled employee / official,1,none,yes,1,single
no checking account,9,critical account / other credits existing (not at this bank),car (new),1952,unknown / no savings account,... < 1 year,2,male,none,4,real estate,25,none,own,1,skilled employee / official,1,none,yes,2,single
... >= 200 DM / salary assignments for at least 1 year,36,critical account / other credits existing (not at this bank),car (new),1476,... < 100 DM,... >= 7 years,4,female,none,3,"car or other, not in savings account",30,stores,for free,2,skilled employee / official,1,"yes, registered under customer's name",yes,1,divorced/separated
... < 0 DM,37,critical account / other credits existing (not at this bank),car (new),250,... < 100 DM,1 <= ... < 4 years,3,male,co-applicant,2,unknown / no property,34,none,own,1,unskilled - resident,1,none,yes,2,single
no checking account,24,no credits taken / all credits paid back duly,radio/television,1002,100 <= ... < 500 DM,4 <= ... < 7 years,4,male,none,1,real estate,38,none,own,1,unskilled - resident,1,"yes, registered under customer's name",yes,1,single
0 <= ... < 200 DM,23,existing credits paid back duly till now,car (new),477,... < 100 DM,1 <= ... < 4 years,4,female,none,2,real estate,27,bank,for free,1,unskilled - resident,1,none,yes,1,divorced/separated
0 <= ... < 200 DM,28,existing credits paid back duly till now,radio/television,250,... < 100 DM,... < 1 year,4,male,none,3,building society savings agreement / life insurance,27,bank,own,4,skilled employee / official,1,none,yes,2,single
0 <= ... < 200 DM,24,existing credits paid back duly till now,car (new),250,... < 100 DM,1 <= ... < 4 years,3,female,none,4,unknown / no property,34,none,rent,1,skilled employee / official,1,none,yes,2,single
no checking account,21,all credits at this bank paid back duly,repairs,1746,... < 100 DM,4 <= ... < 7 years,2,male,none,1,"car or other, not in savings account",34,bank,own,1,skilled employee / official,1,"yes, registered under customer's name",yes,1,single
no checking account,10,existing credits paid back duly till now,car (used),2749,unknown / no savings account,1 <= ... < 4 years,1,female,none,1,building society savings agreement / life insurance,32,bank,own,2,unskilled - resident,2,none,yes,1,single
... >= 200 DM / salary assignments for at least 1 year,6,critical account / other credits existing (not at this bank),car (used),250,unknown / no savings account,... >= 7 years,3,male,none,3,building society savings agreement / life insurance,29,none,for free,1,skilled employee / official,1,none,yes,1,divorced/separated
0 <= ... < 200 DM,12,delay in paying off in the past,furniture/equipment,2782,... < 100 DM,... < 1 year,1,male,none,3,real estate,33,none,own,1,skilled employee / official,1,none,yes,1,divorced/separated
... < 0 DM,23,no credits taken / all credits paid back duly,car (new),1294,... >= 1000 DM,4 <= ... < 7 years,3,female,none,4,unknown / no property,72,bank,own,1,skilled employee / official,1,none,yes,2,single
0 <= ... < 200 DM,32,existing credits paid back duly till now,car (new),1259,... < 100 DM,... < 1 year,2,male,none,2,real estate,36,none,own,1,skilled employee / official,1,none,yes,1,single
0 <= ... < 200 DM,16,existing credits paid back duly till now,furniture/equipment,699,... < 100 DM,... >= 7 years,4,female,none,3,real estate,23,none,own,1,management / self-employed / highly qualified employee / officer,1,"yes, registered under customer's name",yes,1,divorced/separated
... < 0 DM,17,critical account / other credits existing (not at this bank),business,1956,500 <= ... < 1000 DM,unemployed,4,female,none,2,building society savings agreement / life insurance,47,none,own,1,skilled employee / official,1,none,yes,1,single
no checking account,19,delay in paying off in the past,business,250,500 <= ... < 1000 DM,1 <= ... < 4 years,4,male,none,3,building society savings agreement / life insurance,33,none,own,2,unemployed / unskilled - non-resident,1,none,yes,2,single
0 <= ... < 200 DM,21,existing credits paid back duly till now,furniture/equipment,4133,... < 100 DM,... < 1 year,4,female,none,2,building society savings agreement / life insurance,75,none,own,1,unskilled - resident,1,"yes, registered under customer's name",yes,2,divorced/separated
... >= 200 DM / salary assignments for at least 1 year,23,critical account / other credits existing (not at this bank),radio/television,250,... < 100 DM,... >= 7 years,1,male,none,4,real estate,73,none,own,1,skilled employee / official,1,none,yes,1,single
... >= 200 DM / salary assignments for at least 1 year,14,existing credits paid back duly till now,furniture/equipment,745,... < 100 DM,... >= 7 years,4,female,co-applicant,4,building society savings agreement / life insurance,52,bank,rent,1,unemployed / unskilled - non-resident,1,none,yes,1,single
... < 0 DM,27,critical account / other credits existing (not at this bank),radio/television,6219,unknown / no savings account,... >= 7 years,4,male,none,1,"car or other, not in savings account",30,none,own,1,skilled employee / official,1,none,yes,1,single
... < 0 DM,23,existing credits paid back duly till now,radio/television,1154,... < 100 DM,... < 1 year,4,male,none,2,building society savings agreement / life insurance,27,none,for free,1,management / self-employed / highly qualified employee / officer,1,none,yes,2,single
no checking account,4,critical account / other credits existing (not at this bank),furniture/equipment,250,... < 100 DM,1 <= ... < 4 years,2,male,none,4,"car or other, not in savings account",22,none,own,2,unskilled - resident,1,"yes, registered under customer's name",yes,2,divorced/separated
0 <= ... < 200 DM,42,critical account / other credits existing (not at this bank),business,12652,... < 100 DM,1 <= ... < 4 years,4,female,none,4,"car or other, not in savings account",30,none,rent,2,unemployed / unskilled - non-resident,1,none,yes,1,single
no checking account,72,critical account / other credits existing (not at this bank),business,2466,unknown / no savings account,... < 1 year,4,male,none,2,building society savings agreement / life insurance,24,none,own,1,skilled employee / official,1,"yes, registered under customer's name",yes,1,single
... < 0 DM,17,critical account / other credits existing (not at this bank),education,3570,... < 100 DM,... < 1 year,3,female,none,1,"car or other, not in savings account",47,none,own,1,unskilled - resident,1,"yes, registered under customer's name",yes,1,single
... < 0 DM,24,critical account / other credits existing (not at this bank),business,1805,... < 100 DM,4 <= ... < 7 years,2,female,none,3,building society savings agreement / life insurance,26,none,for free,1,skilled employee / official,1,none,yes,1,single
0 <= ... < 200 DM,25,critical account / other credits existing (not at this bank),radio/television,250,500 <= ... < 1000 DM,... >= 7 years,1,female,co-applicant,1,"car or other, not in savings account",31,none,for free,2,skilled employee / official,1,"yes, registered under customer's name",yes,1,single
0 <= ... < 200 DM,21,existing credits paid back duly till now,furniture/equipment,3020,100 <= ... < 500 DM,... < 1 year,4,male,co-applicant,3,building society savings agreement / life insurance,23,none,for free,1,skilled employee / official,1,"yes, registered under customer's name",yes,1,single
0 <= ... < 200 DM,65,existing credits paid back duly till now,repairs,318,... < 100 DM,... < 1 year,1,female,none,1,real estate,58,none,own,1,skilled employee / official,1,"yes, registered under customer's name",yes,1,single
0 <= ... < 200 DM,26,critical account / other credits existing (not at this bank),car (new),282,100 <= ... < 500 DM,4 <= ... < 7 years,1,male,none,3,"car or other, not in savings account",36,bank,own,2,unskilled - resident,1,"yes, registered under customer's name",yes,1,single
0 <= ... < 200 DM,22,critical account / other credits existing (not at this bank),radio/television,6917,... < 100 DM,... < 1 year,4,female,none,2,building society savings agreement / life insurance,31,none,own,1,management / self-employed / highly qualified employee / officer,1,none,yes,1,single
no checking account,19,critical account / other credits existing (not at this bank),business,632,100 <= ... < 500 DM,... < 1 year,2,female,none,2,unknown / no property,33,bank,own,1,skilled employee / official,1,"yes, registered under customer's name",yes,1,single
0 <= ... < 200 DM,24,all credits at this bank paid back duly,car (new),1755,... >= 1000 DM,... >= 7 years,1,male,none,2,building society savings agreement / life insurance,43,bank,own,1,skilled employee / official,1,none,yes,1,divorced/separated
no checking account,8,existing credits paid back duly till now,furniture/equipment,742,... < 100 DM,unemployed,2,male,none,2,"car or other, not in savings account",34,none,own,1,skilled employee / official,1,none,yes,2,single
no checking account,24,critical account / other credits existing (not at this bank),car (new),2265,500 <= ... < 1000 DM,... < 1 year,2,female,co-applicant,2,"car or other, not in savings account",51,none,own,1,skilled employee / official,1,none,yes,1,single
no checking account,13,critical account / other credits existing (not at this bank),furniture/equipment,1592,... < 100 DM,1 <= ... < 4 years,4,male,none,1,building society savings agreement / life insurance,71,bank,own,2,unemployed / unskilled - non-resident,1,none,yes,1,single
0 <= ... < 200 DM,21,existing credits paid back duly till now,radio/television,1127,unknown / no savings account,unemployed,4,male,none,2,real estate,35,none,own,1,unskilled - resident,1,none,yes,1,single
0 <= ... < 200 DM,42,existing credits paid back duly till now,education,973,... < 100 DM,1 <= ... < 4 years,2,male,none,1,building society savings agreement / life insurance,31,none,own,1,unskilled - resident,1,none,yes,2,single
... < 0 DM,63,existing credits paid back duly till now,repairs,250,100 <= ... < 500 DM,1 <= ... < 4 years,3,female,co-applicant,4,unknown / no property,32,stores,rent,1,skilled employee / official,1,none,yes,1,married/widowed
no checking account,12,critical account / other credits existing (not at this bank),car (new),250,... < 100 DM,... < 1 year,2,female,none,3,building society savings agreement / life insurance,37,none,own,1,skilled employee / official,1,none,yes,2,single
no checking account,12,critical account / other credits existing (not at this bank),business,5074,unknown / no savings account,4 <= ... < 7 years,1,female,none,3,real estate,43,none,rent,1,skilled employee / official,1,none,yes,1,single
no checking account,4,existing credits paid back duly till now,car (used),1903,... < 100 DM,1 <= ... < 4 years,4,female,none,4,"car or other, not in savings account",33,none,own,1,skilled employee / official,1,none,yes,1,single
... < 0 DM,17,critical account / other credits existing (not at this bank),car (new),752,100 <= ... < 500 DM,... < 1 year,4,female,none,1,unknown / no property,22,none,rent,1,management / self-employed / highly qualified employee / officer,1,none,yes,1,divorced/separated
0 <= ... < 200 DM,16,critical account / other credits existing (not at this bank),business,1240,... < 100 DM,... < 1 year,1,female,none,2,building society savings agreement / life insurance,38,none,own,1,skilled employee / official,1,"yes, registered under customer's name",yes,1,single
0 <= ... < 200 DM,18,existing credits paid back duly till now,radio/television,3188,unknown / no savings account,... < 1 year,4,female,none,2,unknown / no property,56,none,own,1,management / self-employed / highly qualified employee / officer,1,none,yes,2,divorced/separated
0 <= ... < 200 DM,33,existing credits paid back duly till now,furniture/equipment,1981,... < 100 DM,4 <= ... < 7 years,3,female,none,4,"car or other, not in savings account",44,none,rent,1,skilled employee / official,1,"yes, registered under customer's name",yes,1,single
0 <= ... < 200 DM,24,critical account / other credits existing (not at this bank),education,585,unknown / no savings account,unemployed,4,male,none,1,unknown / no property,48,none,rent,2,management / self-employed / highly qualified employee / officer,1,"yes, registered under customer's name",yes,1,single
0 <= ... < 200 DM,15,existing credits paid back duly till now,radio/television,1210,... < 100 DM,... < 1 year,2,male,none,2,unknown / no property,26,none,rent,1,unskilled - resident,1,"yes, registered under customer's name",yes,1,single
... < 0 DM,42,existing credits paid back duly till now,education,250,... < 100 DM,4 <= ... < 7 years,2,male,none,1,"car or other, not in savings account",42,none,own,1,unskilled - resident,1,"yes, registered under customer's name",yes,1,divorced/separated
no checking account,20,critical account / other credits existing (not at this bank),furniture/equipment,2016,unknown / no savings account,... >= 7 years,2,male,none,2,real estate,33,none,own,1,skilled employee / official,2,none,yes,2,single
0 <= ... < 200 DM,13,critical account / other credits existing (not at this bank),car (new),686,... < 100 DM,unemployed,4,male,none,1,real estate,58,none,own,2,skilled employee / official,1,"yes, registered under customer's name",no,1,single
no checking account,9,existing credits paid back duly till now,furniture/equipment,250,... < 100 DM,... >= 7 years,4,female,guarantor,3,real estate,31,bank,for free,1,management / self-employed / highly qualified employee / officer,1,"yes, registered under customer's name",yes,2,divorced/separated
0 <= ... < 200 DM,22,critical account / other credits existing (not at this bank),radio/television,923,... < 100 DM,4 <= ... < 7 years,4,female,co-applicant,3,real estate,38,none,own,2,skilled employee / official,1,"yes, registered under customer's name",yes,2,married/widowed
... < 0 DM,64,all credits at this bank paid back duly,radio/television,1826,... < 100 DM,1 <= ... < 4 years,2,female,none,4,building society savings agreement / life insurance,51,stores,own,1,skilled employee / official,1,"yes, registered under customer's name",yes,1,single
0 <= ... < 200 DM,16,existing credits paid back duly till now,business,2036,... >= 1000 DM,1 <= ... < 4 years,1,female,none,2,unknown / no property,55,none,own,1,unskilled - resident,1,"yes, registered under customer's name",yes,1,single
0 <= ... < 200 DM,21,critical account / other credits existing (not at this bank),car (used),250,... >= 1000 DM,1 <= ... < 4 years,4,female,none,3,"car or other, not in savings account",44,none,own,2,skilled employee / official,1,none,yes,2,single
0 <= ... < 200 DM,47,critical account / other credits existing (not at this bank),business,890,... < 100 DM,1 <= ... < 4 years,1,male,none,1,"car or other, not in savings account",37,none,own,1,skilled employee / official,1,none,yes,1,single
0 <= ... < 200 DM,21,delay in paying off in the past,car (new),2622,... < 100 DM,1 <= ... < 4 years,1,female,none,3,"car or other, not in savings account",41,none,own,2,skilled employee / official,2,none,yes,1,single
0 <= ... < 200 DM,21,critical account / other credits existing (not at this bank),radio/television,250,... < 100 DM,... >= 7 years,2,male,none,3,real estate,33,none,rent,1,skilled employee / official,1,none,yes,1,single
no checking account,70,existing credits paid back duly till now,radio/television,252,... < 100 DM,4 <= ... < 7 years,2,female,none,4,"car or other, not in savings account",38,none,for free,1,skilled employee / official,1,"yes, registered under customer's name",yes,2,single
0 <= ... < 200 DM,7,critical account / other credits existing (not at this bank),business,250,100 <= ... < 500 DM,unemployed,1,female,none,2,building society savings agreement / life insurance,35,stores,own,1,unskilled - resident,1,"yes, registered under customer's name",yes,1,single
no checking account,18,existing credits paid back duly till now,furniture/equipment,460,unknown / no savings account,4 <= ... < 7 years,4,male,none,1,building society savings agreement / life insurance,73,none,rent,1,skilled employee / official,1,none,yes,1,single
... < 0 DM,14,delay in paying off in the past,business,1555,unknown / no savings account,1 <= ... < 4 years,2,female,guarantor,3,building society savings agreement / life insurance,75,stores,for free,2,management / self-employed / highly qualified employee / officer,1,"yes, registered under customer's name",yes,1,single
... >= 200 DM / salary assignments for at least 1 year,25,existing credits paid back duly till now,furniture/equipment,3000,unknown / no savings account,4 <= ... < 7 years,1,male,none,1,building society savings agreement / life insurance,28,none,own,1,skilled employee / official,2,none,yes,2,single
... < 0 DM,9,existing credits paid back duly till now,car (used),250,unknown / no savings account,... >= 7 years,4,female,none,4,unknown / no property,50,none,rent,1,skilled employee / official,1,none,yes,1,married/widowed
... < 0 DM,12,critical account / other credits existing (not at this bank),radio/television,250,... < 100 DM,... >= 7 years,4,male,none,2,real estate,56,bank,own,1,unskilled - resident,1,none,yes,2,single
no checking account,28,existing credits paid back duly till now,car (new),1013,... < 100 DM,... < 1 year,3,female,none,4,"car or other, not in savings account",31,none,rent,1,skilled employee / official,1,none,yes,1,single
... >= 200 DM / salary assignments for at least 1 year,56,existing credits paid back duly till now,car (new),250,100 <= ... < 500 DM,1 <= ... < 4 years,4,male,none,3,building society savings agreement / life insurance,52,none,own,1,unskilled - resident,2,"yes, registered under customer's name",yes,2,divorced/separated
... < 0 DM,42,critical account / other credits existing (not at this bank),car (new),3316,100 <= ... < 500 DM,4 <= ... < 7 years,4,female,none,3,"car or other, not in savings account",25,bank,rent,1,skilled employee / official,1,"yes, registered under customer's name",yes,1,single
0 <= ... < 200 DM,21,delay in paying off in the past,car (new),4651,... < 100 DM,1 <= ... < 4 years,4,male,none,4,"car or other, not in savings account",24,none,rent,1,unskilled - resident,1,"yes, registered under customer's name",yes,1,single
... >= 200 DM / salary assignments for at least 1 year,20,critical account / other credits existing (not at this bank),car (new),250,... < 100 DM,... >= 7 years,3,female,none,3,real estate,29,none,for free,2,unskilled - resident,1,"yes, registered under customer's name",yes,2,divorced/separated
no checking account,53,critical account / other credits existing (not at this bank),radio/television,1585,100 <= ... < 500 DM,4 <= ... < 7 years,1,female,none,2,real estate,75,none,own,1,unskilled - resident,1,none,yes,1,single
0 <= ... < 200 DM,53,critical account / other credits existing (not at this bank),car (used),3260,... < 100 DM,1 <= ... < 4 years,4,male,none,2,"car or other, not in savings account",19,none,own,1,skilled employee / official,1,"yes, registered under customer's name",yes,1,single
no checking account,24,existing credits paid back duly till now,car (new),877,100 <= ... < 500 DM,... >= 7 years,4,female,none,3,real estate,45,none,rent,1,skilled employee / official,1,"yes, registered under customer's name",yes,1,single
... < 0 DM,24,critical account / other credits existing (not at this bank),furniture/equipment,1551,unknown / no savings account,... < 1 year,2,male,none,2,real estate,32,none,own,1,unskilled - resident,1,none,yes,1,single
no checking account,13,existing credits paid back duly till now,radio/television,3067,... < 100 DM,1 <= ... < 4 years,2,male,none,4,building society savings agreement / life insurance,43,none,own,1,unskilled - resident,1,none,yes,1,single
no checking account,27,critical account / other credits existing (not at this bank),car (new),1492,unknown / no savings account,unemployed,1,male,none,3,"car or other, not in savings account",59,none,own,1,skilled employee / official,1,none,yes,1,single
... < 0 DM,72,delay in paying off in the past,repairs,250,100 <= ... < 500 DM,... < 1 year,1,female,none,2,"car or other, not in savings account",20,bank,for free,1,unskilled - resident,1,none,yes,1,divorced/separated
0 <= ... < 200 DM,11,existing credits paid back duly till now,furniture/equipment,2972,unknown / no savings account,unemployed,1,male,none,2,real estate,41,none,own,1,skilled employee / official,1,"yes, registered under customer's name",yes,2,divorced/separated
no checking account,45,existing credits paid back duly till now,car (new),250,500 <= ... < 1000 DM,... < 1 year,2,female,none,3,"car or other, not in savings account",53,none,own,1,skilled employee / official,1,none,yes,1,divorced/separated
0 <= ... < 200 DM,37,existing credits paid back duly till now,furniture/equipment,837,... < 100 DM,4 <= ... < 7 years,4,male,none,3,"car or other, not in savings account",75,none,own,2,unskilled - resident,1,"yes, registered under customer's name",yes,1,married/widowed
no checking account,25,critical account / other credits existing (not at this bank),radio/television,485,100 <= ... < 500 DM,4 <= ... < 7 years,1,female,none,2,building society savings agreement / life insurance,75,none,rent,1,skilled employee / official,1,"yes, registered under customer's name",yes,1,single
0 <= ... < 200 DM,39,existing credits paid back duly till now,furniture/equipment,912,... < 100 DM,1 <= ... < 4 years,2,female,none,3,"car or other, not in savings account",49,none,own,1,unskilled - resident,1,none,yes,1,single
0 <= ... < 200 DM,5,critical account / other credits existing (not at this bank),car (used),250,... < 100 DM,1 <= ... < 4 years,3,female,guarantor,2,"car or other, not in savings account",34,none,own,1,management / self-employed / highly qualified employee / officer,1,"yes, registered under customer's name",yes,1,single
... < 0 DM,16,existing credits paid back duly till now,car (new),250,unknown / no savings account,... >= 7 years,1,male,none,4,building society savings agreement / life insurance,28,none,own,2,skilled employee / official,1,none,yes,1,divorced/separated
no checking account,15,existing credits paid back duly till now,repairs,1047,unknown / no savings account,... < 1 year,4,female,none,4,"car or other, not in savings account",38,none,own,1,skilled employee / official,1,none,yes,1,single
0 <= ... < 200 DM,16,all credits at this bank paid back duly,business,498,500 <= ... < 1000 DM,... >= 7 years,1,male,none,1,real estate,37,none,own,1,skilled employee / official,1,none,yes,2,single
... < 0 DM,27,all credits at this bank paid back duly,car (new),250,500 <= ... < 1000 DM,... < 1 year,4,male,none,1,real estate,30,none,own,1,skilled employee / official,2,"yes, registered under customer's name",yes,1,single
0 <= ... < 200 DM,6,existing credits paid back duly till now,radio/television,1045,500 <= ... < 1000 DM,1 <= ... < 4 years,1,male,none,3,"car or other, not in savings account",42,none,own,1,skilled employee / official,1,"yes, registered under customer's name",yes,2,single
0 <= ... < 200 DM,29,existing credits paid back duly till now,radio/television,250,... < 100 DM,... >= 7 years,4,male,none,1,unknown / no property,33,none,own,1,unskilled - resident,1,none,yes,1,single
no checking account,22,critical account / other credits existing (not at this bank),car (new),250,... >= 1000 DM,1 <= ... < 4 years,1,male,none,4,building society savings agreement / life insurance,39,none,own,1,skilled employee / official,1,none,yes,1,single
no checking account,24,existing credits paid back duly till now,radio/television,1171,unknown / no savings account,1 <= ... < 4 years,4,male,none,3,real estate,28,none,own,1,skilled employee / official,1,none,yes,2,single
... >= 200 DM / salary assignments for at least 1 year,20,critical account / other credits existing (not at this bank),radio/television,1332,500 <= ... < 1000 DM,... < 1 year,3,male,guarantor,4,building society savings agreement / life insurance,33,stores,for free,2,skilled employee / official,1,none,yes,1,single
... < 0 DM,20,existing credits paid back duly till now,car (new),1177,... < 100 DM,... >= 7 years,4,female,guarantor,2,"car or other, not in savings account",30,none,own,2,unemployed / unskilled - non-resident,1,"yes, registered under customer's name",yes,1,single
0 <= ... < 200 DM,48,critical account / other credits existing (not at this bank),radio/television,5814,unknown / no savings account,... < 1 year,2,male,none,4,real estate,47,none,own,1,unskilled - resident,1,none,yes,1,single
... < 0 DM,47,no credits taken / all credits paid back duly,furniture/equipment,932,500 <= ... < 1000 DM,... >= 7 years,3,male,none,3,real estate,24,bank,own,1,management / self-employed / highly qualified employee / officer,1,"yes, registered under customer's name",yes,1,divorced/separated
0 <= ... < 200 DM,16,critical account / other credits existing (not at this bank),furniture/equipment,1603,... < 100 DM,1 <= ... < 4 years,4,male,none,1,"car or other, not in savings account",37,none,for free,1,unskilled - resident,1,none,yes,1,single
0 <= ... < 200 DM,10,all credits at this bank paid back duly,education,5213,... < 100 DM,... < 1 year,4,female,none,4,unknown / no property,24,bank,own,1,unskilled - resident,1,"yes, registered under customer's name",yes,2,single
0 <= ... < 200 DM,21,existing credits paid back duly till now,car (new),250,100 <= ... < 500 DM,1 <= ... < 4 years,4,female,none,2,"car or other, not in savings account",60,none,own,1,skilled employee / official,1,none,no,1,single
0 <= ... < 200 DM,22,existing credits paid back duly till now,car (new),303,unknown / no savings account,1 <= ... < 4 years,2,male,none,1,"car or other, not in savings account",22,none,own,1,skilled employee / official,1,"yes, registered under customer's name",yes,1,single
0 <= ... < 200 DM,4,critical account / other credits existing (not at this bank),car (used),823,... < 100 DM,1 <= ... < 4 years,1,female,none,4,"car or other, not in savings account",35,none,own,1,unskilled - resident,1,none,yes,1,married/widowed
no checking account,23,existing credits paid back duly till now,business,1255,... < 100 DM,unemployed,2,male,none,2,building society savings agreement / life insurance,32,bank,for free,1,management / self-employed / highly qualified employee / officer,1,none,yes,1,single
no checking account,63,existing credits paid back duly till now,car (new),269,... < 100 DM,1 <= ... < 4 years,4,male,none,1,building society savings agreement / life insurance,53,none,own,2,management / self-employed / highly qualified employee / officer,1,"yes, registered under customer's name",yes,1,single
0 <= ... < 200 DM,27,existing credits paid back duly till now,car (new),250,... < 100 DM,unemployed,4,female,none,4,"car or other, not in savings account",36,none,own,1,skilled employee / official,1,"yes, registered under customer's name",yes,1,single
... < 0 DM,26,critical account / other credits existing (not at this bank),car (used),4056,... < 100 DM,4 <= ... < 7 years,1,male,none,1,real estate,43,none,own,1,skilled employee / official,1,none,yes,1,single
0 <= ... < 200 DM,9,existing credits paid back duly till now,radio/television,2918,... < 100 DM,... < 1 year,1,male,none,3,"car or other, not in savings account",34,none,own,1,skilled employee / official,1,"yes, registered under customer's name",yes,1,single
0 <= ... < 200 DM,65,critical account / other credits existing (not at this bank),radio/television,3980,unknown / no savings account,... < 1 year,1,female,none,3,real estate,31,none,own,1,skilled employee / official,1,none,yes,1,single
no checking account,23,critical account / other credits existing (not at this bank),radio/television,3158,... < 100 DM,unemployed,3,male,none,4,real estate,58,none,own,3,skilled employee / official,1,none,yes,2,divorced/separated
... < 0 DM,23,existing credits paid back duly till now,radio/television,647,500 <= ... < 1000 DM,4 <= ... < 7 years,2,male,none,4,real estate,75,none,own,1,skilled employee / official,1,none,yes,1,single
0 <= ... < 200 DM,27,existing credits paid back duly till now,car (used),953,100 <= ... < 500 DM,... >= 7 years,4,male,none,3,building society savings agreement / life insurance,40,none,for free,2,skilled employee / official,2,none,yes,1,divorced/separated
... < 0 DM,18,critical account / other credits existing (not at this bank),business,1383,100 <= ... < 500 DM,1 <= ... < 4 years,4,female,none,2,real estate,24,none,own,1,management / self-employed / highly qualified employee / officer,1,none,yes,2,single
0 <= ... < 200 DM,4,delay in paying off in the past,radio/television,2165,... < 100 DM,... >= 7 years,3,male,none,3,"car or other, not in savings account",48,none,own,2,management / self-employed / highly qualified employee / officer,1,"yes, registered under customer's name",yes,1,single
0 <= ... < 200 DM,49,existing credits paid back duly till now,radio/television,2738,100 <= ... < 500 DM,... >= 7 years,2,female,none,2,building society savings agreement / life insurance,30,stores,rent,2,skilled employee / official,1,none,yes,1,single
0 <= ... < 200 DM,46,existing credits paid back duly till now,education,1651,unknown / no savings account,unemployed,1,male,none,2,"car or other, not in savings account",26,none,own,1,skilled employee / official,1,"yes, registered under customer's name",yes,1,single
0 <= ... < 200 DM,29,delay in paying off in the past,car (used),1328,500 <= ... < 1000 DM,4 <= ... < 7 years,4,male,none,2,building society savings agreement / life insurance,28,none,own,1,unskilled - resident,1,none,yes,1,single
0 <= ... < 200 DM,59,existing credits paid back duly till now,car (new),277,500 <= ... < 1000 DM,4 <= ... < 7 years,4,female,none,4,real estate,31,none,rent,1,skilled employee / official,1,none,no,1,single
no checking account,52,critical account / other credits existing (not at this bank),car (new),660,... < 100 DM,... >= 7 years,3,male,none,2,real estate,32,none,own,1,skilled employee / official,1,"yes, registered under customer's name",yes,2,single
... < 0 DM,26,existing credits paid back duly till now,business,250,100 <= ... < 500 DM,unemployed,2,male,none,2,real estate,27,bank,for free,2,skilled employee / official,2,"yes, registered under customer's name",yes,1,married/widowed
0 <= ... < 200 DM,15,critical account / other credits existing (not at this bank),car (used),250,100 <= ... < 500 DM,4 <= ... < 7 years,1,male,none,4,"car or other, not in savings account",39,none,own,1,skilled employee / official,1,none,yes,2,divorced/separated
... < 0 DM,21,critical account / other credits existing (not at this bank),car (new),464,... < 100 DM,4 <= ... < 7 years,3,male,none,3,building society savings agreement / life insurance,19,none,own,2,skilled employee / official,1,none,yes,1,single
no checking account,59,critical account / other credits existing (not at this bank),car (new),2884,... < 100 DM,4 <= ... < 7 years,4,male,none,4,building society savings agreement / life insurance,46,none,for free,1,skilled employee / official,1,none,yes,2,divorced/separated
... < 0 DM,4,existing credits paid back duly till now,radio/television,835,... < 100 DM,... >= 7 years,2,female,none,3,"car or other, not in savings account",75,none,own,1,skilled employee / official,1,none,yes,1,single
0 <= ... < 200 DM,9,critical account / other credits existing (not at this bank),car (new),1606,100 <= ... < 500 DM,... < 1 year,4,male,none,2,building society savings agreement / life insurance,27,none,own,1,skilled employee / official,1,none,yes,1,single
... < 0 DM,26,critical account / other credits existing (not at this bank),business,250,... < 100 DM,... < 1 year,2,female,none,3,real estate,46,none,own,1,skilled employee / official,1,none,yes,1,single
0 <= ... < 200 DM,37,critical account / other credits existing (not at this bank),car (new),4954,... < 100 DM,4 <= ... < 7 years,4,male,none,4,"car or other, not in savings account",66,none,for free,1,skilled employee / official,1,"yes, registered under customer's name",yes,2,single
no checking account,22,delay in paying off in the past,radio/television,6545,unknown / no savings account,... < 1 year,4,male,none,2,real estate,43,none,for free,2,skilled employee / official,1,none,yes,1,single
... >= 200 DM / salary assignments for at least 1 year,27,delay in paying off in the past,car (new),455,100 <= ... < 500 DM,... >= 7 years,2,female,none,1,"car or other, not in savings account",64,bank,for free,1,management / self-employed / highly qualified employee / officer,1,"yes, registered under customer's name",yes,2,divorced/separated
no checking account,15,existing credits paid back duly till now,car (new),1098,100 <= ... < 500 DM,... >= 7 years,4,female,none,3,unknown / no property,48,bank,rent,2,skilled employee / official,1,none,yes,1,divorced/separated
... < 0 DM,9,existing credits paid back duly till now,radio/television,2805,... < 100 DM,... < 1 year,1,male,none,3,real estate,31,none,for free,1,skilled employee / official,1,none,yes,1,single
0 <= ... < 200 DM,12,critical account / other credits existing (not at this bank),furniture/equipment,2855,... < 100 DM,1 <= ... < 4 years,2,male,none,3,"car or other, not in savings account",20,none,rent,2,skilled employee / official,1,none,yes,1,single
0 <= ... < 200 DM,26,existing credits paid back duly till now,furniture/equipment,250,100 <= ... < 500 DM,unemployed,1,female,none,2,real estate,31,none,own,1,unskilled - resident,1,none,yes,1,single
no checking account,26,critical account / other credits existing (not at this bank),radio/television,3065,... < 100 DM,1 <= ... < 4 years,4,male,none,2,building society savings agreement / life insurance,43,bank,for free,1,skilled employee / official,1,none,yes,1,single
no checking account,48,critical account / other credits existing (not at this bank),radio/television,250,... < 100 DM,1 <= ... < 4 years,2,female,none,2,real estate,19,none,own,4,skilled employee / official,1,"yes, registered under customer's name",yes,1,single
0 <= ... < 200 DM,14,critical account / other credits existing (not at this bank),car (new),250,... < 100 DM,unemployed,1,female,none,1,unknown / no property,35,none,own,1,skilled employee / official,1,"yes, registered under customer's name",yes,1,single
no checking account,16,critical account / other credits existing (not at this bank),radio/television,2576,... < 100 DM,1 <= ... < 4 years,2,female,none,4,building society savings agreement / life insurance,30,none,own,1,skilled employee / official,1,"yes, registered under customer's name",yes,1,single
0 <= ... < 200 DM,43,existing credits paid back duly till now,car (new),1514,... < 100 DM,1 <= ... < 4 years,4,male,none,4,building society savings agreement / life insurance,49,none,own,1,management / self-employed / highly qualified employee / officer,1,"yes, registered under customer's name",yes,1,single
0 <= ... < 200 DM,4,critical account / other credits existing (not at this bank),radio/television,2379,100 <= ... < 500 DM,1 <= ... < 4 years,3,male,none,2,"car or other, not in savings account",45,none,for free,2,skilled employee / official,1,none,yes,1,single
0 <= ... < 200 DM,16,existing credits paid back duly till now,furniture/equipment,1890,100 <= ... < 500 DM,... < 1 year,4,male,none,1,"car or other, not in savings account",31,none,for free,1,skilled employee / official,1,none,no,1,single
0 <= ... < 200 DM,27,critical account / other credits existing (not at this bank),car (used),1958,... < 100 DM,unemployed,2,male,co-applicant,3,"car or other, not in savings account",40,bank,own,1,management / self-employed / highly qualified employee / officer,1,"yes, registered under customer's name",yes,1,single
no checking account,24,existing credits paid back duly till now,radio/television,1375,... < 100 DM,1 <= ... < 4 years,4,male,none,4,building society savings agreement / life insurance,21,none,rent,1,skilled employee / official,1,none,yes,1,single
no checking account,25,existing credits paid back duly till now,car (used),2579,... < 100 DM,... < 1 year,4,male,none,2,unknown / no property,32,none,own,2,skilled employee / official,1,"yes, registered under customer's name",yes,2,divorced/separated
0 <= ... < 200 DM,20,critical account / other credits existing (not at this bank),retraining,1529,... < 100 DM,... >= 7 years,4,male,none,4,real estate,20,none,for free,1,skilled employee / official,1,"yes, registered under customer's name",yes,1,divorced/separated
0 <= ... < 200 DM,69,existing credits paid back duly till now,furniture/equipment,1136,100 <= ... < 500 DM,1 <= ... < 4 years,4,male,none,4,real estate,41,none,rent,2,skilled employee / official,1,none,yes,1,single
0 <= ... < 200 DM,17,existing credits paid back duly till now,car (new),250,unknown / no savings account,... >= 7 years,2,male,none,4,building society savings agreement / life insurance,36,none,own,1,unskilled - resident,1,"yes, registered under customer's name",yes,1,single
... < 0 DM,39,critical account / other credits existing (not at this bank),furniture/equipment,2189,... < 100 DM,... >= 7 years,1,male,none,1,"car or other, not in savings account",23,stores,rent,1,skilled employee / official,2,none,yes,1,single
0 <= ... < 200 DM,27,critical account / other credits existing (not at this bank),furniture/equipment,6019,... < 100 DM,... < 1 year,2,male,none,2,building society savings agreement / life insurance,44,none,for free,1,skilled employee / official,1,"yes, registered under customer's name",yes,2,single
... < 0 DM,42,delay in paying off in the past,furniture/equipment,250,... < 100 DM,1 <= ... < 4 years,1,male,none,2,unknown / no property,26,none,own,1,unskilled - resident,1,none,yes,1,single
... < 0 DM,27,critical account / other credits existing (not at this bank),car (new),1606,100 <= ... < 500 DM,unemployed,4,male,none,3,unknown / no property,25,none,own,1,skilled employee / official,1,none,yes,2,single
0 <= ... < 200 DM,14,existing credits paid back duly till now,radio/television,7127,unknown / no savings account,... >= 7 years,4,male,none,1,unknown / no property,27,none,own,1,unskilled - resident,1,"yes, registered under customer's name",yes,1,divorced/separated
0 <= ... < 200 DM,42,existing credits paid back duly till now,others,250,... < 100 DM,1 <= ... < 4 years,4,male,none,3,building society savings agreement / life insurance,26,none,own,1,management / self-employed / highly qualified employee / officer,1,"yes, registered under customer's name",yes,1,divorced/separated
no checking account,21,no credits taken / all credits paid back duly,radio/television,250,... < 100 DM,... >= 7 years,1,female,none,3,building society savings agreement / life insurance,37,none,rent,1,skilled employee / official,1,"yes, registered under customer's name",yes,2,single
... < 0 DM,70,no credits taken / all credits paid back duly,furniture/equipment,1119,unknown / no savings account,1 <= ... < 4 years,4,male,none,1,real estate,53,stores,rent,1,management / self-employed / highly qualified employee / officer,1,none,yes,1,single
0 <= ... < 200 DM,52,existing credits paid back duly till now,business,250,100 <= ... < 500 DM,4 <= ... < 7 years,2,female,none,3,"car or other, not in savings account",36,bank,own,2,skilled employee / official,1,"yes, registered under customer's name",yes,1,divorced/separated
... < 0 DM,27,critical account / other credits existing (not at this bank),business,1672,100 <= ... < 500 DM,... < 1 year,3,female,none,2,unknown / no property,22,none,rent,1,skilled employee / official,1,"yes, registered under customer's name",yes,1,single
... < 0 DM,19,delay in paying off in the past,furniture/equipment,2168,100 <= ... < 500 DM,... < 1 year,1,male,guarantor,2,real estate,19,none,for free,2,management / self-employed / highly qualified employee / officer,1,none,yes,1,single
0 <= ... < 200 DM,5,existing credits paid back duly till now,others,250,... < 100 DM,unemployed,1,female,none,3,"car or other, not in savings account",75,none,rent,1,skilled employee / official,1,none,no,1,single
0 <= ... < 200 DM,22,critical account / other credits existing (not at this bank),others,1574,100 <= ... < 500 DM,... >= 7 years,1,male,none,3,real estate,22,none,own,1,unskilled - resident,1,"yes, registered under customer's name",yes,1,single
0 <= ... < 200 DM,8,existing credits paid back duly till now,furniture/equipment,250,... < 100 DM,unemployed,2,male,none,2,"car or other, not in savings account",43,none,own,1,skilled employee / official,2,none,no,1,married/widowed
no checking account,20,existing credits paid back duly till now,furniture/equipment,1403,... < 100 DM,4 <= ... < 7 years,2,female,none,4,real estate,35,none,for free,1,skilled employee / official,1,"yes, registered under customer's name",yes,1,divorced/separated
0 <= ... < 200 DM,17,critical account / other credits existing (not at this bank),retraining,544,... < 100 DM,... < 1 year,1,male,none,3,"car or other, not in savings account",24,none,own,1,management / self-employed / highly qualified employee / officer,1,"yes, registered under customer's name",yes,1,divorced/separated
0 <= ... < 200 DM,4,existing credits paid back duly till now,education,250,... < 100 DM,... >= 7 years,4,male,none,1,"car or other, not in savings account",36,stores,rent,1,management / self-employed / highly qualified employee / officer,1,none,yes,1,divorced/separated
0 <= ... < 200 DM,17,critical account / other credits existing (not at this bank),business,3322,... < 100 DM,... < 1 year,3,male,none,2,real estate,23,none,own,1,skilled employee / official,1,"yes, registered under customer's name",yes,1,divorced/separated
... < 0 DM,25,delay in paying off in the past,car (new),250,... < 100 DM,... < 1 year,2,male,none,3,"car or other, not in savings account",33,none,rent,2,skilled employee / official,1,none,yes,1,divorced/separated
no checking account,16,critical account / other credits existing (not at this bank),furniture/equipment,2122,... < 100 DM,... >= 7 years,1,male,none,4,"car or other, not in savings account",22,bank,own,2,skilled employee / official,1,"yes, registered under customer's name",yes,1,single
no checking account,30,existing credits paid back duly till now,business,2370,... < 100 DM,unemployed,2,female,none,3,unknown / no property,38,none,own,2,unemployed / unskilled - non-resident,1,"yes, registered under customer's name",yes,1,divorced/separated
0 <= ... < 200 DM,23,existing credits paid back duly till now,radio/television,4271,... < 100 DM,... < 1 year,2,female,none,1,unknown / no property,75,none,own,2,unskilled - resident,1,"yes, registered under customer's name",no,2,divorced/separated
0 <= ... < 200 DM,18,existing credits paid back duly till now,car (new),728,... < 100 DM,4 <= ... < 7 years,3,female,none,4,real estate,23,none,own,2,unskilled - resident,1,none,yes,2,single
0 <= ... < 200 DM,34,critical account / other credits existing (not at this bank),car (new),2172,500 <= ... < 1000 DM,1 <= ... < 4 years,4,female,none,2,"car or other, not in savings account",42,none,rent,1,skilled employee / official,1,"yes, registered under customer's name",yes,1,single
no checking account,20,delay in paying off in the past,car (new),3024,... < 100 DM,1 <= ... < 4 years,1,female,none,1,real estate,32,none,own,1,skilled employee / official,1,"yes, registered under customer's name",yes,1,single
... < 0 DM,49,existing credits paid back duly till now,furniture/equipment,1620,100 <= ... < 500 DM,4 <= ... < 7 years,1,female,co-applicant,3,real estate,38,none,own,2,skilled employee / official,1,none,yes,1,married/widowed
0 <= ... < 200 DM,60,critical account / other credits existing (not at this bank),business,1996,unknown / no savings account,... >= 7 years,4,male,none,4,building society savings agreement / life insurance,24,none,for free,1,management / self-employed / highly qualified employee / officer,1,none,yes,1,married/widowed
no checking account,17,existing credits paid back duly till now,radio/television,250,... < 100 DM,... < 1 year,4,male,none,4,"car or other, not in savings account",58,none,rent,1,unskilled - resident,1,"yes, registered under customer's name",yes,1,single
0 <= ... < 200 DM,27,existing credits paid back duly till now,business,741,... < 100 DM,... >= 7 years,1,female,none,3,building society savings agreement / life insurance,58,none,own,2,skilled employee / official,2,"yes, registered under customer's name",yes,1,divorced/separated
... < 0 DM,21,critical account / other credits existing (not at this bank),furniture/equipment,2712,... < 100 DM,1 <= ... < 4 years,2,male,none,2,real estate,34,none,own,1,unskilled - resident,1,"yes, registered under customer's name",yes,1,single
0 <= ... < 200 DM,4,existing credits paid back duly till now,education,250,unknown / no savings account,1 <= ... < 4 years,3,female,none,2,building society savings agreement / life insurance,34,stores,for free,4,management / self-employed / highly qualified employee / officer,1,"yes, registered under customer's name",yes,1,divorced/separated
0 <= ... < 200 DM,13,all credits at this bank paid back duly,repairs,1856,... < 100 DM,1 <= ... < 4 years,2,male,none,3,"car or other, not in savings account",33,none,own,1,skilled employee / official,1,none,yes,2,single
no checking account,20,existing credits paid back duly till now,business,2496,... < 100 DM,... < 1 year,4,male,none,3,real estate,47,none,own,2,skilled employee / official,1,none,yes,1,single
0 <= ... < 200 DM,24,delay in paying off in the past,business,250,... < 100 DM,... >= 7 years,2,female,none,3,"car or other, not in savings account",31,none,rent,1,skilled employee / official,1,"yes, registered under customer's name",yes,2,divorced/separated
0 <= ... < 200 DM,55,critical account / other credits existing (not at this bank),radio/television,679,unknown / no savings account,unemployed,3,female,none,4,building society savings agreement / life insurance,28,none,rent,1,management / self-employed / highly qualified employee / officer,1,"yes, registered under customer's name",yes,1,divorced/separated
0 <= ... < 200 DM,22,no credits taken / all credits paid back duly,education,250,... >= 1000 DM,... < 1 year,4,male,none,3,"car or other, not in savings account",75,none,own,1,unemployed / unskilled - non-resident,1,none,yes,1,single
no checking account,72,critical account / other credits existing (not at this bank),car (new),1688,100 <= ... < 500 DM,... < 1 year,1,male,none,2,real estate,34,none,for free,1,management / self-employed / highly qualified employee / officer,1,"yes, registered under customer's name",yes,2,single
0 <= ... < 200 DM,12,critical account / other credits existing (not at this bank),car (new),4574,... < 100 DM,... >= 7 years,2,male,none,3,"car or other, not in savings account",24,none,own,1,skilled employee / official,1,"yes, registered under customer's name",yes,1,single
no checking account,38,existing credits paid back duly till now,car (used),1364,... < 100 DM,... < 1 year,2,female,guarantor,2,real estate,22,stores,own,1,skilled employee / official,1,"yes, registered under customer's name",yes,2,single
0 <= ... < 200 DM,22,critical account / other credits existing (not at this bank),radio/television,615,unknown / no savings account,... < 1 year,1,female,none,2,building society savings agreement / life insurance,26,none,rent,2,skilled employee / official,1,none,yes,1,single
... >= 200 DM / salary assignments for at least 1 year,23,delay in paying off in the past,car (new),250,100 <= ... < 500 DM,1 <= ... < 4 years,4,female,none,2,"car or other, not in savings account",29,none,own,2,management / self-employed / highly qualified employee / officer,1,"yes, registered under customer's name",yes,1,single
0 <= ... < 200 DM,22,existing credits paid back duly till now,car (used),699,... >= 1000 DM,... < 1 year,2,male,none,3,real estate,23,none,for free,1,unskilled - resident,1,none,yes,1,single
0 <= ... < 200 DM,24,critical account / other credits existing (not at this bank),car (new),352,... < 100 DM,unemployed,2,female,none,2,"car or other, not in savings account",25,none,own,1,unemployed / unskilled - non-resident,1,"yes, registered under customer's name",yes,2,single
0 <= ... < 200 DM,71,critical account / other credits existing (not at this bank),car (new),1491,... < 100 DM,... >= 7 years,4,female,guarantor,2,"car or other, not in savings account",30,none,own,1,skilled employee / official,1,none,yes,1,single
0 <= ... < 200 DM,4,critical account / other credits existing (not at this bank),car (new),6913,... < 100 DM,1 <= ... < 4 years,4,male,none,3,"car or other, not in savings account",29,none,own,1,skilled employee / official,1,none,yes,1,single
no checking account,27,critical account / other credits existing (not at this bank),repairs,5507,... < 100 DM,unemployed,4,male,none,2,"car or other, not in savings account",63,bank,rent,1,skilled employee / official,1,none,yes,1,single
no checking account,18,existing credits paid back duly till now,radio/television,593,... < 100 DM,... >= 7 years,4,male,none,2,unknown / no property,44,bank,own,1,skilled employee / official,1,"yes, registered under customer's name",yes,1,divorced/separated
0 <= ... < 200 DM,26,critical account / other credits existing (not at this bank),radio/television,923,unknown / no savings account,... < 1 year,1,female,co-applicant,2,"car or other, not in savings account",34,none,rent,1,skilled employee / official,1,none,yes,1,single
0 <= ... < 200 DM,25,critical account / other credits existing (not at this bank),car (new),886,... < 100 DM,... >= 7 years,2,male,co-applicant,2,real estate,38,none,own,1,skilled employee / official,1,"yes, registered under customer's name",yes,1,single
0 <= ... < 200 DM,41,critical account / other credits existing (not at this bank),business,250,... < 100 DM,1 <= ... < 4 years,1,female,none,2,unknown / no property,47,none,own,2,unemployed / unskilled - non-resident,1,none,yes,1,single
0 <= ... < 200 DM,45,existing credits paid back duly till now,furniture/equipment,3366,... < 100 DM,... >= 7 years,2,female,none,3,unknown / no property,75,none,own,1,skilled employee / official,1,"yes, registered under customer's name",yes,2,divorced/separated
0 <= ... < 200 DM,16,no credits taken / all credits paid back duly,car (new),1380,100 <= ... < 500 DM,... >= 7 years,2,female,none,4,real estate,19,none,own,1,unskilled - resident,1,none,yes,1,single
0 <= ... < 200 DM,12,delay in paying off in the past,furniture/equipment,3334,... < 100 DM,1 <= ... < 4 years,2,female,none,4,"car or other, not in savings account",27,stores,for free,4,management / self-employed / highly qualified employee / officer,1,"yes, registered under customer's name",no,1,single
0 <= ... < 200 DM,24,critical account / other credits existing (not at this bank),furniture/equipment,3547,100 <= ... < 500 DM,... < 1 year,4,female,none,3,building society savings agreement / life insurance,42,none,rent,1,skilled employee / official,1,"yes, registered under customer's name",yes,1,single
... < 0 DM,25,critical account / other credits existing (not at this bank),car (new),250,unknown / no savings account,... >= 7 years,2,male,guarantor,3,"car or other, not in savings account",25,stores,own,2,skilled employee / official,1,"yes, registered under customer's name",yes,1,single
0 <= ... < 200 DM,13,critical account / other credits existing (not at this bank),furniture/equipment,485,... < 100 DM,1 <= ... < 4 years,1,male,co-applicant,2,real estate,44,none,for free,2,unskilled - resident,1,none,no,1,single
... < 0 DM,12,critical account / other credits existing (not at this bank),furniture/equipment,9127,unknown / no savings account,1 <= ... < 4 years,4,male,none,4,building society savings agreement / life insurance,36,none,own,2,skilled employee / official,1,none,yes,2,single
0 <= ... < 200 DM,10,existing credits paid back duly till now,car (new),1439,... < 100 DM,4 <= ... < 7 years,2,female,none,2,real estate,66,none,own,1,skilled employee / official,1,"yes, registered under customer's name",yes,2,single
no checking account,24,existing credits paid back duly till now,business,250,100 <= ... < 500 DM,1 <= ... < 4 years,2,female,none,2,real estate,26,none,for free,2,skilled employee / official,1,none,yes,1,single
0 <= ... < 200 DM,4,delay in paying off in the past,furniture/equipment,250,... < 100 DM,1 <= ... < 4 years,1,male,guarantor,3,building society savings agreement / life insurance,38,none,rent,2,management / self-employed / highly qualified employee / officer,1,"yes, registered under customer's name",yes,1,married/widowed
no checking account,27,delay in paying off in the past,car (new),2725,... < 100 DM,... >= 7 years,4,male,none,2,building society savings agreement / life insurance,39,none,own,1,skilled employee / official,1,none,yes,1,married/widowed
0 <= ... < 200 DM,22,existing credits paid back duly till now,business,250,unknown / no savings account,1 <= ... < 4 years,1,male,none,3,building society savings agreement / life insurance,43,none,own,2,unskilled - resident,1,"yes, registered under customer's name",yes,1,divorced/separated
0 <= ... < 200 DM,8,critical account / other credits existing (not at this bank),car (new),1960,100 <= ... < 500 DM,... >= 7 years,2,male,none,2,unknown / no property,56,none,own,1,skilled employee / official,1,none,yes,1,single
no checking account,57,delay in paying off in the past,radio/television,2828,... < 100 DM,1 <= ... < 4 years,2,male,none,3,"car or other, not in savings account",19,none,own,2,unskilled - resident,2,"yes, registered under customer's name",yes,1,single
0 <= ... < 200 DM,64,delay in paying off in the past,business,856,... < 100 DM,4 <= ... < 7 years,1,female,none,2,unknown / no property,50,none,own,1,skilled employee / official,1,"yes, registered under customer's name",yes,1,married/widowed
0 <= ... < 200 DM,4,all credits at this bank paid back duly,car (used),1291,unknown / no savings account,1 <= ... < 4 years,4,male,none,2,building society savings agreement / life insurance,35,bank,own,1,skilled employee / official,1,"yes, registered under customer's name",yes,2,single
0 <= ... < 200 DM,11,critical account / other credits existing (not at this bank),radio/television,3313,unknown / no savings account,... >= 7 years,4,female,none,3,building society savings agreement / life insurance,59,none,rent,2,unskilled - resident,1,"yes, registered under customer's name",yes,1,single
0 <= ... < 200 DM,14,existing credits paid back duly till now,car (new),250,500 <= ... < 1000 DM,... >= 7 years,2,male,guarantor,4,"car or other, not in savings account",29,none,own,1,skilled employee / official,1,none,yes,1,divorced/separated
no checking account,29,existing credits paid back duly till now,radio/television,478,... < 100 DM,... < 1 year,1,female,none,2,"car or other, not in savings account",20,bank,rent,4,management / self-employed / highly qualified employee / officer,1,"yes, registered under customer's name",yes,1,single
0 <= ... < 200 DM,20,critical account / other credits existing (not at this bank),business,2089,... < 100 DM,... < 1 year,1,male,none,2,building society savings agreement / life insurance,25,none,rent,1,management / self-employed / highly qualified employee / officer,1,none,yes,1,single
0 <= ... < 200 DM,21,critical account / other credits existing (not at this bank),radio/television,250,... < 100 DM,... >= 7 years,4,female,none,4,real estate,20,bank,own,2,unskilled - resident,1,none,yes,1,single
no checking account,24,critical account / other credits existing (not at this bank),radio/television,250,... < 100 DM,... >= 7 years,1,female,none,4,"car or other, not in savings account",56,bank,own,2,skilled employee / official,1,none,yes,1,single
0 <= ... < 200 DM,20,critical account / other credits existing (not at this bank),radio/television,250,... < 100 DM,1 <= ... < 4 years,3,female,co-applicant,4,unknown / no property,31,none,own,1,management / self-employed / highly qualified employee / officer,1,none,yes,1,single
0 <= ... < 200 DM,13,existing credits paid back duly till now,furniture/equipment,250,unknown / no savings account,... >= 7 years,4,female,none,2,real estate,23,none,rent,2,skilled employee / official,1,none,yes,1,single
... < 0 DM,43,existing credits paid back duly till now,radio/television,250,... < 100 DM,... >= 7 years,4,female,none,1,"car or other, not in savings account",40,none,own,1,skilled employee / official,1,"yes, registered under customer's name",yes,1,married/widowed
0 <= ... < 200 DM,9,delay in paying off in the past,car (new),250,unknown / no savings account,... >= 7 years,3,female,none,3,real estate,28,none,own,2,skilled employee / official,1,none,yes,1,single
no checking account,10,critical account / other credits existing (not at this bank),car (new),2138,... < 100 DM,... < 1 year,2,male,none,1,unknown / no property,42,none,own,1,skilled employee / official,1,none,yes,2,single
... < 0 DM,8,no credits taken / all credits paid back duly,car (new),1917,unknown / no savings account,... >= 7 years,4,male,none,4,real estate,75,bank,own,1,unskilled - resident,2,none,yes,1,single
... >= 200 DM / salary assignments for at least 1 year,72,delay in paying off in the past,radio/television,737,... < 100 DM,1 <= ... < 4 years,4,male,none,4,"car or other, not in savings account",54,none,for free,2,skilled employee / official,1,"yes, registered under customer's name",yes,1,single
no checking account,16,existing credits paid back duly till now,car (used),250,500 <= ... < 1000 DM,4 <= ... < 7 years,1,male,none,1,building society savings agreement / life insurance,33,none,for free,1,skilled employee / official,1,"yes, registered under customer's name",yes,1,single
0 <= ... < 200 DM,6,critical account / other credits existing (not at this bank),radio/television,1094,unknown / no savings account,... < 1 year,4,female,none,4,real estate,31,none,rent,2,skilled employee / official,1,"yes, registered under customer's name",yes,1,single
... >= 200 DM / salary assignments for at least 1 year,7,critical account / other credits existing (not at this bank),car (new),250,... < 100 DM,4 <= ... < 7 years,2,male,none,2,"car or other, not in savings account",32,bank,own,1,skilled employee / official,1,none,yes,1,single
no checking account,25,critical account / other credits existing (not at this bank),furniture/equipment,250,unknown / no savings account,... >= 7 years,1,male,none,2,building society savings agreement / life insurance,41,none,for free,1,management / self-employed / highly qualified employee / officer,1,none,yes,2,married/widowed
0 <= ... < 200 DM,61,critical account / other credits existing (not at this bank),education,1134,500 <= ... < 1000 DM,... < 1 year,4,male,none,1,"car or other, not in savings account",22,none,own,1,skilled employee / official,1,none,yes,1,divorced/separated
0 <= ... < 200 DM,18,critical account / other credits existing (not at this bank),car (new),1092,... < 100 DM,1 <= ... < 4 years,4,male,none,2,"car or other, not in savings account",24,none,own,1,skilled employee / official,1,none,yes,1,single
no checking account,22,critical account / other credits existing (not at this bank),education,366,unknown / no savings account,unemployed,2,male,guarantor,2,unknown / no property,26,none,own,1,management / self-employed / highly qualified employee / officer,1,"yes, registered under customer's name",no,1,single
no checking account,4,existing credits paid back duly till now,furniture/equipment,1759,... < 100 DM,... >= 7 years,4,male,none,3,"car or other, not in savings account",40,none,own,2,skilled employee / official,1,none,yes,1,single
... >= 200 DM / salary assignments for at least 1 year,8,existing credits paid back duly till now,car (new),3474,unknown / no savings account,... >= 7 years,1,female,none,2,real estate,31,bank,own,2,skilled employee / official,1,none,yes,2,single
no checking account,29,critical account / other credits existing (not at this bank),car (new),427,... < 100 DM,4 <= ... < 7 years,4,female,none,2,"car or other, not in savings account",33,none,own,1,unskilled - resident,2,none,yes,1,single
... < 0 DM,13,critical account / other credits existing (not at this bank),radio/television,349,... < 100 DM,... >= 7 years,2,male,guarantor,1,"car or other, not in savings account",35,none,own,1,skilled employee / official,1,none,yes,1,single
0 <= ... < 200 DM,15,existing credits paid back duly till now,radio/television,250,... < 100 DM,... < 1 year,2,male,none,1,building society savings agreement / life insurance,47,none,own,3,skilled employee / official,1,"yes, registered under customer's name",no,2,divorced/separated
... >= 200 DM / salary assignments for at least 1 year,52,critical account / other credits existing (not at this bank),car (used),1935,... < 100 DM,1 <= ... < 4 years,3,female,none,2,"car or other, not in savings account",75,none,own,1,skilled employee / official,1,none,yes,1,divorced/separated
0 <= ... < 200 DM,34,delay in paying off in the past,business,714,unknown / no savings account,... >= 7 years,4,male,none,2,building society savings agreement / life insurance,45,none,own,1,skilled employee / official,1,"yes, registered under customer's name",yes,2,married/widowed
no checking account,54,critical account / other credits existing (not at this bank),repairs,2691,unknown / no savings account,... < 1 year,2,male,none,1,building society savings agreement / life insurance,35,none,own,1,skilled employee / official,1,none,yes,1,single
0 <= ... < 200 DM,8,critical account / other credits existing (not at this bank),business,352,... < 100 DM,1 <= ... < 4 years,2,male,none,3,building society savings agreement / life insurance,38,none,own,1,skilled employee / official,1,"yes, registered under customer's name",yes,1,single
no checking account,71,existing credits paid back duly till now,business,250,... < 100 DM,1 <= ... < 4 years,4,female,none,2,building society savings agreement / life insurance,53,none,rent,1,management / self-employed / highly qualified employee / officer,1,none,yes,1,single
0 <= ... < 200 DM,50,critical account / other credits existing (not at this bank),car (new),250,unknown / no savings account,unemployed,4,male,none,1,"car or other, not in savings account",36,none,rent,1,unskilled - resident,1,"yes, registered under customer's name",no,1,single
... < 0 DM,8,delay in paying off in the past,car (new),2438,500 <= ... < 1000 DM,... >= 7 years,2,male,none,4,"car or other, not in savings account",36,none,for free,1,skilled employee / official,1,none,yes,1,single
0 <= ... < 200 DM,59,delay in paying off in the past,radio/television,250,... < 100 DM,... >= 7 years,4,female,none,4,unknown / no property,28,none,own,1,skilled employee / official,1,none,yes,1,single
0 <= ... < 200 DM,17,delay in paying off in the past,car (new),1295,... < 100 DM,... < 1 year,3,male,none,2,real estate,21,none,own,1,skilled employee / official,1,"yes, registered under customer's name",yes,1,single
... < 0 DM,71,all credits at this bank paid back duly,car (new),250,100 <= ... < 500 DM,4 <= ... < 7 years,4,male,none,1,real estate,47,none,rent,2,management / self-employed / highly qualified employee / officer,2,none,yes,1,single
0 <= ... < 200 DM,24,critical account / other credits existing (not at this bank),car (new),795,100 <= ... < 500 DM,unemployed,1,female,none,2,real estate,26,none,own,1,skilled employee / official,1,none,yes,1,divorced/separated
... < 0 DM,59,existing credits paid back duly till now,furniture/equipment,10002,... < 100 DM,... >= 7 years,2,male,none,3,"car or other, not in savings account",45,none,own,2,skilled employee / official,1,none,yes,1,single
no checking account,29,critical account / other credits existing (not at this bank),business,657,... < 100 DM,... >= 7 years,4,female,none,3,building society savings agreement / life insurance,49,none,own,1,unskilled - resident,1,"yes, registered under customer's name",yes,1,divorced/separated
... >= 200 DM / salary assignments for at least 1 year,28,critical account / other credits existing (not at this bank),business,250,unknown / no savings account,1 <= ... < 4 years,1,female,none,2,real estate,52,none,rent,2,skilled employee / official,1,none,yes,1,single
0 <= ... < 200 DM,20,critical account / other credits existing (not at this bank),furniture/equipment,1552,... < 100 DM,1 <= ... < 4 years,4,female,none,2,real estate,25,none,own,1,skilled employee / official,1,"yes, registered under customer's name",yes,1,single
0 <= ... < 200 DM,22,existing credits paid back duly till now,furniture/equipment,2132,... < 100 DM,... >= 7 years,4,female,none,3,real estate,19,stores,own,1,unskilled - resident,2,none,yes,1,single
0 <= ... < 200 DM,16,existing credits paid back duly till now,education,1568,unknown / no savings account,1 <= ... < 4 years,4,male,none,4,"car or other, not in savings account",27,none,own,1,skilled employee / official,1,none,yes,1,married/widowed
no checking account,24,critical account / other credits existing (not at this bank),car (new),828,unknown / no savings account,4 <= ... < 7 years,2,male,none,2,"car or other, not in savings account",52,none,for free,1,management / self-employed / highly qualified employee / officer,2,"yes, registered under customer's name",yes,1,married/widowed
0 <= ... < 200 DM,22,critical account / other credits existing (not at this bank),furniture/equipment,250,... < 100 DM,1 <= ... < 4 years,3,male,none,4,real estate,29,none,own,1,skilled employee / official,1,"yes, registered under customer's name",yes,1,single
... >= 200 DM / salary assignments for at least 1 year,7,all credits at this bank paid back duly,car (new),2967,... < 100 DM,4 <= ... < 7 years,1,female,none,2,building society savings agreement / life insurance,46,none,own,1,skilled employee / official,1,"yes, registered under customer's name",yes,1,single
0 <= ... < 200 DM,37,delay in paying off in the past,radio/television,3120,... < 100 DM,1 <= ... < 4 years,1,male,none,1,"car or other, not in savings account",33,none,own,1,unskilled - resident,1,none,yes,1,single
0 <= ... < 200 DM,11,delay in paying off in the past,car (new),1896,... < 100 DM,... >= 7 years,1,male,none,3,real estate,73,none,rent,1,skilled employee / official,1,"yes, registered under customer's name",yes,1,married/widowed
no checking account,47,critical account / other credits existing (not at this bank),car (new),4359,100 <= ... < 500 DM,unemployed,2,female,none,2,real estate,42,stores,own,2,skilled employee / official,1,"yes, registered under customer's name",yes,1,divorced/separated
no checking account,33,existing credits paid back duly till now,furniture/equipment,250,... < 100 DM,4 <= ... < 7 years,1,male,none,3,real estate,28,none,own,1,skilled employee / official,1,"yes, registered under customer's name",yes,1,single
... < 0 DM,24,delay in paying off in the past,radio/television,250,unknown / no savings account,... < 1 year,1,female,guarantor,3,"car or other, not in savings account",33,none,own,2,skilled employee / official,1,none,yes,1,single
no checking account,51,critical account / other credits existing (not at this bank),business,4476,... < 100 DM,... < 1 year,2,female,none,2,unknown / no property,75,none,for free,1,skilled employee / official,1,"yes, registered under customer's name",no,2,single
no checking account,47,critical account / other credits existing (not at this bank),business,1515,... < 100 DM,1 <= ... < 4 years,4,female,none,1,building society savings agreement / life insurance,20,none,own,4,skilled employee / official,1,"yes, registered under customer's name",yes,2,single
no checking account,24,existing credits paid back duly till now,repairs,350,... < 100 DM,unemployed,1,female,none,2,real estate,75,none,own,1,skilled employee / official,1,"yes, registered under customer's name",yes,1,single
0 <= ... < 200 DM,25,existing credits paid back duly till now,others,250,100 <= ... < 500 DM,... >= 7 years,2,male,none,2,building society savings agreement / life insurance,38,none,own,1,unskilled - resident,1,"yes, registered under customer's name",yes,2,single
no checking account,27,existing credits paid back duly till now,business,2047,500 <= ... < 1000 DM,... < 1 year,1,male,none,3,unknown / no property,51,none,for free,1,management / self-employed / highly qualified employee / officer,2,none,yes,1,married/widowed
no checking account,10,existing credits paid back duly till now,education,2157,... < 100 DM,4 <= ... < 7 years,4,female,none,1,building society savings agreement / life insurance,35,none,for free,1,skilled employee / official,2,none,yes,1,single
... < 0 DM,37,existing credits paid back duly till now,furniture/equipment,250,... >= 1000 DM,unemployed,4,female,none,1,unknown / no property,63,none,own,1,unskilled - resident,1,none,yes,1,single
0 <= ... < 200 DM,27,existing credits paid back duly till now,car (new),250,... < 100 DM,... < 1 year,4,male,none,4,real estate,41,none,own,2,skilled employee / official,1,none,yes,1,single
... >= 200 DM / salary assignments for at least 1 year,61,existing credits paid back duly till now,car (used),2736,... < 100 DM,4 <= ... < 7 years,1,female,none,3,building society savings agreement / life insurance,70,none,own,1,unskilled - resident,1,none,yes,1,single
0 <= ... < 200 DM,37,delay in paying off in the past,car (used),250,100 <= ... < 500 DM,unemployed,4,female,none,4,building society savings agreement / life insurance,40,stores,own,1,management / self-employed / highly qualified employee / officer,1,"yes, registered under customer's name",yes,1,divorced/separated
no checking account,72,existing credits paid back duly till now,car (new),3178,... < 100 DM,... >= 7 years,2,male,none,3,real estate,36,none,for free,1,skilled employee / official,1,"yes, registered under customer's name",yes,1,single
no checking account,62,existing credits paid back duly till now,furniture/equipment,779,... < 100 DM,... >= 7 years,2,male,none,4,real estate,46,none,own,2,skilled employee / official,1,"yes, registered under customer's name",yes,1,single
0 <= ... < 200 DM,43,existing credits paid back duly till now,car (used),1276,... < 100 DM,4 <= ... < 7 years,2,female,none,2,"car or other, not in savings account",60,none,own,1,skilled employee / official,1,none,yes,1,single
... < 0 DM,51,critical account / other credits existing (not at this bank),repairs,1224,unknown / no savings account,... < 1 year,1,male,none,3,building society savings agreement / life insurance,35,none,own,2,unskilled - resident,1,none,yes,1,single
0 <= ... < 200 DM,72,existing credits paid back duly till now,car (new),947,... < 100 DM,1 <= ... < 4 years,2,male,none,4,building society savings agreement / life insurance,34,none,own,1,skilled employee / official,1,none,yes,1,single
... < 0 DM,23,critical account / other credits existing (not at this bank),business,2120,... < 100 DM,1 <= ... < 4 years,1,female,none,1,building society savings agreement / life insurance,45,none,own,1,management / self-employed / highly qualified employee / officer,1,"yes, registered under customer's name",yes,1,single
no checking account,52,all credits at this bank paid back duly,radio/television,1976,100 <= ... < 500 DM,4 <= ... < 7 years,4,male,none,4,real estate,31,none,own,1,management / self-employed / highly qualified employee / officer,1,none,yes,2,divorced/separated
... >= 200 DM / salary assignments for at least 1 year,31,critical account / other credits existing (not at this bank),radio/television,598,... < 100 DM,4 <= ... < 7 years,3,male,none,3,building society savings agreement / life insurance,35,none,own,1,skilled employee / official,1,"yes, registered under customer's name",yes,1,single
no checking account,14,existing credits paid back duly till now,car (used),1351,... < 100 DM,... < 1 year,1,male,none,4,"car or other, not in savings account",72,none,rent,1,skilled employee / official,1,none,yes,1,single
0 <= ... < 200 DM,29,no credits taken / all credits paid back duly,car (new),733,... < 100 DM,... < 1 year,1,male,co-applicant,1,real estate,45,none,own,2,management / self-employed / highly qualified employee / officer,1,"yes, registered under customer's name",yes,1,married/widowed
no checking account,16,critical account / other credits existing (not at this bank),car (new),638,100 <= ... < 500 DM,1 <= ... < 4 years,2,female,none,2,building society savings agreement / life insurance,66,none,own,2,management / self-employed / highly qualified employee / officer,1,"yes, registered under customer's name",yes,2,divorced/separated
0 <= ... < 200 DM,26,critical account / other credits existing (not at this bank),repairs,1605,100 <= ... < 500 DM,1 <= ... < 4 years,2,female,guarantor,1,unknown / no property,30,none,own,1,unemployed / unskilled - non-resident,1,none,yes,2,divorced/separated
... < 0 DM,26,critical account / other credits existing (not at this bank),business,1334,100 <= ... < 500 DM,4 <= ... < 7 years,4,female,none,3,"car or other, not in savings account",29,none,own,1,skilled employee / official,1,none,yes,1,single
0 <= ... < 200 DM,28,existing credits paid back duly till now,car (new),250,... < 100 DM,... < 1 year,2,male,none,3,unknown / no property,39,none,own,1,skilled employee / official,1,none,yes,1,single
no checking account,72,existing credits paid back duly till now,radio/television,510,100 <= ... < 500 DM,... >= 7 years,4,male,none,3,building society savings agreement / life insurance,29,none,rent,1,management / self-employed / highly qualified employee / officer,1,none,yes,1,single
no checking account,41,critical account / other credits existing (not at this bank),car (new),1639,unknown / no savings account,... < 1 year,2,female,none,2,building society savings agreement / life insurance,55,stores,own,1,management / self-employed / highly qualified employee / officer,1,"yes, registered under customer's name",yes,2,married/widowed
0 <= ... < 200 DM,16,existing credits paid back duly till now,business,953,unknown / no savings account,unemployed,1,female,none,3,building society savings agreement / life insurance,47,none,own,1,unskilled - resident,1,none,yes,1,single
0 <= ... < 200 DM,29,critical account / other credits existing (not at this bank),retraining,250,... < 100 DM,... < 1 year,2,male,none,4,real estate,26,none,own,1,skilled employee / official,1,"yes, registered under customer's name",yes,2,single
no checking account,18,critical account / other credits existing (not at this bank),radio/television,4869,... < 100 DM,1 <= ... < 4 years,4,male,none,1,real estate,46,none,own,1,skilled employee / official,1,none,no,1,single
0 <= ... < 200 DM,28,critical account / other credits existing (not at this bank),car (used),874,... < 100 DM,... < 1 year,1,male,none,1,"car or other, not in savings account",66,none,own,1,unskilled - resident,2,"yes, registered under customer's name",yes,1,divorced/separated
... >= 200 DM / salary assignments for at least 1 year,21,existing credits paid back duly till now,furniture/equipment,250,... < 100 DM,4 <= ... < 7 years,4,male,none,1,unknown / no property,50,none,own,2,management / self-employed / highly qualified employee / officer,2,"yes, registered under customer's name",yes,1,single
... < 0 DM,22,critical account / other credits existing (not at this bank),furniture/equipment,921,unknown / no savings account,unemployed,4,male,none,4,building society savings agreement / life insurance,35,none,own,1,unskilled - resident,1,"yes, registered under customer's name",yes,2,single
0 <= ... < 200 DM,9,critical account / other credits existing (not at this bank),business,1002,unknown / no savings account,4 <= ... < 7 years,4,female,none,2,"car or other, not in savings account",44,none,rent,2,skilled employee / official,2,none,yes,1,married/widowed
no checking account,24,critical account / other credits existing (not at this bank),car (used),250,... < 100 DM,... < 1 year,3,female,none,2,unknown / no property,53,bank,own,4,skilled employee / official,1,"yes, registered under customer's name",yes,1,single
... < 0 DM,24,critical account / other credits existing (not at this bank),furniture/equipment,482,... < 100 DM,... >= 7 years,2,male,none,3,building society savings agreement / life insurance,20,none,own,1,skilled employee / official,1,"yes, registered under customer's name",yes,2,single
... < 0 DM,17,existing credits paid back duly till now,car (new),3015,... < 100 DM,... < 1 year,3,female,none,3,real estate,44,bank,for free,1,management / self-employed / highly qualified employee / officer,1,none,yes,2,single
0 <= ... < 200 DM,24,critical account / other credits existing (not at this bank),business,2537,... < 100 DM,... >= 7 years,2,male,none,3,building society savings agreement / life insurance,42,none,rent,2,management / self-employed / highly qualified employee / officer,1,none,yes,1,single
no checking account,69,existing credits paid back duly till now,radio/television,3354,unknown / no savings account,4 <= ... < 7 years,2,male,none,1,building society savings agreement / life insurance,48,none,own,1,skilled employee / official,1,"yes, registered under customer's name",yes,2,married/widowed
0 <= ... < 200 DM,15,critical account / other credits existing (not at this bank),car (new),1550,... < 100 DM,1 <= ... < 4 years,3,male,co-applicant,1,real estate,30,none,own,2,skilled employee / official,1,"yes, registered under customer's name",yes,2,single
... < 0 DM,66,existing credits paid back duly till now,car (used),288,... < 100 DM,1 <= ... < 4 years,3,male,none,3,real estate,24,none,for free,2,skilled employee / official,1,none,yes,2,single
no checking account,22,critical account / other credits existing (not at this bank),furniture/equipment,4548,... < 100 DM,... >= 7 years,1,male,co-applicant,3,unknown / no property,32,none,own,2,skilled employee / official,1,"yes, registered under customer's name",yes,1,single
0 <= ... < 200 DM,24,existing credits paid back duly till now,furniture/equipment,2303,... < 100 DM,... < 1 year,4,female,none,2,unknown / no property,22,none,rent,1,unskilled - resident,1,"yes, registered under customer's name",yes,1,single
0 <= ... < 200 DM,12,no credits taken / all credits paid back duly,car (new),251,... < 100 DM,unemployed,1,male,guarantor,2,real estate,27,none,own,1,management / self-employed / highly qualified employee / officer,1,"yes, registered under customer's name",yes,1,single
0 <= ... < 200 DM,4,existing credits paid back duly till now,education,1685,... < 100 DM,... >= 7 years,1,female,none,3,building society savings agreement / life insurance,21,none,own,2,skilled employee / official,1,"yes, registered under customer's name",yes,1,married/widowed
... >= 200 DM / salary assignments for at least 1 year,36,existing credits paid back duly till now,car (new),1422,unknown / no savings account,unemployed,2,female,none,3,"car or other, not in savings account",33,none,own,1,unemployed / unskilled - non-resident,1,"yes, registered under customer's name",yes,1,married/widowed
... < 0 DM,14,existing credits paid back duly till now,furniture/equipment,250,100 <= ... < 500 DM,... < 1 year,4,male,none,1,"car or other, not in savings account",42,none,for free,2,skilled employee / official,1,"yes, registered under customer's name",yes,1,single
0 <= ... < 200 DM,25,no credits taken / all credits paid back duly,car (new),1552,unknown / no savings account,unemployed,2,female,none,3,real estate,52,none,rent,2,unskilled - resident,1,none,yes,1,single
0 <= ... < 200 DM,4,existing credits paid back duly till now,car (new),6984,... < 100 DM,... < 1 year,4,male,none,1,unknown / no property,32,none,for free,1,skilled employee / official,1,none,yes,1,single
no checking account,24,critical account / other credits existing (not at this bank),radio/television,250,100 <= ... < 500 DM,... < 1 year,2,female,none,3,"car or other, not in savings account",20,bank,rent,2,unskilled - resident,1,none,yes,1,single
0 <= ... < 200 DM,23,critical account / other credits existing (not at this bank),business,250,... < 100 DM,unemployed,2,female,none,2,unknown / no property,39,none,own,1,skilled employee / official,1,"yes, registered under customer's name",yes,1,single
0 <= ... < 200 DM,14,existing credits paid back duly till now,radio/television,719,... < 100 DM,... >= 7 years,4,male,co-applicant,3,real estate,28,none,own,1,unskilled - resident,1,"yes, registered under customer's name",yes,1,single
0 <= ... < 200 DM,19,existing credits paid back duly till now,others,250,unknown / no savings account,unemployed,1,male,none,3,building society savings agreement / life insurance,41,none,own,1,management / self-employed / highly qualified employee / officer,1,none,yes,1,single
... >= 200 DM / salary assignments for at least 1 year,25,existing credits paid back duly till now,radio/television,2857,... < 100 DM,... >= 7 years,3,male,guarantor,1,"car or other, not in savings account",69,none,rent,2,unskilled - resident,1,"yes, registered under customer's name",yes,1,single
0 <= ... < 200 DM,43,existing credits paid back duly till now,furniture/equipment,2109,... < 100 DM,4 <= ... < 7 years,4,male,none,1,"car or other, not in savings account",22,none,own,1,skilled employee / official,1,none,yes,1,single
no checking account,23,critical account / other credits existing (not at this bank),car (new),2850,... < 100 DM,... < 1 year,3,male,none,4,building society savings agreement / life insurance,33,none,own,1,management / self-employed / highly qualified employee / officer,1,none,yes,2,divorced/separated
0 <= ... < 200 DM,27,existing credits paid back duly till now,car (used),2490,... < 100 DM,4 <= ... < 7 years,2,female,none,4,"car or other, not in savings account",54,none,for free,1,unemployed / unskilled - non-resident,1,none,yes,2,divorced/separated
... < 0 DM,45,critical account / other credits existing (not at this bank),furniture/equipment,736,100 <= ... < 500 DM,... >= 7 years,2,male,none,1,building society savings agreement / life insurance,22,none,own,2,skilled employee / official,1,"yes, registered under customer's name",yes,2,single
no checking account,26,critical account / other credits existing (not at this bank),car (used),2044,... < 100 DM,4 <= ... < 7 years,1,male,none,2,real estate,44,none,own,2,unskilled - resident,1,none,yes,1,single
... >= 200 DM / salary assignments for at least 1 year,58,existing credits paid back duly till now,car (used),250,100 <= ... < 500 DM,... >= 7 years,4,male,none,1,real estate,59,none,rent,2,skilled employee / official,1,"yes, registered under customer's name",yes,1,single
0 <= ... < 200 DM,65,critical account / other credits existing (not at this bank),car (new),3953,... >= 1000 DM,... < 1 year,3,female,none,1,"car or other, not in savings account",34,none,own,1,management / self-employed / highly qualified employee / officer,1,"yes, registered under customer's name",yes,1,single
... < 0 DM,22,critical account / other credits existing (not at this bank),car (new),565,... < 100 DM,1 <= ... < 4 years,4,male,none,4,"car or other, not in savings account",44,none,own,1,skilled employee / official,1,none,yes,1,married/widowed
no checking account,58,critical account / other credits existing (not at this bank),car (used),250,500 <= ... < 1000 DM,1 <= ... < 4 years,4,male,co-applicant,3,"car or other, not in savings account",30,none,rent,1,skilled employee / official,1,"yes, registered under customer's name",yes,1,single
0 <= ... < 200 DM,72,critical account / other credits existing (not at this bank),car (new),1024,... < 100 DM,4 <= ... < 7 years,2,male,none,3,"car or other, not in savings account",59,none,own,2,management / self-employed / highly qualified employee / officer,1,none,yes,1,single
... < 0 DM,19,critical account / other credits existing (not at this bank),radio/television,250,... < 100 DM,... < 1 year,4,male,none,3,building society savings agreement / life insurance,22,none,own,1,skilled employee / official,1,none,yes,1,single
no checking account,24,existing credits paid back duly till now,furniture/equipment,1091,... < 100 DM,4 <= ... < 7 years,4,male,none,1,real estate,44,bank,rent,2,management / self-employed / highly qualified employee / officer,1,none,yes,2,divorced/separated
0 <= ... < 200 DM,6,critical account / other credits existing (not at this bank),business,491,... < 100 DM,... < 1 year,1,female,none,1,real estate,42,none,for free,2,management / self-employed / highly qualified employee / officer,1,"yes, registered under customer's name",yes,1,divorced/separated
... < 0 DM,12,delay in paying off in the past,car (new),1688,100 <= ... < 500 DM,... >= 7 years,2,female,co-applicant,3,real estate,47,none,own,1,unskilled - resident,1,"yes, registered under customer's name",yes,1,single
0 <= ... < 200 DM,14,critical account / other credits existing (not at this bank),car (new),2110,... < 100 DM,... < 1 year,2,male,none,2,real estate,20,none,for free,1,skilled employee / official,1,none,yes,1,single
no checking account,66,existing credits paid back duly till now,radio/television,792,... < 100 DM,... >= 7 years,4,male,none,1,building society savings agreement / life insurance,30,bank,rent,2,skilled employee / official,1,none,yes,1,divorced/separated
... < 0 DM,51,existing credits paid back duly till now,others,953,100 <= ... < 500 DM,... < 1 year,4,male,guarantor,2,"car or other, not in savings account",28,none,own,2,skilled employee / official,1,"yes, registered under customer's name",yes,1,single
0 <= ... < 200 DM,26,no credits taken / all credits paid back duly,car (new),250,... < 100 DM,1 <= ... < 4 years,2,male,none,1,"car or other, not in savings account",36,none,rent,1,management / self-employed / highly qualified employee / officer,2,"yes, registered under customer's name",yes,1,divorced/separated
no checking account,38,critical account / other credits existing (not at this bank),radio/television,7458,100 <= ... < 500 DM,4 <= ... < 7 years,1,male,none,1,building society savings agreement / life insurance,44,none,for free,2,skilled employee / official,1,none,yes,1,single
... < 0 DM,22,existing credits paid back duly till now,car (used),250,... < 100 DM,unemployed,4,female,none,2,building society savings agreement / life insurance,41,none,rent,1,skilled employee / official,2,"yes, registered under customer's name",yes,1,single
0 <= ... < 200 DM,42,critical account / other credits existing (not at this bank),car (used),1243,unknown / no savings account,... < 1 year,4,male,none,3,unknown / no property,29,none,for free,2,management / self-employed / highly qualified employee / officer,1,"yes, registered under customer's name",yes,1,single
0 <= ... < 200 DM,18,critical account / other credits existing (not at this bank),car (new),250,... < 100 DM,1 <= ... < 4 years,1,male,none,1,"car or other, not in savings account",26,none,own,1,unskilled - resident,1,none,yes,1,single
no checking account,27,critical account / other credits existing (not at this bank),radio/television,250,unknown / no savings account,... < 1 year,1,female,guarantor,1,real estate,60,none,own,2,unskilled - resident,1,none,yes,1,single
... < 0 DM,13,existing credits paid back duly till now,retraining,364,... < 100 DM,... < 1 year,4,male,none,3,real estate,45,none,own,2,unskilled - resident,1,none,yes,1,divorced/separated
0 <= ... < 200 DM,27,critical account / other credits existing (not at this bank),car (used),1504,... < 100 DM,4 <= ... < 7 years,4,male,none,2,real estate,20,none,own,1,unskilled - resident,1,"yes, registered under customer's name",yes,1,single
0 <= ... < 200 DM,39,critical account / other credits existing (not at this bank),furniture/equipment,843,unknown / no savings account,unemployed,4,female,none,2,"car or other, not in savings account",52,none,own,1,skilled employee / official,1,none,yes,1,single
no checking account,24,existing credits paid back duly till now,car (new),1213,500 <= ... < 1000 DM,1 <= ... < 4 years,4,male,none,3,"car or other, not in savings account",62,none,own,1,unemployed / unskilled - non-resident,1,"yes, registered under customer's name",yes,1,single
no checking account,17,critical account / other credits existing (not at this bank),furniture/equipment,4346,100 <= ... < 500 DM,unemployed,3,male,none,2,"car or other, not in savings account",34,bank,for free,1,management / self-employed / highly qualified employee / officer,1,none,no,2,single
... < 0 DM,25,critical account / other credits existing (not at this bank),repairs,250,unknown / no savings account,unemployed,2,female,none,4,building society savings agreement / life insurance,59,bank,own,1,skilled employee / official,1,"yes, registered under customer's name",yes,2,single
0 <= ... < 200 DM,27,critical account / other credits existing (not at this bank),radio/television,761,unknown / no savings account,... < 1 year,2,male,none,3,"car or other, not in savings account",75,none,for free,2,skilled employee / official,1,"yes, registered under customer's name",yes,1,divorced/separated
0 <= ... < 200 DM,19,existing credits paid back duly till now,car (new),854,... < 100 DM,unemployed,4,female,none,1,unknown / no property,41,stores,own,2,skilled employee / official,1,none,yes,1,single
no checking account,26,critical account / other credits existing (not at this bank),car (used),509,... < 100 DM,4 <= ... < 7 years,1,female,none,1,real estate,36,none,rent,1,skilled employee / official,1,"yes, registered under customer's name",yes,1,single
0 <= ... < 200 DM,70,existing credits paid back duly till now,car (new),3779,... < 100 DM,4 <= ... < 7 years,1,female,none,3,building society savings agreement / life insurance,70,none,for free,1,skilled employee / official,1,none,yes,1,divorced/separated
no checking account,46,existing credits paid back duly till now,radio/television,1202,... < 100 DM,1 <= ... < 4 years,3,female,none,4,building society savings agreement / life insurance,22,none,own,1,skilled employee / official,1,"yes, registered under customer's name",yes,1,single
no checking account,16,no credits taken / all credits paid back duly,education,2214,100 <= ... < 500 DM,1 <= ... < 4 years,4,female,none,3,"car or other, not in savings account",26,none,rent,1,management / self-employed / highly qualified employee / officer,1,"yes, registered under customer's name",yes,2,single
no checking account,22,critical account / other credits existing (not at this bank),furniture/equipment,4975,unknown / no savings account,4 <= ... < 7 years,3,male,none,2,building society savings agreement / life insurance,58,none,own,1,management / self-employed / highly qualified employee / officer,1,"yes, registered under customer's name",no,1,divorced/separated
0 <= ... < 200 DM,46,all credits at this bank paid back duly,car (used),250,... < 100 DM,unemployed,4,male,none,3,building society savings agreement / life insurance,35,bank,own,1,skilled employee / official,1,"yes, registered under customer's name",no,2,single
0 <= ... < 200 DM,28,critical account / other credits existing (not at this bank),car (new),250,... < 100 DM,... >= 7 years,2,male,none,4,real estate,24,none,own,1,unskilled - resident,2,"yes, registered under customer's name",yes,2,divorced/separated
... >= 200 DM / salary assignments for at least 1 year,58,critical account / other credits existing (not at this bank),education,398,unknown / no savings account,... >= 7 years,4,female,none,1,unknown / no property,51,none,rent,1,skilled employee / official,2,"yes, registered under customer's name",yes,2,divorced/separated
no checking account,31,existing credits paid back duly till now,car (used),3055,unknown / no savings account,1 <= ... < 4 years,1,male,none,2,building society savings agreement / life insurance,21,none,own,1,skilled employee / official,1,none,yes,1,single
0 <= ... < 200 DM,18,existing credits paid back duly till now,car (new),1723,500 <= ... < 1000 DM,1 <= ... < 4 years,1,female,co-applicant,1,real estate,23,none,own,2,management / self-employed / highly qualified employee / officer,2,"yes, registered under customer's name",yes,1,divorced/separated
0 <= ... < 200 DM,26,delay in paying off in the past,car (new),250,unknown / no savings account,... < 1 year,1,female,co-applicant,4,building society savings agreement / life insurance,39,none,rent,2,skilled employee / official,1,none,yes,1,single
... < 0 DM,33,critical account / other credits existing (not at this bank),car (new),1574,... < 100 DM,4 <= ... < 7 years,2,female,none,2,real estate,31,bank,own,1,unemployed / unskilled - non-resident,1,"yes, registered under customer's name",yes,1,divorced/separated
... < 0 DM,22,existing credits paid back duly till now,car (new),1467,... < 100 DM,... >= 7 years,2,male,none,2,"car or other, not in savings account",49,none,own,2,unskilled - resident,1,none,yes,1,single
0 <= ... < 200 DM,26,critical account / other credits existing (not at this bank),car (used),1775,... < 100 DM,unemployed,3,male,none,2,"car or other, not in savings account",28,none,for free,1,skilled employee / official,1,"yes, registered under customer's name",yes,1,single
0 <= ... < 200 DM,10,existing credits paid back duly till now,car (new),250,unknown / no savings account,4 <= ... < 7 years,1,female,none,2,unknown / no property,28,none,own,1,skilled employee / official,1,none,yes,1,divorced/separated
0 <= ... < 200 DM,69,existing credits paid back duly till now,furniture/equipment,1701,100 <= ... < 500 DM,1 <= ... < 4 years,2,male,none,2,unknown / no property,29,none,rent,2,skilled employee / official,1,none,yes,1,single
no checking account,24,existing credits paid back duly till now,radio/television,1767,... < 100 DM,4 <= ... < 7 years,2,female,none,4,unknown / no property,20,bank,for free,1,skilled employee / official,1,none,yes,1,divorced/separated
0 <= ... < 200 DM,20,existing credits paid back duly till now,car (new),895,unknown / no savings account,1 <= ... < 4 years,4,female,none,4,"car or other, not in savings account",63,none,own,1,skilled employee / official,1,none,yes,1,single
no checking account,23,critical account / other credits existing (not at this bank),business,250,... < 100 DM,1 <= ... < 4 years,1,male,none,2,"car or other, not in savings account",36,bank,own,2,management / self-employed / highly qualified employee / officer,1,none,yes,1,divorced/separated
... >= 200 DM / salary assignments for at least 1 year,15,delay in paying off in the past,retraining,1781,unknown / no savings account,... < 1 year,1,female,none,4,"car or other, not in savings account",39,none,own,2,skilled employee / official,1,"yes, registered under customer's name",yes,1,divorced/separated
no checking account,10,critical account / other credits existing (not at this bank),furniture/equipment,2377,500 <= ... < 1000 DM,... < 1 year,3,male,none,2,"car or other, not in savings account",38,stores,own,2,management / self-employed / highly qualified employee / officer,1,none,yes,1,married/widowed
no checking account,68,critical account / other credits existing (not at this bank),car (used),1898,unknown / no savings account,4 <= ... < 7 years,2,male,none,2,building society savings agreement / life insurance,47,bank,for free,2,skilled employee / official,1,none,yes,1,single
0 <= ... < 200 DM,20,existing credits paid back duly till now,furniture/equipment,250,... < 100 DM,... >= 7 years,4,male,none,2,building society savings agreement / life insurance,35,stores,own,1,unskilled - resident,1,none,yes,1,single
no checking account,12,existing credits paid back duly till now,business,250,unknown / no savings account,... < 1 year,4,male,none,1,building society savings agreement / life insurance,34,none,own,2,skilled employee / official,1,none,yes,1,married/widowed
no checking account,46,critical account / other credits existing (not at this bank),car (new),1315,... < 100 DM,1 <= ... < 4 years,4,male,none,3,building society savings agreement / life insurance,43,none,own,1,management / self-employed / highly qualified employee / officer,1,none,yes,1,divorced/separated
... >= 200 DM / salary assignments for at least 1 year,65,existing credits paid back duly till now,radio/television,250,100 <= ... < 500 DM,4 <= ... < 7 years,4,female,none,1,"car or other, not in savings account",19,none,own,1,management / self-employed / highly qualified employee / officer,1,none,yes,1,divorced/separated
0 <= ... < 200 DM,24,delay in paying off in the past,car (new),1168,unknown / no savings account,4 <= ... < 7 years,1,male,none,1,unknown / no property,19,none,rent,1,skilled employee / official,1,none,yes,1,single
no checking account,18,existing credits paid back duly till now,radio/television,250,unknown / no savings account,4 <= ... < 7 years,3,female,none,3,unknown / no property,31,stores,own,2,management / self-employed / highly qualified employee / officer,1,none,yes,1,single
0 <= ... < 200 DM,51,critical account / other credits existing (not at this bank),car (new),1604,... < 100 DM,... >= 7 years,1,male,none,1,unknown / no property,48,none,own,1,skilled employee / official,1,"yes, registered under customer's name",yes,1,single
... < 0 DM,23,critical account / other credits existing (not at this bank),car (new),250,... < 100 DM,unemployed,3,male,none,1,"car or other, not in savings account",43,bank,own,1,skilled employee / official,1,"yes, registered under customer's name",yes,1,single
0 <= ... < 200 DM,34,existing credits paid back duly till now,business,989,unknown / no savings account,... >= 7 years,4,female,none,3,"car or other, not in savings account",68,none,own,1,skilled employee / official,1,none,yes,1,single
0 <= ... < 200 DM,28,critical account / other credits existing (not at this bank),car (used),1348,... < 100 DM,... >= 7 years,4,female,none,3,real estate,30,stores,rent,1,unskilled - resident,1,none,yes,1,single
0 <= ... < 200 DM,26,existing credits paid back duly till now,car (used),250,... < 100 DM,1 <= ... < 4 years,2,male,none,2,real estate,61,none,rent,1,management / self-employed / highly qualified employee / officer,2,"yes, registered under customer's name",yes,1,divorced/separated
0 <= ... < 200 DM,31,critical account / other credits existing (not at this bank),radio/television,2986,unknown / no savings account,... >= 7 years,4,male,none,2,"car or other, not in savings account",23,none,own,1,management / self-employed / highly qualified employee / officer,1,none,yes,1,single
... < 0 DM,13,existing credits paid back duly till now,business,782,100 <= ... < 500 DM,... >= 7 years,4,female,co-applicant,3,"car or other, not in savings account",44,none,rent,1,skilled employee / official,2,none,yes,1,divorced/separated
no checking account,9,delay in paying off in the past,education,805,... < 100 DM,... >= 7 years,1,male,none,2,"car or other, not in savings account",38,none,own,1,skilled employee / official,2,"yes, registered under customer's name",no,1,divorced/separated
no checking account,35,existing credits paid back duly till now,radio/television,803,500 <= ... < 1000 DM,1 <= ... < 4 years,1,female,none,4,building society savings agreement / life insurance,47,none,own,1,skilled employee / official,1,none,yes,1,single
... < 0 DM,7,critical account / other credits existing (not at this bank),others,603,100 <= ... < 500 DM,... < 1 year,2,female,none,3,real estate,21,none,own,1,unskilled - resident,1,"yes, registered under customer's name",yes,1,divorced/separated
no checking account,72,delay in paying off in the past,others,250,500 <= ... < 1000 DM,... >= 7 years,4,female,none,3,unknown / no property,19,none,own,1,management / self-employed / highly qualified employee / officer,1,"yes, registered under customer's name",yes,2,divorced/separated
... < 0 DM,30,critical account / other credits existing (not at this bank),car (new),2620,... < 100 DM,1 <= ... < 4 years,4,female,co-applicant,3,"car or other, not in savings account",25,bank,rent,1,skilled employee / official,1,none,yes,1,single
0 <= ... < 200 DM,53,critical account / other credits existing (not at this bank),furniture/equipment,250,100 <= ... < 500 DM,... >= 7 years,2,male,none,4,"car or other, not in savings account",41,none,rent,1,skilled employee / official,1,none,yes,1,single
... < 0 DM,24,existing credits paid back duly till now,car (used),310,... < 100 DM,4 <= ... < 7 years,2,male,none,1,unknown / no property,35,none,for free,1,skilled employee / official,1,"yes, registered under customer's name",yes,1,single
... < 0 DM,29,all credits at this bank paid back duly,radio/television,574,... < 100 DM,... >= 7 years,4,male,none,2,unknown / no property,52,none,own,2,skilled employee / official,1,"yes, registered under customer's name",yes,1,single
... < 0 DM,25,existing credits paid back duly till now,radio/television,250,... < 100 DM,4 <= ... < 7 years,4,male,none,3,unknown / no property,41,none,own,2,skilled employee / official,1,"yes, registered under customer's name",no,2,single
0 <= ... < 200 DM,22,existing credits paid back duly till now,radio/television,4442,100 <= ... < 500 DM,1 <= ... < 4 years,4,female,none,3,building society savings agreement / life insurance,57,none,for free,1,skilled employee / official,1,"yes, registered under customer's name",yes,1,single
0 <= ... < 200 DM,26,critical account / other credits existing (not at this bank),radio/television,250,unknown / no savings account,... >= 7 years,1,male,none,4,"car or other, not in savings account",36,stores,own,2,skilled employee / official,2,"yes, registered under customer's name",yes,2,single
0 <= ... < 200 DM,26,critical account / other credits existing (not at this bank),car (new),2844,... < 100 DM,1 <= ... < 4 years,4,male,none,1,unknown / no property,57,none,rent,1,skilled employee / official,1,"yes, registered under customer's name",yes,1,single
0 <= ... < 200 DM,23,critical account / other credits existing (not at this bank),car (used),397,... < 100 DM,... < 1 year,4,male,none,1,"car or other, not in savings account",23,none,for free,1,skilled employee / official,1,none,yes,1,single
0 <= ... < 200 DM,9,all credits at this bank paid back duly,radio/television,1660,... < 100 DM,... < 1 year,4,male,none,2,unknown / no property,51,none,rent,1,skilled employee / official,1,none,yes,2,single
0 <= ... < 200 DM,43,critical account / other credits existing (not at this bank),furniture/equipment,327,unknown / no savings account,... >= 7 years,2,female,none,2,building society savings agreement / life insurance,48,none,own,2,management / self-employed / highly qualified employee / officer,1,none,yes,1,divorced/separated
... < 0 DM,4,existing credits paid back duly till now,car (new),5201,... < 100 DM,... < 1 year,1,male,none,3,building society savings agreement / life insurance,35,bank,rent,1,skilled employee / official,1,none,yes,1,single
0 <= ... < 200 DM,23,critical account / other credits existing (not at this bank),business,496,... < 100 DM,1 <= ... < 4 years,3,female,none,1,building society savings agreement / life insurance,19,none,for free,1,unskilled - resident,1,none,yes,2,single
0 <= ... < 200 DM,21,critical account / other credits existing (not at this bank),car (used),487,100 <= ... < 500 DM,... < 1 year,2,male,guarantor,2,real estate,54,none,own,2,management / self-employed / highly qualified employee / officer,2,"yes, registered under customer's name",yes,1,single
0 <= ... < 200 DM,71,critical account / other credits existing (not at this bank),radio/television,9315,... >= 1000 DM,... >= 7 years,4,female,none,4,real estate,51,none,own,1,skilled employee / official,2,"yes, registered under customer's name",yes,1,divorced/separated
0 <= ... < 200 DM,20,critical account / other credits existing (not at this bank),radio/television,2641,... < 100 DM,... < 1 year,2,male,co-applicant,4,"car or other, not in savings account",26,none,own,1,skilled employee / official,2,none,yes,2,single
no checking account,23,existing credits paid back duly till now,car (used),250,... >= 1000 DM,... < 1 year,4,male,none,3,building society savings agreement / life insurance,44,none,own,2,skilled employee / official,1,none,yes,1,single
no checking account,22,delay in paying off in the past,car (new),5190,... < 100 DM,... < 1 year,2,male,none,3,"car or other, not in savings account",27,none,own,1,skilled employee / official,1,"yes, registered under customer's name",yes,2,single
no checking account,4,all credits at this bank paid back duly,car (new),1875,... < 100 DM,unemployed,4,male,none,2,unknown / no property,31,none,own,1,skilled employee / official,1,none,no,1,single
0 <= ... < 200 DM,14,existing credits paid back duly till now,retraining,11100,500 <= ... < 1000 DM,... >= 7 years,4,female,none,2,"car or other, not in savings account",43,none,own,1,unskilled - resident,1,"yes, registered under customer's name",yes,1,divorced/separated
no checking account,9,existing credits paid back duly till now,car (new),250,500 <= ... < 1000 DM,... >= 7 years,2,male,none,2,building society savings agreement / life insurance,40,none,own,2,skilled employee / official,1,"yes, registered under customer's name",yes,1,single
... < 0 DM,27,critical account / other credits existing (not at this bank),car (new),1277,100 <= ... < 500 DM,... >= 7 years,3,female,none,2,"car or other, not in savings account",26,none,rent,1,skilled employee / official,1,"yes, registered under customer's name",yes,1,single
no checking account,72,critical account / other credits existing (not at this bank),radio/television,667,... < 100 DM,... < 1 year,2,male,none,1,"car or other, not in savings account",48,none,for free,1,skilled employee / official,1,"yes, registered under customer's name",yes,1,single
... < 0 DM,13,existing credits paid back duly till now,education,763,unknown / no savings account,... < 1 year,4,male,none,3,real estate,34,bank,own,2,skilled employee / official,1,none,yes,1,married/widowed
0 <= ... < 200 DM,37,existing credits paid back duly till now,car (new),763,... < 100 DM,... < 1 year,2,female,none,3,building society savings agreement / life insurance,40,bank,own,1,management / self-employed / highly qualified employee / officer,1,"yes, registered under customer's name",no,1,divorced/separated
0 <= ... < 200 DM,18,critical account / other credits existing (not at this bank),car (used),250,... < 100 DM,... < 1 year,2,male,none,4,real estate,44,none,own,2,unskilled - resident,1,"yes, registered under customer's name",yes,1,single
... < 0 DM,12,existing credits paid back duly till now,furniture/equipment,250,unknown / no savings account,1 <= ... < 4 years,1,male,none,1,building society savings agreement / life insurance,25,none,own,1,management / self-employed / highly qualified employee / officer,1,"yes, registered under customer's name",yes,1,single
no checking account,24,existing credits paid back duly till now,business,1219,... < 100 DM,1 <= ... < 4 years,2,male,none,2,building society savings agreement / life insurance,56,bank,own,2,skilled employee / official,1,"yes, registered under customer's name",yes,2,single
no checking account,8,existing credits paid back duly till now,furniture/equipment,1222,500 <= ... < 1000 DM,... >= 7 years,4,female,none,2,unknown / no property,29,none,own,2,management / self-employed / highly qualified employee / officer,1,"yes, registered under customer's name",yes,1,single
0 <= ... < 200 DM,25,critical account / other credits existing (not at this bank),radio/television,751,... < 100 DM,... < 1 year,4,female,none,2,real estate,53,none,own,1,unskilled - resident,2,none,yes,1,single
0 <= ... < 200 DM,18,all credits at this bank paid back duly,radio/television,250,100 <= ... < 500 DM,... >= 7 years,1,female,guarantor,1,"car or other, not in savings account",28,bank,for free,1,management / self-employed / highly qualified employee / officer,1,"yes, registered under customer's name",yes,1,single
no checking account,16,all credits at this bank paid back duly,car (new),250,unknown / no savings account,... < 1 year,4,male,none,3,"car or other, not in savings account",45,none,own,1,management / self-employed / highly qualified employee / officer,1,none,yes,1,single
no checking account,7,critical account / other credits existing (not at this bank),furniture/equipment,305,500 <= ... < 1000 DM,... < 1 year,2,male,none,4,"car or other, not in savings account",55,none,rent,1,unskilled - resident,1,"yes, registered under customer's name",yes,1,single
0 <= ... < 200 DM,41,critical account / other credits existing (not at this bank),radio/television,250,... < 100 DM,... >= 7 years,4,female,co-applicant,3,unknown / no property,25,none,for free,1,unskilled - resident,2,none,yes,2,single
no checking account,16,existing credits paid back duly till now,furniture/equipment,5165,... < 100 DM,1 <= ... < 4 years,4,female,none,2,"car or other, not in savings account",52,none,own,1,skilled employee / official,1,"yes, registered under customer's name",yes,1,divorced/separated
0 <= ... < 200 DM,30,critical account / other credits existing (not at this bank),education,597,... < 100 DM,4 <= ... < 7 years,4,male,none,2,building society savings agreement / life insurance,75,none,own,1,skilled employee / official,1,none,yes,1,single
... < 0 DM,10,critical account / other credits existing (not at this bank),furniture/equipment,1156,... < 100 DM,unemployed,3,male,none,1,building society savings agreement / life insurance,61,none,rent,1,skilled employee / official,1,"yes, registered under customer's name",yes,1,single
... < 0 DM,58,delay in paying off in the past,car (used),250,unknown / no savings account,4 <= ... < 7 years,2,male,none,4,"car or other, not in savings account",23,none,own,1,skilled employee / official,1,none,yes,1,single
no checking account,59,existing credits paid back duly till now,car (used),752,... < 100 DM,... >= 7 years,1,female,none,3,real estate,75,stores,rent,1,unskilled - resident,1,none,yes,1,single
... < 0 DM,15,critical account / other credits existing (not at this bank),education,553,... < 100 DM,... >= 7 years,1,male,none,2,"car or other, not in savings account",37,none,rent,1,management / self-employed / highly qualified employee / officer,1,none,yes,2,single
no checking account,14,existing credits paid back duly till now,car (used),250,100 <= ... < 500 DM,... >= 7 years,4,male,none,2,building society savings agreement / life insurance,46,bank,own,1,management / self-employed / highly qualified employee / officer,1,none,yes,1,single
... < 0 DM,19,existing credits paid back duly till now,furniture/equipment,2800,... < 100 DM,1 <= ... < 4 years,1,male,none,1,"car or other, not in savings account",33,none,own,2,management / self-employed / highly qualified employee / officer,1,none,yes,1,single
... < 0 DM,16,no credits taken / all credits paid back duly,radio/television,413,... >= 1000 DM,... < 1 year,4,male,none,3,building society savings agreement / life insurance,28,bank,own,1,management / self-employed / highly qualified employee / officer,1,none,yes,1,divorced/separated
... < 0 DM,25,existing credits paid back duly till now,business,569,... < 100 DM,4 <= ... < 7 years,4,male,none,2,real estate,44,bank,own,1,skilled employee / official,2,none,yes,1,single
0 <= ... < 200 DM,29,existing credits paid back duly till now,furniture/equipment,250,... < 100 DM,... >= 7 years,1,female,guarantor,4,real estate,38,none,for free,1,skilled employee / official,1,"yes, registered under customer's name",yes,1,single
0 <= ... < 200 DM,20,critical account / other credits existing (not at this bank),car (used),3402,... < 100 DM,unemployed,2,female,none,2,real estate,40,none,own,1,unskilled - resident,1,"yes, registered under customer's name",no,1,single
0 <= ... < 200 DM,27,existing credits paid back duly till now,radio/television,250,unknown / no savings account,... < 1 year,2,female,none,1,"car or other, not in savings account",50,none,for free,1,skilled employee / official,1,"yes, registered under customer's name",yes,1,single
0 <= ... < 200 DM,26,critical account / other credits existing (not at this bank),radio/television,1312,... < 100 DM,... >= 7 years,4,male,none,2,"car or other, not in savings account",24,none,rent,1,skilled employee / official,1,"yes, registered under customer's name",yes,1,married/widowed
0 <= ... < 200 DM,24,existing credits paid back duly till now,car (used),1968,unknown / no savings account,4 <= ... < 7 years,1,male,none,3,"car or other, not in savings account",36,none,for free,1,unskilled - resident,1,none,yes,1,divorced/separated
no checking account,38,critical account / other credits existing (not at this bank),radio/television,3091,unknown / no savings account,unemployed,2,female,none,3,"car or other, not in savings account",66,stores,rent,1,skilled employee / official,1,"yes, registered under customer's name",yes,1,divorced/separated
no checking account,14,delay in paying off in the past,business,6692,... < 100 DM,... >= 7 years,2,male,none,3,unknown / no property,29,none,own,2,unskilled - resident,1,none,yes,1,married/widowed
0 <= ... < 200 DM,18,existing credits paid back duly till now,furniture/equipment,251,... >= 1000 DM,... < 1 year,4,male,none,1,building society savings agreement / life insurance,42,none,for free,2,skilled employee / official,1,none,yes,2,divorced/separated
... >= 200 DM / salary assignments for at least 1 year,18,delay in paying off in the past,car (new),250,... < 100 DM,1 <= ... < 4 years,3,male,none,1,unknown / no property,21,stores,for free,4,management / self-employed / highly qualified employee / officer,1,"yes, registered under customer's name",yes,1,single
no checking account,25,delay in paying off in the past,furniture/equipment,350,500 <= ... < 1000 DM,4 <= ... < 7 years,4,female,none,1,"car or other, not in savings account",27,none,rent,1,skilled employee / official,1,none,yes,1,single
... < 0 DM,50,existing credits paid back duly till now,car (used),250,... < 100 DM,1 <= ... < 4 years,4,male,none,4,building society savings agreement / life insurance,36,none,own,2,skilled employee / official,1,none,yes,1,single
0 <= ... < 200 DM,22,critical account / other credits existing (not at this bank),business,750,unknown / no savings account,... < 1 year,3,male,none,2,building society savings agreement / life insurance,26,none,own,1,skilled employee / official,1,"yes, registered under customer's name",yes,2,single
0 <= ... < 200 DM,31,critical account / other credits existing (not at this bank),education,250,... < 100 DM,... < 1 year,2,female,none,3,"car or other, not in savings account",21,none,rent,2,skilled employee / official,1,none,no,1,single
... >= 200 DM / salary assignments for at least 1 year,14,critical account / other credits existing (not at this bank),others,5391,... < 100 DM,unemployed,1,male,none,4,"car or other, not in savings account",35,none,for free,2,skilled employee / official,1,"yes, registered under customer's name",yes,2,single
no checking account,21,existing credits paid back duly till now,car (new),250,unknown / no savings account,... < 1 year,2,male,none,4,real estate,35,bank,own,1,skilled employee / official,2,none,yes,1,married/widowed
... < 0 DM,15,existing credits paid back duly till now,car (new),777,unknown / no savings account,1 <= ... < 4 years,2,male,none,3,"car or other, not in savings account",31,bank,for free,2,management / self-employed / highly qualified employee / officer,1,none,yes,1,single
0 <= ... < 200 DM,16,existing credits paid back duly till now,radio/television,741,100 <= ... < 500 DM,1 <= ... < 4 years,3,male,none,2,unknown / no property,39,none,rent,1,skilled employee / official,1,none,yes,1,single
0 <= ... < 200 DM,26,existing credits paid back duly till now,business,250,unknown / no savings account,... >= 7 years,1,female,none,3,building society savings agreement / life insurance,26,bank,for free,1,management / self-employed / highly qualified employee / officer,1,none,yes,1,single
no checking account,5,existing credits paid back duly till now,business,1366,100 <= ... < 500 DM,1 <= ... < 4 years,1,male,guarantor,4,building society savings agreement / life insurance,58,none,rent,1,skilled employee / official,1,"yes, registered under customer's name",yes,2,married/widowed
... >= 200 DM / salary assignments for at least 1 year,26,critical account / other credits existing (not at this bank),car (new),1332,... < 100 DM,... < 1 year,2,male,none,3,"car or other, not in savings account",47,none,own,1,unskilled - resident,1,"yes, registered under customer's name",yes,1,single
no checking account,61,existing credits paid back duly till now,radio/television,250,... < 100 DM,... < 1 year,4,female,none,2,unknown / no property,31,none,for free,1,skilled employee / official,1,"yes, registered under customer's name",yes,1,single
0 <= ... < 200 DM,23,existing credits paid back duly till now,education,250,unknown / no savings account,... < 1 year,4,male,none,2,building society savings agreement / life insurance,24,none,for free,1,management / self-employed / highly qualified employee / officer,1,none,yes,2,single
0 <= ... < 200 DM,22,delay in paying off in the past,business,250,... < 100 DM,4 <= ... < 7 years,1,female,none,2,real estate,24,none,for free,1,unskilled - resident,1,"yes, registered under customer's name",no,1,single
0 <= ... < 200 DM,10,critical account / other credits existing (not at this bank),furniture/equipment,948,unknown / no savings account,... < 1 year,1,male,none,3,building society savings agreement / life insurance,29,none,own,1,unskilled - resident,1,none,yes,1,single
... < 0 DM,13,critical account / other credits existing (not at this bank),car (new),2352,... < 100 DM,... >= 7 years,1,male,none,3,unknown / no property,44,none,own,1,skilled employee / official,2,"yes, registered under customer's name",no,2,single
no checking account,54,critical account / other credits existing (not at this bank),car (used),250,unknown / no savings account,... >= 7 years,1,male,none,1,"car or other, not in savings account",64,none,own,2,skilled employee / official,1,"yes, registered under customer's name",no,1,divorced/separated
... < 0 DM,26,existing credits paid back duly till now,business,2348,... < 100 DM,... >= 7 years,4,female,none,1,real estate,22,none,own,1,skilled employee / official,1,"yes, registered under customer's name",yes,2,divorced/separated
... < 0 DM,65,delay in paying off in the past,radio/television,602,... < 100 DM,... >= 7 years,4,male,none,4,real estate,35,none,own,3,skilled employee / official,1,"yes, registered under customer's name",yes,1,single
0 <= ... < 200 DM,25,delay in paying off in the past,car (new),250,unknown / no savings account,... < 1 year,2,male,none,3,unknown / no property,35,none,own,1,management / self-employed / highly qualified employee / officer,1,"yes, registered under customer's name",yes,1,single
no checking account,26,critical account / other credits existing (not at this bank),business,2996,... < 100 DM,... < 1 year,4,male,none,2,building society savings agreement / life insurance,39,none,own,1,skilled employee / official,2,none,yes,1,single
0 <= ... < 200 DM,51,critical account / other credits existing (not at this bank),radio/television,1283,unknown / no savings account,... < 1 year,2,female,none,1,"car or other, not in savings account",47,stores,own,2,unskilled - resident,1,none,yes,1,divorced/separated
0 <= ... < 200 DM,26,no credits taken / all credits paid back duly,business,3068,... < 100 DM,1 <= ... < 4 years,2,male,none,2,"car or other, not in savings account",40,none,own,1,management / self-employed / highly qualified employee / officer,1,none,yes,1,single
0 <= ... < 200 DM,17,existing credits paid back duly till now,radio/television,250,unknown / no savings account,... >= 7 years,2,male,none,1,"car or other, not in savings account",27,bank,own,1,skilled employee / official,1,none,yes,1,single
no checking account,18,delay in paying off in the past,car (new),409,... < 100 DM,... < 1 year,3,male,none,4,"car or other, not in savings account",32,none,for free,2,unskilled - resident,1,none,yes,1,single
no checking account,24,existing credits paid back duly till now,furniture/equipment,1308,... < 100 DM,... >= 7 years,1,male,none,3,real estate,33,none,own,1,unskilled - resident,1,none,yes,1,single
0 <= ... < 200 DM,28,existing credits paid back duly till now,radio/television,250,unknown / no savings account,unemployed,2,female,none,4,building society savings agreement / life insurance,75,none,own,1,skilled employee / official,1,"yes, registered under customer's name",yes,2,single
0 <= ... < 200 DM,58,existing credits paid back duly till now,furniture/equipment,250,... < 100 DM,... >= 7 years,2,female,none,1,"car or other, not in savings account",48,none,own,1,unskilled - resident,1,none,yes,1,single
no checking account,72,critical account / other credits existing (not at this bank),car (new),1061,100 <= ... < 500 DM,1 <= ... < 4 years,3,male,none,4,building society savings agreement / life insurance,34,none,own,1,unskilled - resident,1,"yes, registered under customer's name",yes,1,single
no checking account,13,critical account / other credits existing (not at this bank),car (new),250,500 <= ... < 1000 DM,... >= 7 years,1,male,none,2,building society savings agreement / life insurance,21,none,own,1,skilled employee / official,1,none,yes,2,divorced/separated
0 <= ... < 200 DM,23,delay in paying off in the past,business,250,... < 100 DM,1 <= ... < 4 years,2,male,none,3,"car or other, not in savings account",39,bank,own,1,skilled employee / official,1,"yes, registered under customer's name",yes,1,single
... < 0 DM,65,critical account / other credits existing (not at this bank),radio/television,250,... < 100 DM,1 <= ... < 4 years,2,female,none,2,real estate,45,none,own,1,skilled employee / official,1,"yes, registered under customer's name",yes,1,single
no checking account,36,all credits at this bank paid back duly,radio/television,708,... < 100 DM,... < 1 year,1,female,none,3,"car or other, not in savings account",34,none,own,1,skilled employee / official,1,"yes, registered under customer's name",yes,1,married/widowed
0 <= ... < 200 DM,24,delay in paying off in the past,radio/television,250,... < 100 DM,1 <= ... < 4 years,3,male,none,2,unknown / no property,70,none,own,1,management / self-employed / highly qualified employee / officer,1,"yes, registered under customer's name",yes,1,married/widowed
... >= 200 DM / salary assignments for at least 1 year,17,critical account / other credits existing (not at this bank),radio/television,250,... < 100 DM,... >= 7 years,1,male,none,3,building society savings agreement / life insurance,33,none,own,1,skilled employee / official,1,none,yes,1,single
no checking account,29,existing credits paid back duly till now,radio/television,850,unknown / no savings account,... >= 7 years,1,female,none,3,building society savings agreement / life insurance,51,none,rent,2,skilled employee / official,1,"yes, registered under customer's name",yes,1,single
... >= 200 DM / salary assignments for at least 1 year,48,all credits at this bank paid back duly,radio/television,2268,... < 100 DM,1 <= ... < 4 years,2,male,none,1,building society savings agreement / life insurance,30,none,own,2,skilled employee / official,2,"yes, registered under customer's name",no,1,married/widowed
no checking account,8,no credits taken / all credits paid back duly,car (used),1861,unknown / no savings account,... >= 7 years,1,female,none,4,real estate,26,bank,own,1,skilled employee / official,1,none,yes,1,married/widowed
... >= 200 DM / salary assignments for at least 1 year,72,delay in paying off in the past,education,250,unknown / no savings account,unemployed,4,female,none,2,unknown / no property,23,stores,for free,1,skilled employee / official,1,"yes, registered under customer's name",yes,1,single
no checking account,43,critical account / other credits existing (not at this bank),furniture/equipment,2416,... < 100 DM,... >= 7 years,4,male,none,4,unknown / no property,75,none,own,1,unskilled - resident,1,none,yes,1,single
0 <= ... < 200 DM,72,no credits taken / all credits paid back duly,domestic appliances,1212,100 <= ... < 500 DM,4 <= ... < 7 years,4,female,none,2,"car or other, not in savings account",21,none,own,2,skilled employee / official,1,"yes, registered under customer's name",yes,1,single
0 <= ... < 200 DM,12,critical account / other credits existing (not at this bank),domestic appliances,250,... < 100 DM,... < 1 year,1,male,none,3,building society savings agreement / life insurance,29,none,for free,1,skilled employee / official,1,"yes, registered under customer's name",yes,2,single
... < 0 DM,21,critical account / other credits existing (not at this bank),car (new),449,500 <= ... < 1000 DM,1 <= ... < 4 years,1,female,none,1,building society savings agreement / life insurance,43,bank,own,2,unskilled - resident,1,"yes, registered under customer's name",yes,1,divorced/separated
... < 0 DM,26,existing credits paid back duly till now,radio/television,556,... >= 1000 DM,4 <= ... < 7 years,4,female,none,3,building society savings agreement / life insurance,65,none,own,1,management / self-employed / highly qualified employee / officer,1,none,yes,1,divorced/separated
0 <= ... < 200 DM,27,critical account / other credits existing (not at this bank),others,393,100 <= ... < 500 DM,... < 1 year,2,male,none,3,"car or other, not in savings account",24,none,own,1,unskilled - resident,1,"yes, registered under customer's name",yes,1,divorced/separated
0 <= ... < 200 DM,14,critical account / other credits existing (not at this bank),radio/television,2551,... < 100 DM,4 <= ... < 7 years,4,female,none,1,"car or other, not in savings account",71,none,own,1,skilled employee / official,1,"yes, registered under customer's name",yes,1,married/widowed
no checking account,21,existing credits paid back duly till now,radio/television,1394,unknown / no savings account,... < 1 year,4,male,none,1,"car or other, not in savings account",42,none,own,1,management / self-employed / highly qualified employee / officer,2,none,yes,1,married/widowed
0 <= ... < 200 DM,28,delay in paying off in the past,radio/television,770,... < 100 DM,unemployed,4,female,none,2,real estate,32,none,own,2,unemployed / unskilled - non-resident,1,none,yes,1,divorced/separated
no checking account,18,critical account / other credits existing (not at this bank),business,578,100 <= ... < 500 DM,... < 1 year,2,female,none,4,"car or other, not in savings account",42,none,own,1,management / self-employed / highly qualified employee / officer,1,none,yes,1,single
0 <= ... < 200 DM,25,delay in paying off in the past,radio/television,574,... < 100 DM,unemployed,4,male,none,1,real estate,32,bank,rent,1,skilled employee / official,1,none,yes,1,single
no checking account,21,critical account / other credits existing (not at this bank),education,642,... < 100 DM,1 <= ... < 4 years,3,female,none,3,real estate,31,none,own,2,management / self-employed / highly qualified employee / officer,1,none,yes,2,single
... >= 200 DM / salary assignments for at least 1 year,9,critical account / other credits existing (not at this bank),car (new),1806,... >= 1000 DM,... < 1 year,2,male,none,3,unknown / no property,25,none,rent,1,skilled employee / official,1,none,yes,1,divorced/separated
... < 0 DM,22,critical account / other credits existing (not at this bank),car (new),1310,500 <= ... < 1000 DM,4 <= ... < 7 years,4,female,none,1,"car or other, not in savings account",48,none,rent,1,skilled employee / official,1,"yes, registered under customer's name",yes,1,single
no checking account,22,all credits at this bank paid back duly,car (new),1930,100 <= ... < 500 DM,... < 1 year,4,female,co-applicant,4,unknown / no property,41,bank,own,1,management / self-employed / highly qualified employee / officer,1,"yes, registered under customer's name",yes,1,single
... >= 200 DM / salary assignments for at least 1 year,17,critical account / other credits existing (not at this bank),furniture/equipment,1973,unknown / no savings account,... >= 7 years,2,female,none,1,unknown / no property,56,bank,own,1,skilled employee / official,1,"yes, registered under customer's name",yes,2,single
... >= 200 DM / salary assignments for at least 1 year,4,existing credits paid back duly till now,furniture/equipment,250,... < 100 DM,4 <= ... < 7 years,2,male,none,4,unknown / no property,41,none,own,2,unskilled - resident,1,none,yes,1,single
0 <= ... < 200 DM,61,critical account / other credits existing (not at this bank),radio/television,1398,... < 100 DM,4 <= ... < 7 years,4,female,co-applicant,3,building society savings agreement / life insurance,70,none,for free,1,unskilled - resident,2,none,yes,1,single
0 <= ... < 200 DM,61,critical account / other credits existing (not at this bank),radio/television,4839,... < 100 DM,... < 1 year,1,male,none,3,real estate,30,none,own,1,skilled employee / official,1,"yes, registered under customer's name",yes,1,single
no checking account,28,critical account / other credits existing (not at this bank),repairs,2305,100 <= ... < 500 DM,... >= 7 years,4,male,guarantor,1,building society savings agreement / life insurance,54,none,own,1,skilled employee / official,1,"yes, registered under customer's name",yes,1,single
0 <= ... < 200 DM,6,delay in paying off in the past,radio/television,2481,... < 100 DM,... < 1 year,1,male,none,3,"car or other, not in savings account",64,none,own,1,skilled employee / official,1,"yes, registered under customer's name",yes,1,single
0 <= ... < 200 DM,14,existing credits paid back duly till now,car (new),250,... < 100 DM,1 <= ... < 4 years,1,female,none,3,building society savings agreement / life insurance,54,none,for free,2,skilled employee / official,1,"yes, registered under customer's name",yes,2,divorced/separated
0 <= ... < 200 DM,26,critical account / other credits existing (not at this bank),car (new),3281,500 <= ... < 1000 DM,... < 1 year,1,male,none,3,unknown / no property,50,none,own,1,skilled employee / official,2,none,yes,1,married/widowed
0 <= ... < 200 DM,17,existing credits paid back duly till now,furniture/equipment,13756,... < 100 DM,1 <= ... < 4 years,3,female,guarantor,3,real estate,57,none,for free,4,skilled employee / official,1,"yes, registered under customer's name",yes,2,divorced/separated
0 <= ... < 200 DM,18,existing credits paid back duly till now,car (new),2438,... < 100 DM,4 <= ... < 7 years,4,male,none,3,real estate,41,bank,for free,1,management / self-employed / highly qualified employee / officer,1,"yes, registered under customer's name",yes,1,divorced/separated
no checking account,28,all credits at this bank paid back duly,furniture/equipment,1475,unknown / no savings account,... < 1 year,1,female,none,4,building society savings agreement / life insurance,36,none,for free,2,management / self-employed / highly qualified employee / officer,1,none,yes,1,single
no checking account,5,all credits at this bank paid back duly,education,995,100 <= ... < 500 DM,unemployed,4,male,none,4,"car or other, not in savings account",34,none,own,1,skilled employee / official,1,"yes, registered under customer's name",yes,1,single
0 <= ... < 200 DM,4,critical account / other credits existing (not at this bank),radio/television,2217,... < 100 DM,1 <= ... < 4 years,2,male,none,1,real estate,31,none,own,2,skilled employee / official,1,none,yes,1,single
... < 0 DM,18,existing credits paid back duly till now,radio/television,1456,... < 100 DM,1 <= ... < 4 years,4,female,none,4,"car or other, not in savings account",19,none,rent,1,skilled employee / official,1,none,yes,1,single
no checking account,24,existing credits paid back duly till now,business,280,unknown / no savings account,4 <= ... < 7 years,3,male,none,1,"car or other, not in savings account",33,none,rent,1,skilled employee / official,1,none,yes,1,single
0 <= ... < 200 DM,26,critical account / other credits existing (not at this bank),furniture/equipment,6809,100 <= ... < 500 DM,4 <= ... < 7 years,2,female,none,4,real estate,33,bank,own,2,skilled employee / official,1,"yes, registered under customer's name",yes,1,divorced/separated
... < 0 DM,11,critical account / other credits existing (not at this bank),radio/television,740,... < 100 DM,... >= 7 years,3,female,none,2,real estate,40,stores,own,1,skilled employee / official,1,none,yes,1,single
0 <= ... < 200 DM,22,existing credits paid back duly till now,radio/television,250,... < 100 DM,... >= 7 years,2,male,none,4,"car or other, not in savings account",38,none,own,1,unskilled - resident,1,none,yes,1,single
no checking account,72,delay in paying off in the past,car (new),250,500 <= ... < 1000 DM,4 <= ... < 7 years,2,female,none,1,building society savings agreement / life insurance,31,bank,own,4,management / self-employed / highly qualified employee / officer,1,"yes, registered under customer's name",yes,1,single
no checking account,23,existing credits paid back duly till now,radio/television,250,... < 100 DM,... >= 7 years,1,female,none,4,"car or other, not in savings account",47,bank,own,2,skilled employee / official,1,none,yes,1,single
0 <= ... < 200 DM,21,delay in paying off in the past,radio/television,853,... < 100 DM,4 <= ... < 7 years,1,male,none,4,building society savings agreement / life insurance,25,none,own,2,unskilled - resident,1,none,yes,1,single
... < 0 DM,43,no credits taken / all credits paid back duly,car (new),4219,... < 100 DM,4 <= ... < 7 years,4,male,none,3,real estate,51,none,own,2,skilled employee / official,1,none,yes,2,single
0 <= ... < 200 DM,25,critical account / other credits existing (not at this bank),radio/television,250,... < 100 DM,... < 1 year,2,male,none,3,real estate,34,none,own,2,management / self-employed / highly qualified employee / officer,1,"yes, registered under customer's name",yes,1,single
0 <= ... < 200 DM,26,critical account / other credits existing (not at this bank),radio/television,250,... < 100 DM,... < 1 year,4,male,none,2,"car or other, not in savings account",20,none,rent,1,management / self-employed / highly qualified employee / officer,1,"yes, registered under customer's name",yes,1,single
0 <= ... < 200 DM,25,existing credits paid back duly till now,furniture/equipment,250,100 <= ... < 500 DM,4 <= ... < 7 years,1,male,none,2,real estate,38,none,rent,2,skilled employee / official,1,"yes, registered under customer's name",yes,1,divorced/separated
no checking account,31,existing credits paid back duly till now,car (new),2071,500 <= ... < 1000 DM,... >= 7 years,4,female,none,2,"car or other, not in savings account",43,none,for free,1,unemployed / unskilled - non-resident,1,none,yes,2,divorced/separated
no checking account,10,critical account / other credits existing (not at this bank),car (new),3136,unknown / no savings account,... >= 7 years,2,female,none,1,unknown / no property,20,none,rent,1,skilled employee / official,1,"yes, registered under customer's name",yes,1,single
0 <= ... < 200 DM,25,delay in paying off in the past,car (new),2265,... < 100 DM,... < 1 year,2,male,none,2,building society savings agreement / life insurance,39,bank,own,1,skilled employee / official,1,"yes, registered under customer's name",yes,1,single
... >= 200 DM / salary assignments for at least 1 year,6,existing credits paid back duly till now,furniture/equipment,1943,500 <= ... < 1000 DM,... < 1 year,2,male,none,3,building society savings agreement / life insurance,67,none,own,1,skilled employee / official,1,none,yes,1,single
0 <= ... < 200 DM,26,existing credits paid back duly till now,education,250,... < 100 DM,1 <= ... < 4 years,2,female,none,1,unknown / no property,37,none,rent,2,unskilled - resident,1,"yes, registered under customer's name",yes,1,divorced/separated
... < 0 DM,27,critical account / other credits existing (not at this bank),car (new),407,... < 100 DM,4 <= ... < 7 years,1,male,none,3,real estate,20,none,own,1,skilled employee / official,1,"yes, registered under customer's name",yes,1,single
0 <= ... < 200 DM,20,existing credits paid back duly till now,radio/television,250,... < 100 DM,... < 1 year,1,female,none,3,building society savings agreement / life insurance,52,none,own,1,skilled employee / official,1,"yes, registered under customer's name",yes,1,single
0 <= ... < 200 DM,37,existing credits paid back duly till now,retraining,1408,... < 100 DM,... >= 7 years,4,male,none,4,building society savings agreement / life insurance,21,none,own,1,skilled employee / official,1,"yes, registered under customer's name",no,1,single
no checking account,13,delay in paying off in the past,radio/television,250,100 <= ... < 500 DM,1 <= ... < 4 years,1,male,guarantor,2,real estate,27,bank,own,1,skilled employee / official,1,none,yes,1,single
0 <= ... < 200 DM,5,existing credits paid back duly till now,furniture/equipment,469,100 <= ... < 500 DM,... < 1 year,1,male,none,3,"car or other, not in savings account",33,none,own,2,skilled employee / official,1,"yes, registered under customer's name",yes,2,single
... < 0 DM,22,no credits taken / all credits paid back duly,radio/television,13073,... < 100 DM,... < 1 year,4,male,none,4,real estate,35,none,own,1,skilled employee / official,1,none,yes,2,single
0 <= ... < 200 DM,25,existing credits paid back duly till now,car (used),3327,... < 100 DM,1 <= ... < 4 years,3,male,none,1,"car or other, not in savings account",25,stores,own,2,skilled employee / official,1,none,yes,1,divorced/separated
... >= 200 DM / salary assignments for at least 1 year,27,existing credits paid back duly till now,education,846,... < 100 DM,4 <= ... < 7 years,3,female,guarantor,4,real estate,37,none,own,1,unskilled - resident,2,none,yes,1,single
0 <= ... < 200 DM,14,critical account / other credits existing (not at this bank),car (new),1111,500 <= ... < 1000 DM,1 <= ... < 4 years,4,male,none,1,building society savings agreement / life insurance,34,stores,rent,1,skilled employee / official,1,"yes, registered under customer's name",no,1,single
0 <= ... < 200 DM,26,critical account / other credits existing (not at this bank),furniture/equipment,250,... < 100 DM,1 <= ... < 4 years,2,female,none,3,"car or other, not in savings account",63,none,own,1,management / self-employed / highly qualified employee / officer,1,none,yes,1,single
0 <= ... < 200 DM,46,all credits at this bank paid back duly,furniture/equipment,9745,unknown / no savings account,4 <= ... < 7 years,3,male,none,2,real estate,23,stores,rent,4,skilled employee / official,1,none,yes,2,single
no checking account,24,critical account / other credits existing (not at this bank),radio/television,5688,... < 100 DM,... >= 7 years,1,male,none,1,"car or other, not in savings account",32,none,for free,1,management / self-employed / highly qualified employee / officer,1,"yes, registered under customer's name",yes,1,divorced/separated
... >= 200 DM / salary assignments for at least 1 year,31,existing credits paid back duly till now,car (new),1059,... < 100 DM,... >= 7 years,4,female,none,3,"car or other, not in savings account",31,none,own,2,skilled employee / official,1,"yes, registered under customer's name",no,2,single
... >= 200 DM / salary assignments for at least 1 year,72,existing credits paid back duly till now,education,250,... < 100 DM,... < 1 year,1,female,none,1,building society savings agreement / life insurance,19,none,own,1,skilled employee / official,1,none,yes,1,divorced/separated
0 <= ... < 200 DM,28,critical account / other credits existing (not at this bank),radio/television,737,... < 100 DM,... < 1 year,1,male,none,2,"car or other, not in savings account",31,none,own,1,skilled employee / official,1,none,yes,1,single
... < 0 DM,13,critical account / other credits existing (not at this bank),furniture/equipment,250,... < 100 DM,4 <= ... < 7 years,4,male,none,2,real estate,42,bank,own,1,unskilled - resident,1,"yes, registered under customer's name",yes,1,single
no checking account,8,critical account / other credits existing (not at this bank),car (new),250,100 <= ... < 500 DM,1 <= ... < 4 years,3,male,none,4,"car or other, not in savings account",36,none,for free,2,skilled employee / official,1,"yes, registered under customer's name",yes,1,single
... < 0 DM,27,no credits taken / all credits paid back duly,radio/television,10532,... < 100 DM,... < 1 year,4,female,none,3,real estate,66,none,own,1,skilled employee / official,1,"yes, registered under customer's name",yes,1,divorced/separated
no checking account,70,delay in paying off in the past,car (new),4871,unknown / no savings account,1 <= ... < 4 years,4,male,none,3,"car or other, not in savings account",26,bank,rent,1,management / self-employed / highly qualified employee / officer,1,"yes, registered under customer's name",yes,2,single
no checking account,68,existing credits paid back duly till now,business,341,... < 100 DM,4 <= ... < 7 years,1,male,none,4,real estate,63,none,for free,2,skilled employee / official,1,none,yes,1,single
no checking account,28,delay in paying off in the past,business,2811,... < 100 DM,1 <= ... < 4 years,4,male,none,3,real estate,38,none,own,1,skilled employee / official,1,"yes, registered under customer's name",yes,2,single
no checking account,24,existing credits paid back duly till now,car (new),250,100 <= ... < 500 DM,... >= 7 years,4,male,none,1,real estate,28,none,own,2,skilled employee / official,1,"yes, registered under customer's name",yes,1,single
0 <= ... < 200 DM,22,critical account / other credits existing (not at this bank),car (new),250,... < 100 DM,... >= 7 years,1,male,none,2,real estate,52,none,own,2,skilled employee / official,1,none,yes,1,divorced/separated
0 <= ... < 200 DM,58,critical account / other credits existing (not at this bank),car (new),1028,100 <= ... < 500 DM,4 <= ... < 7 years,4,female,none,3,building society savings agreement / life insurance,32,none,own,1,skilled employee / official,1,none,yes,1,divorced/separated
... >= 200 DM / salary assignments for at least 1 year,22,critical account / other credits existing (not at this bank),car (new),250,100 <= ... < 500 DM,1 <= ... < 4 years,2,female,none,2,"car or other, not in savings account",29,none,own,1,unemployed / unskilled - non-resident,1,none,yes,1,single
... < 0 DM,23,critical account / other credits existing (not at this bank),furniture/equipment,446,... >= 1000 DM,1 <= ... < 4 years,1,male,none,1,real estate,37,none,own,2,skilled employee / official,1,"yes, registered under customer's name",yes,2,single
... >= 200 DM / salary assignments for at least 1 year,19,delay in paying off in the past,radio/television,2294,... < 100 DM,1 <= ... < 4 years,2,female,none,3,real estate,42,stores,own,1,unskilled - resident,1,none,yes,2,single
no checking account,8,existing credits paid back duly till now,education,250,... < 100 DM,... >= 7 years,2,male,none,2,unknown / no property,23,none,own,4,unskilled - resident,2,"yes, registered under customer's name",yes,2,divorced/separated
... >= 200 DM / salary assignments for at least 1 year,8,all credits at this bank paid back duly,radio/television,10576,... >= 1000 DM,1 <= ... < 4 years,1,male,none,1,real estate,24,none,own,1,skilled employee / official,1,"yes, registered under customer's name",yes,1,single
... < 0 DM,25,critical account / other credits existing (not at this bank),radio/television,250,... < 100 DM,1 <= ... < 4 years,3,male,none,2,real estate,32,none,for free,1,skilled employee / official,1,"yes, registered under customer's name",yes,1,single
no checking account,72,critical account / other credits existing (not at this bank),retraining,786,... < 100 DM,unemployed,3,female,guarantor,4,unknown / no property,47,bank,for free,2,skilled employee / official,1,"yes, registered under customer's name",yes,1,divorced/separated
0 <= ... < 200 DM,19,critical account / other credits existing (not at this bank),car (new),673,100 <= ... < 500 DM,4 <= ... < 7 years,2,male,co-applicant,3,real estate,30,none,own,1,unskilled - resident,1,"yes, registered under customer's name",yes,2,divorced/separated
0 <= ... < 200 DM,15,existing credits paid back duly till now,radio/television,1747,... < 100 DM,4 <= ... < 7 years,4,male,none,2,"car or other, not in savings account",34,none,own,1,skilled employee / official,2,none,yes,2,single
... < 0 DM,28,existing credits paid back duly till now,others,250,100 <= ... < 500 DM,1 <= ... < 4 years,4,female,none,1,real estate,39,none,own,2,skilled employee / official,1,"yes, registered under customer's name",yes,1,married/widowed
... >= 200 DM / salary assignments for at least 1 year,72,delay in paying off in the past,business,250,... < 100 DM,4 <= ... < 7 years,3,male,none,4,"car or other, not in savings account",35,none,own,1,skilled employee / official,1,"yes, registered under customer's name",yes,1,single
0 <= ... < 200 DM,24,existing credits paid back duly till now,repairs,1788,... < 100 DM,... < 1 year,1,female,none,2,unknown / no property,71,none,rent,2,skilled employee / official,1,"yes, registered under customer's name",yes,1,single
0 <= ... < 200 DM,25,existing credits paid back duly till now,radio/television,4571,... < 100 DM,4 <= ... < 7 years,4,male,none,1,unknown / no property,62,none,own,1,skilled employee / official,1,"yes, registered under customer's name",yes,1,single
... < 0 DM,21,existing credits paid back duly till now,car (new),1393,unknown / no savings account,1 <= ... < 4 years,4,male,none,1,real estate,27,none,own,2,skilled employee / official,1,none,yes,1,single
no checking account,4,delay in paying off in the past,radio/television,960,... < 100 DM,... < 1 year,4,male,none,2,building society savings agreement / life insurance,19,none,for free,1,skilled employee / official,1,none,yes,2,married/widowed
... < 0 DM,56,critical account / other credits existing (not at this bank),car (used),4348,... < 100 DM,... >= 7 years,2,male,none,4,building society savings agreement / life insurance,28,none,rent,1,unemployed / unskilled - non-resident,1,"yes, registered under customer's name",yes,2,single
0 <= ... < 200 DM,11,all credits at this bank paid back duly,radio/television,863,... < 100 DM,... >= 7 years,4,male,none,4,real estate,46,none,own,2,skilled employee / official,1,"yes, registered under customer's name",yes,2,single
0 <= ... < 200 DM,5,critical account / other credits existing (not at this bank),car (new),250,unknown / no savings account,4 <= ... < 7 years,1,male,guarantor,2,unknown / no property,35,none,rent,1,skilled employee / official,2,"yes, registered under customer's name",yes,1,single
no checking account,17,delay in paying off in the past,education,835,100 <= ... < 500 DM,1 <= ... < 4 years,4,male,none,3,"car or other, not in savings account",27,stores,own,1,management / self-employed / highly qualified employee / officer,1,none,yes,1,single
... < 0 DM,18,existing credits paid back duly till now,radio/television,250,unknown / no savings account,... >= 7 years,4,male,none,4,real estate,39,none,own,1,skilled employee / official,1,none,yes,1,divorced/separated
... < 0 DM,25,existing credits paid back duly till now,furniture/equipment,3435,... < 100 DM,... < 1 year,2,female,none,2,"car or other, not in savings account",54,bank,rent,1,management / self-employed / highly qualified employee / officer,1,"yes, registered under customer's name",yes,1,divorced/separated
no checking account,16,existing credits paid back duly till now,education,3526,... < 100 DM,... < 1 year,1,female,none,2,building society savings agreement / life insurance,29,none,rent,1,skilled employee / official,1,"yes, registered under customer's name",yes,1,single
0 <= ... < 200 DM,17,critical account / other credits existing (not at this bank),business,490,unknown / no savings account,1 <= ... < 4 years,3,female,guarantor,2,real estate,27,none,for free,4,unskilled - resident,1,"yes, registered under customer's name",yes,1,single
no checking account,24,existing credits paid back duly till now,business,2887,unknown / no savings account,4 <= ... < 7 years,1,female,none,1,building society savings agreement / life insurance,40,none,own,1,unskilled - resident,1,"yes, registered under customer's name",yes,2,married/widowed
... < 0 DM,8,critical account / other credits existing (not at this bank),car (new),250,... < 100 DM,unemployed,4,male,none,3,building society savings agreement / life insurance,49,none,own,1,skilled employee / official,1,none,yes,1,divorced/separated
no checking account,26,critical account / other credits existing (not at this bank),car (used),270,... < 100 DM,... < 1 year,2,male,none,3,building society savings agreement / life insurance,47,none,own,1,skilled employee / official,1,none,yes,1,single
... < 0 DM,18,critical account / other credits existing (not at this bank),radio/television,343,... < 100 DM,4 <= ... < 7 years,2,female,none,4,unknown / no property,55,bank,own,2,skilled employee / official,1,none,yes,1,divorced/separated
0 <= ... < 200 DM,28,critical account / other credits existing (not at this bank),radio/television,822,500 <= ... < 1000 DM,... < 1 year,1,female,none,1,real estate,32,none,for free,2,skilled employee / official,1,"yes, registered under customer's name",yes,1,single
0 <= ... < 200 DM,20,critical account / other credits existing (not at this bank),business,250,unknown / no savings account,1 <= ... < 4 years,2,male,none,1,building society savings agreement / life insurance,64,none,rent,4,unskilled - resident,1,"yes, registered under customer's name",yes,1,single
no checking account,9,existing credits paid back duly till now,business,1978,... < 100 DM,... >= 7 years,2,female,none,3,unknown / no property,20,none,own,1,management / self-employed / highly qualified employee / officer,1,"yes, registered under customer's name",yes,2,single
... >= 200 DM / salary assignments for at least 1 year,48,critical account / other credits existing (not at this bank),business,1092,100 <= ... < 500 DM,4 <= ... < 7 years,4,male,none,4,"car or other, not in savings account",45,none,for free,1,skilled employee / official,1,"yes, registered under customer's name",yes,1,single
no checking account,7,existing credits paid back duly till now,furniture/equipment,407,... < 100 DM,... < 1 year,4,male,none,3,real estate,25,none,for free,1,unemployed / unskilled - non-resident,1,"yes, registered under customer's name",yes,1,single
0 <= ... < 200 DM,12,no credits taken / all credits paid back duly,car (new),2605,100 <= ... < 500 DM,... < 1 year,2,male,none,1,real estate,51,none,rent,1,management / self-employed / highly qualified employee / officer,1,none,yes,1,single
no checking account,4,existing credits paid back duly till now,car (used),3313,... < 100 DM,1 <= ... < 4 years,2,female,none,3,real estate,34,bank,rent,1,unskilled - resident,1,"yes, registered under customer's name",yes,1,single
... >= 200 DM / salary assignments for at least 1 year,9,critical account / other credits existing (not at this bank),furniture/equipment,1504,... < 100 DM,1 <= ... < 4 years,3,male,co-applicant,4,real estate,35,none,own,1,skilled employee / official,2,"yes, registered under customer's name",yes,1,single
no checking account,63,all credits at this bank paid back duly,radio/television,648,500 <= ... < 1000 DM,... < 1 year,2,male,none,2,"car or other, not in savings account",37,none,rent,2,skilled employee / official,1,"yes, registered under customer's name",yes,1,single
no checking account,28,existing credits paid back duly till now,retraining,3569,... < 100 DM,1 <= ... < 4 years,2,male,none,4,real estate,39,none,for free,1,management / self-employed / highly qualified employee / officer,2,none,yes,1,single
no checking account,18,critical account / other credits existing (not at this bank),radio/television,250,... < 100 DM,1 <= ... < 4 years,1,male,none,2,unknown / no property,23,none,rent,1,skilled employee / official,1,"yes, registered under customer's name",yes,1,divorced/separated
0 <= ... < 200 DM,15,existing credits paid back duly till now,radio/television,936,... < 100 DM,unemployed,4,female,none,3,real estate,53,none,rent,1,unskilled - resident,1,none,no,1,married/widowed
no checking account,13,critical account / other credits existing (not at this bank),radio/television,537,... < 100 DM,... < 1 year,1,female,co-applicant,4,unknown / no property,20,stores,own,1,unskilled - resident,1,none,yes,2,divorced/separated
no checking account,7,existing credits paid back duly till now,car (new),4568,unknown / no savings account,... < 1 year,4,female,none,3,"car or other, not in savings account",61,none,rent,2,skilled employee / official,1,"yes, registered under customer's name",yes,1,married/widowed
0 <= ... < 200 DM,7,existing credits paid back duly till now,radio/television,555,... < 100 DM,1 <= ... < 4 years,4,female,none,2,unknown / no property,56,none,own,2,skilled employee / official,2,"yes, registered under customer's name",yes,2,divorced/separated
0 <= ... < 200 DM,58,existing credits paid back duly till now,car (used),380,... < 100 DM,1 <= ... < 4 years,1,female,none,4,building society savings agreement / life insurance,38,none,own,1,management / self-employed / highly qualified employee / officer,1,none,yes,1,married/widowed
0 <= ... < 200 DM,51,critical account / other credits existing (not at this bank),radio/television,250,100 <= ... < 500 DM,... >= 7 years,4,female,none,1,real estate,29,none,for free,2,skilled employee / official,1,"yes, registered under customer's name",yes,2,divorced/separated
no checking account,11,critical account / other credits existing (not at this bank),repairs,3243,unknown / no savings account,... >= 7 years,4,female,none,2,"car or other, not in savings account",35,none,own,1,unskilled - resident,1,"yes, registered under customer's name",yes,1,married/widowed
0 <= ... < 200 DM,72,critical account / other credits existing (not at this bank),education,2167,unknown / no savings account,1 <= ... < 4 years,1,female,none,4,real estate,64,bank,own,1,skilled employee / official,1,"yes, registered under customer's name",yes,1,single
0 <= ... < 200 DM,23,critical account / other credits existing (not at this bank),car (new),250,unknown / no savings account,... < 1 year,2,male,none,2,unknown / no property,26,none,own,1,unskilled - resident,1,none,yes,2,single
0 <= ... < 200 DM,45,critical account / other credits existing (not at this bank),radio/television,814,... < 100 DM,4 <= ... < 7 years,4,female,none,3,real estate,61,stores,rent,1,skilled employee / official,1,none,yes,1,single
0 <= ... < 200 DM,24,delay in paying off in the past,radio/television,4843,... < 100 DM,... >= 7 years,1,male,none,4,real estate,31,none,own,1,skilled employee / official,1,none,yes,2,married/widowed
... < 0 DM,16,existing credits paid back duly till now,domestic appliances,511,500 <= ... < 1000 DM,... >= 7 years,1,female,none,3,unknown / no property,45,none,own,1,management / self-employed / highly qualified employee / officer,1,"yes, registered under customer's name",yes,1,single
0 <= ... < 200 DM,10,existing credits paid back duly till now,radio/television,594,unknown / no savings account,1 <= ... < 4 years,2,female,none,1,real estate,51,none,own,1,skilled employee / official,1,none,yes,1,divorced/separated
... < 0 DM,58,critical account / other credits existing (not at this bank),retraining,2040,... < 100 DM,4 <= ... < 7 years,2,female,none,1,real estate,31,none,rent,1,skilled employee / official,1,"yes, registered under customer's name",yes,1,divorced/separated
0 <= ... < 200 DM,13,existing credits paid back duly till now,radio/television,2429,... >= 1000 DM,... >= 7 years,3,male,none,3,building society savings agreement / life insurance,53,bank,own,1,skilled employee / official,1,none,yes,1,single
0 <= ... < 200 DM,23,existing credits paid back duly till now,car (used),2971,... < 100 DM,... < 1 year,4,female,none,3,building society savings agreement / life insurance,46,none,for free,2,skilled employee / official,1,"yes, registered under customer's name",yes,1,divorced/separated
... < 0 DM,44,all credits at this bank paid back duly,business,250,unknown / no savings account,1 <= ... < 4 years,1,female,none,3,real estate,46,none,own,1,management / self-employed / highly qualified employee / officer,1,none,yes,1,divorced/separated
0 <= ... < 200 DM,34,existing credits paid back duly till now,car (new),2094,100 <= ... < 500 DM,unemployed,2,male,none,2,"car or other, not in savings account",54,none,own,1,unskilled - resident,1,"yes, registered under customer's name",yes,1,single
0 <= ... < 200 DM,24,delay in paying off in the past,car (new),250,... < 100 DM,... >= 7 years,2,male,none,2,building society savings agreement / life insurance,51,none,rent,2,skilled employee / official,1,"yes, registered under customer's name",yes,1,single
no checking account,7,critical account / other credits existing (not at this bank),others,336,... < 100 DM,... < 1 year,3,male,guarantor,4,real estate,47,none,own,1,management / self-employed / highly qualified employee / officer,1,"yes, registered under customer's name",yes,1,single
0 <= ... < 200 DM,37,existing credits paid back duly till now,furniture/equipment,250,... < 100 DM,4 <= ... < 7 years,3,male,none,3,unknown / no property,27,none,own,2,unskilled - resident,2,"yes, registered under customer's name",no,1,single
no checking account,12,existing credits paid back duly till now,car (new),250,100 <= ... < 500 DM,... >= 7 years,2,female,none,4,"car or other, not in savings account",49,none,own,2,skilled employee / official,1,"yes, registered under customer's name",yes,1,single
no checking account,62,all credits at this bank paid back duly,furniture/equipment,250,... < 100 DM,... < 1 year,4,male,none,4,real estate,28,none,own,1,skilled employee / official,1,"yes, registered under customer's name",yes,1,divorced/separated
0 <= ... < 200 DM,20,critical account / other credits existing (not at this bank),radio/television,4998,... < 100 DM,... >= 7 years,4,male,none,3,"car or other, not in savings account",38,none,own,2,skilled employee / official,1,none,yes,1,divorced/separated
no checking account,49,critical account / other credits existing (not at this bank),business,2000,500 <= ... < 1000 DM,1 <= ... < 4 years,4,female,co-applicant,4,"car or other, not in savings account",33,stores,own,1,unskilled - resident,1,"yes, registered under customer's name",no,2,divorced/separated
0 <= ... < 200 DM,27,existing credits paid back duly till now,car (new),250,... < 100 DM,4 <= ... < 7 years,4,male,none,2,building society savings agreement / life insurance,75,none,own,2,management / self-employed / highly qualified employee / officer,1,none,yes,1,single
no checking account,39,existing credits paid back duly till now,car (new),250,unknown / no savings account,unemployed,4,male,none,2,building society savings agreement / life insurance,63,none,rent,1,skilled employee / official,1,none,yes,1,single
0 <= ... < 200 DM,12,existing credits paid back duly till now,car (new),250,... < 100 DM,... >= 7 years,1,male,none,3,"car or other, not in savings account",28,bank,rent,2,unemployed / unskilled - non-resident,2,"yes, registered under customer's name",yes,1,single
0 <= ... < 200 DM,4,critical account / other credits existing (not at this bank),radio/television,1023,... < 100 DM,4 <= ... < 7 years,4,male,none,3,unknown / no property,37,none,own,2,skilled employee / official,1,none,yes,1,single
... < 0 DM,27,existing credits paid back duly till now,car (new),1230,... < 100 DM,... >= 7 years,1,female,guarantor,2,building society savings agreement / life insurance,41,bank,for free,2,skilled employee / official,1,"yes, registered under customer's name",yes,1,single
... < 0 DM,33,existing credits paid back duly till now,business,250,... < 100 DM,... < 1 year,4,male,none,3,"car or other, not in savings account",32,none,rent,1,management / self-employed / highly qualified employee / officer,1,none,yes,2,single
no checking account,55,critical account / other credits existing (not at this bank),car (new),2981,... >= 1000 DM,4 <= ... < 7 years,3,male,none,4,"car or other, not in savings account",63,none,own,2,skilled employee / official,2,"yes, registered under customer's name",yes,2,single
... < 0 DM,24,critical account / other credits existing (not at this bank),radio/television,1742,500 <= ... < 1000 DM,... < 1 year,3,male,none,4,"car or other, not in savings account",38,bank,own,1,skilled employee / official,1,none,yes,1,single
no checking account,20,existing credits paid back duly till now,radio/television,250,... < 100 DM,... >= 7 years,4,male,co-applicant,4,"car or other, not in savings account",51,none,own,1,management / self-employed / highly qualified employee / officer,1,"yes, registered under customer's name",yes,1,single
0 <= ... < 200 DM,26,critical account / other credits existing (not at this bank),business,3666,100 <= ... < 500 DM,4 <= ... < 7 years,2,female,none,1,unknown / no property,44,none,own,1,unskilled - resident,1,none,yes,1,divorced/separated
0 <= ... < 200 DM,61,existing credits paid back duly till now,furniture/equipment,473,... >= 1000 DM,... >= 7 years,1,female,none,3,"car or other, not in savings account",28,none,own,1,management / self-employed / highly qualified employee / officer,1,none,yes,1,single
... < 0 DM,27,existing credits paid back duly till now,retraining,250,100 <= ... < 500 DM,... >= 7 years,4,male,none,4,unknown / no property,50,none,for free,1,skilled employee / official,1,"yes, registered under customer's name",yes,2,single
0 <= ... < 200 DM,23,existing credits paid back duly till now,furniture/equipment,1216,... < 100 DM,... >= 7 years,1,female,none,3,"car or other, not in savings account",43,none,for free,1,skilled employee / official,1,"yes, registered under customer's name",yes,1,married/widowed
0 <= ... < 200 DM,72,critical account / other credits existing (not at this bank),car (used),572,unknown / no savings account,4 <= ... < 7 years,1,male,none,1,real estate,53,none,rent,1,skilled employee / official,1,none,yes,1,divorced/separated
no checking account,12,existing credits paid back duly till now,car (new),3898,unknown / no savings account,... >= 7 years,2,male,none,2,building society savings agreement / life insurance,29,none,for free,1,skilled employee / official,1,"yes, registered under customer's name",yes,1,single
... < 0 DM,24,critical account / other credits existing (not at this bank),car (new),922,... < 100 DM,4 <= ... < 7 years,1,female,none,3,"car or other, not in savings account",30,none,own,1,skilled employee / official,1,"yes, registered under customer's name",yes,1,single
... < 0 DM,27,critical account / other credits existing (not at this bank),furniture/equipment,630,... < 100 DM,4 <= ... < 7 years,4,female,none,3,building society savings agreement / life insurance,44,none,for free,1,skilled employee / official,1,"yes, registered under customer's name",yes,1,single
no checking account,29,critical account / other credits existing (not at this bank),car (new),715,unknown / no savings account,... >= 7 years,1,male,none,4,"car or other, not in savings account",25,bank,own,2,skilled employee / official,1,"yes, registered under customer's name",yes,1,single
no checking account,14,critical account / other credits existing (not at this bank),car (new),700,... < 100 DM,4 <= ... < 7 years,1,female,none,2,building society savings agreement / life insurance,47,none,rent,2,skilled employee / official,1,none,yes,1,single
no checking account,61,critical account / other credits existing (not at this bank),furniture/equipment,3340,... < 100 DM,... < 1 year,4,male,none,3,unknown / no property,73,none,rent,2,skilled employee / official,1,"yes, registered under customer's name",yes,1,single
0 <= ... < 200 DM,22,existing credits paid back duly till now,radio/television,4998,500 <= ... < 1000 DM,4 <= ... < 7 years,2,female,none,2,real estate,29,bank,own,1,skilled employee / official,1,"yes, registered under customer's name",yes,1,single
... < 0 DM,27,critical account / other credits existing (not at this bank),business,2462,... < 100 DM,... >= 7 years,4,female,none,2,unknown / no property,54,none,own,1,skilled employee / official,1,none,yes,1,married/widowed
... < 0 DM,23,existing credits paid back duly till now,car (used),437,... < 100 DM,... < 1 year,2,male,none,1,unknown / no property,34,none,rent,1,skilled employee / official,1,none,yes,1,single
0 <= ... < 200 DM,72,existing credits paid back duly till now,car (new),2641,... < 100 DM,... < 1 year,2,male,none,2,building society savings agreement / life insurance,45,none,own,1,unskilled - resident,1,"yes, registered under customer's name",yes,2,single
0 <= ... < 200 DM,22,existing credits paid back duly till now,radio/television,1671,unknown / no savings account,4 <= ... < 7 years,4,female,none,1,real estate,75,none,own,1,skilled employee / official,2,"yes, registered under customer's name",yes,1,single
0 <= ... < 200 DM,72,critical account / other credits existing (not at this bank),education,250,... < 100 DM,... >= 7 years,2,female,none,3,real estate,38,none,own,2,skilled employee / official,1,"yes, registered under customer's name",yes,1,single
... >= 200 DM / salary assignments for at least 1 year,26,critical account / other credits existing (not at this bank),furniture/equipment,2125,unknown / no savings account,... < 1 year,1,female,none,4,unknown / no property,27,none,own,2,management / self-employed / highly qualified employee / officer,1,none,yes,2,single
... < 0 DM,22,critical account / other credits existing (not at this bank),radio/television,2346,100 <= ... < 500 DM,... < 1 year,4,female,none,3,"car or other, not in savings account",33,none,own,1,skilled employee / official,1,"yes, registered under customer's name",yes,1,single
0 <= ... < 200 DM,22,critical account / other credits existing (not at this bank),education,486,... < 100 DM,... < 1 year,4,male,none,3,real estate,26,bank,own,1,unskilled - resident,1,none,yes,1,single
0 <= ... < 200 DM,5,existing credits paid back duly till now,car (new),3278,... < 100 DM,... < 1 year,4,male,none,3,real estate,48,none,own,1,skilled employee / official,1,"yes, registered under customer's name",yes,2,single
... < 0 DM,21,critical account / other credits existing (not at this bank),furniture/equipment,250,... < 100 DM,... < 1 year,2,female,co-applicant,2,unknown / no property,53,none,own,2,skilled employee / official,1,none,yes,1,single
... < 0 DM,9,critical account / other credits existing (not at this bank),education,617,... < 100 DM,... >= 7 years,1,male,none,3,unknown / no property,46,none,rent,1,unskilled - resident,1,none,yes,1,single
... < 0 DM,16,critical account / other credits existing (not at this bank),radio/television,2277,... < 100 DM,1 <= ... < 4 years,2,male,none,2,unknown / no property,53,none,own,1,management / self-employed / highly qualified employee / officer,1,none,yes,1,divorced/separated
no checking account,19,critical account / other credits existing (not at this bank),radio/television,3600,... < 100 DM,1 <= ... < 4 years,1,female,none,4,real estate,20,none,for free,2,skilled employee / official,1,"yes, registered under customer's name",yes,2,single
... < 0 DM,6,existing credits paid back duly till now,business,3533,100 <= ... < 500 DM,... >= 7 years,4,male,none,4,building society savings agreement / life insurance,25,none,for free,2,unskilled - resident,2,none,yes,1,single
0 <= ... < 200 DM,26,critical account / other credits existing (not at this bank),repairs,703,500 <= ... < 1000 DM,... < 1 year,1,male,none,1,unknown / no property,48,none,rent,4,unskilled - resident,1,"yes, registered under customer's name",yes,1,single
0 <= ... < 200 DM,18,existing credits paid back duly till now,car (new),1916,... < 100 DM,unemployed,2,male,guarantor,1,building society savings agreement / life insurance,41,bank,own,1,skilled employee / official,1,none,yes,1,single
0 <= ... < 200 DM,13,existing credits paid back duly till now,domestic appliances,1669,... >= 1000 DM,... < 1 year,1,male,none,3,"car or other, not in savings account",28,bank,own,1,unskilled - resident,1,"yes, registered under customer's name",yes,1,single
0 <= ... < 200 DM,26,no credits taken / all credits paid back duly,retraining,3814,500 <= ... < 1000 DM,unemployed,1,female,none,3,real estate,31,none,for free,1,skilled employee / official,1,none,yes,1,divorced/separated
0 <= ... < 200 DM,18,critical account / other credits existing (not at this bank),radio/television,297,... < 100 DM,1 <= ... < 4 years,4,male,guarantor,3,"car or other, not in savings account",34,none,own,1,management / self-employed / highly qualified employee / officer,1,"yes, registered under customer's name",yes,1,single
0 <= ... < 200 DM,24,critical account / other credits existing (not at this bank),repairs,1104,... < 100 DM,1 <= ... < 4 years,1,male,none,1,unknown / no property,23,none,own,1,skilled employee / official,1,none,yes,1,single
... < 0 DM,51,existing credits paid back duly till now,car (new),934,... >= 1000 DM,... < 1 year,1,female,none,4,unknown / no property,28,bank,for free,1,skilled employee / official,1,none,yes,1,single
no checking account,25,no credits taken / all credits paid back duly,car (new),1149,... < 100 DM,... >= 7 years,4,female,none,1,real estate,41,stores,for free,1,unskilled - resident,1,none,yes,1,single
0 <= ... < 200 DM,17,all credits at this bank paid back duly,radio/television,250,100 <= ... < 500 DM,... < 1 year,1,male,none,2,building society savings agreement / life insurance,28,stores,own,2,skilled employee / official,1,none,yes,1,single
0 <= ... < 200 DM,25,all credits at this bank paid back duly,car (new),250,... < 100 DM,1 <= ... < 4 years,4,female,none,2,unknown / no property,24,none,own,1,skilled employee / official,1,none,yes,1,divorced/separated
0 <= ... < 200 DM,25,critical account / other credits existing (not at this bank),furniture/equipment,250,... < 100 DM,... < 1 year,1,female,none,2,"car or other, not in savings account",61,none,own,1,management / self-employed / highly qualified employee / officer,1,"yes, registered under customer's name",yes,1,single
0 <= ... < 200 DM,44,no credits taken / all credits paid back duly,radio/television,6262,... < 100 DM,1 <= ... < 4 years,2,male,none,1,building society savings agreement / life insurance,43,none,own,1,management / self-employed / highly qualified employee / officer,1,"yes, registered under customer's name",yes,2,divorced/separated
0 <= ... < 200 DM,46,existing credits paid back duly till now,repairs,344,... >= 1000 DM,... < 1 year,4,male,none,4,"car or other, not in savings account",25,none,for free,1,unskilled - resident,1,none,yes,1,single
... < 0 DM,56,critical account / other credits existing (not at this bank),repairs,375,unknown / no savings account,... < 1 year,4,male,none,3,unknown / no property,39,bank,for free,1,management / self-employed / highly qualified employee / officer,1,none,yes,2,married/widowed
... < 0 DM,27,existing credits paid back duly till now,business,7580,... < 100 DM,1 <= ... < 4 years,1,female,none,2,unknown / no property,53,bank,rent,1,skilled employee / official,1,none,yes,1,single
no checking account,18,critical account / other credits existing (not at this bank),car (new),1197,... < 100 DM,1 <= ... < 4 years,1,male,none,2,real estate,19,none,own,1,skilled employee / official,1,none,yes,2,single
no checking account,23,critical account / other credits existing (not at this bank),car (new),554,... < 100 DM,... >= 7 years,1,female,none,3,"car or other, not in savings account",36,none,own,1,skilled employee / official,1,none,yes,1,married/widowed
... < 0 DM,14,critical account / other credits existing (not at this bank),repairs,732,... < 100 DM,... >= 7 years,4,male,none,1,real estate,23,none,own,1,skilled employee / official,1,none,yes,1,married/widowed
0 <= ... < 200 DM,48,existing credits paid back duly till now,car (new),250,... < 100 DM,... < 1 year,3,female,none,4,building society savings agreement / life insurance,46,bank,rent,2,management / self-employed / highly qualified employee / officer,1,"yes, registered under customer's name",yes,1,divorced/separated
0 <= ... < 200 DM,19,existing credits paid back duly till now,radio/television,2593,500 <= ... < 1000 DM,... >= 7 years,2,female,none,2,unknown / no property,22,none,rent,2,unemployed / unskilled - non-resident,1,"yes, registered under customer's name",yes,2,single
no checking account,21,critical account / other credits existing (not at this bank),business,2802,... < 100 DM,1 <= ... < 4 years,2,male,none,2,real estate,25,none,own,1,skilled employee / official,1,"yes, registered under customer's name",yes,1,single
... < 0 DM,21,existing credits paid back duly till now,radio/television,867,... < 100 DM,4 <= ... < 7 years,1,male,none,1,real estate,28,none,own,1,skilled employee / official,1,"yes, registered under customer's name",yes,1,single
0 <= ... < 200 DM,13,delay in paying off in the past,radio/television,567,... < 100 DM,unemployed,2,male,co-applicant,3,real estate,54,none,rent,1,skilled employee / official,2,"yes, registered under customer's name",yes,2,single
0 <= ... < 200 DM,26,delay in paying off in the past,radio/television,1864,... < 100 DM,... >= 7 years,1,male,none,4,real estate,33,none,own,2,skilled employee / official,1,none,yes,1,single
... < 0 DM,15,existing credits paid back duly till now,radio/television,2539,unknown / no savings account,4 <= ... < 7 years,1,female,guarantor,3,building society savings agreement / life insurance,27,none,for free,1,management / self-employed / highly qualified employee / officer,1,"yes, registered under customer's name",no,1,single
... < 0 DM,13,existing credits paid back duly till now,furniture/equipment,2032,500 <= ... < 1000 DM,1 <= ... < 4 years,2,male,none,3,building society savings agreement / life insurance,40,none,rent,2,management / self-employed / highly qualified employee / officer,1,none,yes,1,divorced/separated
0 <= ... < 200 DM,41,delay in paying off in the past,radio/television,1561,unknown / no savings account,4 <= ... < 7 years,2,male,none,2,unknown / no property,75,none,own,1,unskilled - resident,1,none,yes,1,single
no checking account,25,delay in paying off in the past,car (used),921,... < 100 DM,4 <= ... < 7 years,3,male,none,2,building society savings agreement / life insurance,19,bank,own,2,skilled employee / official,1,none,yes,1,single
... < 0 DM,10,critical account / other credits existing (not at this bank),radio/television,1334,... < 100 DM,4 <= ... < 7 years,2,female,co-applicant,3,building society savings agreement / life insurance,43,none,own,1,management / self-employed / highly qualified employee / officer,1,"yes, registered under customer's name",yes,2,single
... >= 200 DM / salary assignments for at least 1 year,23,critical account / other credits existing (not at this bank),car (new),250,... < 100 DM,... >= 7 years,4,female,none,3,"car or other, not in savings account",29,none,for free,2,skilled employee / official,1,"yes, registered under customer's name",yes,1,divorced/separated
0 <= ... < 200 DM,9,critical account / other credits existing (not at this bank),repairs,250,... < 100 DM,1 <= ... < 4 years,1,male,none,3,"car or other, not in savings account",37,none,own,1,skilled employee / official,1,"yes, registered under customer's name",yes,1,married/widowed
... >= 200 DM / salary assignments for at least 1 year,17,critical account / other credits existing (not at this bank),radio/television,3000,500 <= ... < 1000 DM,... >= 7 years,4,male,none,4,"car or other, not in savings account",46,none,own,1,skilled employee / official,1,"yes, registered under customer's name",yes,1,married/widowed
0 <= ... < 200 DM,52,existing credits paid back duly till now,domestic appliances,1775,500 <= ... < 1000 DM,... >= 7 years,4,female,co-applicant,1,building society savings agreement / life insurance,31,none,own,1,skilled employee / official,1,"yes, registered under customer's name",yes,2,single
... >= 200 DM / salary assignments for at least 1 year,7,delay in paying off in the past,car (new),1101,100 <= ... < 500 DM,... >= 7 years,4,male,none,4,"car or other, not in savings account",35,none,own,1,management / self-employed / highly qualified employee / officer,2,"yes, registered under customer's name",yes,1,single
0 <= ... < 200 DM,16,all credits at this bank paid back duly,car (used),1454,... >= 1000 DM,4 <= ... < 7 years,1,male,none,2,"car or other, not in savings account",42,none,own,1,unskilled - resident,2,none,yes,1,single
... < 0 DM,24,all credits at this bank paid back duly,retraining,519,unknown / no savings account,1 <= ... < 4 years,2,male,co-applicant,2,unknown / no property,27,none,rent,1,skilled employee / official,1,"yes, registered under customer's name",yes,1,married/widowed
no checking account,25,existing credits paid back duly till now,furniture/equipment,1633,... < 100 DM,1 <= ... < 4 years,2,male,none,4,unknown / no property,67,none,own,2,skilled employee / official,1,"yes, registered under customer's name",yes,1,single
no checking account,67,critical account / other credits existing (not at this bank),business,3580,unknown / no savings account,1 <= ... < 4 years,1,female,co-applicant,2,real estate,24,stores,own,1,skilled employee / official,1,"yes, registered under customer's name",yes,1,single
0 <= ... < 200 DM,28,existing credits paid back duly till now,car (new),2413,... < 100 DM,unemployed,3,female,none,1,unknown / no property,57,none,own,1,skilled employee / official,1,"yes, registered under customer's name",yes,1,single
... < 0 DM,24,existing credits paid back duly till now,car (used),1082,... < 100 DM,1 <= ... < 4 years,4,male,none,3,"car or other, not in savings account",32,none,for free,1,skilled employee / official,1,none,yes,1,single
... >= 200 DM / salary assignments for at least 1 year,10,existing credits paid back duly till now,business,990,100 <= ... < 500 DM,... >= 7 years,1,male,none,1,real estate,75,bank,own,1,management / self-employed / highly qualified employee / officer,1,none,yes,1,divorced/separated
no checking account,24,existing credits paid back duly till now,business,4229,unknown / no savings account,... < 1 year,4,male,none,3,"car or other, not in savings account",52,none,own,1,unskilled - resident,1,"yes, registered under customer's name",yes,1,divorced/separated
no checking account,27,critical account / other credits existing (not at this bank),car (used),2998,100 <= ... < 500 DM,1 <= ... < 4 years,1,female,co-applicant,2,"car or other, not in savings account",56,none,rent,1,unskilled - resident,1,"yes, registered under customer's name",yes,1,married/widowed
... < 0 DM,66,existing credits paid back duly till now,repairs,1276,... < 100 DM,... >= 7 years,4,male,none,4,"car or other, not in savings account",25,none,own,1,management / self-employed / highly qualified employee / officer,1,none,yes,1,single
no checking account,46,existing credits paid back duly till now,car (new),423,... < 100 DM,... < 1 year,3,female,none,3,real estate,57,bank,for free,2,management / self-employed / highly qualified employee / officer,2,"yes, registered under customer's name",yes,1,single
... < 0 DM,28,critical account / other credits existing (not at this bank),car (new),1779,... < 100 DM,... >= 7 years,3,female,none,3,"car or other, not in savings account",24,none,own,1,unemployed / unskilled - non-resident,1,none,yes,1,single
0 <= ... < 200 DM,28,critical account / other credits existing (not at this bank),education,1182,... < 100 DM,4 <= ... < 7 years,1,male,none,2,"car or other, not in savings account",43,none,own,2,skilled employee / official,1,"yes, registered under customer's name",yes,1,single
0 <= ... < 200 DM,36,existing credits paid back duly till now,radio/television,476,... < 100 DM,... < 1 year,2,male,none,3,real estate,35,none,for free,1,unskilled - resident,1,none,yes,2,single
0 <= ... < 200 DM,24,critical account / other credits existing (not at this bank),car (used),3698,unknown / no savings account,... < 1 year,2,male,co-applicant,2,real estate,58,stores,own,1,skilled employee / official,1,"yes, registered under customer's name",yes,1,single
0 <= ... < 200 DM,21,critical account / other credits existing (not at this bank),radio/television,250,100 <= ... < 500 DM,4 <= ... < 7 years,3,male,none,4,"car or other, not in savings account",52,none,rent,2,management / self-employed / highly qualified employee / officer,2,none,yes,1,single
... < 0 DM,72,no credits taken / all credits paid back duly,furniture/equipment,250,... < 100 DM,1 <= ... < 4 years,1,male,none,1,"car or other, not in savings account",31,none,own,1,unskilled - resident,1,none,yes,1,single
no checking account,6,existing credits paid back duly till now,car (new),1546,100 <= ... < 500 DM,1 <= ... < 4 years,4,male,none,2,"car or other, not in savings account",75,none,own,1,skilled employee / official,1,none,yes,1,single
no checking account,22,all credits at this bank paid back duly,furniture/equipment,250,... < 100 DM,1 <= ... < 4 years,2,male,none,2,unknown / no property,26,none,own,1,skilled employee / official,1,"yes, registered under customer's name",yes,1,single
... < 0 DM,22,critical account / other credits existing (not at this bank),education,250,500 <= ... < 1000 DM,4 <= ... < 7 years,2,female,co-applicant,2,building society savings agreement / life insurance,62,none,own,1,skilled employee / official,1,none,yes,2,married/widowed
... < 0 DM,4,no credits taken / all credits paid back duly,furniture/equipment,903,unknown / no savings account,4 <= ... < 7 years,4,male,none,4,real estate,37,none,own,1,skilled employee / official,1,"yes, registered under customer's name",yes,1,divorced/separated
0 <= ... < 200 DM,16,delay in paying off in the past,car (new),477,unknown / no savings account,... < 1 year,3,male,co-applicant,1,real estate,34,none,own,2,unskilled - resident,1,"yes, registered under customer's name",yes,1,single
no checking account,16,critical account / other credits existing (not at this bank),car (used),561,... < 100 DM,... < 1 year,2,male,none,2,building society savings agreement / life insurance,67,none,for free,1,skilled employee / official,1,none,yes,1,single
... < 0 DM,26,critical account / other credits existing (not at this bank),radio/television,1798,... < 100 DM,1 <= ... < 4 years,2,male,none,3,real estate,69,none,for free,1,skilled employee / official,1,"yes, registered under customer's name",yes,1,single
... < 0 DM,28,critical account / other credits existing (not at this bank),car (new),1016,... < 100 DM,... >= 7 years,1,male,none,4,real estate,75,none,own,1,skilled employee / official,1,none,yes,1,divorced/separated
0 <= ... < 200 DM,57,critical account / other credits existing (not at this bank),repairs,250,... >= 1000 DM,unemployed,2,female,none,1,real estate,30,none,rent,1,skilled employee / official,1,"yes, registered under customer's name",yes,2,divorced/separated
no checking account,15,critical account / other credits existing (not at this bank),furniture/equipment,3403,unknown / no savings account,1 <= ... < 4 years,1,male,none,2,real estate,50,none,own,1,skilled employee / official,1,none,yes,2,single
0 <= ... < 200 DM,47,critical account / other credits existing (not at this bank),car (new),846,... < 100 DM,... < 1 year,1,female,none,4,"car or other, not in savings account",70,stores,rent,1,management / self-employed / highly qualified employee / officer,1,none,yes,1,divorced/separated
no checking account,47,existing credits paid back duly till now,furniture/equipment,2167,... < 100 DM,1 <= ... < 4 years,4,female,none,3,building society savings agreement / life insurance,59,none,for free,2,management / self-employed / highly qualified employee / officer,1,"yes, registered under customer's name",yes,1,divorced/separated
no checking account,26,critical account / other credits existing (not at this bank),furniture/equipment,510,... < 100 DM,... >= 7 years,1,male,none,2,"car or other, not in savings account",22,none,own,1,skilled employee / official,1,none,yes,1,single
... < 0 DM,27,delay in paying off in the past,car (new),250,unknown / no savings account,... >= 7 years,4,male,none,4,real estate,20,none,own,1,unskilled - resident,1,none,yes,1,single
... < 0 DM,27,critical account / other credits existing (not at this bank),radio/television,250,100 <= ... < 500 DM,4 <= ... < 7 years,2,female,none,1,building society savings agreement / life insurance,39,none,for free,1,skilled employee / official,1,"yes, registered under customer's name",yes,1,single
... < 0 DM,27,delay in paying off in the past,education,1348,100 <= ... < 500 DM,... >= 7 years,2,male,none,2,building society savings agreement / life insurance,55,none,rent,1,skilled employee / official,2,none,yes,1,single
0 <= ... < 200 DM,51,existing credits paid back duly till now,car (used),526,... < 100 DM,1 <= ... < 4 years,4,male,none,3,real estate,46,none,own,1,skilled employee / official,1,none,yes,1,single
... < 0 DM,21,critical account / other credits existing (not at this bank),radio/television,495,... < 100 DM,1 <= ... < 4 years,2,male,none,4,real estate,72,none,own,4,management / self-employed / highly qualified employee / officer,1,"yes, registered under customer's name",yes,2,single
0 <= ... < 200 DM,50,critical account / other credits existing (not at this bank),radio/television,250,... >= 1000 DM,1 <= ... < 4 years,1,male,none,2,building society savings agreement / life insurance,42,none,own,2,skilled employee / official,1,"yes, registered under customer's name",yes,1,divorced/separated
no checking account,18,critical account / other credits existing (not at this bank),radio/television,13539,... >= 1000 DM,... >= 7 years,1,male,none,2,real estate,47,bank,own,1,skilled employee / official,1,"yes, registered under customer's name",yes,1,divorced/separated
0 <= ... < 200 DM,20,critical account / other credits existing (not at this bank),car (new),2863,... < 100 DM,... >= 7 years,1,male,none,2,"car or other, not in savings account",26,none,own,1,skilled employee / official,1,none,yes,1,single
0 <= ... < 200 DM,67,all credits at this bank paid back duly,radio/television,9707,... >= 1000 DM,... >= 7 years,3,male,none,1,"car or other, not in savings account",45,none,own,1,skilled employee / official,1,"yes, registered under customer's name",yes,1,single
0 <= ... < 200 DM,40,existing credits paid back duly till now,business,3797,... < 100 DM,... < 1 year,3,female,none,1,"car or other, not in savings account",63,none,own,1,skilled employee / official,1,none,yes,1,single
no checking account,63,existing credits paid back duly till now,radio/television,250,... < 100 DM,... < 1 year,1,male,none,3,real estate,36,none,for free,1,unskilled - resident,1,"yes, registered under customer's name",yes,2,single
0 <= ... < 200 DM,67,existing credits paid back duly till now,car (new),6265,... < 100 DM,... < 1 year,1,male,none,4,"car or other, not in savings account",32,none,own,1,skilled employee / official,1,none,yes,1,divorced/separated
