checking_account_status,duration_months,credit_history,purpose,credit_amount,savings_account,employment_duration,installment_rate,sex,other_debtors,residence_duration,property,age,other_installment_plans,housing,existing_credits,job,num_dependents,telephone,foreign_worker,target,relationship status
no checking account,21,no credits taken / all credits paid back duly,car (new),2697,unknown / no savings account,... >= 7 years,4,male,none,2,"car or other, not in savings account",24,none,own,1,unskilled - resident,2,"yes, registered under customer's name",yes,1,married/widowed
0 <= ... < 200 DM,4,delay in paying off in the past,car (new),9104,100 <= ... < 500 DM,... < 1 year,4,female,none,3,unknown / no property,34,none,own,1,skilled employee / official,1,"yes, registered under customer's name",yes,1,divorced/separated
0 <= ... < 200 DM,28,critical account / other credits existing (not at this bank),radio/television,3111,... < 100 DM,4 <= ... < 7 years,4,male,none,2,building society savings agreement / life insurance,23,none,own,2,skilled employee / official,1,none,yes,1,divorced/separated
... < 0 DM,4,no credits taken / all credits paid back duly,radio/television,2885,500 <= ... < 1000 DM,... >= 7 years,4,male,none,4,real estate,31,bank,own,1,skilled employee / official,2,none,yes,1,divorced/separated
no checking account,17,all credits at this bank paid back duly,business,5162,... >= 1000 DM,... >= 7 years,4,female,none,4,"car or other, not in savings account",35,none,own,4,skilled employee / official,1,none,yes,1,divorced/separated
0 <= ... < 200 DM,9,all credits at this bank paid back duly,furniture/equipment,1963,unknown / no savings account,... >= 7 years,4,male,none,2,unknown / no property,31,none,rent,1,skilled employee / official,2,none,yes,1,divorced/separated
... >= 200 DM / salary assignments for at least 1 year,37,critical account / other credits existing (not at this bank),car (new),3316,... < 100 DM,1 <= ... < 4 years,4,male,none,4,"car or other, not in savings account",19,none,for free,4,unskilled - resident,2,none,yes,1,divorced/separated
... >= 200 DM / salary assignments for at least 1 year,35,existing credits paid back duly till now,car (new),1978,100 <= ... < 500 DM,1 <= ... < 4 years,4,male,none,4,"car or other, not in savings account",19,none,own,4,skilled employee / official,2,"yes, registered under customer's name",yes,2,single
0 <= ... < 200 DM,24,critical account / other credits existing (not at this bank),furniture/equipment,1216,... < 100 DM,unemployed,2,male,none,4,unknown / no property,19,none,own,1,skilled employee / official,2,"yes, registered under customer's name",yes,1,single
no checking account,8,delay in paying off in the past,car (new),2800,... < 100 DM,unemployed,4,male,none,4,real estate,62,bank,rent,4,management / self-employed / highly qualified employee / officer,1,none,yes,2,divorced/separated
0 <= ... < 200 DM,7,existing credits paid back duly till now,radio/television,4667,... < 100 DM,... < 1 year,4,male,none,1,real estate,23,none,rent,1,skilled employee / official,1,none,yes,1,single
no checking account,14,existing credits paid back duly till now,radio/television,2499,... < 100 DM,unemployed,4,male,none,2,"car or other, not in savings account",26,none,own,1,skilled employee / official,1,"yes, registered under customer's name",yes,1,divorced/separated
no checking account,20,all credits at this bank paid back duly,radio/television,11889,... < 100 DM,1 <= ... < 4 years,4,female,co-applicant,4,real estate,33,none,own,4,skilled employee / official,1,"yes, registered under customer's name",yes,1,single
0 <= ... < 200 DM,26,existing credits paid back duly till now,radio/television,14309,... < 100 DM,unemployed,4,male,guarantor,1,building society savings agreement / life insurance,24,none,own,4,unskilled - resident,2,"yes, registered under customer's name",yes,2,divorced/separated
no checking account,18,existing credits paid back duly till now,radio/television,1864,unknown / no savings account,... < 1 year,2,male,none,2,unknown / no property,38,none,for free,2,unskilled - resident,1,none,yes,2,single
no checking account,47,existing credits paid back duly till now,car (new),2995,... < 100 DM,unemployed,2,female,none,3,"car or other, not in savings account",19,bank,own,2,unemployed / unskilled - non-resident,2,none,yes,2,divorced/separated
... < 0 DM,21,critical account / other credits existing (not at this bank),car (new),822,... < 100 DM,... < 1 year,4,male,none,2,real estate,20,none,own,1,skilled employee / official,1,none,yes,1,single
no checking account,30,critical account / other credits existing (not at this bank),car (new),4134,... < 100 DM,... < 1 year,2,female,none,2,"car or other, not in savings account",26,bank,own,1,skilled employee / official,1,"yes, registered under customer's name",yes,1,divorced/separated
0 <= ... < 200 DM,28,existing credits paid back duly till now,business,5226,unknown / no savings account,4 <= ... < 7 years,1,male,co-applicant,4,"car or other, not in savings account",22,none,rent,4,unskilled - resident,2,none,yes,1,divorced/separated
0 <= ... < 200 DM,20,critical account / other credits existing (not at this bank),business,2895,... < 100 DM,... < 1 year,4,male,none,2,"car or other, not in savings account",23,stores,for free,1,unskilled - resident,2,"yes, registered under customer's name",yes,2,single
no checking account,33,existing credits paid back duly till now,furniture/equipment,1511,... >= 1000 DM,1 <= ... < 4 years,4,male,none,2,"car or other, not in savings account",26,stores,rent,1,management / self-employed / highly qualified employee / officer,1,"yes, registered under customer's name",no,1,single
no checking account,16,critical account / other credits existing (not at this bank),radio/television,9607,... < 100 DM,1 <= ... < 4 years,4,male,none,2,real estate,37,none,rent,2,management / self-employed / highly qualified employee / officer,1,none,yes,1,divorced/separated
0 <= ... < 200 DM,37,existing credits paid back duly till now,radio/television,2061,100 <= ... < 500 DM,1 <= ... < 4 years,4,male,none,2,"car or other, not in savings account",27,none,own,4,management / self-employed / highly qualified employee / officer,1,none,yes,1,single
... < 0 DM,12,existing credits paid back duly till now,furniture/equipment,1842,unknown / no savings account,... < 1 year,1,male,none,2,"car or other, not in savings account",21,none,rent,1,skilled employee / official,2,"yes, registered under customer's name",yes,1,single
no checking account,19,existing credits paid back duly till now,radio/television,3290,unknown / no savings account,... >= 7 years,2,female,none,2,unknown / no property,19,bank,own,2,skilled employee / official,1,"yes, registered under customer's name",yes,2,divorced/separated
... >= 200 DM / salary assignments for at least 1 year,4,existing credits paid back duly till now,furniture/equipment,8098,... < 100 DM,... >= 7 years,4,female,guarantor,2,"car or other, not in savings account",29,none,own,1,management / self-employed / highly qualified employee / officer,1,none,yes,2,single
0 <= ... < 200 DM,21,critical account / other credits existing (not at this bank),business,2426,500 <= ... < 1000 DM,4 <= ... < 7 years,4,male,none,1,building society savings agreement / life insurance,30,stores,own,1,skilled employee / official,1,none,yes,2,single
0 <= ... < 200 DM,4,existing credits paid back duly till now,radio/television,3301,unknown / no savings account,... >= 7 years,3,female,none,4,real estate,34,none,rent,1,unskilled - resident,2,"yes, registered under customer's name",yes,1,single
0 <= ... < 200 DM,24,existing credits paid back duly till now,furniture/equipment,2328,... < 100 DM,1 <= ... < 4 years,4,male,none,4,unknown / no property,19,bank,for free,2,skilled employee / official,1,none,yes,2,divorced/separated
0 <= ... < 200 DM,23,no credits taken / all credits paid back duly,radio/television,5456,... < 100 DM,... < 1 year,2,female,none,2,unknown / no property,19,none,own,2,skilled employee / official,2,"yes, registered under customer's name",yes,1,married/widowed
... < 0 DM,22,existing credits paid back duly till now,radio/television,1162,... < 100 DM,1 <= ... < 4 years,4,male,guarantor,4,real estate,32,none,own,1,skilled employee / official,1,none,yes,1,single
no checking account,25,existing credits paid back duly till now,furniture/equipment,3048,unknown / no savings account,unemployed,1,male,none,4,"car or other, not in savings account",21,none,own,1,unskilled - resident,1,none,yes,1,single
... < 0 DM,25,existing credits paid back duly till now,car (new),1683,500 <= ... < 1000 DM,4 <= ... < 7 years,4,female,none,4,"car or other, not in savings account",49,none,own,1,unskilled - resident,2,none,yes,2,single
0 <= ... < 200 DM,24,all credits at this bank paid back duly,business,1281,unknown / no savings account,unemployed,4,male,co-applicant,4,"car or other, not in savings account",19,none,own,4,management / self-employed / highly qualified employee / officer,1,none,yes,2,single
0 <= ... < 200 DM,24,existing credits paid back duly till now,car (used),13962,unknown / no savings account,unemployed,2,male,none,2,"car or other, not in savings account",19,none,own,1,unskilled - resident,2,none,yes,1,single
0 <= ... < 200 DM,15,critical account / other credits existing (not at this bank),car (new),3117,... < 100 DM,... >= 7 years,1,male,none,4,"car or other, not in savings account",30,none,own,3,unskilled - resident,1,"yes, registered under customer's name",yes,1,divorced/separated
0 <= ... < 200 DM,30,existing credits paid back duly till now,car (new),15945,unknown / no savings account,unemployed,4,female,none,4,unknown / no property,22,none,for free,4,unskilled - resident,2,none,yes,1,divorced/separated
0 <= ... < 200 DM,60,critical account / other credits existing (not at this bank),radio/television,1120,... < 100 DM,unemployed,4,male,guarantor,3,building society savings agreement / life insurance,19,none,rent,2,unskilled - resident,1,none,yes,2,divorced/separated
... < 0 DM,36,critical account / other credits existing (not at this bank),radio/television,2399,100 <= ... < 500 DM,... >= 7 years,2,female,none,3,unknown / no property,27,none,own,3,unskilled - resident,1,"yes, registered under customer's name",yes,1,married/widowed
... >= 200 DM / salary assignments for at least 1 year,34,critical account / other credits existing (not at this bank),car (used),2532,unknown / no savings account,1 <= ... < 4 years,4,female,none,4,"car or other, not in savings account",25,none,own,2,skilled employee / official,2,none,yes,1,married/widowed
0 <= ... < 200 DM,5,existing credits paid back duly till now,car (new),3099,... < 100 DM,unemployed,1,male,none,4,building society savings agreement / life insurance,43,none,rent,1,skilled employee / official,2,none,yes,1,married/widowed
no checking account,12,existing credits paid back duly till now,car (new),2244,unknown / no savings account,unemployed,4,male,none,4,real estate,24,none,for free,1,unskilled - resident,1,"yes, registered under customer's name",yes,2,single
0 <= ... < 200 DM,11,existing credits paid back duly till now,car (new),871,unknown / no savings account,unemployed,4,male,guarantor,3,unknown / no property,39,stores,own,1,unskilled - resident,1,none,yes,1,divorced/separated
0 <= ... < 200 DM,30,critical account / other credits existing (not at this bank),car (new),6979,unknown / no savings account,1 <= ... < 4 years,2,male,none,2,real estate,19,none,own,2,management / self-employed / highly qualified employee / officer,1,"yes, registered under customer's name",yes,1,single
no checking account,53,existing credits paid back duly till now,car (new),9894,... < 100 DM,... < 1 year,2,male,none,4,building society savings agreement / life insurance,19,none,own,2,skilled employee / official,1,"yes, registered under customer's name",yes,1,divorced/separated
... < 0 DM,23,critical account / other credits existing (not at this bank),car (new),1942,unknown / no savings account,... < 1 year,3,female,none,2,building society savings agreement / life insurance,19,none,rent,1,management / self-employed / highly qualified employee / officer,1,"yes, registered under customer's name",yes,1,single
0 <= ... < 200 DM,28,critical account / other credits existing (not at this bank),others,2355,500 <= ... < 1000 DM,... < 1 year,1,male,none,4,"car or other, not in savings account",32,none,own,2,unskilled - resident,2,none,yes,2,divorced/separated
no checking account,28,existing credits paid back duly till now,radio/television,394,... < 100 DM,4 <= ... < 7 years,4,male,none,4,"car or other, not in savings account",30,none,rent,3,unskilled - resident,1,none,yes,1,single
0 <= ... < 200 DM,11,existing credits paid back duly till now,radio/television,3188,unknown / no savings account,1 <= ... < 4 years,2,female,none,2,real estate,31,bank,own,1,skilled employee / official,1,"yes, registered under customer's name",yes,2,single
0 <= ... < 200 DM,9,existing credits paid back duly till now,car (new),5412,... >= 1000 DM,1 <= ... < 4 years,4,male,none,4,unknown / no property,23,none,own,1,unskilled - resident,1,none,yes,1,divorced/separated
... < 0 DM,23,all credits at this bank paid back duly,car (new),2568,unknown / no savings account,1 <= ... < 4 years,4,male,none,4,real estate,28,none,rent,3,skilled employee / official,1,none,yes,1,divorced/separated
0 <= ... < 200 DM,4,existing credits paid back duly till now,radio/television,1402,... < 100 DM,1 <= ... < 4 years,4,female,none,4,building society savings agreement / life insurance,29,none,own,4,skilled employee / official,2,none,yes,1,single
... < 0 DM,42,critical account / other credits existing (not at this bank),car (new),1902,... < 100 DM,4 <= ... < 7 years,2,male,none,4,"car or other, not in savings account",19,none,for free,3,skilled employee / official,1,none,yes,1,divorced/separated
0 <= ... < 200 DM,4,critical account / other credits existing (not at this bank),car (new),5789,... < 100 DM,... < 1 year,2,female,none,2,"car or other, not in savings account",21,none,own,2,skilled employee / official,1,"yes, registered under customer's name",yes,2,divorced/separated
0 <= ... < 200 DM,22,existing credits paid back duly till now,furniture/equipment,11494,... < 100 DM,... >= 7 years,4,male,none,1,"car or other, not in savings account",28,none,own,1,unskilled - resident,2,"yes, registered under customer's name",yes,1,single
... < 0 DM,22,all credits at this bank paid back duly,radio/television,2018,unknown / no savings account,... >= 7 years,4,male,none,4,building society savings agreement / life insurance,43,none,for free,1,skilled employee / official,2,none,yes,1,divorced/separated
no checking account,31,critical account / other credits existing (not at this bank),car (new),1265,... < 100 DM,1 <= ... < 4 years,4,male,none,4,"car or other, not in savings account",19,none,for free,1,skilled employee / official,2,none,yes,2,divorced/separated
no checking account,9,existing credits paid back duly till now,repairs,2091,... < 100 DM,1 <= ... < 4 years,3,male,none,4,real estate,26,bank,own,1,skilled employee / official,2,none,yes,2,married/widowed
... >= 200 DM / salary assignments for at least 1 year,4,all credits at this bank paid back duly,business,12179,unknown / no savings account,4 <= ... < 7 years,4,male,none,2,real estate,42,none,own,4,unskilled - resident,2,none,yes,1,married/widowed
no checking account,5,existing credits paid back duly till now,radio/television,3155,unknown / no savings account,... >= 7 years,1,female,none,4,"car or other, not in savings account",19,none,own,3,skilled employee / official,1,none,yes,1,single
... < 0 DM,22,critical account / other credits existing (not at this bank),radio/television,2451,... < 100 DM,1 <= ... < 4 years,4,male,none,4,building society savings agreement / life insurance,24,none,own,1,skilled employee / official,2,none,yes,2,divorced/separated
0 <= ... < 200 DM,25,critical account / other credits existing (not at this bank),radio/television,2025,... < 100 DM,1 <= ... < 4 years,2,female,none,3,real estate,40,none,own,1,management / self-employed / highly qualified employee / officer,1,none,yes,1,divorced/separated
0 <= ... < 200 DM,12,critical account / other credits existing (not at this bank),radio/television,2907,500 <= ... < 1000 DM,1 <= ... < 4 years,4,male,none,2,real estate,30,none,own,1,skilled employee / official,1,none,yes,2,divorced/separated
0 <= ... < 200 DM,6,critical account / other credits existing (not at this bank),radio/television,2921,... < 100 DM,1 <= ... < 4 years,4,male,none,4,building society savings agreement / life insurance,19,none,own,1,skilled employee / official,2,none,yes,1,single
0 <= ... < 200 DM,8,existing credits paid back duly till now,car (new),5762,... < 100 DM,4 <= ... < 7 years,1,female,none,1,real estate,32,none,for free,1,unskilled - resident,1,none,yes,1,single
... < 0 DM,20,critical account / other credits existing (not at this bank),car (new),868,... < 100 DM,1 <= ... < 4 years,4,male,none,2,building society savings agreement / life insurance,21,bank,for free,2,unskilled - resident,1,none,yes,1,divorced/separated
0 <= ... < 200 DM,23,existing credits paid back duly till now,furniture/equipment,1908,... < 100 DM,4 <= ... < 7 years,1,male,none,4,real estate,27,none,own,1,management / self-employed / highly qualified employee / officer,1,"yes, registered under customer's name",yes,2,divorced/separated
... < 0 DM,4,critical account / other credits existing (not at this bank),education,1737,unknown / no savings account,unemployed,4,female,none,2,real estate,24,none,own,2,skilled employee / official,1,none,yes,2,single
0 <= ... < 200 DM,20,delay in paying off in the past,furniture/equipment,3318,... < 100 DM,1 <= ... < 4 years,2,male,none,4,"car or other, not in savings account",36,none,own,1,management / self-employed / highly qualified employee / officer,1,none,yes,1,single
0 <= ... < 200 DM,36,existing credits paid back duly till now,education,2504,... < 100 DM,... >= 7 years,4,female,none,4,real estate,19,none,for free,1,skilled employee / official,1,none,yes,1,single
no checking account,40,delay in paying off in the past,car (new),718,unknown / no savings account,unemployed,4,male,none,2,"car or other, not in savings account",26,none,rent,1,skilled employee / official,2,"yes, registered under customer's name",yes,1,single
no checking account,12,delay in paying off in the past,business,3710,100 <= ... < 500 DM,1 <= ... < 4 years,4,male,none,4,"car or other, not in savings account",34,none,own,1,unskilled - resident,1,none,yes,1,single
0 <= ... < 200 DM,36,existing credits paid back duly till now,business,2987,500 <= ... < 1000 DM,1 <= ... < 4 years,4,male,co-applicant,4,unknown / no property,30,none,for free,1,skilled employee / official,2,none,yes,2,single
0 <= ... < 200 DM,23,existing credits paid back duly till now,car (new),2867,... < 100 DM,... < 1 year,3,male,none,4,real estate,27,none,for free,1,unskilled - resident,1,none,yes,1,divorced/separated
0 <= ... < 200 DM,4,critical account / other credits existing (not at this bank),car (new),4132,... < 100 DM,... >= 7 years,4,male,guarantor,4,"car or other, not in savings account",21,none,own,3,management / self-employed / highly qualified employee / officer,2,none,yes,2,divorced/separated
0 <= ... < 200 DM,21,critical account / other credits existing (not at this bank),furniture/equipment,1646,... < 100 DM,... >= 7 years,2,female,none,4,real estate,40,none,for free,1,unskilled - resident,1,"yes, registered under customer's name",yes,1,divorced/separated
no checking account,5,all credits at this bank paid back duly,radio/television,2471,unknown / no savings account,... >= 7 years,4,female,none,2,real estate,20,none,for free,1,skilled employee / official,1,"yes, registered under customer's name",yes,1,single
... < 0 DM,6,no credits taken / all credits paid back duly,car (new),1245,... < 100 DM,1 <= ... < 4 years,4,male,none,4,real estate,35,none,rent,2,unskilled - resident,2,"yes, registered under customer's name",yes,1,divorced/separated
no checking account,22,critical account / other credits existing (not at this bank),furniture/equipment,3226,... < 100 DM,... < 1 year,2,male,none,4,"car or other, not in savings account",28,none,rent,1,skilled employee / official,1,"yes, registered under customer's name",yes,1,divorced/separated
0 <= ... < 200 DM,31,critical account / other credits existing (not at this bank),radio/television,2526,500 <= ... < 1000 DM,1 <= ... < 4 years,2,female,none,4,"car or other, not in savings account",48,none,rent,1,unskilled - resident,2,"yes, registered under customer's name",yes,2,divorced/separated
no checking account,4,existing credits paid back duly till now,radio/television,2911,... < 100 DM,4 <= ... < 7 years,2,male,none,4,unknown / no property,22,none,own,1,unskilled - resident,2,none,yes,2,single
... < 0 DM,25,existing credits paid back duly till now,domestic appliances,2991,... < 100 DM,1 <= ... < 4 years,4,male,none,4,"car or other, not in savings account",43,bank,rent,2,skilled employee / official,1,none,yes,1,single
no checking account,4,critical account / other credits existing (not at this bank),radio/television,917,... < 100 DM,... < 1 year,4,male,co-applicant,4,unknown / no property,30,bank,rent,1,skilled employee / official,1,"yes, registered under customer's name",yes,2,divorced/separated
no checking account,23,critical account / other credits existing (not at this bank),radio/television,6429,... >= 1000 DM,... >= 7 years,4,female,none,4,"car or other, not in savings account",19,bank,own,2,management / self-employed / highly qualified employee / officer,2,none,yes,2,divorced/separated
no checking account,4,existing credits paid back duly till now,car (new),250,unknown / no savings account,unemployed,4,female,none,3,unknown / no property,56,none,own,2,management / self-employed / highly qualified employee / officer,1,none,yes,1,single
no checking account,64,delay in paying off in the past,radio/television,2400,... >= 1000 DM,... < 1 year,4,female,none,4,real estate,19,bank,own,1,skilled employee / official,2,none,yes,1,single
no checking account,21,existing credits paid back duly till now,car (new),3865,... < 100 DM,... >= 7 years,3,male,none,2,unknown / no property,26,none,own,1,unskilled - resident,2,"yes, registered under customer's name",yes,1,divorced/separated
... < 0 DM,31,critical account / other credits existing (not at this bank),car (new),1787,... < 100 DM,... < 1 year,2,male,none,3,"car or other, not in savings account",53,none,own,1,skilled employee / official,1,none,yes,2,divorced/separated
0 <= ... < 200 DM,10,existing credits paid back duly till now,radio/television,11986,... < 100 DM,... < 1 year,3,female,none,2,"car or other, not in savings account",22,none,own,2,skilled employee / official,1,"yes, registered under customer's name",yes,1,divorced/separated
... < 0 DM,33,critical account / other credits existing (not at this bank),furniture/equipment,1999,500 <= ... < 1000 DM,1 <= ... < 4 years,4,male,none,2,real estate,27,none,rent,2,skilled employee / official,1,none,yes,2,divorced/separated
... < 0 DM,23,existing credits paid back duly till now,radio/television,15945,... < 100 DM,... >= 7 years,4,male,co-applicant,2,real estate,19,bank,own,1,unskilled - resident,2,none,yes,1,single
no checking account,28,critical account / other credits existing (not at this bank),car (new),10486,... < 100 DM,1 <= ... < 4 years,2,male,none,2,building society savings agreement / life insurance,28,none,own,2,unskilled - resident,1,none,yes,2,divorced/separated
... >= 200 DM / salary assignments for at least 1 year,9,existing credits paid back duly till now,radio/television,2612,... < 100 DM,... >= 7 years,4,male,none,4,"car or other, not in savings account",32,none,rent,2,skilled employee / official,1,none,yes,1,single
no checking account,14,critical account / other credits existing (not at this bank),education,2425,... < 100 DM,1 <= ... < 4 years,4,male,none,4,"car or other, not in savings account",26,none,own,1,skilled employee / official,1,"yes, registered under customer's name",yes,1,single
0 <= ... < 200 DM,30,critical account / other credits existing (not at this bank),car (new),5744,... < 100 DM,4 <= ... < 7 years,2,female,none,4,building society savings agreement / life insurance,21,none,for free,1,skilled employee / official,2,none,yes,2,divorced/separated
... < 0 DM,10,existing credits paid back duly till now,radio/television,3598,... < 100 DM,1 <= ... < 4 years,4,male,none,2,building society savings agreement / life insurance,25,bank,own,4,skilled employee / official,2,none,yes,1,single
... < 0 DM,45,no credits taken / all credits paid back duly,business,3098,... < 100 DM,1 <= ... < 4 years,4,male,none,4,"car or other, not in savings account",24,none,own,4,unskilled - resident,1,none,yes,2,single
0 <= ... < 200 DM,12,delay in paying off in the past,car (used),7564,... < 100 DM,4 <= ... < 7 years,4,female,none,2,real estate,33,none,own,2,skilled employee / official,1,none,yes,1,divorced/separated
0 <= ... < 200 DM,42,critical account / other credits existing (not at this bank),education,3204,500 <= ... < 1000 DM,... < 1 year,3,female,none,2,unknown / no property,28,none,own,2,skilled employee / official,1,"yes, registered under customer's name",yes,1,divorced/separated
... < 0 DM,23,existing credits paid back duly till now,car (new),3393,... < 100 DM,... >= 7 years,2,male,none,4,building society savings agreement / life insurance,26,stores,rent,1,skilled employee / official,1,none,yes,1,divorced/separated
0 <= ... < 200 DM,4,critical account / other credits existing (not at this bank),car (used),2115,... < 100 DM,1 <= ... < 4 years,4,male,none,2,"car or other, not in savings account",39,bank,own,2,skilled employee / official,1,"yes, registered under customer's name",yes,2,single
... < 0 DM,20,critical account / other credits existing (not at this bank),radio/television,2497,... < 100 DM,... >= 7 years,4,female,none,2,real estate,19,none,rent,2,management / self-employed / highly qualified employee / officer,1,none,yes,1,single
no checking account,25,existing credits paid back duly till now,car (new),3497,... < 100 DM,1 <= ... < 4 years,4,female,none,1,real estate,25,none,own,4,unskilled - resident,2,none,yes,2,single
... < 0 DM,8,all credits at this bank paid back duly,car (new),6559,100 <= ... < 500 DM,... < 1 year,2,female,none,4,real estate,35,none,for free,1,unskilled - resident,1,none,yes,1,married/widowed
0 <= ... < 200 DM,22,existing credits paid back duly till now,furniture/equipment,3002,... < 100 DM,... >= 7 years,4,male,co-applicant,2,"car or other, not in savings account",34,stores,own,1,unskilled - resident,2,"yes, registered under customer's name",yes,1,single
0 <= ... < 200 DM,15,existing credits paid back duly till now,furniture/equipment,3227,... < 100 DM,1 <= ... < 4 years,4,male,none,2,real estate,29,none,own,1,unskilled - resident,1,"yes, registered under customer's name",yes,2,single
... < 0 DM,6,critical account / other credits existing (not at this bank),car (new),1538,... < 100 DM,1 <= ... < 4 years,3,female,none,4,real estate,19,none,for free,4,skilled employee / official,1,none,yes,2,single
... < 0 DM,21,delay in paying off in the past,radio/television,8965,... < 100 DM,1 <= ... < 4 years,4,male,none,3,"car or other, not in savings account",30,none,own,1,management / self-employed / highly qualified employee / officer,2,"yes, registered under customer's name",yes,1,married/widowed
... < 0 DM,18,existing credits paid back duly till now,car (new),2394,unknown / no savings account,4 <= ... < 7 years,4,male,none,2,"car or other, not in savings account",42,none,rent,2,skilled employee / official,1,none,yes,2,divorced/separated
no checking account,4,existing credits paid back duly till now,radio/television,2728,... < 100 DM,4 <= ... < 7 years,2,male,none,4,unknown / no property,35,none,rent,2,management / self-employed / highly qualified employee / officer,2,none,yes,1,divorced/separated
0 <= ... < 200 DM,23,existing credits paid back duly till now,radio/television,9624,unknown / no savings account,unemployed,4,male,none,4,"car or other, not in savings account",32,none,own,1,skilled employee / official,1,"yes, registered under customer's name",yes,1,single
0 <= ... < 200 DM,22,existing credits paid back duly till now,repairs,1215,... < 100 DM,unemployed,1,male,none,4,"car or other, not in savings account",31,none,for free,2,skilled employee / official,2,"yes, registered under customer's name",yes,1,divorced/separated
... >= 200 DM / salary assignments for at least 1 year,4,existing credits paid back duly till now,car (new),2102,... < 100 DM,... < 1 year,4,male,co-applicant,2,building society savings agreement / life insurance,28,none,own,2,management / self-employed / highly qualified employee / officer,1,none,yes,2,divorced/separated
no checking account,4,critical account / other credits existing (not at this bank),business,3705,... < 100 DM,4 <= ... < 7 years,4,female,none,4,real estate,34,bank,rent,2,unemployed / unskilled - non-resident,2,none,yes,1,divorced/separated
0 <= ... < 200 DM,4,delay in paying off in the past,education,546,... < 100 DM,... < 1 year,1,male,none,4,"car or other, not in savings account",23,bank,own,2,skilled employee / official,1,"yes, registered under customer's name",yes,1,divorced/separated
0 <= ... < 200 DM,4,existing credits paid back duly till now,radio/television,1938,... < 100 DM,4 <= ... < 7 years,4,male,none,4,building society savings agreement / life insurance,32,stores,for free,4,skilled employee / official,2,none,yes,2,single
no checking account,25,no credits taken / all credits paid back duly,business,1709,... < 100 DM,4 <= ... < 7 years,4,male,none,4,building society savings agreement / life insurance,22,bank,rent,2,unskilled - resident,1,"yes, registered under customer's name",yes,1,single
no checking account,23,delay in paying off in the past,business,15945,500 <= ... < 1000 DM,1 <= ... < 4 years,1,male,none,4,"car or other, not in savings account",26,none,for free,2,unskilled - resident,1,none,yes,1,single
no checking account,24,existing credits paid back duly till now,business,1566,500 <= ... < 1000 DM,... >= 7 years,4,male,none,1,real estate,23,none,own,1,skilled employee / official,1,none,yes,1,divorced/separated
0 <= ... < 200 DM,33,critical account / other credits existing (not at this bank),radio/television,7497,... < 100 DM,4 <= ... < 7 years,2,female,none,4,"car or other, not in savings account",33,bank,own,1,management / self-employed / highly qualified employee / officer,2,none,yes,2,single
0 <= ... < 200 DM,8,existing credits paid back duly till now,car (used),8447,500 <= ... < 1000 DM,... >= 7 years,4,male,guarantor,4,real estate,22,bank,own,2,management / self-employed / highly qualified employee / officer,1,"yes, registered under customer's name",yes,1,divorced/separated
no checking account,23,all credits at this bank paid back duly,car (new),899,... < 100 DM,4 <= ... < 7 years,2,male,none,4,"car or other, not in savings account",19,none,own,1,skilled employee / official,1,none,yes,1,divorced/separated
no checking account,9,existing credits paid back duly till now,radio/television,3254,... < 100 DM,1 <= ... < 4 years,4,female,none,2,building society savings agreement / life insurance,36,stores,for free,2,skilled employee / official,1,"yes, registered under customer's name",yes,1,single
... < 0 DM,31,existing credits paid back duly till now,radio/television,8283,unknown / no savings account,... < 1 year,4,female,none,2,"car or other, not in savings account",19,none,own,4,skilled employee / official,1,none,yes,1,divorced/separated
0 <= ... < 200 DM,21,all credits at this bank paid back duly,car (new),3246,... < 100 DM,... < 1 year,4,male,none,4,"car or other, not in savings account",29,none,own,1,skilled employee / official,2,none,yes,2,divorced/separated
... < 0 DM,5,no credits taken / all credits paid back duly,furniture/equipment,8747,... < 100 DM,1 <= ... < 4 years,3,male,none,4,real estate,28,bank,rent,1,skilled employee / official,1,none,yes,2,single
no checking account,5,existing credits paid back duly till now,repairs,5571,500 <= ... < 1000 DM,... < 1 year,2,male,none,2,real estate,23,none,for free,1,skilled employee / official,1,none,yes,1,divorced/separated
0 <= ... < 200 DM,4,critical account / other credits existing (not at this bank),car (new),3097,... < 100 DM,... >= 7 years,2,male,none,4,real estate,19,none,own,2,skilled employee / official,1,"yes, registered under customer's name",yes,1,single
... < 0 DM,23,critical account / other credits existing (not at this bank),repairs,3264,... < 100 DM,1 <= ... < 4 years,4,male,none,2,"car or other, not in savings account",35,bank,own,2,skilled employee / official,1,none,yes,1,divorced/separated
0 <= ... < 200 DM,14,all credits at this bank paid back duly,car (new),3012,... >= 1000 DM,... >= 7 years,2,female,none,4,real estate,24,none,own,1,unemployed / unskilled - non-resident,2,none,yes,1,single
no checking account,5,all credits at this bank paid back duly,radio/television,250,... < 100 DM,... < 1 year,1,male,co-applicant,2,real estate,27,none,own,3,unemployed / unskilled - non-resident,1,none,yes,1,single
... < 0 DM,4,critical account / other credits existing (not at this bank),car (new),5031,... < 100 DM,... < 1 year,4,female,co-applicant,2,unknown / no property,34,bank,own,1,skilled employee / official,1,"yes, registered under customer's name",yes,1,divorced/separated
... >= 200 DM / salary assignments for at least 1 year,16,all credits at this bank paid back duly,furniture/equipment,3158,... < 100 DM,... >= 7 years,3,male,co-applicant,2,real estate,20,none,own,1,skilled employee / official,1,"yes, registered under customer's name",no,2,divorced/separated
0 <= ... < 200 DM,7,all credits at this bank paid back duly,business,8127,... < 100 DM,unemployed,4,male,none,4,unknown / no property,27,none,own,1,skilled employee / official,1,none,yes,2,married/widowed
0 <= ... < 200 DM,20,existing credits paid back duly till now,radio/television,5126,... >= 1000 DM,... < 1 year,4,female,none,4,unknown / no property,32,none,own,1,skilled employee / official,1,none,yes,1,single
... < 0 DM,4,critical account / other credits existing (not at this bank),education,3242,unknown / no savings account,... >= 7 years,2,male,none,1,real estate,30,none,own,1,skilled employee / official,2,none,yes,1,divorced/separated
... < 0 DM,4,critical account / other credits existing (not at this bank),radio/television,2765,... < 100 DM,1 <= ... < 4 years,4,male,none,4,building society savings agreement / life insurance,26,none,own,1,skilled employee / official,1,none,yes,1,single
0 <= ... < 200 DM,22,no credits taken / all credits paid back duly,radio/television,10299,... >= 1000 DM,... < 1 year,4,male,none,2,"car or other, not in savings account",23,none,own,3,skilled employee / official,1,"yes, registered under customer's name",yes,2,single
no checking account,21,existing credits paid back duly till now,car (new),2591,... < 100 DM,... < 1 year,2,female,none,4,building society savings agreement / life insurance,25,none,own,1,skilled employee / official,1,"yes, registered under customer's name",yes,1,divorced/separated
no checking account,5,all credits at this bank paid back duly,furniture/equipment,4364,... < 100 DM,... >= 7 years,4,male,none,4,"car or other, not in savings account",53,stores,rent,4,skilled employee / official,1,"yes, registered under customer's name",yes,1,divorced/separated
... < 0 DM,32,existing credits paid back duly till now,education,2177,... < 100 DM,... >= 7 years,1,male,none,3,real estate,48,none,own,4,skilled employee / official,1,none,yes,1,single
no checking account,38,delay in paying off in the past,car (new),2756,unknown / no savings account,... < 1 year,2,female,none,2,"car or other, not in savings account",31,none,own,1,unskilled - resident,1,"yes, registered under customer's name",yes,1,divorced/separated
no checking account,7,delay in paying off in the past,radio/television,1286,unknown / no savings account,1 <= ... < 4 years,2,male,none,2,real estate,22,bank,rent,1,management / self-employed / highly qualified employee / officer,1,"yes, registered under customer's name",yes,1,divorced/separated
... < 0 DM,21,existing credits paid back duly till now,car (new),3608,... < 100 DM,1 <= ... < 4 years,4,male,none,2,"car or other, not in savings account",19,bank,own,1,skilled employee / official,1,none,yes,1,divorced/separated
no checking account,23,all credits at this bank paid back duly,car (new),10133,... < 100 DM,... < 1 year,4,female,none,4,"car or other, not in savings account",31,bank,own,1,skilled employee / official,2,none,yes,1,divorced/separated
no checking account,23,existing credits paid back duly till now,business,8902,... < 100 DM,... >= 7 years,1,male,none,4,building society savings agreement / life insurance,19,none,own,4,skilled employee / official,2,"yes, registered under customer's name",yes,1,single
0 <= ... < 200 DM,23,existing credits paid back duly till now,others,8670,... < 100 DM,1 <= ... < 4 years,2,female,none,2,"car or other, not in savings account",26,none,own,3,unskilled - resident,2,"yes, registered under customer's name",yes,2,divorced/separated
no checking account,26,existing credits paid back duly till now,radio/television,5689,unknown / no savings account,... >= 7 years,1,male,none,2,building society savings agreement / life insurance,37,bank,own,4,management / self-employed / highly qualified employee / officer,2,"yes, registered under customer's name",yes,2,single
... < 0 DM,4,all credits at this bank paid back duly,business,4129,unknown / no savings account,4 <= ... < 7 years,4,female,none,2,"car or other, not in savings account",54,none,own,1,skilled employee / official,1,none,yes,1,married/widowed
... < 0 DM,26,critical account / other credits existing (not at this bank),radio/television,2273,unknown / no savings account,1 <= ... < 4 years,2,male,none,1,"car or other, not in savings account",20,none,own,4,skilled employee / official,2,"yes, registered under customer's name",yes,1,divorced/separated
... >= 200 DM / salary assignments for at least 1 year,4,existing credits paid back duly till now,radio/television,5323,100 <= ... < 500 DM,4 <= ... < 7 years,2,male,none,4,unknown / no property,24,none,own,1,skilled employee / official,1,"yes, registered under customer's name",yes,1,divorced/separated
... < 0 DM,10,existing credits paid back duly till now,radio/television,3451,... < 100 DM,... >= 7 years,1,female,guarantor,4,"car or other, not in savings account",31,none,own,1,unskilled - resident,1,"yes, registered under customer's name",yes,1,single
... < 0 DM,41,critical account / other credits existing (not at this bank),business,2616,... < 100 DM,... < 1 year,4,male,none,2,real estate,21,none,own,2,unskilled - resident,1,"yes, registered under customer's name",yes,1,single
... < 0 DM,20,existing credits paid back duly till now,car (new),6528,... < 100 DM,1 <= ... < 4 years,4,male,none,4,"car or other, not in savings account",26,bank,rent,1,management / self-employed / highly qualified employee / officer,2,"yes, registered under customer's name",yes,2,divorced/separated
... < 0 DM,16,critical account / other credits existing (not at this bank),car (new),2811,500 <= ... < 1000 DM,1 <= ... < 4 years,2,male,none,2,building society savings agreement / life insurance,22,none,rent,1,unskilled - resident,2,"yes, registered under customer's name",yes,2,married/widowed
... < 0 DM,18,all credits at this bank paid back duly,car (new),10923,100 <= ... < 500 DM,... < 1 year,4,male,none,1,real estate,26,none,own,1,unskilled - resident,1,none,yes,1,married/widowed
no checking account,6,existing credits paid back duly till now,furniture/equipment,2937,... < 100 DM,1 <= ... < 4 years,4,male,none,4,"car or other, not in savings account",39,none,own,2,unskilled - resident,2,none,yes,1,divorced/separated
0 <= ... < 200 DM,62,existing credits paid back duly till now,furniture/equipment,1710,unknown / no savings account,... >= 7 years,4,male,none,2,real estate,32,none,own,1,skilled employee / official,2,none,no,2,divorced/separated
... < 0 DM,9,existing credits paid back duly till now,education,2423,500 <= ... < 1000 DM,... < 1 year,4,male,none,4,"car or other, not in savings account",19,none,for free,2,skilled employee / official,1,none,yes,1,single
0 <= ... < 200 DM,34,existing credits paid back duly till now,car (used),8949,100 <= ... < 500 DM,1 <= ... < 4 years,4,male,none,4,"car or other, not in savings account",33,none,own,1,unemployed / unskilled - non-resident,1,none,yes,2,single
no checking account,23,delay in paying off in the past,car (new),8713,... >= 1000 DM,... < 1 year,4,male,none,4,"car or other, not in savings account",28,none,own,2,unskilled - resident,1,"yes, registered under customer's name",yes,1,single
0 <= ... < 200 DM,21,critical account / other credits existing (not at this bank),radio/television,2871,unknown / no savings account,4 <= ... < 7 years,2,female,co-applicant,4,real estate,33,none,own,4,unskilled - resident,1,none,yes,1,divorced/separated
0 <= ... < 200 DM,17,critical account / other credits existing (not at this bank),car (new),1464,... < 100 DM,1 <= ... < 4 years,4,female,none,2,unknown / no property,57,none,own,1,skilled employee / official,1,"yes, registered under customer's name",yes,2,divorced/separated
no checking account,14,all credits at this bank paid back duly,furniture/equipment,4593,... < 100 DM,... < 1 year,2,male,none,2,"car or other, not in savings account",19,none,own,1,unskilled - resident,1,none,yes,1,divorced/separated
no checking account,19,existing credits paid back duly till now,business,15945,unknown / no savings account,unemployed,4,male,none,4,building society savings agreement / life insurance,36,none,rent,2,skilled employee / official,1,"yes, registered under customer's name",yes,1,single
no checking account,22,existing credits paid back duly till now,retraining,12680,unknown / no savings account,1 <= ... < 4 years,4,male,none,2,"car or other, not in savings account",40,none,rent,4,management / self-employed / highly qualified employee / officer,2,none,no,2,divorced/separated
no checking account,4,critical account / other credits existing (not at this bank),car (used),2747,unknown / no savings account,unemployed,2,male,none,4,"car or other, not in savings account",32,none,own,3,skilled employee / official,1,none,yes,1,divorced/separated
no checking account,37,existing credits paid back duly till now,car (new),10306,... < 100 DM,1 <= ... < 4 years,4,male,none,4,real estate,29,none,own,2,management / self-employed / highly qualified employee / officer,1,none,no,1,divorced/separated
no checking account,24,critical account / other credits existing (not at this bank),car (new),8555,... < 100 DM,1 <= ... < 4 years,4,male,none,2,"car or other, not in savings account",23,none,own,1,unskilled - resident,2,"yes, registered under customer's name",yes,1,divorced/separated
0 <= ... < 200 DM,11,existing credits paid back duly till now,furniture/equipment,3972,unknown / no savings account,1 <= ... < 4 years,4,female,none,2,"car or other, not in savings account",32,none,own,1,skilled employee / official,2,none,no,1,divorced/separated
no checking account,21,critical account / other credits existing (not at this bank),car (new),3269,... < 100 DM,... >= 7 years,4,male,none,3,"car or other, not in savings account",22,none,own,1,unskilled - resident,1,none,yes,1,divorced/separated
no checking account,15,critical account / other credits existing (not at this bank),business,1290,... < 100 DM,1 <= ... < 4 years,4,female,none,4,building society savings agreement / life insurance,24,none,for free,1,skilled employee / official,1,"yes, registered under customer's name",yes,1,single
... < 0 DM,7,all credits at this bank paid back duly,furniture/equipment,1941,... < 100 DM,unemployed,4,female,none,4,"car or other, not in savings account",32,none,own,1,skilled employee / official,1,none,yes,1,divorced/separated
no checking account,21,existing credits paid back duly till now,radio/television,6524,100 <= ... < 500 DM,1 <= ... < 4 years,4,male,none,2,real estate,24,none,own,1,management / self-employed / highly qualified employee / officer,1,"yes, registered under customer's name",yes,1,divorced/separated
... < 0 DM,18,existing credits paid back duly till now,education,8426,unknown / no savings account,... < 1 year,4,female,none,2,real estate,19,none,own,1,skilled employee / official,1,none,yes,2,divorced/separated
no checking account,4,existing credits paid back duly till now,car (new),2026,... < 100 DM,1 <= ... < 4 years,1,female,none,2,real estate,19,none,rent,1,skilled employee / official,2,none,yes,1,married/widowed
... < 0 DM,24,existing credits paid back duly till now,car (used),2427,... < 100 DM,1 <= ... < 4 years,4,male,none,2,building society savings agreement / life insurance,20,none,rent,2,skilled employee / official,1,none,yes,1,married/widowed
no checking account,15,critical account / other credits existing (not at this bank),furniture/equipment,2830,unknown / no savings account,unemployed,4,female,none,2,real estate,25,bank,rent,2,management / self-employed / highly qualified employee / officer,1,none,yes,2,single
0 <= ... < 200 DM,11,critical account / other credits existing (not at this bank),furniture/equipment,3223,unknown / no savings account,... >= 7 years,4,female,none,4,building society savings agreement / life insurance,19,none,own,2,skilled employee / official,1,none,yes,1,divorced/separated
... < 0 DM,25,delay in paying off in the past,radio/television,1855,... < 100 DM,... < 1 year,4,male,none,2,real estate,43,bank,rent,1,skilled employee / official,1,"yes, registered under customer's name",yes,2,divorced/separated
... >= 200 DM / salary assignments for at least 1 year,20,critical account / other credits existing (not at this bank),car (new),1129,... >= 1000 DM,1 <= ... < 4 years,4,male,none,2,unknown / no property,24,bank,rent,1,skilled employee / official,1,none,yes,2,single
no checking account,14,critical account / other credits existing (not at this bank),education,1528,500 <= ... < 1000 DM,... < 1 year,4,female,none,2,building society savings agreement / life insurance,29,none,own,2,management / self-employed / highly qualified employee / officer,1,none,yes,1,divorced/separated
0 <= ... < 200 DM,7,existing credits paid back duly till now,radio/television,1296,unknown / no savings account,unemployed,4,female,none,4,unknown / no property,47,none,rent,1,skilled employee / official,1,none,yes,1,single
0 <= ... < 200 DM,5,all credits at this bank paid back duly,car (new),3410,... < 100 DM,4 <= ... < 7 years,2,female,none,2,"car or other, not in savings account",31,none,rent,1,management / self-employed / highly qualified employee / officer,1,none,yes,2,single
... < 0 DM,33,all credits at this bank paid back duly,car (new),2177,... < 100 DM,... >= 7 years,4,female,none,3,"car or other, not in savings account",24,none,own,4,skilled employee / official,1,"yes, registered under customer's name",yes,1,divorced/separated
... < 0 DM,29,critical account / other credits existing (not at this bank),radio/television,3185,unknown / no savings account,4 <= ... < 7 years,4,female,none,4,building society savings agreement / life insurance,19,none,own,3,unskilled - resident,1,none,yes,2,divorced/separated
0 <= ... < 200 DM,23,existing credits paid back duly till now,furniture/equipment,2712,... < 100 DM,1 <= ... < 4 years,3,female,guarantor,4,"car or other, not in savings account",49,none,rent,1,unskilled - resident,2,"yes, registered under customer's name",yes,1,single
0 <= ... < 200 DM,8,critical account / other credits existing (not at this bank),car (new),1887,... < 100 DM,... < 1 year,4,male,none,4,"car or other, not in savings account",19,none,own,1,skilled employee / official,1,none,yes,2,married/widowed
... < 0 DM,40,existing credits paid back duly till now,radio/television,5158,unknown / no savings account,... >= 7 years,4,male,none,4,"car or other, not in savings account",29,bank,own,4,unskilled - resident,1,none,yes,1,single
0 <= ... < 200 DM,23,existing credits paid back duly till now,radio/television,4135,unknown / no savings account,4 <= ... < 7 years,2,male,none,4,"car or other, not in savings account",39,none,own,1,management / self-employed / highly qualified employee / officer,2,none,no,2,divorced/separated
0 <= ... < 200 DM,9,existing credits paid back duly till now,car (used),5825,... >= 1000 DM,... >= 7 years,4,male,none,4,"car or other, not in savings account",33,none,own,2,skilled employee / official,1,"yes, registered under customer's name",yes,1,single
no checking account,14,all credits at this bank paid back duly,car (new),1605,... < 100 DM,... >= 7 years,4,female,none,2,real estate,48,none,for free,1,unskilled - resident,1,none,yes,2,married/widowed
... < 0 DM,20,existing credits paid back duly till now,furniture/equipment,11268,unknown / no savings account,1 <= ... < 4 years,2,male,none,2,real estate,28,bank,rent,1,management / self-employed / highly qualified employee / officer,1,none,yes,2,single
... >= 200 DM / salary assignments for at least 1 year,20,critical account / other credits existing (not at this bank),radio/television,7382,... < 100 DM,unemployed,4,male,none,4,"car or other, not in savings account",61,none,own,2,unemployed / unskilled - non-resident,1,"yes, registered under customer's name",yes,1,single
no checking account,14,existing credits paid back duly till now,business,736,... < 100 DM,... >= 7 years,4,male,none,2,unknown / no property,34,none,rent,4,skilled employee / official,1,none,yes,2,divorced/separated
... >= 200 DM / salary assignments for at least 1 year,23,no credits taken / all credits paid back duly,business,4224,unknown / no savings account,4 <= ... < 7 years,4,male,none,4,"car or other, not in savings account",35,none,own,2,skilled employee / official,1,none,yes,2,divorced/separated
... < 0 DM,4,existing credits paid back duly till now,furniture/equipment,10826,unknown / no savings account,... < 1 year,1,female,none,4,"car or other, not in savings account",44,stores,for free,2,skilled employee / official,1,"yes, registered under customer's name",yes,2,single
... < 0 DM,22,existing credits paid back duly till now,business,4368,... < 100 DM,1 <= ... < 4 years,4,male,none,4,"car or other, not in savings account",19,bank,rent,3,unskilled - resident,1,"yes, registered under customer's name",yes,1,single
0 <= ... < 200 DM,27,critical account / other credits existing (not at this bank),car (new),6473,... < 100 DM,... >= 7 years,4,male,none,4,unknown / no property,30,bank,own,2,management / self-employed / highly qualified employee / officer,2,none,yes,1,single
... >= 200 DM / salary assignments for at least 1 year,22,delay in paying off in the past,car (new),4256,... < 100 DM,... >= 7 years,2,female,none,2,"car or other, not in savings account",29,none,for free,1,skilled employee / official,2,"yes, registered under customer's name",yes,1,divorced/separated
0 <= ... < 200 DM,7,delay in paying off in the past,repairs,3606,... >= 1000 DM,... >= 7 years,2,female,none,4,building society savings agreement / life insurance,27,none,own,1,skilled employee / official,2,none,yes,1,divorced/separated
... >= 200 DM / salary assignments for at least 1 year,5,existing credits paid back duly till now,repairs,2884,... < 100 DM,1 <= ... < 4 years,2,female,none,4,building society savings agreement / life insurance,40,none,own,2,unskilled - resident,2,"yes, registered under customer's name",yes,1,divorced/separated
no checking account,24,existing credits paid back duly till now,education,1970,... < 100 DM,unemployed,4,male,none,4,"car or other, not in savings account",22,bank,for free,1,unskilled - resident,1,"yes, registered under customer's name",no,1,divorced/separated
... < 0 DM,23,existing credits paid back duly till now,furniture/equipment,250,... < 100 DM,... >= 7 years,2,male,none,4,real estate,31,none,for free,1,skilled employee / official,1,none,yes,1,single
... < 0 DM,23,critical account / other credits existing (not at this bank),car (new),2369,... < 100 DM,... >= 7 years,4,male,none,4,"car or other, not in savings account",26,none,own,1,management / self-employed / highly qualified employee / officer,1,"yes, registered under customer's name",yes,2,divorced/separated
no checking account,14,all credits at this bank paid back duly,car (new),1751,100 <= ... < 500 DM,... >= 7 years,4,female,none,2,unknown / no property,22,none,own,2,management / self-employed / highly qualified employee / officer,1,"yes, registered under customer's name",yes,2,divorced/separated
no checking account,17,existing credits paid back duly till now,car (new),1017,... < 100 DM,... >= 7 years,2,male,none,2,real estate,35,none,rent,2,skilled employee / official,2,none,yes,1,divorced/separated
0 <= ... < 200 DM,4,existing credits paid back duly till now,car (used),3207,... < 100 DM,1 <= ... < 4 years,2,male,none,4,"car or other, not in savings account",26,none,own,1,unskilled - resident,2,none,yes,1,single
0 <= ... < 200 DM,45,existing credits paid back duly till now,car (used),6420,... < 100 DM,... >= 7 years,2,female,none,4,unknown / no property,34,none,rent,1,unskilled - resident,1,none,yes,1,divorced/separated
no checking account,24,all credits at this bank paid back duly,car (new),4867,... < 100 DM,1 <= ... < 4 years,2,male,none,2,real estate,29,bank,own,2,unemployed / unskilled - non-resident,1,none,yes,2,single
... < 0 DM,24,delay in paying off in the past,business,2739,100 <= ... < 500 DM,1 <= ... < 4 years,2,male,none,4,"car or other, not in savings account",34,bank,own,1,unskilled - resident,2,"yes, registered under customer's name",yes,1,single
no checking account,19,critical account / other credits existing (not at this bank),radio/television,718,... < 100 DM,4 <= ... < 7 years,4,male,none,4,unknown / no property,31,none,own,1,unskilled - resident,1,none,yes,1,single
... < 0 DM,7,critical account / other credits existing (not at this bank),radio/television,619,unknown / no savings account,... >= 7 years,2,male,none,4,unknown / no property,28,none,rent,1,skilled employee / official,2,none,yes,1,single
no checking account,34,existing credits paid back duly till now,business,9257,unknown / no savings account,1 <= ... < 4 years,4,male,none,2,"car or other, not in savings account",30,none,rent,4,skilled employee / official,2,"yes, registered under customer's name",yes,1,single
no checking account,23,critical account / other credits existing (not at this bank),furniture/equipment,848,... >= 1000 DM,4 <= ... < 7 years,4,male,none,4,real estate,35,none,own,1,unskilled - resident,1,"yes, registered under customer's name",yes,2,divorced/separated
... < 0 DM,25,delay in paying off in the past,car (new),2406,100 <= ... < 500 DM,1 <= ... < 4 years,4,female,none,4,unknown / no property,70,none,rent,1,skilled employee / official,1,none,yes,1,divorced/separated
... < 0 DM,26,existing credits paid back duly till now,radio/television,2292,... < 100 DM,unemployed,4,female,none,2,"car or other, not in savings account",31,none,rent,1,unskilled - resident,1,none,yes,1,divorced/separated
... < 0 DM,4,all credits at this bank paid back duly,car (used),5195,... < 100 DM,... >= 7 years,2,male,none,3,real estate,34,none,rent,2,management / self-employed / highly qualified employee / officer,1,"yes, registered under customer's name",yes,2,divorced/separated
... < 0 DM,20,existing credits paid back duly till now,radio/television,675,500 <= ... < 1000 DM,1 <= ... < 4 years,4,female,none,4,building society savings agreement / life insurance,21,none,for free,1,skilled employee / official,1,none,yes,1,single
... >= 200 DM / salary assignments for at least 1 year,4,existing credits paid back duly till now,car (new),250,... < 100 DM,... >= 7 years,4,male,none,2,unknown / no property,19,none,rent,2,unskilled - resident,1,none,yes,1,single
0 <= ... < 200 DM,49,critical account / other credits existing (not at this bank),repairs,5272,... < 100 DM,4 <= ... < 7 years,4,male,none,2,building society savings agreement / life insurance,26,none,rent,2,skilled employee / official,1,none,yes,2,divorced/separated
0 <= ... < 200 DM,21,existing credits paid back duly till now,radio/television,1554,... < 100 DM,... >= 7 years,4,male,none,1,real estate,35,none,own,1,unskilled - resident,1,none,yes,2,divorced/separated
0 <= ... < 200 DM,17,critical account / other credits existing (not at this bank),radio/television,1652,unknown / no savings account,... < 1 year,4,male,none,4,real estate,42,none,for free,1,skilled employee / official,2,"yes, registered under customer's name",yes,1,divorced/separated
no checking account,4,existing credits paid back duly till now,furniture/equipment,4014,... < 100 DM,unemployed,4,male,none,2,unknown / no property,24,none,own,1,unskilled - resident,1,none,yes,2,divorced/separated
... < 0 DM,14,existing credits paid back duly till now,radio/television,3443,100 <= ... < 500 DM,... < 1 year,4,male,none,4,"car or other, not in savings account",19,none,own,2,skilled employee / official,1,"yes, registered under customer's name",yes,2,divorced/separated
0 <= ... < 200 DM,24,existing credits paid back duly till now,radio/television,1006,unknown / no savings account,unemployed,2,male,none,2,unknown / no property,28,none,rent,4,unskilled - resident,1,none,yes,1,single
... >= 200 DM / salary assignments for at least 1 year,10,critical account / other credits existing (not at this bank),car (new),3354,... < 100 DM,1 <= ... < 4 years,4,female,guarantor,3,real estate,22,none,rent,1,unskilled - resident,1,none,yes,2,divorced/separated
0 <= ... < 200 DM,21,delay in paying off in the past,radio/television,687,... < 100 DM,... >= 7 years,1,male,none,4,building society savings agreement / life insurance,34,none,own,1,skilled employee / official,2,none,yes,2,single
0 <= ... < 200 DM,4,critical account / other credits existing (not at this bank),car (new),2974,... < 100 DM,... >= 7 years,4,female,none,2,unknown / no property,33,none,own,1,skilled employee / official,2,"yes, registered under customer's name",yes,1,single
0 <= ... < 200 DM,9,critical account / other credits existing (not at this bank),furniture/equipment,1611,unknown / no savings account,1 <= ... < 4 years,1,female,none,4,unknown / no property,22,bank,own,1,management / self-employed / highly qualified employee / officer,1,none,yes,2,divorced/separated
... < 0 DM,4,existing credits paid back duly till now,car (new),2082,... < 100 DM,... < 1 year,4,male,none,2,real estate,24,bank,own,3,unskilled - resident,1,"yes, registered under customer's name",yes,1,divorced/separated
0 <= ... < 200 DM,5,critical account / other credits existing (not at this bank),car (new),824,100 <= ... < 500 DM,1 <= ... < 4 years,4,male,none,2,unknown / no property,66,none,rent,2,unskilled - resident,1,none,yes,1,single
no checking account,34,no credits taken / all credits paid back duly,education,11917,... < 100 DM,1 <= ... < 4 years,4,female,none,4,real estate,27,none,rent,1,skilled employee / official,2,"yes, registered under customer's name",yes,2,divorced/separated
0 <= ... < 200 DM,24,existing credits paid back duly till now,radio/television,5124,... < 100 DM,... < 1 year,4,male,none,2,"car or other, not in savings account",20,none,own,2,management / self-employed / highly qualified employee / officer,1,"yes, registered under customer's name",yes,1,divorced/separated
no checking account,32,all credits at this bank paid back duly,car (new),3069,... < 100 DM,... < 1 year,4,male,guarantor,2,"car or other, not in savings account",27,bank,rent,4,skilled employee / official,1,none,yes,1,single
no checking account,10,all credits at this bank paid back duly,car (new),10801,... < 100 DM,... >= 7 years,4,male,none,4,real estate,34,none,rent,2,unskilled - resident,1,none,yes,2,single
... < 0 DM,29,critical account / other credits existing (not at this bank),furniture/equipment,5173,unknown / no savings account,4 <= ... < 7 years,2,male,none,4,unknown / no property,29,none,for free,4,unskilled - resident,1,none,yes,2,divorced/separated
no checking account,4,existing credits paid back duly till now,car (used),6067,... < 100 DM,... < 1 year,4,male,none,2,building society savings agreement / life insurance,24,none,rent,1,skilled employee / official,2,none,yes,2,divorced/separated
0 <= ... < 200 DM,33,delay in paying off in the past,car (new),2601,100 <= ... < 500 DM,4 <= ... < 7 years,1,male,none,4,real estate,35,none,rent,2,unskilled - resident,1,none,yes,2,divorced/separated
no checking account,27,critical account / other credits existing (not at this bank),others,5440,unknown / no savings account,... < 1 year,4,female,none,2,real estate,19,none,rent,1,skilled employee / official,1,none,yes,1,divorced/separated
... < 0 DM,4,existing credits paid back duly till now,domestic appliances,250,100 <= ... < 500 DM,... < 1 year,4,female,none,4,building society savings agreement / life insurance,22,none,own,1,management / self-employed / highly qualified employee / officer,2,"yes, registered under customer's name",yes,1,divorced/separated
no checking account,15,existing credits paid back duly till now,car (new),2471,... < 100 DM,... >= 7 years,2,male,none,2,"car or other, not in savings account",34,none,own,1,skilled employee / official,2,"yes, registered under customer's name",yes,1,divorced/separated
no checking account,20,delay in paying off in the past,radio/television,2979,... < 100 DM,... >= 7 years,4,female,none,4,"car or other, not in savings account",21,bank,own,4,unskilled - resident,2,none,yes,2,single
... < 0 DM,6,delay in paying off in the past,car (new),11563,... < 100 DM,... >= 7 years,4,male,co-applicant,4,building society savings agreement / life insurance,19,none,own,1,management / self-employed / highly qualified employee / officer,1,"yes, registered under customer's name",yes,1,single
... < 0 DM,11,existing credits paid back duly till now,car (new),2932,100 <= ... < 500 DM,... < 1 year,3,female,none,1,real estate,22,none,own,4,skilled employee / official,1,none,yes,1,divorced/separated
no checking account,36,delay in paying off in the past,radio/television,2833,100 <= ... < 500 DM,4 <= ... < 7 years,4,male,none,1,"car or other, not in savings account",27,none,own,1,skilled employee / official,1,none,yes,1,married/widowed
... < 0 DM,10,existing credits paid back duly till now,furniture/equipment,3345,... < 100 DM,1 <= ... < 4 years,4,male,guarantor,4,"car or other, not in savings account",39,bank,own,1,unskilled - resident,2,none,yes,2,single
... < 0 DM,8,existing credits paid back duly till now,radio/television,12584,500 <= ... < 1000 DM,1 <= ... < 4 years,4,female,none,4,"car or other, not in savings account",26,none,own,2,unskilled - resident,2,none,yes,2,divorced/separated
0 <= ... < 200 DM,27,all credits at this bank paid back duly,car (new),1892,... < 100 DM,... >= 7 years,4,male,none,2,real estate,22,stores,own,2,unskilled - resident,1,"yes, registered under customer's name",yes,2,divorced/separated
no checking account,35,critical account / other credits existing (not at this bank),repairs,15945,unknown / no savings account,4 <= ... < 7 years,4,male,none,3,"car or other, not in savings account",21,none,rent,1,skilled employee / official,1,"yes, registered under customer's name",yes,2,divorced/separated
0 <= ... < 200 DM,36,existing credits paid back duly till now,others,2896,... < 100 DM,4 <= ... < 7 years,4,female,none,4,unknown / no property,28,stores,rent,2,unskilled - resident,2,none,yes,2,divorced/separated
no checking account,21,existing credits paid back duly till now,radio/television,2359,unknown / no savings account,1 <= ... < 4 years,4,male,none,4,"car or other, not in savings account",21,none,rent,1,skilled employee / official,1,"yes, registered under customer's name",yes,2,single
... < 0 DM,15,existing credits paid back duly till now,car (new),606,... < 100 DM,1 <= ... < 4 years,4,male,none,3,building society savings agreement / life insurance,35,none,own,1,unemployed / unskilled - non-resident,1,"yes, registered under customer's name",yes,2,divorced/separated
no checking account,24,existing credits paid back duly till now,car (used),1329,unknown / no savings account,4 <= ... < 7 years,4,female,none,4,unknown / no property,37,none,own,4,unskilled - resident,1,none,yes,1,single
no checking account,4,critical account / other credits existing (not at this bank),radio/television,2211,500 <= ... < 1000 DM,4 <= ... < 7 years,4,female,none,4,building society savings agreement / life insurance,26,none,own,2,skilled employee / official,2,none,yes,2,divorced/separated
... < 0 DM,12,existing credits paid back duly till now,domestic appliances,5930,... >= 1000 DM,... < 1 year,2,male,none,4,"car or other, not in savings account",52,none,own,1,management / self-employed / highly qualified employee / officer,1,"yes, registered under customer's name",yes,1,divorced/separated
no checking account,18,critical account / other credits existing (not at this bank),car (used),4940,unknown / no savings account,1 <= ... < 4 years,4,male,none,4,building society savings agreement / life insurance,21,none,own,2,management / self-employed / highly qualified employee / officer,1,none,yes,1,divorced/separated
... >= 200 DM / salary assignments for at least 1 year,4,existing credits paid back duly till now,furniture/equipment,11179,unknown / no savings account,1 <= ... < 4 years,4,male,none,1,"car or other, not in savings account",66,bank,rent,1,skilled employee / official,1,none,yes,2,single
0 <= ... < 200 DM,22,existing credits paid back duly till now,furniture/equipment,2801,100 <= ... < 500 DM,1 <= ... < 4 years,4,male,none,2,building society savings agreement / life insurance,31,bank,own,1,skilled employee / official,1,"yes, registered under customer's name",yes,1,single
no checking account,4,all credits at this bank paid back duly,radio/television,2487,... < 100 DM,unemployed,4,male,none,2,"car or other, not in savings account",28,none,rent,1,skilled employee / official,1,none,yes,2,divorced/separated
0 <= ... < 200 DM,4,existing credits paid back duly till now,car (new),3419,... < 100 DM,... >= 7 years,2,male,none,4,building society savings agreement / life insurance,27,stores,for free,2,skilled employee / official,1,none,yes,1,divorced/separated
... < 0 DM,7,existing credits paid back duly till now,car (used),1707,500 <= ... < 1000 DM,... >= 7 years,3,female,none,2,"car or other, not in savings account",27,none,rent,2,skilled employee / official,1,none,yes,1,divorced/separated
no checking account,4,existing credits paid back duly till now,radio/television,504,... < 100 DM,1 <= ... < 4 years,4,female,guarantor,2,real estate,51,none,for free,4,skilled employee / official,1,none,yes,1,single
... >= 200 DM / salary assignments for at least 1 year,21,existing credits paid back duly till now,car (new),10761,... < 100 DM,unemployed,4,male,none,2,real estate,19,bank,own,4,management / self-employed / highly qualified employee / officer,2,none,yes,1,single
0 <= ... < 200 DM,10,critical account / other credits existing (not at this bank),furniture/equipment,940,... < 100 DM,1 <= ... < 4 years,4,male,none,4,"car or other, not in savings account",20,none,for free,1,management / self-employed / highly qualified employee / officer,1,none,yes,1,married/widowed
0 <= ... < 200 DM,8,existing credits paid back duly till now,furniture/equipment,5859,... < 100 DM,... >= 7 years,1,male,none,2,"car or other, not in savings account",49,none,own,1,unskilled - resident,1,none,yes,1,single
... < 0 DM,16,critical account / other credits existing (not at this bank),car (used),2295,... < 100 DM,... >= 7 years,4,male,co-applicant,2,"car or other, not in savings account",19,none,own,4,unskilled - resident,2,none,yes,2,divorced/separated
... < 0 DM,37,all credits at this bank paid back duly,radio/television,9064,... < 100 DM,4 <= ... < 7 years,1,male,none,2,real estate,23,bank,own,1,management / self-employed / highly qualified employee / officer,1,"yes, registered under customer's name",yes,1,married/widowed
0 <= ... < 200 DM,22,existing credits paid back duly till now,car (new),3364,... < 100 DM,... < 1 year,4,male,none,4,unknown / no property,29,none,own,4,skilled employee / official,1,"yes, registered under customer's name",yes,1,divorced/separated
... < 0 DM,14,existing credits paid back duly till now,furniture/equipment,6199,unknown / no savings account,... >= 7 years,4,female,none,4,unknown / no property,31,none,own,1,skilled employee / official,1,none,yes,1,divorced/separated
... >= 200 DM / salary assignments for at least 1 year,36,no credits taken / all credits paid back duly,car (new),2111,... < 100 DM,... < 1 year,4,male,none,3,real estate,19,none,own,3,management / self-employed / highly qualified employee / officer,1,none,yes,1,single
... < 0 DM,22,no credits taken / all credits paid back duly,furniture/equipment,2949,... < 100 DM,1 <= ... < 4 years,2,female,none,2,"car or other, not in savings account",29,none,rent,2,unemployed / unskilled - non-resident,1,"yes, registered under customer's name",yes,2,single
... < 0 DM,4,existing credits paid back duly till now,radio/television,2076,... < 100 DM,... >= 7 years,4,male,none,1,real estate,41,none,own,2,management / self-employed / highly qualified employee / officer,1,none,yes,1,single
... >= 200 DM / salary assignments for at least 1 year,21,existing credits paid back duly till now,car (used),2364,... < 100 DM,4 <= ... < 7 years,2,male,co-applicant,4,real estate,19,bank,own,1,skilled employee / official,2,none,yes,2,divorced/separated
no checking account,37,existing credits paid back duly till now,furniture/equipment,2130,... < 100 DM,... >= 7 years,4,male,guarantor,2,building society savings agreement / life insurance,19,stores,own,1,skilled employee / official,1,none,yes,2,single
0 <= ... < 200 DM,31,existing credits paid back duly till now,car (new),1747,... < 100 DM,... >= 7 years,4,male,none,2,building society savings agreement / life insurance,44,none,own,2,unskilled - resident,2,none,yes,2,single
no checking account,21,critical account / other credits existing (not at this bank),radio/television,1786,unknown / no savings account,4 <= ... < 7 years,4,male,none,1,"car or other, not in savings account",19,none,own,2,management / self-employed / highly qualified employee / officer,1,none,yes,1,divorced/separated
... < 0 DM,21,critical account / other credits existing (not at this bank),radio/television,3040,... < 100 DM,1 <= ... < 4 years,4,male,none,2,building society savings agreement / life insurance,35,none,rent,1,skilled employee / official,1,none,yes,2,divorced/separated
0 <= ... < 200 DM,4,existing credits paid back duly till now,furniture/equipment,2710,... < 100 DM,1 <= ... < 4 years,4,female,co-applicant,4,building society savings agreement / life insurance,32,none,own,4,skilled employee / official,1,none,yes,1,single
0 <= ... < 200 DM,25,existing credits paid back duly till now,furniture/equipment,15945,... < 100 DM,4 <= ... < 7 years,1,female,none,4,"car or other, not in savings account",37,none,for free,1,skilled employee / official,2,none,yes,1,single
... >= 200 DM / salary assignments for at least 1 year,10,existing credits paid back duly till now,radio/television,2553,... < 100 DM,... >= 7 years,4,female,none,4,building society savings agreement / life insurance,44,none,for free,2,skilled employee / official,1,none,yes,2,divorced/separated
0 <= ... < 200 DM,22,all credits at this bank paid back duly,car (used),3222,unknown / no savings account,... < 1 year,4,female,none,2,unknown / no property,41,none,for free,1,skilled employee / official,1,"yes, registered under customer's name",yes,1,divorced/separated
0 <= ... < 200 DM,4,existing credits paid back duly till now,furniture/equipment,1453,... < 100 DM,... < 1 year,4,male,none,4,"car or other, not in savings account",25,none,own,4,management / self-employed / highly qualified employee / officer,1,"yes, registered under customer's name",yes,1,divorced/separated
... >= 200 DM / salary assignments for at least 1 year,7,critical account / other credits existing (not at this bank),education,9892,100 <= ... < 500 DM,1 <= ... < 4 years,4,female,none,2,"car or other, not in savings account",32,none,for free,1,skilled employee / official,1,"yes, registered under customer's name",yes,1,divorced/separated
0 <= ... < 200 DM,5,existing credits paid back duly till now,radio/television,3318,... < 100 DM,1 <= ... < 4 years,4,male,none,4,"car or other, not in savings account",21,none,own,1,unemployed / unskilled - non-resident,1,none,yes,2,single
0 <= ... < 200 DM,28,critical account / other credits existing (not at this bank),others,9488,... < 100 DM,1 <= ... < 4 years,4,male,none,1,unknown / no property,21,none,own,1,unskilled - resident,1,"yes, registered under customer's name",yes,1,divorced/separated
0 <= ... < 200 DM,8,existing credits paid back duly till now,car (new),11078,... < 100 DM,... < 1 year,4,male,none,4,"car or other, not in savings account",19,none,own,2,management / self-employed / highly qualified employee / officer,1,"yes, registered under customer's name",yes,1,divorced/separated
no checking account,24,delay in paying off in the past,furniture/equipment,1663,... < 100 DM,1 <= ... < 4 years,4,male,none,1,"car or other, not in savings account",19,none,rent,2,skilled employee / official,2,none,yes,1,single
no checking account,13,critical account / other credits existing (not at this bank),education,2990,... < 100 DM,... >= 7 years,4,female,none,2,unknown / no property,24,none,rent,2,management / self-employed / highly qualified employee / officer,2,"yes, registered under customer's name",yes,2,single
no checking account,12,existing credits paid back duly till now,furniture/equipment,755,... < 100 DM,... < 1 year,4,female,none,2,building society savings agreement / life insurance,28,none,rent,1,skilled employee / official,1,none,yes,1,divorced/separated
0 <= ... < 200 DM,4,existing credits paid back duly till now,furniture/equipment,3302,unknown / no savings account,... >= 7 years,2,female,none,2,real estate,29,none,own,1,skilled employee / official,1,"yes, registered under customer's name",yes,2,divorced/separated
... < 0 DM,4,delay in paying off in the past,furniture/equipment,4347,unknown / no savings account,unemployed,3,male,none,3,unknown / no property,26,none,own,1,skilled employee / official,1,none,yes,2,single
0 <= ... < 200 DM,7,delay in paying off in the past,radio/television,10412,100 <= ... < 500 DM,1 <= ... < 4 years,1,male,none,4,"car or other, not in savings account",19,none,own,1,unskilled - resident,2,none,yes,1,single
... < 0 DM,37,existing credits paid back duly till now,business,3926,... < 100 DM,... >= 7 years,4,male,none,4,building society savings agreement / life insurance,25,none,rent,1,skilled employee / official,1,none,yes,1,divorced/separated
0 <= ... < 200 DM,9,critical account / other credits existing (not at this bank),car (new),2738,unknown / no savings account,unemployed,4,female,none,2,"car or other, not in savings account",39,none,rent,1,skilled employee / official,1,"yes, registered under customer's name",yes,1,single
0 <= ... < 200 DM,9,existing credits paid back duly till now,others,1145,... < 100 DM,1 <= ... < 4 years,4,male,none,2,"car or other, not in savings account",19,none,own,1,skilled employee / official,1,none,yes,1,single
no checking account,24,existing credits paid back duly till now,car (new),12113,unknown / no savings account,... >= 7 years,1,male,none,4,real estate,28,none,own,2,unemployed / unskilled - non-resident,1,"yes, registered under customer's name",yes,1,single
no checking account,35,delay in paying off in the past,radio/television,11058,... < 100 DM,... >= 7 years,4,female,none,3,building society savings agreement / life insurance,34,none,own,2,skilled employee / official,2,"yes, registered under customer's name",yes,1,single
0 <= ... < 200 DM,22,existing credits paid back duly till now,car (used),3128,unknown / no savings account,... >= 7 years,2,male,none,2,"car or other, not in savings account",25,none,own,2,unskilled - resident,1,none,yes,1,married/widowed
... < 0 DM,4,critical account / other credits existing (not at this bank),radio/television,1474,... < 100 DM,4 <= ... < 7 years,4,female,none,4,unknown / no property,20,none,own,1,management / self-employed / highly qualified employee / officer,1,none,yes,2,divorced/separated
no checking account,19,existing credits paid back duly till now,car (new),5422,... < 100 DM,unemployed,4,female,none,4,real estate,19,none,own,1,unskilled - resident,1,none,yes,1,single
... >= 200 DM / salary assignments for at least 1 year,11,existing credits paid back duly till now,car (new),3177,... >= 1000 DM,1 <= ... < 4 years,4,male,none,4,"car or other, not in savings account",23,none,for free,1,skilled employee / official,2,none,yes,1,divorced/separated
0 <= ... < 200 DM,8,existing credits paid back duly till now,car (new),10015,... < 100 DM,... >= 7 years,4,female,none,2,unknown / no property,53,none,own,2,unskilled - resident,1,none,yes,1,divorced/separated
0 <= ... < 200 DM,43,existing credits paid back duly till now,car (new),2939,... < 100 DM,4 <= ... < 7 years,4,female,none,2,"car or other, not in savings account",42,none,own,1,skilled employee / official,2,none,yes,1,single
0 <= ... < 200 DM,10,existing credits paid back duly till now,business,5440,... < 100 DM,... >= 7 years,4,male,none,4,building society savings agreement / life insurance,27,none,rent,2,unskilled - resident,2,none,yes,2,divorced/separated
... < 0 DM,5,existing credits paid back duly till now,education,3074,... < 100 DM,... >= 7 years,4,male,none,1,real estate,47,none,for free,1,management / self-employed / highly qualified employee / officer,1,"yes, registered under customer's name",yes,1,single
0 <= ... < 200 DM,36,existing credits paid back duly till now,radio/television,3327,unknown / no savings account,4 <= ... < 7 years,4,female,none,4,"car or other, not in savings account",25,none,rent,2,skilled employee / official,2,"yes, registered under customer's name",yes,1,single
... >= 200 DM / salary assignments for at least 1 year,6,existing credits paid back duly till now,radio/television,1214,500 <= ... < 1000 DM,... >= 7 years,1,male,none,2,real estate,23,none,for free,4,unemployed / unskilled - non-resident,2,none,yes,1,divorced/separated
no checking account,14,existing credits paid back duly till now,education,3388,... < 100 DM,... >= 7 years,4,male,none,4,"car or other, not in savings account",23,none,for free,1,skilled employee / official,1,"yes, registered under customer's name",yes,1,divorced/separated
no checking account,32,no credits taken / all credits paid back duly,furniture/equipment,2014,... < 100 DM,4 <= ... < 7 years,3,female,guarantor,4,unknown / no property,32,none,for free,1,unskilled - resident,1,"yes, registered under customer's name",no,2,single
no checking account,6,no credits taken / all credits paid back duly,furniture/equipment,2881,... < 100 DM,... >= 7 years,3,male,none,4,"car or other, not in savings account",25,none,own,1,unskilled - resident,1,none,yes,1,single
no checking account,4,critical account / other credits existing (not at this bank),car (used),1643,... >= 1000 DM,unemployed,4,male,none,4,"car or other, not in savings account",51,none,rent,1,unemployed / unskilled - non-resident,1,"yes, registered under customer's name",yes,1,divorced/separated
... >= 200 DM / salary assignments for at least 1 year,4,existing credits paid back duly till now,car (new),1722,unknown / no savings account,4 <= ... < 7 years,4,male,co-applicant,2,building society savings agreement / life insurance,19,none,own,1,management / self-employed / highly qualified employee / officer,1,"yes, registered under customer's name",yes,2,single
... >= 200 DM / salary assignments for at least 1 year,4,existing credits paid back duly till now,radio/television,2015,... < 100 DM,... >= 7 years,4,male,none,4,real estate,19,none,rent,1,unskilled - resident,1,none,yes,2,divorced/separated
... < 0 DM,23,existing credits paid back duly till now,education,2418,unknown / no savings account,1 <= ... < 4 years,1,male,none,2,unknown / no property,29,none,own,3,management / self-employed / highly qualified employee / officer,1,none,yes,1,divorced/separated
no checking account,12,critical account / other credits existing (not at this bank),radio/television,876,... < 100 DM,... >= 7 years,4,female,none,4,unknown / no property,19,none,own,4,management / self-employed / highly qualified employee / officer,2,none,yes,1,single
0 <= ... < 200 DM,10,existing credits paid back duly till now,car (new),4137,... < 100 DM,... >= 7 years,2,male,none,4,real estate,19,none,for free,1,skilled employee / official,1,"yes, registered under customer's name",yes,1,married/widowed
... < 0 DM,32,existing credits paid back duly till now,radio/television,2215,100 <= ... < 500 DM,... < 1 year,4,male,none,2,building society savings agreement / life insurance,54,none,own,1,skilled employee / official,2,none,yes,2,divorced/separated
... < 0 DM,5,existing credits paid back duly till now,radio/television,3102,unknown / no savings account,4 <= ... < 7 years,4,male,none,4,real estate,25,none,rent,1,skilled employee / official,1,"yes, registered under customer's name",yes,1,married/widowed
no checking account,4,critical account / other credits existing (not at this bank),car (new),1572,... < 100 DM,unemployed,2,female,none,4,real estate,20,bank,rent,1,unskilled - resident,1,none,yes,1,divorced/separated
no checking account,28,existing credits paid back duly till now,radio/television,2977,unknown / no savings account,unemployed,4,female,none,4,"car or other, not in savings account",27,stores,own,1,skilled employee / official,1,none,yes,1,divorced/separated
0 <= ... < 200 DM,5,delay in paying off in the past,radio/television,12280,... < 100 DM,... < 1 year,2,female,none,4,unknown / no property,59,none,own,4,management / self-employed / highly qualified employee / officer,2,none,no,1,single
no checking account,4,critical account / other credits existing (not at this bank),car (new),5698,unknown / no savings account,1 <= ... < 4 years,4,female,none,4,building society savings agreement / life insurance,31,none,own,1,unskilled - resident,1,"yes, registered under customer's name",yes,1,single
no checking account,8,existing credits paid back duly till now,radio/television,5914,... < 100 DM,1 <= ... < 4 years,4,male,none,2,real estate,47,none,own,1,skilled employee / official,2,none,yes,1,divorced/separated
0 <= ... < 200 DM,33,critical account / other credits existing (not at this bank),radio/television,8838,unknown / no savings account,... >= 7 years,4,male,none,2,"car or other, not in savings account",23,none,own,1,skilled employee / official,2,none,yes,2,divorced/separated
... < 0 DM,4,all credits at this bank paid back duly,car (new),3126,... < 100 DM,1 <= ... < 4 years,4,male,none,4,"car or other, not in savings account",19,none,rent,1,management / self-employed / highly qualified employee / officer,2,none,yes,2,divorced/separated
... >= 200 DM / salary assignments for at least 1 year,23,existing credits paid back duly till now,business,3420,unknown / no savings account,... >= 7 years,2,male,none,2,building society savings agreement / life insurance,24,none,rent,1,skilled employee / official,1,none,yes,1,married/widowed
0 <= ... < 200 DM,37,all credits at this bank paid back duly,furniture/equipment,15945,... < 100 DM,1 <= ... < 4 years,2,male,none,4,real estate,19,none,own,2,skilled employee / official,1,none,yes,1,single
no checking account,7,delay in paying off in the past,radio/television,1614,... < 100 DM,4 <= ... < 7 years,4,male,none,2,building society savings agreement / life insurance,26,none,own,1,unemployed / unskilled - non-resident,1,none,yes,2,divorced/separated
0 <= ... < 200 DM,18,existing credits paid back duly till now,furniture/equipment,8172,... < 100 DM,1 <= ... < 4 years,4,female,none,2,"car or other, not in savings account",19,none,rent,2,skilled employee / official,1,none,yes,2,single
0 <= ... < 200 DM,49,existing credits paid back duly till now,domestic appliances,1763,... < 100 DM,1 <= ... < 4 years,4,female,none,4,building society savings agreement / life insurance,24,none,own,1,skilled employee / official,2,none,yes,2,divorced/separated
... >= 200 DM / salary assignments for at least 1 year,21,critical account / other credits existing (not at this bank),others,1485,... < 100 DM,1 <= ... < 4 years,3,male,none,4,unknown / no property,20,none,own,1,skilled employee / official,1,none,yes,2,single
0 <= ... < 200 DM,25,existing credits paid back duly till now,radio/television,1897,... < 100 DM,... >= 7 years,4,female,none,4,unknown / no property,27,none,own,1,unskilled - resident,1,none,yes,1,single
... < 0 DM,7,critical account / other credits existing (not at this bank),furniture/equipment,1908,... < 100 DM,4 <= ... < 7 years,4,female,none,3,"car or other, not in savings account",22,none,for free,1,skilled employee / official,1,"yes, registered under customer's name",yes,1,divorced/separated
... < 0 DM,22,delay in paying off in the past,car (used),2372,... < 100 DM,1 <= ... < 4 years,4,female,none,4,building society savings agreement / life insurance,30,stores,own,1,unskilled - resident,1,none,yes,1,married/widowed
no checking account,7,existing credits paid back duly till now,education,3429,... < 100 DM,1 <= ... < 4 years,4,female,none,4,real estate,39,bank,rent,1,management / self-employed / highly qualified employee / officer,1,none,yes,2,divorced/separated
0 <= ... < 200 DM,4,delay in paying off in the past,car (new),5516,unknown / no savings account,... >= 7 years,4,male,none,2,"car or other, not in savings account",19,none,own,4,unskilled - resident,1,none,yes,1,single
0 <= ... < 200 DM,23,critical account / other credits existing (not at this bank),radio/television,1955,unknown / no savings account,... >= 7 years,4,female,none,2,building society savings agreement / life insurance,20,none,own,1,unskilled - resident,2,"yes, registered under customer's name",yes,1,single
0 <= ... < 200 DM,6,critical account / other credits existing (not at this bank),car (new),5703,... < 100 DM,unemployed,4,female,none,2,"car or other, not in savings account",29,none,rent,1,unskilled - resident,2,none,yes,2,single
0 <= ... < 200 DM,6,existing credits paid back duly till now,furniture/equipment,2484,... < 100 DM,1 <= ... < 4 years,4,male,none,4,"car or other, not in savings account",55,none,for free,1,skilled employee / official,2,none,yes,1,single
0 <= ... < 200 DM,19,delay in paying off in the past,others,1417,... < 100 DM,... >= 7 years,4,female,guarantor,4,real estate,25,none,own,4,skilled employee / official,1,none,yes,2,married/widowed
0 <= ... < 200 DM,6,delay in paying off in the past,repairs,9998,100 <= ... < 500 DM,... >= 7 years,3,female,co-applicant,2,real estate,35,none,own,2,skilled employee / official,1,"yes, registered under customer's name",yes,1,married/widowed
0 <= ... < 200 DM,26,all credits at this bank paid back duly,radio/television,3200,... < 100 DM,1 <= ... < 4 years,4,female,none,2,real estate,19,none,rent,2,unemployed / unskilled - non-resident,1,"yes, registered under customer's name",yes,1,divorced/separated
... < 0 DM,26,existing credits paid back duly till now,car (used),1536,... < 100 DM,... >= 7 years,4,female,none,4,"car or other, not in savings account",20,none,own,2,management / self-employed / highly qualified employee / officer,1,none,yes,1,divorced/separated
no checking account,36,critical account / other credits existing (not at this bank),radio/television,8652,unknown / no savings account,... < 1 year,2,male,none,2,"car or other, not in savings account",37,bank,rent,1,skilled employee / official,1,none,yes,1,single
0 <= ... < 200 DM,5,existing credits paid back duly till now,car (new),2060,... < 100 DM,... < 1 year,4,female,none,3,building society savings agreement / life insurance,31,bank,own,1,unskilled - resident,2,"yes, registered under customer's name",yes,1,divorced/separated
0 <= ... < 200 DM,28,existing credits paid back duly till now,furniture/equipment,2788,500 <= ... < 1000 DM,... < 1 year,4,female,none,2,unknown / no property,34,none,rent,2,skilled employee / official,1,none,yes,1,single
0 <= ... < 200 DM,13,all credits at this bank paid back duly,furniture/equipment,3187,... >= 1000 DM,... < 1 year,2,male,none,2,real estate,29,none,rent,3,skilled employee / official,2,none,yes,1,single
no checking account,16,critical account / other credits existing (not at this bank),radio/television,2910,... < 100 DM,1 <= ... < 4 years,4,female,none,4,unknown / no property,22,none,own,1,skilled employee / official,1,none,yes,1,divorced/separated
0 <= ... < 200 DM,6,existing credits paid back duly till now,car (new),2544,... < 100 DM,... >= 7 years,1,male,none,4,unknown / no property,24,none,own,2,skilled employee / official,1,none,yes,1,single
... < 0 DM,25,delay in paying off in the past,repairs,5225,... < 100 DM,1 <= ... < 4 years,2,male,guarantor,4,unknown / no property,26,bank,own,1,unskilled - resident,1,"yes, registered under customer's name",yes,1,single
0 <= ... < 200 DM,4,delay in paying off in the past,furniture/equipment,3296,100 <= ... < 500 DM,... < 1 year,3,male,none,4,unknown / no property,40,none,own,2,skilled employee / official,1,none,yes,1,divorced/separated
... < 0 DM,14,existing credits paid back duly till now,car (new),5199,... < 100 DM,1 <= ... < 4 years,4,male,none,4,real estate,19,none,own,2,management / self-employed / highly qualified employee / officer,1,none,yes,1,married/widowed
... >= 200 DM / salary assignments for at least 1 year,41,delay in paying off in the past,radio/television,3407,unknown / no savings account,... < 1 year,3,female,none,4,real estate,50,none,for free,2,skilled employee / official,2,"yes, registered under customer's name",yes,1,divorced/separated
no checking account,12,critical account / other credits existing (not at this bank),radio/television,9771,... < 100 DM,1 <= ... < 4 years,4,male,co-applicant,2,"car or other, not in savings account",29,none,own,2,unskilled - resident,1,none,yes,1,single
0 <= ... < 200 DM,43,critical account / other credits existing (not at this bank),car (new),1376,... < 100 DM,4 <= ... < 7 years,4,male,none,3,unknown / no property,19,none,for free,4,unskilled - resident,1,none,yes,1,divorced/separated
no checking account,24,existing credits paid back duly till now,radio/television,1012,100 <= ... < 500 DM,unemployed,4,male,none,4,building society savings agreement / life insurance,33,stores,own,2,skilled employee / official,1,none,yes,1,single
no checking account,12,existing credits paid back duly till now,others,3307,... < 100 DM,1 <= ... < 4 years,2,female,none,4,"car or other, not in savings account",21,none,own,1,skilled employee / official,2,none,yes,1,single
... < 0 DM,20,critical account / other credits existing (not at this bank),furniture/equipment,7684,unknown / no savings account,... >= 7 years,4,female,none,3,real estate,19,none,own,2,management / self-employed / highly qualified employee / officer,1,"yes, registered under customer's name",yes,1,divorced/separated
... >= 200 DM / salary assignments for at least 1 year,59,critical account / other credits existing (not at this bank),car (new),1810,... < 100 DM,1 <= ... < 4 years,2,female,none,2,real estate,32,none,own,1,skilled employee / official,1,none,yes,2,single
... < 0 DM,16,existing credits paid back duly till now,repairs,3019,... < 100 DM,4 <= ... < 7 years,4,female,none,2,building society savings agreement / life insurance,43,none,own,1,skilled employee / official,1,none,yes,1,divorced/separated
no checking account,15,existing credits paid back duly till now,radio/television,2024,unknown / no savings account,... < 1 year,2,male,none,3,"car or other, not in savings account",22,none,rent,1,skilled employee / official,1,"yes, registered under customer's name",yes,2,single
0 <= ... < 200 DM,4,delay in paying off in the past,furniture/equipment,5252,... < 100 DM,... < 1 year,4,male,co-applicant,4,"car or other, not in savings account",36,none,own,4,unskilled - resident,1,none,yes,2,single
0 <= ... < 200 DM,4,existing credits paid back duly till now,car (new),11109,... < 100 DM,... < 1 year,4,male,none,4,"car or other, not in savings account",29,none,rent,2,unskilled - resident,1,"yes, registered under customer's name",yes,1,divorced/separated
0 <= ... < 200 DM,65,all credits at this bank paid back duly,repairs,1906,... < 100 DM,1 <= ... < 4 years,4,male,none,4,unknown / no property,28,none,for free,2,management / self-employed / highly qualified employee / officer,1,"yes, registered under customer's name",yes,1,divorced/separated
0 <= ... < 200 DM,9,existing credits paid back duly till now,business,2155,... >= 1000 DM,4 <= ... < 7 years,4,male,none,2,"car or other, not in savings account",30,none,rent,1,management / self-employed / highly qualified employee / officer,1,none,yes,2,divorced/separated
0 <= ... < 200 DM,23,critical account / other credits existing (not at this bank),domestic appliances,1780,... < 100 DM,... >= 7 years,4,male,none,2,building society savings agreement / life insurance,19,none,own,1,skilled employee / official,1,none,yes,2,divorced/separated
0 <= ... < 200 DM,25,all credits at this bank paid back duly,radio/television,3163,... < 100 DM,... >= 7 years,4,female,none,1,"car or other, not in savings account",27,bank,own,1,skilled employee / official,2,none,yes,1,single
no checking account,19,critical account / other credits existing (not at this bank),car (new),5260,... < 100 DM,4 <= ... < 7 years,4,male,none,4,unknown / no property,26,none,own,4,skilled employee / official,1,none,yes,2,single
... < 0 DM,54,critical account / other credits existing (not at this bank),car (used),3371,... < 100 DM,... < 1 year,4,male,none,2,building society savings agreement / life insurance,19,none,own,1,unemployed / unskilled - non-resident,1,"yes, registered under customer's name",yes,1,divorced/separated
no checking account,23,existing credits paid back duly till now,car (new),3093,... < 100 DM,... < 1 year,4,female,none,2,"car or other, not in savings account",39,stores,own,2,unemployed / unskilled - non-resident,1,none,yes,2,married/widowed
no checking account,10,existing credits paid back duly till now,car (used),2791,... < 100 DM,1 <= ... < 4 years,4,male,none,2,real estate,29,none,own,1,skilled employee / official,1,"yes, registered under customer's name",yes,1,married/widowed
no checking account,27,critical account / other credits existing (not at this bank),business,3258,... < 100 DM,1 <= ... < 4 years,3,male,none,4,unknown / no property,43,none,for free,2,skilled employee / official,1,none,yes,2,single
no checking account,21,critical account / other credits existing (not at this bank),business,1278,unknown / no savings account,4 <= ... < 7 years,2,male,none,4,unknown / no property,34,none,own,1,skilled employee / official,1,"yes, registered under customer's name",yes,2,divorced/separated
... >= 200 DM / salary assignments for at least 1 year,6,critical account / other credits existing (not at this bank),car (new),3294,unknown / no savings account,... < 1 year,2,male,none,4,"car or other, not in savings account",30,stores,own,1,skilled employee / official,1,"yes, registered under customer's name",yes,1,single
... < 0 DM,11,critical account / other credits existing (not at this bank),repairs,10161,... >= 1000 DM,1 <= ... < 4 years,1,female,none,4,real estate,49,none,own,2,unskilled - resident,2,none,yes,1,single
0 <= ... < 200 DM,18,existing credits paid back duly till now,business,1700,unknown / no savings account,4 <= ... < 7 years,4,female,none,4,unknown / no property,27,none,own,1,skilled employee / official,1,none,no,2,single
... >= 200 DM / salary assignments for at least 1 year,21,existing credits paid back duly till now,car (used),5829,500 <= ... < 1000 DM,... >= 7 years,4,male,none,2,"car or other, not in savings account",27,none,own,4,unskilled - resident,1,"yes, registered under customer's name",yes,2,single
0 <= ... < 200 DM,9,existing credits paid back duly till now,radio/television,10703,unknown / no savings account,... < 1 year,4,male,none,2,building society savings agreement / life insurance,25,none,own,1,skilled employee / official,2,none,yes,1,single
... < 0 DM,23,critical account / other credits existing (not at this bank),car (new),12538,... < 100 DM,1 <= ... < 4 years,4,male,none,4,"car or other, not in savings account",23,bank,own,1,management / self-employed / highly qualified employee / officer,1,none,yes,2,divorced/separated
0 <= ... < 200 DM,19,existing credits paid back duly till now,car (new),12008,100 <= ... < 500 DM,... < 1 year,2,male,none,2,"car or other, not in savings account",23,none,rent,1,skilled employee / official,2,"yes, registered under customer's name",yes,1,single
... < 0 DM,11,existing credits paid back duly till now,car (new),1732,unknown / no savings account,4 <= ... < 7 years,4,female,none,3,"car or other, not in savings account",34,none,own,1,skilled employee / official,1,none,yes,1,single
0 <= ... < 200 DM,4,critical account / other credits existing (not at this bank),car (used),523,... < 100 DM,... >= 7 years,4,male,none,4,building society savings agreement / life insurance,22,bank,rent,1,unemployed / unskilled - non-resident,1,"yes, registered under customer's name",yes,1,divorced/separated
... >= 200 DM / salary assignments for at least 1 year,23,critical account / other credits existing (not at this bank),furniture/equipment,1465,... < 100 DM,4 <= ... < 7 years,2,male,none,3,building society savings agreement / life insurance,19,none,for free,4,skilled employee / official,1,"yes, registered under customer's name",yes,1,single
... < 0 DM,4,delay in paying off in the past,car (new),1876,... < 100 DM,4 <= ... < 7 years,4,female,none,4,real estate,23,none,own,1,management / self-employed / highly qualified employee / officer,1,"yes, registered under customer's name",yes,2,married/widowed
no checking account,4,critical account / other credits existing (not at this bank),car (new),3125,unknown / no savings account,unemployed,2,female,none,4,"car or other, not in savings account",27,none,own,1,skilled employee / official,1,"yes, registered under customer's name",yes,2,divorced/separated
0 <= ... < 200 DM,11,all credits at this bank paid back duly,radio/television,3154,... < 100 DM,4 <= ... < 7 years,4,male,none,4,"car or other, not in savings account",19,none,for free,4,skilled employee / official,2,"yes, registered under customer's name",yes,2,single
no checking account,51,delay in paying off in the past,radio/television,250,... < 100 DM,unemployed,1,female,none,4,unknown / no property,31,stores,own,2,unskilled - resident,1,none,yes,1,divorced/separated
... >= 200 DM / salary assignments for at least 1 year,25,existing credits paid back duly till now,radio/television,8458,... < 100 DM,... >= 7 years,2,male,co-applicant,4,real estate,43,none,own,4,unemployed / unskilled - non-resident,2,none,yes,2,divorced/separated
no checking account,32,critical account / other credits existing (not at this bank),radio/television,12346,... < 100 DM,4 <= ... < 7 years,4,female,none,1,"car or other, not in savings account",37,none,own,1,unskilled - resident,1,none,yes,2,single
0 <= ... < 200 DM,4,critical account / other credits existing (not at this bank),radio/television,1324,... < 100 DM,unemployed,4,female,none,4,"car or other, not in savings account",19,none,own,1,unskilled - resident,1,none,yes,2,single
... >= 200 DM / salary assignments for at least 1 year,6,delay in paying off in the past,furniture/equipment,2508,... < 100 DM,... >= 7 years,4,female,none,2,"car or other, not in savings account",50,none,rent,1,skilled employee / official,2,none,yes,1,single
no checking account,29,delay in paying off in the past,furniture/equipment,2888,... < 100 DM,4 <= ... < 7 years,2,male,none,2,real estate,36,none,own,4,skilled employee / official,2,none,yes,1,single
no checking account,27,existing credits paid back duly till now,repairs,6861,... < 100 DM,... < 1 year,4,female,none,4,real estate,41,none,own,2,skilled employee / official,2,none,yes,1,single
... < 0 DM,6,critical account / other credits existing (not at this bank),car (used),1900,100 <= ... < 500 DM,... >= 7 years,4,female,co-applicant,2,unknown / no property,36,none,own,1,unskilled - resident,1,none,yes,1,divorced/separated
... >= 200 DM / salary assignments for at least 1 year,5,delay in paying off in the past,car (new),5637,unknown / no savings account,... < 1 year,2,male,none,3,"car or other, not in savings account",19,none,own,4,management / self-employed / highly qualified employee / officer,1,"yes, registered under customer's name",yes,1,divorced/separated
0 <= ... < 200 DM,24,critical account / other credits existing (not at this bank),car (new),10123,... < 100 DM,1 <= ... < 4 years,1,male,none,4,real estate,19,bank,own,1,skilled employee / official,2,none,yes,1,single
... < 0 DM,16,no credits taken / all credits paid back duly,education,5841,unknown / no savings account,4 <= ... < 7 years,3,male,none,4,real estate,31,none,own,1,management / self-employed / highly qualified employee / officer,1,none,yes,2,divorced/separated
0 <= ... < 200 DM,19,existing credits paid back duly till now,furniture/equipment,795,100 <= ... < 500 DM,... >= 7 years,2,male,guarantor,4,unknown / no property,45,bank,own,1,skilled employee / official,1,none,yes,1,single
0 <= ... < 200 DM,28,critical account / other credits existing (not at this bank),car (used),1327,unknown / no savings account,1 <= ... < 4 years,1,female,none,4,"car or other, not in savings account",56,bank,rent,1,skilled employee / official,1,none,yes,1,single
0 <= ... < 200 DM,5,critical account / other credits existing (not at this bank),car (new),2075,100 <= ... < 500 DM,... >= 7 years,2,male,none,2,"car or other, not in savings account",22,none,own,1,unskilled - resident,1,"yes, registered under customer's name",yes,2,single
no checking account,20,existing credits paid back duly till now,radio/television,10092,... < 100 DM,... >= 7 years,4,male,none,2,"car or other, not in savings account",27,none,rent,4,unskilled - resident,1,none,yes,1,divorced/separated
no checking account,41,critical account / other credits existing (not at this bank),education,250,unknown / no savings account,... >= 7 years,4,male,none,4,"car or other, not in savings account",28,none,own,1,management / self-employed / highly qualified employee / officer,1,none,yes,1,single
0 <= ... < 200 DM,4,delay in paying off in the past,repairs,862,... < 100 DM,... < 1 year,2,female,none,4,unknown / no property,19,none,own,1,skilled employee / official,1,none,yes,1,married/widowed
0 <= ... < 200 DM,35,existing credits paid back duly till now,business,2113,unknown / no savings account,unemployed,4,male,guarantor,2,building society savings agreement / life insurance,19,none,for free,4,skilled employee / official,2,none,yes,1,single
0 <= ... < 200 DM,13,existing credits paid back duly till now,radio/television,10291,unknown / no savings account,4 <= ... < 7 years,2,female,none,2,"car or other, not in savings account",33,none,rent,1,skilled employee / official,1,"yes, registered under customer's name",yes,1,married/widowed
no checking account,32,existing credits paid back duly till now,car (new),1698,... < 100 DM,... < 1 year,4,female,guarantor,4,unknown / no property,36,none,rent,1,unskilled - resident,1,none,yes,2,single
no checking account,27,existing credits paid back duly till now,radio/television,11314,... < 100 DM,... < 1 year,4,male,none,4,building society savings agreement / life insurance,19,none,own,1,skilled employee / official,1,none,yes,1,single
... < 0 DM,39,existing credits paid back duly till now,car (used),2632,unknown / no savings account,... >= 7 years,4,female,co-applicant,4,building society savings agreement / life insurance,21,none,own,3,unemployed / unskilled - non-resident,2,none,yes,1,divorced/separated
... >= 200 DM / salary assignments for at least 1 year,5,all credits at this bank paid back duly,car (used),5611,100 <= ... < 500 DM,4 <= ... < 7 years,4,male,none,2,"car or other, not in savings account",30,bank,own,1,skilled employee / official,1,none,yes,1,single
no checking account,23,existing credits paid back duly till now,car (new),4456,500 <= ... < 1000 DM,... < 1 year,4,male,none,2,"car or other, not in savings account",21,none,for free,1,skilled employee / official,1,none,yes,1,single
no checking account,12,existing credits paid back duly till now,radio/television,453,unknown / no savings account,4 <= ... < 7 years,4,female,none,1,real estate,37,bank,own,2,management / self-employed / highly qualified employee / officer,2,"yes, registered under customer's name",yes,1,single
no checking account,21,critical account / other credits existing (not at this bank),furniture/equipment,4077,... < 100 DM,... < 1 year,4,male,none,2,real estate,21,none,own,1,unskilled - resident,2,none,yes,1,divorced/separated
... >= 200 DM / salary assignments for at least 1 year,23,all credits at this bank paid back duly,radio/television,1443,... < 100 DM,1 <= ... < 4 years,2,male,none,4,unknown / no property,23,none,own,3,skilled employee / official,2,none,yes,2,married/widowed
no checking account,11,critical account / other credits existing (not at this bank),car (used),8688,... < 100 DM,1 <= ... < 4 years,4,male,none,2,"car or other, not in savings account",53,none,for free,1,skilled employee / official,2,none,yes,1,single
0 <= ... < 200 DM,4,critical account / other credits existing (not at this bank),car (new),9988,unknown / no savings account,1 <= ... < 4 years,4,male,none,2,unknown / no property,45,none,own,1,unskilled - resident,2,"yes, registered under customer's name",yes,1,single
no checking account,21,critical account / other credits existing (not at this bank),furniture/equipment,1153,... < 100 DM,1 <= ... < 4 years,4,male,none,2,building society savings agreement / life insurance,30,none,rent,1,management / self-employed / highly qualified employee / officer,1,none,yes,2,single
... < 0 DM,46,existing credits paid back duly till now,business,1427,... < 100 DM,4 <= ... < 7 years,4,male,none,4,"car or other, not in savings account",32,none,rent,3,skilled employee / official,1,"yes, registered under customer's name",yes,2,divorced/separated
0 <= ... < 200 DM,33,no credits taken / all credits paid back duly,furniture/equipment,2530,unknown / no savings account,... < 1 year,4,male,none,1,"car or other, not in savings account",34,none,rent,1,skilled employee / official,2,"yes, registered under customer's name",yes,1,married/widowed
0 <= ... < 200 DM,9,delay in paying off in the past,radio/television,4419,... < 100 DM,... >= 7 years,4,female,none,2,"car or other, not in savings account",20,none,for free,2,unemployed / unskilled - non-resident,1,none,yes,1,divorced/separated
... < 0 DM,23,existing credits paid back duly till now,car (new),3309,... < 100 DM,1 <= ... < 4 years,2,female,none,1,building society savings agreement / life insurance,22,none,rent,1,skilled employee / official,1,"yes, registered under customer's name",yes,2,single
... < 0 DM,19,delay in paying off in the past,car (new),3386,... >= 1000 DM,1 <= ... < 4 years,2,male,none,2,building society savings agreement / life insurance,40,none,own,3,management / self-employed / highly qualified employee / officer,1,none,yes,1,divorced/separated
... < 0 DM,4,critical account / other credits existing (not at this bank),furniture/equipment,8696,100 <= ... < 500 DM,... < 1 year,2,female,none,2,unknown / no property,27,none,own,4,skilled employee / official,1,none,yes,1,divorced/separated
0 <= ... < 200 DM,13,existing credits paid back duly till now,car (new),357,100 <= ... < 500 DM,... >= 7 years,4,male,co-applicant,4,"car or other, not in savings account",22,bank,rent,1,unskilled - resident,1,none,yes,1,single
0 <= ... < 200 DM,4,critical account / other credits existing (not at this bank),radio/television,3262,unknown / no savings account,... >= 7 years,4,male,guarantor,2,building society savings agreement / life insurance,19,none,own,1,skilled employee / official,1,none,yes,1,married/widowed
no checking account,26,delay in paying off in the past,car (new),4127,... < 100 DM,... < 1 year,4,female,none,2,real estate,23,none,rent,4,skilled employee / official,1,"yes, registered under customer's name",yes,1,divorced/separated
no checking account,62,existing credits paid back duly till now,radio/television,2517,500 <= ... < 1000 DM,unemployed,4,female,none,2,building society savings agreement / life insurance,21,none,own,1,skilled employee / official,1,none,yes,2,divorced/separated
no checking account,44,critical account / other credits existing (not at this bank),radio/television,734,unknown / no savings account,... >= 7 years,4,female,none,2,real estate,19,bank,own,1,skilled employee / official,2,none,yes,2,married/widowed
0 <= ... < 200 DM,4,delay in paying off in the past,car (new),1633,... < 100 DM,1 <= ... < 4 years,4,female,none,2,real estate,63,none,own,1,management / self-employed / highly qualified employee / officer,2,"yes, registered under customer's name",yes,1,divorced/separated
0 <= ... < 200 DM,23,existing credits paid back duly till now,car (new),4709,... < 100 DM,unemployed,4,male,none,1,unknown / no property,34,bank,rent,2,skilled employee / official,2,none,yes,1,divorced/separated
no checking account,12,critical account / other credits existing (not at this bank),education,1316,unknown / no savings account,1 <= ... < 4 years,4,male,none,4,building society savings agreement / life insurance,23,none,own,1,management / self-employed / highly qualified employee / officer,1,none,yes,1,divorced/separated
0 <= ... < 200 DM,24,no credits taken / all credits paid back duly,car (used),10878,500 <= ... < 1000 DM,... < 1 year,4,female,none,4,real estate,35,none,own,4,skilled employee / official,1,none,yes,2,divorced/separated
no checking account,20,critical account / other credits existing (not at this bank),car (new),1596,... < 100 DM,... >= 7 years,2,male,none,1,"car or other, not in savings account",19,none,own,4,unskilled - resident,2,"yes, registered under customer's name",yes,1,divorced/separated
no checking account,5,no credits taken / all credits paid back duly,furniture/equipment,2331,... >= 1000 DM,1 <= ... < 4 years,4,male,none,4,real estate,33,none,own,3,skilled employee / official,2,none,yes,1,single
0 <= ... < 200 DM,20,existing credits paid back duly till now,car (new),3052,... < 100 DM,4 <= ... < 7 years,3,male,none,4,real estate,25,stores,own,1,skilled employee / official,1,"yes, registered under customer's name",yes,2,married/widowed
no checking account,42,all credits at this bank paid back duly,radio/television,7391,... < 100 DM,... >= 7 years,3,male,none,4,real estate,23,none,own,3,skilled employee / official,1,none,yes,2,divorced/separated
... >= 200 DM / salary assignments for at least 1 year,23,existing credits paid back duly till now,furniture/equipment,7998,... < 100 DM,1 <= ... < 4 years,2,female,none,4,unknown / no property,19,none,for free,4,skilled employee / official,1,none,yes,2,divorced/separated
... >= 200 DM / salary assignments for at least 1 year,23,critical account / other credits existing (not at this bank),car (new),1449,unknown / no savings account,1 <= ... < 4 years,4,male,none,4,building society savings agreement / life insurance,27,none,own,2,skilled employee / official,1,none,yes,1,divorced/separated
0 <= ... < 200 DM,4,all credits at this bank paid back duly,car (used),2061,... < 100 DM,... >= 7 years,4,male,none,4,real estate,24,bank,own,1,management / self-employed / highly qualified employee / officer,1,"yes, registered under customer's name",yes,1,single
... < 0 DM,26,existing credits paid back duly till now,car (new),10722,... < 100 DM,... >= 7 years,2,male,none,4,real estate,31,stores,own,2,skilled employee / official,1,none,yes,2,married/widowed
... >= 200 DM / salary assignments for at least 1 year,17,existing credits paid back duly till now,repairs,2033,100 <= ... < 500 DM,1 <= ... < 4 years,4,female,none,4,"car or other, not in savings account",32,none,for free,1,management / self-employed / highly qualified employee / officer,2,"yes, registered under customer's name",yes,2,divorced/separated
no checking account,14,existing credits paid back duly till now,car (new),2675,unknown / no savings account,... < 1 year,4,female,none,1,"car or other, not in savings account",19,none,own,2,skilled employee / official,2,none,yes,1,divorced/separated
... < 0 DM,11,critical account / other credits existing (not at this bank),car (new),15945,... < 100 DM,4 <= ... < 7 years,1,male,none,4,unknown / no property,19,none,own,1,management / self-employed / highly qualified employee / officer,1,none,yes,2,single
0 <= ... < 200 DM,13,critical account / other credits existing (not at this bank),furniture/equipment,2017,unknown / no savings account,1 <= ... < 4 years,2,female,none,2,"car or other, not in savings account",20,none,rent,1,skilled employee / official,1,"yes, registered under customer's name",yes,2,divorced/separated
no checking account,55,critical account / other credits existing (not at this bank),car (new),4740,... < 100 DM,1 <= ... < 4 years,2,male,none,4,unknown / no property,39,none,own,4,skilled employee / official,2,none,yes,2,single
0 <= ... < 200 DM,20,existing credits paid back duly till now,car (new),2606,... < 100 DM,... < 1 year,2,male,co-applicant,2,"car or other, not in savings account",27,none,own,1,skilled employee / official,1,none,yes,1,divorced/separated
no checking account,25,existing credits paid back duly till now,car (new),5487,... < 100 DM,... >= 7 years,4,female,none,4,real estate,27,none,rent,1,skilled employee / official,1,"yes, registered under customer's name",yes,1,single
no checking account,21,existing credits paid back duly till now,furniture/equipment,4463,... < 100 DM,... < 1 year,2,male,none,2,"car or other, not in savings account",38,none,rent,1,skilled employee / official,1,none,yes,2,divorced/separated
... < 0 DM,27,no credits taken / all credits paid back duly,furniture/equipment,2562,... < 100 DM,1 <= ... < 4 years,4,male,none,4,"car or other, not in savings account",23,none,rent,1,management / self-employed / highly qualified employee / officer,1,none,yes,2,single
no checking account,25,critical account / other credits existing (not at this bank),car (new),5044,... < 100 DM,... >= 7 years,4,female,none,4,building society savings agreement / life insurance,31,none,own,1,management / self-employed / highly qualified employee / officer,1,none,yes,1,single
... < 0 DM,22,critical account / other credits existing (not at this bank),radio/television,2325,... < 100 DM,... >= 7 years,4,male,guarantor,2,unknown / no property,20,none,for free,1,skilled employee / official,1,"yes, registered under customer's name",yes,2,single
0 <= ... < 200 DM,24,existing credits paid back duly till now,car (used),5508,... < 100 DM,1 <= ... < 4 years,4,female,none,4,"car or other, not in savings account",61,none,own,1,skilled employee / official,1,none,yes,1,single
0 <= ... < 200 DM,22,critical account / other credits existing (not at this bank),car (new),5638,100 <= ... < 500 DM,4 <= ... < 7 years,2,female,none,4,building society savings agreement / life insurance,19,none,for free,2,unskilled - resident,2,none,yes,1,single
no checking account,5,existing credits paid back duly till now,furniture/equipment,2867,... < 100 DM,1 <= ... < 4 years,4,male,none,3,"car or other, not in savings account",25,bank,for free,2,skilled employee / official,2,none,yes,1,single
0 <= ... < 200 DM,8,critical account / other credits existing (not at this bank),domestic appliances,13008,... < 100 DM,4 <= ... < 7 years,4,female,none,2,real estate,21,bank,own,2,unskilled - resident,1,none,yes,2,divorced/separated
0 <= ... < 200 DM,20,critical account / other credits existing (not at this bank),radio/television,1917,... < 100 DM,unemployed,2,male,none,2,"car or other, not in savings account",34,none,own,2,unskilled - resident,2,none,yes,2,single
... < 0 DM,38,existing credits paid back duly till now,radio/television,2224,... < 100 DM,... < 1 year,2,male,none,4,real estate,43,stores,own,2,unskilled - resident,1,none,yes,1,divorced/separated
no checking account,21,delay in paying off in the past,radio/television,7690,... < 100 DM,4 <= ... < 7 years,4,female,none,4,"car or other, not in savings account",27,none,own,4,skilled employee / official,2,"yes, registered under customer's name",yes,2,divorced/separated
no checking account,23,existing credits paid back duly till now,radio/television,15945,unknown / no savings account,1 <= ... < 4 years,4,male,none,4,"car or other, not in savings account",45,bank,own,4,skilled employee / official,2,none,yes,1,divorced/separated
... < 0 DM,24,critical account / other credits existing (not at this bank),car (new),1987,unknown / no savings account,... >= 7 years,4,male,none,4,"car or other, not in savings account",37,stores,for free,2,skilled employee / official,2,none,yes,1,single
... < 0 DM,4,existing credits paid back duly till now,car (new),4674,... < 100 DM,unemployed,1,female,none,3,"car or other, not in savings account",28,none,rent,1,unskilled - resident,2,none,yes,1,divorced/separated
no checking account,25,existing credits paid back duly till now,furniture/equipment,2265,... < 100 DM,4 <= ... < 7 years,1,male,none,2,real estate,30,none,own,2,skilled employee / official,1,none,yes,2,single
0 <= ... < 200 DM,31,existing credits paid back duly till now,others,8981,unknown / no savings account,... < 1 year,2,male,none,2,real estate,32,none,own,4,unskilled - resident,2,"yes, registered under customer's name",yes,1,single
0 <= ... < 200 DM,53,critical account / other credits existing (not at this bank),car (new),2185,... >= 1000 DM,... >= 7 years,4,male,none,4,real estate,29,none,rent,1,unskilled - resident,1,none,yes,1,divorced/separated
... >= 200 DM / salary assignments for at least 1 year,16,critical account / other credits existing (not at this bank),business,2114,... < 100 DM,... >= 7 years,4,female,none,2,"car or other, not in savings account",27,none,own,1,skilled employee / official,1,none,yes,2,divorced/separated
... >= 200 DM / salary assignments for at least 1 year,5,existing credits paid back duly till now,radio/television,1622,... < 100 DM,4 <= ... < 7 years,4,male,none,4,unknown / no property,37,none,own,1,unskilled - resident,1,none,yes,2,single
no checking account,4,critical account / other credits existing (not at this bank),radio/television,1960,... < 100 DM,unemployed,4,female,none,2,building society savings agreement / life insurance,23,bank,rent,3,skilled employee / official,1,none,yes,1,married/widowed
0 <= ... < 200 DM,38,existing credits paid back duly till now,radio/television,2763,... < 100 DM,... < 1 year,4,female,none,4,real estate,36,none,rent,2,unemployed / unskilled - non-resident,1,none,yes,1,single
... < 0 DM,42,critical account / other credits existing (not at this bank),car (new),3006,... < 100 DM,1 <= ... < 4 years,4,male,none,2,real estate,24,none,own,2,management / self-employed / highly qualified employee / officer,1,none,yes,1,single
... < 0 DM,25,existing credits paid back duly till now,retraining,3318,... < 100 DM,1 <= ... < 4 years,4,female,none,4,"car or other, not in savings account",34,none,for free,1,skilled employee / official,1,none,yes,1,divorced/separated
no checking account,13,critical account / other credits existing (not at this bank),business,512,unknown / no savings account,unemployed,1,male,none,1,real estate,28,none,own,1,management / self-employed / highly qualified employee / officer,2,"yes, registered under customer's name",yes,1,single
0 <= ... < 200 DM,23,existing credits paid back duly till now,radio/television,2381,unknown / no savings account,4 <= ... < 7 years,2,female,none,2,real estate,25,none,for free,1,unskilled - resident,1,none,yes,1,single
0 <= ... < 200 DM,27,critical account / other credits existing (not at this bank),car (new),3142,500 <= ... < 1000 DM,1 <= ... < 4 years,4,male,guarantor,2,"car or other, not in savings account",30,none,rent,2,unskilled - resident,1,"yes, registered under customer's name",yes,1,divorced/separated
... < 0 DM,15,existing credits paid back duly till now,car (used),11302,... < 100 DM,... >= 7 years,4,male,none,4,building society savings agreement / life insurance,25,bank,own,1,skilled employee / official,1,"yes, registered under customer's name",no,2,married/widowed
0 <= ... < 200 DM,23,critical account / other credits existing (not at this bank),domestic appliances,3382,... >= 1000 DM,unemployed,4,male,none,4,building society savings agreement / life insurance,25,none,own,1,management / self-employed / highly qualified employee / officer,2,"yes, registered under customer's name",yes,1,single
0 <= ... < 200 DM,32,delay in paying off in the past,car (new),3438,unknown / no savings account,... >= 7 years,3,female,none,2,unknown / no property,44,none,own,2,management / self-employed / highly qualified employee / officer,1,none,yes,1,divorced/separated
no checking account,9,critical account / other credits existing (not at this bank),business,348,... < 100 DM,... >= 7 years,4,male,none,4,building society savings agreement / life insurance,33,none,for free,1,unskilled - resident,1,none,yes,1,single
... < 0 DM,43,delay in paying off in the past,car (new),2628,unknown / no savings account,1 <= ... < 4 years,2,male,none,4,real estate,20,none,own,1,skilled employee / official,1,none,yes,1,divorced/separated
0 <= ... < 200 DM,39,all credits at this bank paid back duly,furniture/equipment,2370,... < 100 DM,... < 1 year,4,male,none,4,real estate,35,none,for free,1,skilled employee / official,1,none,yes,2,married/widowed
0 <= ... < 200 DM,20,existing credits paid back duly till now,car (new),3392,500 <= ... < 1000 DM,... < 1 year,4,female,none,4,"car or other, not in savings account",49,stores,own,1,skilled employee / official,1,none,yes,1,single
no checking account,24,critical account / other credits existing (not at this bank),car (new),4594,... < 100 DM,1 <= ... < 4 years,4,female,co-applicant,4,real estate,48,none,rent,1,skilled employee / official,1,none,yes,1,divorced/separated
0 <= ... < 200 DM,5,critical account / other credits existing (not at this bank),car (used),2145,... < 100 DM,1 <= ... < 4 years,2,male,guarantor,4,real estate,35,none,own,2,skilled employee / official,2,none,yes,1,single
0 <= ... < 200 DM,8,critical account / other credits existing (not at this bank),domestic appliances,3092,100 <= ... < 500 DM,... >= 7 years,4,female,none,4,"car or other, not in savings account",33,none,rent,4,skilled employee / official,1,none,yes,1,divorced/separated
no checking account,22,critical account / other credits existing (not at this bank),car (new),7456,... < 100 DM,unemployed,4,male,none,4,real estate,19,none,own,1,unskilled - resident,1,none,yes,2,divorced/separated
0 <= ... < 200 DM,10,existing credits paid back duly till now,car (used),8363,... < 100 DM,1 <= ... < 4 years,4,female,none,4,"car or other, not in savings account",28,none,own,3,unskilled - resident,2,none,yes,1,single
no checking account,21,existing credits paid back duly till now,car (used),2562,... < 100 DM,4 <= ... < 7 years,4,male,none,2,real estate,29,none,own,2,unskilled - resident,1,"yes, registered under customer's name",yes,1,single
0 <= ... < 200 DM,24,existing credits paid back duly till now,radio/television,2232,100 <= ... < 500 DM,1 <= ... < 4 years,2,male,none,2,unknown / no property,22,none,for free,3,management / self-employed / highly qualified employee / officer,1,none,no,2,divorced/separated
no checking account,20,delay in paying off in the past,radio/television,5426,unknown / no savings account,... >= 7 years,4,male,none,1,unknown / no property,41,bank,rent,4,unskilled - resident,2,none,yes,1,divorced/separated
0 <= ... < 200 DM,9,existing credits paid back duly till now,car (new),12203,100 <= ... < 500 DM,... >= 7 years,4,male,none,1,real estate,31,bank,own,1,skilled employee / official,1,none,yes,1,single
0 <= ... < 200 DM,4,existing credits paid back duly till now,furniture/equipment,1637,... < 100 DM,unemployed,4,female,none,4,real estate,19,none,for free,1,skilled employee / official,2,"yes, registered under customer's name",yes,1,single
... < 0 DM,8,existing credits paid back duly till now,furniture/equipment,5181,... < 100 DM,4 <= ... < 7 years,4,male,guarantor,4,real estate,25,none,own,1,management / self-employed / highly qualified employee / officer,1,none,yes,2,single
no checking account,5,critical account / other credits existing (not at this bank),radio/television,4316,... < 100 DM,... >= 7 years,2,male,none,2,"car or other, not in savings account",26,stores,for free,1,skilled employee / official,2,none,yes,1,divorced/separated
no checking account,20,no credits taken / all credits paid back duly,car (new),646,... < 100 DM,... >= 7 years,4,female,none,4,"car or other, not in savings account",19,none,for free,1,skilled employee / official,2,none,yes,1,married/widowed
... < 0 DM,26,existing credits paid back duly till now,furniture/equipment,2286,... < 100 DM,... >= 7 years,4,male,none,2,"car or other, not in savings account",20,none,own,3,management / self-employed / highly qualified employee / officer,1,none,yes,1,single
0 <= ... < 200 DM,13,all credits at this bank paid back duly,education,5042,... < 100 DM,... < 1 year,2,male,none,2,"car or other, not in savings account",30,none,own,1,management / self-employed / highly qualified employee / officer,1,none,yes,2,divorced/separated
0 <= ... < 200 DM,5,no credits taken / all credits paid back duly,car (new),1730,... < 100 DM,4 <= ... < 7 years,4,male,none,4,building society savings agreement / life insurance,19,bank,for free,4,skilled employee / official,2,none,no,1,divorced/separated
0 <= ... < 200 DM,11,existing credits paid back duly till now,business,1445,unknown / no savings account,... >= 7 years,4,male,none,2,real estate,29,none,own,2,skilled employee / official,2,none,yes,1,divorced/separated
no checking account,25,existing credits paid back duly till now,radio/television,1870,... < 100 DM,1 <= ... < 4 years,4,female,co-applicant,4,"car or other, not in savings account",34,none,own,1,skilled employee / official,2,"yes, registered under customer's name",yes,1,single
... >= 200 DM / salary assignments for at least 1 year,22,existing credits paid back duly till now,car (new),2181,... < 100 DM,... >= 7 years,4,female,guarantor,3,real estate,20,none,own,1,management / self-employed / highly qualified employee / officer,1,"yes, registered under customer's name",yes,2,single
... < 0 DM,40,all credits at this bank paid back duly,radio/television,8232,... < 100 DM,1 <= ... < 4 years,2,female,none,2,real estate,54,none,own,1,skilled employee / official,1,"yes, registered under customer's name",yes,2,divorced/separated
no checking account,18,existing credits paid back duly till now,furniture/equipment,11231,500 <= ... < 1000 DM,... >= 7 years,2,female,none,4,"car or other, not in savings account",25,none,own,1,management / self-employed / highly qualified employee / officer,1,none,yes,1,married/widowed
0 <= ... < 200 DM,20,critical account / other credits existing (not at this bank),radio/television,2621,... < 100 DM,... >= 7 years,4,male,guarantor,2,real estate,20,none,own,1,management / self-employed / highly qualified employee / officer,1,none,yes,1,single
no checking account,29,existing credits paid back duly till now,furniture/equipment,5400,unknown / no savings account,... < 1 year,4,male,none,2,"car or other, not in savings account",36,none,own,1,unemployed / unskilled - non-resident,1,"yes, registered under customer's name",yes,2,single
... < 0 DM,26,critical account / other credits existing (not at this bank),radio/television,2175,... < 100 DM,... >= 7 years,2,female,co-applicant,2,building society savings agreement / life insurance,19,bank,own,1,skilled employee / official,1,none,yes,1,single
... < 0 DM,18,critical account / other credits existing (not at this bank),car (new),1316,... < 100 DM,unemployed,3,male,none,4,"car or other, not in savings account",37,none,rent,1,unskilled - resident,1,"yes, registered under customer's name",yes,1,divorced/separated
0 <= ... < 200 DM,13,existing credits paid back duly till now,car (used),4473,... < 100 DM,4 <= ... < 7 years,4,male,none,2,building society savings agreement / life insurance,21,bank,rent,1,unemployed / unskilled - non-resident,1,none,yes,1,divorced/separated
no checking account,23,critical account / other credits existing (not at this bank),car (new),2272,... < 100 DM,1 <= ... < 4 years,4,female,none,2,"car or other, not in savings account",24,none,for free,1,skilled employee / official,1,"yes, registered under customer's name",yes,1,divorced/separated
no checking account,22,delay in paying off in the past,radio/television,347,... < 100 DM,4 <= ... < 7 years,4,male,none,2,real estate,23,none,rent,1,skilled employee / official,2,"yes, registered under customer's name",yes,1,single
0 <= ... < 200 DM,6,existing credits paid back duly till now,radio/television,2684,unknown / no savings account,1 <= ... < 4 years,4,male,none,1,real estate,34,none,for free,1,skilled employee / official,2,"yes, registered under customer's name",yes,1,married/widowed
... >= 200 DM / salary assignments for at least 1 year,17,existing credits paid back duly till now,car (new),2463,... < 100 DM,... < 1 year,3,female,none,2,"car or other, not in savings account",35,none,rent,1,skilled employee / official,1,"yes, registered under customer's name",yes,1,married/widowed
0 <= ... < 200 DM,20,existing credits paid back duly till now,car (new),6535,unknown / no savings account,... >= 7 years,4,male,guarantor,2,unknown / no property,37,stores,own,4,skilled employee / official,2,none,yes,1,single
0 <= ... < 200 DM,20,existing credits paid back duly till now,car (new),2186,... < 100 DM,... >= 7 years,4,male,none,4,unknown / no property,19,none,own,2,skilled employee / official,1,"yes, registered under customer's name",yes,1,divorced/separated
... < 0 DM,24,existing credits paid back duly till now,furniture/equipment,2596,unknown / no savings account,... < 1 year,4,male,none,1,real estate,19,none,own,3,unskilled - resident,2,none,yes,1,single
... < 0 DM,26,existing credits paid back duly till now,radio/television,2359,... < 100 DM,4 <= ... < 7 years,2,female,none,4,"car or other, not in savings account",55,none,rent,1,skilled employee / official,2,none,yes,1,single
... < 0 DM,4,existing credits paid back duly till now,furniture/equipment,1982,unknown / no savings account,1 <= ... < 4 years,4,female,none,4,real estate,20,none,own,2,skilled employee / official,1,none,yes,2,single
no checking account,21,existing credits paid back duly till now,car (new),1981,... < 100 DM,... >= 7 years,4,male,none,4,"car or other, not in savings account",20,none,own,2,skilled employee / official,1,none,yes,1,divorced/separated
no checking account,4,critical account / other credits existing (not at this bank),radio/television,2898,... < 100 DM,4 <= ... < 7 years,4,male,none,2,"car or other, not in savings account",37,none,rent,1,management / self-employed / highly qualified employee / officer,2,"yes, registered under customer's name",yes,1,divorced/separated
no checking account,52,existing credits paid back duly till now,business,6461,unknown / no savings account,... >= 7 years,4,female,none,4,building society savings agreement / life insurance,20,none,rent,3,unskilled - resident,1,none,yes,1,single
... < 0 DM,26,delay in paying off in the past,car (new),10147,... < 100 DM,4 <= ... < 7 years,2,male,none,3,"car or other, not in savings account",25,none,own,1,unskilled - resident,1,"yes, registered under customer's name",yes,1,single
0 <= ... < 200 DM,13,existing credits paid back duly till now,car (new),991,unknown / no savings account,... < 1 year,4,male,none,4,real estate,51,none,own,1,unskilled - resident,2,"yes, registered under customer's name",yes,1,single
0 <= ... < 200 DM,22,critical account / other credits existing (not at this bank),radio/television,2667,... < 100 DM,1 <= ... < 4 years,4,male,co-applicant,2,"car or other, not in savings account",34,none,own,2,unskilled - resident,2,"yes, registered under customer's name",yes,1,single
... < 0 DM,10,existing credits paid back duly till now,others,4443,... < 100 DM,1 <= ... < 4 years,4,male,guarantor,1,"car or other, not in savings account",27,none,own,2,skilled employee / official,1,none,yes,2,single
no checking account,4,critical account / other credits existing (not at this bank),car (new),1487,... < 100 DM,... >= 7 years,4,male,none,4,"car or other, not in savings account",24,none,for free,2,unemployed / unskilled - non-resident,1,"yes, registered under customer's name",no,1,single
0 <= ... < 200 DM,34,critical account / other credits existing (not at this bank),education,6208,... < 100 DM,unemployed,2,male,none,4,"car or other, not in savings account",61,none,rent,1,unskilled - resident,1,none,no,1,divorced/separated
no checking account,4,existing credits paid back duly till now,business,7144,... < 100 DM,1 <= ... < 4 years,2,male,none,2,"car or other, not in savings account",37,none,own,2,skilled employee / official,2,none,yes,1,divorced/separated
0 <= ... < 200 DM,13,all credits at this bank paid back duly,education,2793,... < 100 DM,1 <= ... < 4 years,4,male,none,4,"car or other, not in savings account",19,none,rent,2,management / self-employed / highly qualified employee / officer,1,none,yes,1,single
no checking account,16,no credits taken / all credits paid back duly,furniture/equipment,1340,... < 100 DM,4 <= ... < 7 years,4,female,none,4,real estate,27,none,own,1,unskilled - resident,1,"yes, registered under customer's name",yes,1,single
... >= 200 DM / salary assignments for at least 1 year,4,existing credits paid back duly till now,radio/television,2557,... < 100 DM,1 <= ... < 4 years,4,female,co-applicant,2,"car or other, not in savings account",30,none,own,1,management / self-employed / highly qualified employee / officer,1,none,yes,1,divorced/separated
no checking account,24,critical account / other credits existing (not at this bank),car (new),10071,unknown / no savings account,1 <= ... < 4 years,2,female,none,2,real estate,19,none,own,1,unskilled - resident,1,"yes, registered under customer's name",yes,2,single
0 <= ... < 200 DM,14,critical account / other credits existing (not at this bank),car (new),3321,100 <= ... < 500 DM,... >= 7 years,4,female,none,4,unknown / no property,38,none,rent,1,skilled employee / official,1,"yes, registered under customer's name",yes,1,single
no checking account,12,existing credits paid back duly till now,radio/television,2787,... < 100 DM,4 <= ... < 7 years,4,female,none,4,real estate,19,none,rent,2,management / self-employed / highly qualified employee / officer,1,none,yes,1,single
0 <= ... < 200 DM,42,critical account / other credits existing (not at this bank),furniture/equipment,1074,... < 100 DM,unemployed,2,male,co-applicant,2,unknown / no property,19,bank,own,2,unskilled - resident,1,"yes, registered under customer's name",yes,1,married/widowed
0 <= ... < 200 DM,4,existing credits paid back duly till now,radio/television,2741,... < 100 DM,... >= 7 years,4,male,none,2,building society savings agreement / life insurance,40,none,own,2,skilled employee / official,1,"yes, registered under customer's name",yes,2,single
0 <= ... < 200 DM,22,existing credits paid back duly till now,repairs,3198,100 <= ... < 500 DM,1 <= ... < 4 years,4,male,none,4,unknown / no property,19,none,rent,2,management / self-employed / highly qualified employee / officer,1,none,yes,2,single
... < 0 DM,24,critical account / other credits existing (not at this bank),car (used),9391,... < 100 DM,1 <= ... < 4 years,4,male,co-applicant,2,"car or other, not in savings account",47,none,rent,1,management / self-employed / highly qualified employee / officer,1,none,yes,1,divorced/separated
... >= 200 DM / salary assignments for at least 1 year,20,existing credits paid back duly till now,car (new),5300,... < 100 DM,... >= 7 years,2,female,none,4,unknown / no property,23,stores,own,1,unskilled - resident,2,none,yes,1,single
0 <= ... < 200 DM,4,existing credits paid back duly till now,car (used),2996,... < 100 DM,... >= 7 years,4,male,co-applicant,4,"car or other, not in savings account",27,none,own,4,unskilled - resident,1,"yes, registered under customer's name",no,1,divorced/separated
0 <= ... < 200 DM,28,existing credits paid back duly till now,radio/television,721,... < 100 DM,... >= 7 years,4,male,none,4,unknown / no property,26,none,own,4,management / self-employed / highly qualified employee / officer,1,none,yes,1,divorced/separated
no checking account,45,existing credits paid back duly till now,furniture/equipment,6031,... < 100 DM,1 <= ... < 4 years,2,male,none,4,unknown / no property,40,none,own,2,skilled employee / official,2,"yes, registered under customer's name",yes,1,single
no checking account,5,delay in paying off in the past,education,1383,... < 100 DM,unemployed,2,male,guarantor,2,"car or other, not in savings account",25,none,own,1,skilled employee / official,1,"yes, registered under customer's name",yes,1,divorced/separated
no checking account,4,existing credits paid back duly till now,car (new),1396,... < 100 DM,1 <= ... < 4 years,4,female,none,4,"car or other, not in savings account",20,none,rent,1,skilled employee / official,1,none,yes,1,divorced/separated
no checking account,6,critical account / other credits existing (not at this bank),car (new),2300,... < 100 DM,4 <= ... < 7 years,4,male,none,4,real estate,44,none,own,1,unskilled - resident,2,none,yes,1,divorced/separated
no checking account,23,existing credits paid back duly till now,car (used),2214,... < 100 DM,1 <= ... < 4 years,4,male,none,4,real estate,23,none,rent,1,unskilled - resident,2,none,yes,2,single
0 <= ... < 200 DM,4,existing credits paid back duly till now,car (new),6493,unknown / no savings account,4 <= ... < 7 years,4,male,none,4,building society savings agreement / life insurance,36,bank,own,2,skilled employee / official,1,"yes, registered under customer's name",yes,2,married/widowed
... < 0 DM,8,existing credits paid back duly till now,car (used),2988,100 <= ... < 500 DM,... >= 7 years,3,female,none,3,"car or other, not in savings account",38,none,own,2,unskilled - resident,1,"yes, registered under customer's name",yes,1,divorced/separated
no checking account,6,delay in paying off in the past,repairs,3039,... < 100 DM,1 <= ... < 4 years,4,male,none,4,"car or other, not in savings account",24,none,own,1,management / self-employed / highly qualified employee / officer,1,none,yes,1,single
0 <= ... < 200 DM,11,critical account / other credits existing (not at this bank),furniture/equipment,1894,unknown / no savings account,... >= 7 years,3,male,none,2,"car or other, not in savings account",42,none,own,1,skilled employee / official,1,"yes, registered under customer's name",yes,1,single
0 <= ... < 200 DM,27,existing credits paid back duly till now,radio/television,1401,... < 100 DM,4 <= ... < 7 years,3,female,none,4,building society savings agreement / life insurance,31,none,rent,1,unemployed / unskilled - non-resident,2,none,yes,1,single
... >= 200 DM / salary assignments for at least 1 year,35,critical account / other credits existing (not at this bank),repairs,1396,unknown / no savings account,4 <= ... < 7 years,4,male,none,3,"car or other, not in savings account",38,stores,rent,1,unskilled - resident,2,none,yes,1,married/widowed
... < 0 DM,8,critical account / other credits existing (not at this bank),radio/television,4036,... < 100 DM,1 <= ... < 4 years,3,male,none,3,building society savings agreement / life insurance,20,none,own,1,unskilled - resident,1,none,yes,1,divorced/separated
... < 0 DM,4,existing credits paid back duly till now,education,6231,... < 100 DM,... < 1 year,4,female,none,4,building society savings agreement / life insurance,23,none,rent,1,skilled employee / official,1,"yes, registered under customer's name",yes,2,divorced/separated
... >= 200 DM / salary assignments for at least 1 year,18,existing credits paid back duly till now,radio/television,3628,... < 100 DM,4 <= ... < 7 years,4,female,none,4,"car or other, not in savings account",34,bank,own,4,unskilled - resident,2,none,yes,1,single
0 <= ... < 200 DM,24,critical account / other credits existing (not at this bank),radio/television,15945,100 <= ... < 500 DM,1 <= ... < 4 years,2,male,none,4,"car or other, not in savings account",26,none,own,2,skilled employee / official,1,none,yes,1,single
0 <= ... < 200 DM,4,critical account / other credits existing (not at this bank),furniture/equipment,2921,... < 100 DM,1 <= ... < 4 years,3,male,none,2,real estate,27,none,own,3,skilled employee / official,2,"yes, registered under customer's name",yes,2,married/widowed
... >= 200 DM / salary assignments for at least 1 year,70,existing credits paid back duly till now,car (new),1061,... < 100 DM,1 <= ... < 4 years,2,male,none,4,building society savings agreement / life insurance,44,none,own,4,management / self-employed / highly qualified employee / officer,2,none,yes,2,divorced/separated
no checking account,7,delay in paying off in the past,car (new),2289,... < 100 DM,4 <= ... < 7 years,4,male,none,3,"car or other, not in savings account",36,none,rent,4,unskilled - resident,1,none,yes,1,single
... < 0 DM,19,critical account / other credits existing (not at this bank),car (new),1964,... < 100 DM,... < 1 year,4,female,none,2,building society savings agreement / life insurance,28,none,own,1,skilled employee / official,1,"yes, registered under customer's name",yes,1,single
no checking account,8,existing credits paid back duly till now,furniture/equipment,1036,500 <= ... < 1000 DM,4 <= ... < 7 years,2,female,co-applicant,2,unknown / no property,23,none,own,4,skilled employee / official,1,"yes, registered under customer's name",yes,2,divorced/separated
0 <= ... < 200 DM,10,critical account / other credits existing (not at this bank),car (used),2628,unknown / no savings account,4 <= ... < 7 years,4,male,none,4,building society savings agreement / life insurance,19,none,own,2,unskilled - resident,2,none,yes,2,single
no checking account,29,existing credits paid back duly till now,education,2876,unknown / no savings account,4 <= ... < 7 years,2,female,none,2,building society savings agreement / life insurance,47,none,for free,3,unemployed / unskilled - non-resident,2,none,yes,2,divorced/separated
... < 0 DM,25,all credits at this bank paid back duly,car (new),3328,500 <= ... < 1000 DM,1 <= ... < 4 years,4,male,none,4,real estate,36,none,own,1,skilled employee / official,2,none,yes,1,single
... < 0 DM,11,all credits at this bank paid back duly,domestic appliances,15945,... < 100 DM,unemployed,4,female,none,4,building society savings agreement / life insurance,30,none,own,3,skilled employee / official,2,none,yes,1,single
... < 0 DM,4,critical account / other credits existing (not at this bank),car (new),15945,... < 100 DM,4 <= ... < 7 years,4,male,none,2,building society savings agreement / life insurance,22,none,own,2,skilled employee / official,1,"yes, registered under customer's name",yes,1,divorced/separated
no checking account,24,critical account / other credits existing (not at this bank),car (new),2114,... < 100 DM,... >= 7 years,4,male,none,2,"car or other, not in savings account",27,none,rent,2,skilled employee / official,1,none,yes,1,single
0 <= ... < 200 DM,24,critical account / other credits existing (not at this bank),car (new),3056,unknown / no savings account,... >= 7 years,4,female,none,2,building society savings agreement / life insurance,38,none,own,1,unskilled - resident,2,none,yes,2,single
... < 0 DM,21,all credits at this bank paid back duly,car (used),5406,... < 100 DM,... < 1 year,4,female,none,2,"car or other, not in savings account",19,none,own,1,management / self-employed / highly qualified employee / officer,1,"yes, registered under customer's name",yes,2,divorced/separated
0 <= ... < 200 DM,4,existing credits paid back duly till now,furniture/equipment,1717,unknown / no savings account,unemployed,1,male,none,3,unknown / no property,29,none,own,3,unemployed / unskilled - non-resident,1,"yes, registered under customer's name",yes,1,divorced/separated
0 <= ... < 200 DM,15,all credits at this bank paid back duly,car (new),3397,... < 100 DM,... >= 7 years,4,female,none,4,"car or other, not in savings account",35,none,own,1,skilled employee / official,1,"yes, registered under customer's name",yes,2,single
0 <= ... < 200 DM,18,critical account / other credits existing (not at this bank),car (new),5518,... < 100 DM,1 <= ... < 4 years,4,male,none,2,unknown / no property,22,none,own,1,skilled employee / official,2,"yes, registered under customer's name",yes,1,single
no checking account,21,existing credits paid back duly till now,car (new),3205,... < 100 DM,4 <= ... < 7 years,2,male,none,4,real estate,29,bank,rent,1,skilled employee / official,1,none,yes,1,single
no checking account,11,critical account / other credits existing (not at this bank),furniture/equipment,1327,... < 100 DM,... >= 7 years,4,male,none,2,"car or other, not in savings account",33,bank,rent,2,unskilled - resident,1,none,yes,1,single
0 <= ... < 200 DM,4,critical account / other credits existing (not at this bank),business,2882,... < 100 DM,... < 1 year,1,male,none,4,real estate,34,none,rent,1,unskilled - resident,2,none,yes,2,divorced/separated
no checking account,4,critical account / other credits existing (not at this bank),car (new),3479,... < 100 DM,... >= 7 years,2,male,guarantor,4,unknown / no property,21,none,rent,4,management / self-employed / highly qualified employee / officer,1,none,yes,2,divorced/separated
0 <= ... < 200 DM,14,existing credits paid back duly till now,car (new),1699,... < 100 DM,... >= 7 years,4,female,none,4,building society savings agreement / life insurance,19,bank,for free,2,management / self-employed / highly qualified employee / officer,1,none,yes,2,single
0 <= ... < 200 DM,11,critical account / other credits existing (not at this bank),radio/television,12095,unknown / no savings account,4 <= ... < 7 years,4,male,guarantor,2,real estate,35,none,own,2,skilled employee / official,2,none,yes,2,divorced/separated
... < 0 DM,37,existing credits paid back duly till now,car (new),1203,... < 100 DM,... < 1 year,4,female,none,4,real estate,27,none,for free,4,unemployed / unskilled - non-resident,1,none,yes,1,single
no checking account,14,delay in paying off in the past,radio/television,12233,... < 100 DM,... < 1 year,4,female,guarantor,4,real estate,42,bank,own,2,skilled employee / official,2,none,yes,2,single
0 <= ... < 200 DM,30,existing credits paid back duly till now,business,3408,unknown / no savings account,4 <= ... < 7 years,2,female,co-applicant,4,"car or other, not in savings account",31,none,own,2,management / self-employed / highly qualified employee / officer,2,none,yes,1,divorced/separated
0 <= ... < 200 DM,20,existing credits paid back duly till now,car (new),3103,... < 100 DM,1 <= ... < 4 years,4,male,none,2,"car or other, not in savings account",20,none,own,4,skilled employee / official,1,none,yes,2,single
0 <= ... < 200 DM,4,critical account / other credits existing (not at this bank),car (new),924,... < 100 DM,unemployed,2,female,none,1,real estate,19,none,own,4,skilled employee / official,1,none,yes,1,single
no checking account,4,existing credits paid back duly till now,car (new),269,... >= 1000 DM,... < 1 year,4,male,none,2,real estate,36,stores,own,2,management / self-employed / highly qualified employee / officer,2,none,yes,1,single
no checking account,62,existing credits paid back duly till now,radio/television,10788,... < 100 DM,1 <= ... < 4 years,4,male,none,1,"car or other, not in savings account",35,bank,own,4,skilled employee / official,1,none,yes,1,divorced/separated
no checking account,41,critical account / other credits existing (not at this bank),furniture/equipment,15945,unknown / no savings account,... < 1 year,4,female,none,2,building society savings agreement / life insurance,31,none,own,2,skilled employee / official,1,"yes, registered under customer's name",yes,1,divorced/separated
... >= 200 DM / salary assignments for at least 1 year,54,existing credits paid back duly till now,car (new),2255,... < 100 DM,4 <= ... < 7 years,4,male,none,2,"car or other, not in savings account",19,none,for free,1,skilled employee / official,2,none,yes,2,single
... < 0 DM,40,critical account / other credits existing (not at this bank),furniture/equipment,2547,500 <= ... < 1000 DM,unemployed,4,female,none,2,real estate,20,none,own,2,skilled employee / official,2,none,yes,1,single
no checking account,11,critical account / other credits existing (not at this bank),car (used),1854,... >= 1000 DM,... < 1 year,4,male,guarantor,1,"car or other, not in savings account",22,none,own,1,unskilled - resident,1,none,no,1,single
0 <= ... < 200 DM,21,critical account / other credits existing (not at this bank),car (new),1861,unknown / no savings account,... < 1 year,1,female,none,4,"car or other, not in savings account",20,none,own,2,unskilled - resident,1,none,yes,1,single
... >= 200 DM / salary assignments for at least 1 year,8,existing credits paid back duly till now,car (used),2733,500 <= ... < 1000 DM,... >= 7 years,4,male,none,2,"car or other, not in savings account",39,none,own,1,unemployed / unskilled - non-resident,1,"yes, registered under customer's name",yes,1,single
... < 0 DM,23,existing credits paid back duly till now,radio/television,1759,... < 100 DM,... >= 7 years,4,male,none,2,real estate,29,none,rent,2,skilled employee / official,1,"yes, registered under customer's name",yes,1,divorced/separated
0 <= ... < 200 DM,4,delay in paying off in the past,radio/television,2267,unknown / no savings account,unemployed,4,male,none,4,unknown / no property,23,none,own,1,skilled employee / official,2,none,yes,2,single
0 <= ... < 200 DM,16,existing credits paid back duly till now,radio/television,2804,500 <= ... < 1000 DM,... < 1 year,2,male,none,4,real estate,21,bank,for free,1,skilled employee / official,1,none,yes,1,single
0 <= ... < 200 DM,5,existing credits paid back duly till now,furniture/equipment,1442,... < 100 DM,... >= 7 years,2,male,guarantor,4,building society savings agreement / life insurance,31,none,own,1,management / self-employed / highly qualified employee / officer,1,none,yes,2,single
... < 0 DM,18,existing credits paid back duly till now,furniture/equipment,4627,unknown / no savings account,... < 1 year,4,male,none,2,"car or other, not in savings account",23,none,own,2,management / self-employed / highly qualified employee / officer,2,"yes, registered under customer's name",yes,1,single
no checking account,7,existing credits paid back duly till now,radio/television,1115,100 <= ... < 500 DM,... >= 7 years,4,male,none,4,building society savings agreement / life insurance,24,bank,own,3,skilled employee / official,1,none,yes,1,married/widowed
... < 0 DM,10,critical account / other credits existing (not at this bank),car (new),2554,... < 100 DM,1 <= ... < 4 years,3,female,none,2,building society savings agreement / life insurance,21,none,own,1,management / self-employed / highly qualified employee / officer,1,"yes, registered under customer's name",yes,2,single
... < 0 DM,37,existing credits paid back duly till now,radio/television,5809,unknown / no savings account,1 <= ... < 4 years,4,female,none,4,"car or other, not in savings account",20,none,own,1,management / self-employed / highly qualified employee / officer,1,none,yes,1,divorced/separated
... >= 200 DM / salary assignments for at least 1 year,44,existing credits paid back duly till now,car (new),15945,... < 100 DM,unemployed,4,male,none,4,"car or other, not in savings account",24,none,own,1,skilled employee / official,1,none,yes,2,single
0 <= ... < 200 DM,40,critical account / other credits existing (not at this bank),furniture/equipment,4014,... < 100 DM,... >= 7 years,4,male,none,2,"car or other, not in savings account",19,bank,own,1,unskilled - resident,2,none,yes,1,single
no checking account,27,no credits taken / all credits paid back duly,car (new),1052,100 <= ... < 500 DM,4 <= ... < 7 years,4,male,none,4,unknown / no property,40,none,own,1,skilled employee / official,1,none,yes,1,single
... < 0 DM,25,no credits taken / all credits paid back duly,business,9879,500 <= ... < 1000 DM,... >= 7 years,4,male,none,2,"car or other, not in savings account",25,none,own,2,skilled employee / official,2,none,yes,1,divorced/separated
... < 0 DM,20,existing credits paid back duly till now,business,3034,... < 100 DM,unemployed,4,female,none,4,"car or other, not in savings account",24,none,own,1,management / self-employed / highly qualified employee / officer,1,none,yes,2,single
0 <= ... < 200 DM,20,existing credits paid back duly till now,education,3362,100 <= ... < 500 DM,1 <= ... < 4 years,4,male,none,4,unknown / no property,23,none,own,3,skilled employee / official,1,none,yes,2,divorced/separated
no checking account,15,delay in paying off in the past,furniture/equipment,2758,500 <= ... < 1000 DM,... >= 7 years,4,male,none,3,unknown / no property,29,none,own,1,skilled employee / official,1,none,yes,1,married/widowed
... < 0 DM,17,delay in paying off in the past,car (new),985,... < 100 DM,... >= 7 years,2,male,none,4,unknown / no property,25,none,own,1,skilled employee / official,1,none,yes,1,single
no checking account,10,existing credits paid back duly till now,furniture/equipment,6627,... < 100 DM,1 <= ... < 4 years,1,male,none,4,"car or other, not in savings account",20,none,own,1,unskilled - resident,1,"yes, registered under customer's name",yes,2,single
0 <= ... < 200 DM,31,critical account / other credits existing (not at this bank),radio/television,1164,unknown / no savings account,1 <= ... < 4 years,2,male,none,4,building society savings agreement / life insurance,34,none,own,4,unskilled - resident,1,"yes, registered under customer's name",yes,2,married/widowed
no checking account,4,existing credits paid back duly till now,car (new),1828,... >= 1000 DM,... < 1 year,4,female,co-applicant,4,"car or other, not in savings account",24,none,own,2,unskilled - resident,2,none,yes,1,single
no checking account,20,critical account / other credits existing (not at this bank),car (new),1798,unknown / no savings account,1 <= ... < 4 years,2,male,none,4,real estate,25,none,rent,4,unskilled - resident,1,"yes, registered under customer's name",yes,1,single
no checking account,42,existing credits paid back duly till now,car (used),832,unknown / no savings account,... < 1 year,1,male,co-applicant,4,real estate,30,none,own,2,unemployed / unskilled - non-resident,2,none,yes,1,single
0 <= ... < 200 DM,5,existing credits paid back duly till now,car (new),4358,... < 100 DM,4 <= ... < 7 years,4,male,none,4,real estate,21,none,rent,2,unskilled - resident,1,none,yes,1,divorced/separated
0 <= ... < 200 DM,7,existing credits paid back duly till now,furniture/equipment,10318,unknown / no savings account,1 <= ... < 4 years,2,male,none,4,real estate,23,none,own,1,skilled employee / official,2,none,yes,1,divorced/separated
no checking account,12,existing credits paid back duly till now,radio/television,3626,... < 100 DM,... >= 7 years,2,female,none,2,real estate,41,none,rent,1,skilled employee / official,1,"yes, registered under customer's name",yes,1,single
no checking account,16,existing credits paid back duly till now,radio/television,2761,unknown / no savings account,1 <= ... < 4 years,4,female,none,2,building society savings agreement / life insurance,36,none,own,1,management / self-employed / highly qualified employee / officer,1,none,yes,1,divorced/separated
... >= 200 DM / salary assignments for at least 1 year,4,delay in paying off in the past,others,2796,... < 100 DM,4 <= ... < 7 years,4,male,none,4,"car or other, not in savings account",38,none,own,4,unskilled - resident,1,none,yes,1,divorced/separated
... < 0 DM,23,delay in paying off in the past,car (new),2062,... < 100 DM,4 <= ... < 7 years,4,female,none,1,unknown / no property,19,none,own,1,skilled employee / official,1,none,yes,1,married/widowed
0 <= ... < 200 DM,19,existing credits paid back duly till now,radio/television,1208,... < 100 DM,... < 1 year,4,male,none,3,"car or other, not in savings account",19,none,own,3,skilled employee / official,1,none,yes,2,divorced/separated
0 <= ... < 200 DM,4,existing credits paid back duly till now,car (new),2678,unknown / no savings account,unemployed,4,female,none,4,"car or other, not in savings account",49,none,for free,1,management / self-employed / highly qualified employee / officer,2,none,yes,2,divorced/separated
no checking account,12,existing credits paid back duly till now,car (used),1286,... < 100 DM,... >= 7 years,4,male,none,4,"car or other, not in savings account",48,bank,for free,2,unskilled - resident,1,none,yes,2,single
0 <= ... < 200 DM,4,no credits taken / all credits paid back duly,car (used),1874,... < 100 DM,unemployed,4,male,none,4,"car or other, not in savings account",19,none,own,1,management / self-employed / highly qualified employee / officer,1,"yes, registered under customer's name",yes,1,single
... >= 200 DM / salary assignments for at least 1 year,21,existing credits paid back duly till now,radio/television,4035,... < 100 DM,... >= 7 years,2,male,guarantor,4,building society savings agreement / life insurance,21,none,own,2,management / self-employed / highly qualified employee / officer,1,"yes, registered under customer's name",yes,1,divorced/separated
... < 0 DM,11,existing credits paid back duly till now,business,3288,... < 100 DM,4 <= ... < 7 years,4,female,none,4,building society savings agreement / life insurance,19,none,rent,2,unskilled - resident,2,none,yes,1,divorced/separated
no checking account,18,critical account / other credits existing (not at this bank),car (used),4747,500 <= ... < 1000 DM,4 <= ... < 7 years,2,male,none,2,building society savings agreement / life insurance,65,none,own,1,unskilled - resident,1,none,yes,1,single
0 <= ... < 200 DM,32,delay in paying off in the past,radio/television,3269,... < 100 DM,... >= 7 years,4,female,none,4,"car or other, not in savings account",21,none,own,1,unemployed / unskilled - non-resident,1,none,yes,2,single
0 <= ... < 200 DM,30,existing credits paid back duly till now,car (used),3351,... < 100 DM,... >= 7 years,2,male,none,3,building society savings agreement / life insurance,28,bank,own,1,unskilled - resident,2,none,yes,1,single
0 <= ... < 200 DM,27,no credits taken / all credits paid back duly,furniture/equipment,1799,unknown / no savings account,1 <= ... < 4 years,4,male,none,2,"car or other, not in savings account",19,none,own,4,unskilled - resident,1,none,yes,2,single
0 <= ... < 200 DM,43,critical account / other credits existing (not at this bank),repairs,1833,... < 100 DM,unemployed,4,female,none,2,building society savings agreement / life insurance,40,none,own,3,management / self-employed / highly qualified employee / officer,1,none,yes,1,divorced/separated
0 <= ... < 200 DM,18,delay in paying off in the past,radio/television,1666,... < 100 DM,... < 1 year,1,male,none,2,building society savings agreement / life insurance,20,none,own,1,skilled employee / official,1,none,yes,2,single
... < 0 DM,60,existing credits paid back duly till now,car (used),12674,... < 100 DM,1 <= ... < 4 years,4,male,none,2,real estate,19,bank,for free,4,management / self-employed / highly qualified employee / officer,1,none,yes,2,single
0 <= ... < 200 DM,13,all credits at this bank paid back duly,car (used),9754,unknown / no savings account,... >= 7 years,2,male,none,4,unknown / no property,27,bank,for free,2,skilled employee / official,1,none,yes,2,single
no checking account,41,existing credits paid back duly till now,radio/television,2639,500 <= ... < 1000 DM,1 <= ... < 4 years,4,male,none,4,"car or other, not in savings account",30,bank,own,4,skilled employee / official,1,"yes, registered under customer's name",yes,1,single
0 <= ... < 200 DM,29,delay in paying off in the past,car (new),4355,... < 100 DM,... < 1 year,4,male,none,4,real estate,33,none,for free,1,management / self-employed / highly qualified employee / officer,1,none,yes,1,divorced/separated
0 <= ... < 200 DM,16,all credits at this bank paid back duly,car (new),15945,... < 100 DM,4 <= ... < 7 years,4,male,none,2,building society savings agreement / life insurance,37,none,rent,2,skilled employee / official,2,"yes, registered under customer's name",yes,1,single
0 <= ... < 200 DM,7,delay in paying off in the past,radio/television,4435,... >= 1000 DM,4 <= ... < 7 years,4,male,none,4,real estate,22,none,rent,1,management / self-employed / highly qualified employee / officer,1,none,no,1,single
... < 0 DM,5,all credits at this bank paid back duly,car (new),2284,500 <= ... < 1000 DM,... < 1 year,2,female,none,2,unknown / no property,27,none,own,2,management / self-employed / highly qualified employee / officer,2,"yes, registered under customer's name",yes,2,divorced/separated
0 <= ... < 200 DM,4,delay in paying off in the past,furniture/equipment,1175,... < 100 DM,4 <= ... < 7 years,3,female,none,1,"car or other, not in savings account",20,none,own,1,unemployed / unskilled - non-resident,1,"yes, registered under customer's name",yes,2,divorced/separated
no checking account,28,delay in paying off in the past,car (used),1703,... < 100 DM,4 <= ... < 7 years,4,male,none,4,real estate,19,none,own,1,unemployed / unskilled - non-resident,1,none,yes,2,divorced/separated
no checking account,4,existing credits paid back duly till now,car (new),1746,unknown / no savings account,... < 1 year,4,female,none,4,"car or other, not in savings account",27,none,own,4,skilled employee / official,1,none,yes,1,divorced/separated
no checking account,20,existing credits paid back duly till now,business,2813,unknown / no savings account,1 <= ... < 4 years,2,female,co-applicant,4,real estate,20,bank,for free,1,skilled employee / official,2,"yes, registered under customer's name",yes,1,single
no checking account,18,existing credits paid back duly till now,radio/television,2186,... < 100 DM,... < 1 year,2,male,none,4,real estate,26,none,own,2,unskilled - resident,1,none,yes,2,divorced/separated
... < 0 DM,22,critical account / other credits existing (not at this bank),car (new),1875,unknown / no savings account,... < 1 year,4,male,none,2,"car or other, not in savings account",21,bank,rent,1,skilled employee / official,1,none,yes,1,married/widowed
0 <= ... < 200 DM,19,existing credits paid back duly till now,furniture/equipment,2888,... < 100 DM,... < 1 year,2,male,none,2,building society savings agreement / life insurance,24,none,rent,1,skilled employee / official,2,none,yes,1,divorced/separated
no checking account,4,critical account / other credits existing (not at this bank),radio/television,10458,... < 100 DM,1 <= ... < 4 years,4,male,none,4,building society savings agreement / life insurance,33,none,own,1,skilled employee / official,2,none,yes,2,single
0 <= ... < 200 DM,26,critical account / other credits existing (not at this bank),furniture/equipment,1799,500 <= ... < 1000 DM,1 <= ... < 4 years,2,male,none,4,"car or other, not in savings account",36,none,rent,4,management / self-employed / highly qualified employee / officer,1,none,yes,1,divorced/separated
no checking account,13,existing credits paid back duly till now,radio/television,1022,unknown / no savings account,4 <= ... < 7 years,2,male,none,4,"car or other, not in savings account",20,none,own,1,skilled employee / official,1,none,yes,1,single
no checking account,34,critical account / other credits existing (not at this bank),car (new),1782,... < 100 DM,1 <= ... < 4 years,4,male,none,2,real estate,39,bank,rent,1,unskilled - resident,2,none,yes,1,divorced/separated
no checking account,25,existing credits paid back duly till now,furniture/equipment,1974,unknown / no savings account,1 <= ... < 4 years,4,male,none,2,"car or other, not in savings account",37,none,own,1,skilled employee / official,1,"yes, registered under customer's name",yes,2,single
0 <= ... < 200 DM,23,all credits at this bank paid back duly,car (new),2632,... < 100 DM,unemployed,4,male,none,1,real estate,57,none,own,1,unskilled - resident,1,none,yes,2,married/widowed
... < 0 DM,24,existing credits paid back duly till now,radio/television,9661,... < 100 DM,1 <= ... < 4 years,1,female,none,2,unknown / no property,23,none,for free,4,skilled employee / official,1,"yes, registered under customer's name",yes,1,single
no checking account,11,critical account / other credits existing (not at this bank),radio/television,2427,... < 100 DM,... >= 7 years,1,male,none,2,real estate,19,none,rent,1,skilled employee / official,2,none,yes,1,single
0 <= ... < 200 DM,13,all credits at this bank paid back duly,radio/television,10769,... < 100 DM,... >= 7 years,4,male,none,1,building society savings agreement / life insurance,19,none,own,2,unskilled - resident,2,"yes, registered under customer's name",yes,1,divorced/separated
... < 0 DM,25,critical account / other credits existing (not at this bank),business,1742,... < 100 DM,4 <= ... < 7 years,4,male,none,2,real estate,33,none,for free,1,unskilled - resident,1,none,yes,2,single
... < 0 DM,17,existing credits paid back duly till now,car (new),5588,... < 100 DM,4 <= ... < 7 years,1,male,co-applicant,4,building society savings agreement / life insurance,75,none,rent,2,skilled employee / official,1,none,yes,1,single
0 <= ... < 200 DM,16,existing credits paid back duly till now,car (new),2776,unknown / no savings account,1 <= ... < 4 years,4,female,none,4,building society savings agreement / life insurance,40,none,own,1,unemployed / unskilled - non-resident,1,none,yes,1,single
0 <= ... < 200 DM,4,critical account / other credits existing (not at this bank),business,1861,100 <= ... < 500 DM,... < 1 year,2,male,co-applicant,1,"car or other, not in savings account",29,none,own,2,skilled employee / official,1,none,yes,1,divorced/separated
no checking account,4,existing credits paid back duly till now,education,15945,... < 100 DM,1 <= ... < 4 years,4,male,none,4,real estate,23,none,own,4,skilled employee / official,1,none,yes,2,single
0 <= ... < 200 DM,25,existing credits paid back duly till now,radio/television,2514,100 <= ... < 500 DM,4 <= ... < 7 years,4,male,none,2,real estate,21,none,rent,1,management / self-employed / highly qualified employee / officer,2,"yes, registered under customer's name",no,1,divorced/separated
... < 0 DM,12,existing credits paid back duly till now,radio/television,1279,100 <= ... < 500 DM,... < 1 year,3,male,none,4,real estate,25,bank,own,1,management / self-employed / highly qualified employee / officer,1,"yes, registered under customer's name",yes,1,divorced/separated
... < 0 DM,33,existing credits paid back duly till now,furniture/equipment,2174,... < 100 DM,1 <= ... < 4 years,4,male,none,1,"car or other, not in savings account",25,stores,for free,3,skilled employee / official,1,none,yes,1,single
0 <= ... < 200 DM,20,critical account / other credits existing (not at this bank),car (used),12434,unknown / no savings account,4 <= ... < 7 years,3,male,none,4,building society savings agreement / life insurance,19,none,rent,1,skilled employee / official,2,none,yes,2,single
0 <= ... < 200 DM,35,critical account / other credits existing (not at this bank),car (new),638,... < 100 DM,... < 1 year,4,female,none,4,real estate,27,bank,own,1,skilled employee / official,2,"yes, registered under customer's name",yes,1,divorced/separated
0 <= ... < 200 DM,23,all credits at this bank paid back duly,radio/television,6740,unknown / no savings account,... >= 7 years,2,male,none,2,real estate,19,none,own,1,management / self-employed / highly qualified employee / officer,1,none,yes,1,divorced/separated
... < 0 DM,4,critical account / other credits existing (not at this bank),radio/television,3562,unknown / no savings account,... < 1 year,1,male,none,4,building society savings agreement / life insurance,24,none,for free,2,skilled employee / official,1,none,yes,2,single
0 <= ... < 200 DM,42,critical account / other credits existing (not at this bank),furniture/equipment,2251,500 <= ... < 1000 DM,... < 1 year,4,male,none,3,"car or other, not in savings account",25,none,own,1,unemployed / unskilled - non-resident,1,"yes, registered under customer's name",yes,1,divorced/separated
no checking account,4,existing credits paid back duly till now,radio/television,4967,... < 100 DM,... < 1 year,4,male,guarantor,2,"car or other, not in savings account",35,none,rent,4,skilled employee / official,2,none,yes,1,divorced/separated
... < 0 DM,24,existing credits paid back duly till now,furniture/equipment,250,... < 100 DM,1 <= ... < 4 years,4,male,none,2,"car or other, not in savings account",40,none,rent,1,unskilled - resident,1,none,yes,1,divorced/separated
0 <= ... < 200 DM,35,existing credits paid back duly till now,retraining,15945,... < 100 DM,1 <= ... < 4 years,2,male,none,2,building society savings agreement / life insurance,43,none,own,3,management / self-employed / highly qualified employee / officer,1,"yes, registered under customer's name",yes,1,single
0 <= ... < 200 DM,23,existing credits paid back duly till now,car (new),3459,... < 100 DM,... >= 7 years,1,male,none,4,building society savings agreement / life insurance,53,none,rent,1,management / self-employed / highly qualified employee / officer,1,none,yes,2,single
0 <= ... < 200 DM,10,existing credits paid back duly till now,car (new),1785,... < 100 DM,1 <= ... < 4 years,4,male,none,4,real estate,23,none,own,2,skilled employee / official,2,none,yes,2,single
0 <= ... < 200 DM,21,existing credits paid back duly till now,furniture/equipment,2800,... < 100 DM,1 <= ... < 4 years,4,female,none,4,"car or other, not in savings account",25,none,for free,2,skilled employee / official,2,"yes, registered under customer's name",yes,1,divorced/separated
... < 0 DM,29,delay in paying off in the past,car (new),8253,unknown / no savings account,4 <= ... < 7 years,2,male,none,2,"car or other, not in savings account",27,none,rent,1,unskilled - resident,1,"yes, registered under customer's name",no,1,single
... < 0 DM,24,no credits taken / all credits paid back duly,car (new),1447,unknown / no savings account,unemployed,3,female,none,2,building society savings agreement / life insurance,25,none,own,4,unskilled - resident,2,"yes, registered under customer's name",yes,1,married/widowed
no checking account,35,existing credits paid back duly till now,radio/television,969,... < 100 DM,4 <= ... < 7 years,4,male,none,1,real estate,41,none,own,4,management / self-employed / highly qualified employee / officer,1,none,yes,1,divorced/separated
no checking account,4,delay in paying off in the past,radio/television,10978,... < 100 DM,... >= 7 years,4,male,none,1,"car or other, not in savings account",32,none,own,1,unemployed / unskilled - non-resident,1,none,yes,1,divorced/separated
0 <= ... < 200 DM,4,critical account / other credits existing (not at this bank),radio/television,1983,100 <= ... < 500 DM,... < 1 year,4,male,none,4,building society savings agreement / life insurance,39,none,rent,2,skilled employee / official,2,none,yes,1,divorced/separated
... < 0 DM,26,critical account / other credits existing (not at this bank),car (new),513,... < 100 DM,1 <= ... < 4 years,4,male,none,4,building society savings agreement / life insurance,21,none,rent,3,management / self-employed / highly qualified employee / officer,1,none,yes,2,divorced/separated
... < 0 DM,20,existing credits paid back duly till now,furniture/equipment,3355,500 <= ... < 1000 DM,1 <= ... < 4 years,4,male,none,4,"car or other, not in savings account",25,none,rent,1,unemployed / unskilled - non-resident,1,"yes, registered under customer's name",yes,2,single
... < 0 DM,7,existing credits paid back duly till now,car (new),3541,... < 100 DM,1 <= ... < 4 years,4,male,none,4,building society savings agreement / life insurance,36,none,own,1,skilled employee / official,1,none,yes,1,married/widowed
... >= 200 DM / salary assignments for at least 1 year,37,existing credits paid back duly till now,furniture/equipment,2888,100 <= ... < 500 DM,4 <= ... < 7 years,3,female,none,2,"car or other, not in savings account",22,none,rent,1,skilled employee / official,1,none,yes,1,divorced/separated
... < 0 DM,4,existing credits paid back duly till now,radio/television,1684,100 <= ... < 500 DM,... >= 7 years,2,female,none,4,"car or other, not in savings account",19,none,own,1,unemployed / unskilled - non-resident,1,none,yes,2,divorced/separated
no checking account,25,existing credits paid back duly till now,furniture/equipment,1568,... >= 1000 DM,1 <= ... < 4 years,1,male,none,2,"car or other, not in savings account",22,none,own,4,skilled employee / official,2,"yes, registered under customer's name",yes,1,single
0 <= ... < 200 DM,11,critical account / other credits existing (not at this bank),radio/television,2097,... < 100 DM,4 <= ... < 7 years,4,male,none,4,building society savings agreement / life insurance,19,bank,own,2,skilled employee / official,1,none,yes,2,single
0 <= ... < 200 DM,31,critical account / other credits existing (not at this bank),radio/television,2905,... < 100 DM,1 <= ... < 4 years,4,male,none,4,"car or other, not in savings account",35,none,rent,1,management / self-employed / highly qualified employee / officer,2,"yes, registered under customer's name",yes,2,divorced/separated
... < 0 DM,28,existing credits paid back duly till now,car (used),2240,unknown / no savings account,... < 1 year,2,female,none,4,"car or other, not in savings account",64,none,own,4,unemployed / unskilled - non-resident,2,none,yes,2,single
0 <= ... < 200 DM,45,existing credits paid back duly till now,radio/television,2259,... < 100 DM,1 <= ... < 4 years,2,male,none,4,"car or other, not in savings account",19,none,own,4,skilled employee / official,1,"yes, registered under customer's name",yes,1,single
0 <= ... < 200 DM,36,all credits at this bank paid back duly,furniture/equipment,840,100 <= ... < 500 DM,1 <= ... < 4 years,4,male,none,4,"car or other, not in savings account",23,none,own,1,management / self-employed / highly qualified employee / officer,1,none,yes,1,divorced/separated
... >= 200 DM / salary assignments for at least 1 year,35,critical account / other credits existing (not at this bank),car (new),3230,unknown / no savings account,... >= 7 years,4,female,none,2,"car or other, not in savings account",19,none,own,1,unskilled - resident,1,none,yes,2,single
no checking account,22,existing credits paid back duly till now,car (new),2003,... < 100 DM,... < 1 year,4,male,none,3,building society savings agreement / life insurance,36,bank,own,4,skilled employee / official,2,none,yes,2,divorced/separated
... < 0 DM,4,existing credits paid back duly till now,car (new),12385,100 <= ... < 500 DM,1 <= ... < 4 years,4,male,none,4,"car or other, not in savings account",27,none,rent,3,skilled employee / official,1,none,yes,1,single
0 <= ... < 200 DM,8,all credits at this bank paid back duly,car (new),1210,unknown / no savings account,1 <= ... < 4 years,2,male,none,4,building society savings agreement / life insurance,22,stores,own,1,skilled employee / official,1,none,yes,1,married/widowed
0 <= ... < 200 DM,4,existing credits paid back duly till now,business,3379,... < 100 DM,4 <= ... < 7 years,1,female,co-applicant,2,"car or other, not in savings account",31,none,own,1,unskilled - resident,1,none,yes,1,divorced/separated
0 <= ... < 200 DM,4,critical account / other credits existing (not at this bank),furniture/equipment,2152,... < 100 DM,unemployed,2,female,none,3,"car or other, not in savings account",35,none,own,1,unemployed / unskilled - non-resident,1,"yes, registered under customer's name",no,2,single
... < 0 DM,36,critical account / other credits existing (not at this bank),car (new),3032,100 <= ... < 500 DM,unemployed,4,female,none,4,real estate,27,bank,rent,3,skilled employee / official,2,none,yes,1,divorced/separated
0 <= ... < 200 DM,15,existing credits paid back duly till now,others,12389,... < 100 DM,... >= 7 years,2,male,none,4,"car or other, not in savings account",19,stores,own,4,management / self-employed / highly qualified employee / officer,1,none,yes,2,divorced/separated
... < 0 DM,23,all credits at this bank paid back duly,radio/television,2089,... < 100 DM,... >= 7 years,4,female,none,4,"car or other, not in savings account",39,none,own,1,unskilled - resident,1,none,yes,1,divorced/separated
no checking account,21,all credits at this bank paid back duly,radio/television,2454,... < 100 DM,... >= 7 years,4,female,none,4,"car or other, not in savings account",24,none,own,1,unskilled - resident,1,"yes, registered under customer's name",yes,1,single
no checking account,21,critical account / other credits existing (not at this bank),car (new),3419,100 <= ... < 500 DM,... < 1 year,4,male,none,4,"car or other, not in savings account",25,stores,own,4,skilled employee / official,1,"yes, registered under customer's name",yes,1,single
no checking account,6,existing credits paid back duly till now,furniture/equipment,1993,unknown / no savings account,unemployed,2,female,none,2,building society savings agreement / life insurance,32,none,own,1,skilled employee / official,1,none,yes,1,single
no checking account,24,critical account / other credits existing (not at this bank),furniture/equipment,2676,... < 100 DM,1 <= ... < 4 years,2,female,none,4,"car or other, not in savings account",19,none,own,1,skilled employee / official,1,none,yes,1,single
no checking account,4,delay in paying off in the past,radio/television,3047,100 <= ... < 500 DM,1 <= ... < 4 years,4,female,none,2,real estate,24,none,rent,1,skilled employee / official,1,"yes, registered under customer's name",yes,2,single
no checking account,19,existing credits paid back duly till now,radio/television,3014,... < 100 DM,1 <= ... < 4 years,2,male,none,4,"car or other, not in savings account",34,none,rent,1,skilled employee / official,1,none,yes,1,married/widowed
... < 0 DM,16,existing credits paid back duly till now,radio/television,1654,100 <= ... < 500 DM,... >= 7 years,4,male,none,4,unknown / no property,29,bank,own,1,management / self-employed / highly qualified employee / officer,1,none,yes,1,single
0 <= ... < 200 DM,22,delay in paying off in the past,car (new),1336,... < 100 DM,... >= 7 years,4,male,none,4,unknown / no property,50,none,own,2,skilled employee / official,1,none,yes,1,divorced/separated
... >= 200 DM / salary assignments for at least 1 year,17,existing credits paid back duly till now,retraining,250,... < 100 DM,... >= 7 years,1,male,none,2,"car or other, not in savings account",20,none,rent,1,skilled employee / official,1,none,yes,1,single
0 <= ... < 200 DM,27,existing credits paid back duly till now,car (new),5991,100 <= ... < 500 DM,... >= 7 years,4,male,none,3,"car or other, not in savings account",22,none,own,1,skilled employee / official,1,none,yes,2,divorced/separated
no checking account,45,existing credits paid back duly till now,car (used),2798,500 <= ... < 1000 DM,... >= 7 years,4,male,co-applicant,2,"car or other, not in savings account",22,stores,own,2,management / self-employed / highly qualified employee / officer,1,none,yes,1,single
... < 0 DM,33,critical account / other credits existing (not at this bank),car (used),2505,... < 100 DM,unemployed,4,male,none,2,building society savings agreement / life insurance,25,none,own,1,skilled employee / official,2,none,yes,1,divorced/separated
... >= 200 DM / salary assignments for at least 1 year,16,critical account / other credits existing (not at this bank),furniture/equipment,2811,... < 100 DM,... >= 7 years,2,male,none,3,building society savings agreement / life insurance,47,none,own,1,skilled employee / official,1,none,yes,2,divorced/separated
... < 0 DM,8,critical account / other credits existing (not at this bank),car (new),3480,... < 100 DM,1 <= ... < 4 years,2,male,co-applicant,4,real estate,23,none,for free,4,management / self-employed / highly qualified employee / officer,1,none,yes,1,divorced/separated
no checking account,25,critical account / other credits existing (not at this bank),car (new),9255,500 <= ... < 1000 DM,... < 1 year,1,female,co-applicant,2,real estate,52,none,rent,2,skilled employee / official,1,"yes, registered under customer's name",yes,1,divorced/separated
0 <= ... < 200 DM,10,existing credits paid back duly till now,furniture/equipment,1946,unknown / no savings account,... < 1 year,4,female,none,2,"car or other, not in savings account",19,none,own,1,unskilled - resident,1,none,yes,2,single
no checking account,20,all credits at this bank paid back duly,repairs,2126,unknown / no savings account,1 <= ... < 4 years,4,female,none,4,real estate,33,none,own,1,management / self-employed / highly qualified employee / officer,1,"yes, registered under customer's name",no,2,single
0 <= ... < 200 DM,27,critical account / other credits existing (not at this bank),car (new),3632,... < 100 DM,... < 1 year,2,female,none,4,"car or other, not in savings account",32,none,for free,2,management / self-employed / highly qualified employee / officer,1,none,yes,1,divorced/separated
0 <= ... < 200 DM,8,critical account / other credits existing (not at this bank),radio/television,2519,... < 100 DM,... >= 7 years,4,male,none,4,real estate,54,bank,own,1,skilled employee / official,1,none,yes,1,single
0 <= ... < 200 DM,5,critical account / other credits existing (not at this bank),car (used),5430,... < 100 DM,1 <= ... < 4 years,4,female,none,4,real estate,19,none,own,1,skilled employee / official,1,none,yes,2,divorced/separated
0 <= ... < 200 DM,26,existing credits paid back duly till now,radio/television,2336,... < 100 DM,... < 1 year,4,male,none,2,unknown / no property,29,bank,rent,1,skilled employee / official,1,none,yes,1,divorced/separated
0 <= ... < 200 DM,36,delay in paying off in the past,car (new),1403,... >= 1000 DM,... < 1 year,3,female,none,2,building society savings agreement / life insurance,23,none,own,1,skilled employee / official,2,"yes, registered under customer's name",yes,1,divorced/separated
no checking account,7,existing credits paid back duly till now,radio/television,2995,... < 100 DM,... >= 7 years,1,female,none,4,unknown / no property,19,none,rent,1,skilled employee / official,1,none,yes,2,single
... < 0 DM,16,existing credits paid back duly till now,furniture/equipment,2296,100 <= ... < 500 DM,1 <= ... < 4 years,2,male,none,4,unknown / no property,42,none,rent,1,management / self-employed / highly qualified employee / officer,2,"yes, registered under customer's name",yes,2,married/widowed
no checking account,22,critical account / other credits existing (not at this bank),furniture/equipment,4038,... < 100 DM,... < 1 year,4,male,none,2,"car or other, not in savings account",66,none,own,1,skilled employee / official,2,none,yes,1,single
0 <= ... < 200 DM,6,critical account / other credits existing (not at this bank),business,1478,... < 100 DM,4 <= ... < 7 years,4,male,none,4,"car or other, not in savings account",30,none,rent,4,skilled employee / official,1,none,yes,1,single
... < 0 DM,4,existing credits paid back duly till now,car (used),250,... < 100 DM,4 <= ... < 7 years,4,male,none,3,"car or other, not in savings account",20,none,rent,1,skilled employee / official,1,none,yes,1,single
... < 0 DM,4,delay in paying off in the past,radio/television,1906,... < 100 DM,... < 1 year,4,female,none,3,building society savings agreement / life insurance,38,none,rent,1,skilled employee / official,2,none,yes,2,single
no checking account,22,existing credits paid back duly till now,car (new),12016,unknown / no savings account,... >= 7 years,2,male,none,4,building society savings agreement / life insurance,19,none,own,1,unskilled - resident,1,none,yes,1,divorced/separated
... >= 200 DM / salary assignments for at least 1 year,23,all credits at this bank paid back duly,radio/television,2030,... < 100 DM,... >= 7 years,4,female,none,1,unknown / no property,25,none,own,2,management / self-employed / highly qualified employee / officer,1,"yes, registered under customer's name",yes,1,single
no checking account,7,existing credits paid back duly till now,radio/television,2375,... < 100 DM,unemployed,2,female,co-applicant,2,real estate,59,none,own,2,skilled employee / official,1,none,yes,1,single
0 <= ... < 200 DM,5,existing credits paid back duly till now,car (used),2135,... < 100 DM,4 <= ... < 7 years,4,male,guarantor,4,"car or other, not in savings account",19,none,own,1,skilled employee / official,1,none,yes,1,divorced/separated
... < 0 DM,4,existing credits paid back duly till now,car (used),3287,unknown / no savings account,... < 1 year,4,female,none,4,unknown / no property,25,none,own,1,unskilled - resident,1,"yes, registered under customer's name",no,1,single
... < 0 DM,10,existing credits paid back duly till now,car (new),2706,... < 100 DM,1 <= ... < 4 years,2,male,none,4,"car or other, not in savings account",25,none,own,1,skilled employee / official,1,none,yes,1,single
no checking account,4,critical account / other credits existing (not at this bank),radio/television,2512,... < 100 DM,1 <= ... < 4 years,2,female,none,2,"car or other, not in savings account",26,none,for free,2,unemployed / unskilled - non-resident,1,none,yes,1,single
0 <= ... < 200 DM,21,existing credits paid back duly till now,education,3239,unknown / no savings account,... < 1 year,2,female,co-applicant,3,real estate,34,none,rent,1,unskilled - resident,1,none,yes,1,single
... < 0 DM,19,all credits at this bank paid back duly,radio/television,1164,... >= 1000 DM,... >= 7 years,4,male,none,4,real estate,35,stores,own,1,management / self-employed / highly qualified employee / officer,1,none,yes,1,single
0 <= ... < 200 DM,9,critical account / other credits existing (not at this bank),furniture/equipment,398,... < 100 DM,4 <= ... < 7 years,1,male,none,2,real estate,32,none,for free,1,skilled employee / official,1,none,yes,2,divorced/separated
no checking account,4,existing credits paid back duly till now,car (new),1196,... < 100 DM,... >= 7 years,4,male,none,2,unknown / no property,40,none,own,1,skilled employee / official,2,"yes, registered under customer's name",yes,1,divorced/separated
0 <= ... < 200 DM,37,existing credits paid back duly till now,car (new),906,unknown / no savings account,1 <= ... < 4 years,4,female,none,4,unknown / no property,35,bank,for free,4,unskilled - resident,1,none,yes,1,divorced/separated
0 <= ... < 200 DM,20,critical account / other credits existing (not at this bank),car (new),2874,... < 100 DM,... >= 7 years,4,female,none,1,real estate,64,none,rent,1,skilled employee / official,1,none,yes,2,single
no checking account,9,critical account / other credits existing (not at this bank),car (new),2072,unknown / no savings account,... >= 7 years,4,male,none,2,real estate,19,none,own,1,skilled employee / official,1,"yes, registered under customer's name",yes,2,single
no checking account,9,existing credits paid back duly till now,business,7868,... < 100 DM,... >= 7 years,4,female,none,4,real estate,44,none,own,1,management / self-employed / highly qualified employee / officer,1,"yes, registered under customer's name",yes,2,divorced/separated
0 <= ... < 200 DM,22,critical account / other credits existing (not at this bank),car (new),15945,... >= 1000 DM,... >= 7 years,4,male,guarantor,4,"car or other, not in savings account",56,none,own,1,unskilled - resident,1,none,yes,1,single
... >= 200 DM / salary assignments for at least 1 year,13,critical account / other credits existing (not at this bank),furniture/equipment,2309,500 <= ... < 1000 DM,unemployed,4,female,none,4,"car or other, not in savings account",27,none,own,1,skilled employee / official,1,none,yes,1,single
no checking account,34,existing credits paid back duly till now,car (new),3958,... < 100 DM,unemployed,4,male,none,4,real estate,31,none,own,1,skilled employee / official,1,none,yes,2,divorced/separated
no checking account,51,existing credits paid back duly till now,car (new),3289,500 <= ... < 1000 DM,unemployed,4,female,none,4,unknown / no property,26,none,own,1,skilled employee / official,2,none,yes,1,single
0 <= ... < 200 DM,25,critical account / other credits existing (not at this bank),furniture/equipment,6215,unknown / no savings account,4 <= ... < 7 years,4,male,none,2,"car or other, not in savings account",33,bank,rent,2,skilled employee / official,2,none,yes,1,divorced/separated
... < 0 DM,4,existing credits paid back duly till now,radio/television,8470,... < 100 DM,... >= 7 years,2,male,none,4,"car or other, not in savings account",19,none,own,2,skilled employee / official,1,"yes, registered under customer's name",yes,1,divorced/separated
no checking account,13,no credits taken / all credits paid back duly,car (new),9405,... < 100 DM,1 <= ... < 4 years,4,male,none,2,"car or other, not in savings account",27,none,own,4,skilled employee / official,2,"yes, registered under customer's name",yes,1,single
0 <= ... < 200 DM,12,critical account / other credits existing (not at this bank),car (new),6416,... < 100 DM,... < 1 year,4,male,none,2,"car or other, not in savings account",21,none,own,1,skilled employee / official,1,none,yes,2,divorced/separated
0 <= ... < 200 DM,31,existing credits paid back duly till now,car (new),1788,... < 100 DM,1 <= ... < 4 years,4,male,co-applicant,2,unknown / no property,25,none,own,1,unskilled - resident,2,none,yes,2,single
no checking account,4,critical account / other credits existing (not at this bank),business,2460,... < 100 DM,... >= 7 years,4,male,none,4,unknown / no property,33,none,rent,2,skilled employee / official,1,none,yes,2,single
0 <= ... < 200 DM,22,critical account / other credits existing (not at this bank),radio/television,11228,unknown / no savings account,4 <= ... < 7 years,4,male,none,1,real estate,23,bank,own,1,skilled employee / official,1,none,yes,1,single
no checking account,12,existing credits paid back duly till now,furniture/equipment,5230,unknown / no savings account,... >= 7 years,4,female,none,3,"car or other, not in savings account",36,none,own,2,skilled employee / official,1,none,yes,1,single
... < 0 DM,20,existing credits paid back duly till now,furniture/equipment,2210,unknown / no savings account,... >= 7 years,2,male,none,3,"car or other, not in savings account",19,none,rent,4,unskilled - resident,2,"yes, registered under customer's name",yes,2,divorced/separated
0 <= ... < 200 DM,27,critical account / other credits existing (not at this bank),car (new),1982,... < 100 DM,1 <= ... < 4 years,4,female,none,4,"car or other, not in savings account",19,none,own,1,skilled employee / official,1,none,yes,1,single
... < 0 DM,4,existing credits paid back duly till now,car (new),2232,unknown / no savings account,4 <= ... < 7 years,2,male,none,4,"car or other, not in savings account",31,none,rent,1,unskilled - resident,1,none,yes,2,divorced/separated
0 <= ... < 200 DM,5,existing credits paid back duly till now,car (new),1701,... < 100 DM,... < 1 year,4,male,none,2,real estate,19,none,own,1,skilled employee / official,1,none,yes,1,divorced/separated
no checking account,9,delay in paying off in the past,car (new),1735,unknown / no savings account,unemployed,2,female,none,4,"car or other, not in savings account",45,none,own,4,skilled employee / official,2,none,yes,1,single
0 <= ... < 200 DM,15,critical account / other credits existing (not at this bank),repairs,2544,100 <= ... < 500 DM,unemployed,2,female,none,4,real estate,44,none,for free,1,unemployed / unskilled - non-resident,1,none,no,1,single
no checking account,8,existing credits paid back duly till now,furniture/equipment,1146,unknown / no savings account,4 <= ... < 7 years,4,male,guarantor,2,unknown / no property,23,none,rent,1,unskilled - resident,2,"yes, registered under customer's name",yes,1,single
0 <= ... < 200 DM,4,existing credits paid back duly till now,furniture/equipment,4182,... < 100 DM,... < 1 year,4,male,none,3,"car or other, not in savings account",21,none,rent,1,management / self-employed / highly qualified employee / officer,1,none,yes,2,divorced/separated
no checking account,19,existing credits paid back duly till now,car (new),3184,... < 100 DM,... >= 7 years,2,female,none,4,unknown / no property,37,stores,own,3,management / self-employed / highly qualified employee / officer,1,"yes, registered under customer's name",yes,1,single
no checking account,16,no credits taken / all credits paid back duly,radio/television,6467,... < 100 DM,... < 1 year,4,male,none,3,real estate,30,none,own,1,skilled employee / official,1,none,yes,1,single
0 <= ... < 200 DM,24,no credits taken / all credits paid back duly,car (used),2139,unknown / no savings account,4 <= ... < 7 years,2,female,none,4,"car or other, not in savings account",29,bank,own,3,unskilled - resident,2,none,yes,1,single
no checking account,30,existing credits paid back duly till now,business,2163,... < 100 DM,4 <= ... < 7 years,4,male,none,2,real estate,32,none,own,1,skilled employee / official,2,none,yes,1,single
no checking account,12,existing credits paid back duly till now,car (new),9460,100 <= ... < 500 DM,1 <= ... < 4 years,3,female,none,2,"car or other, not in savings account",19,none,own,1,skilled employee / official,2,none,yes,2,divorced/separated
0 <= ... < 200 DM,17,existing credits paid back duly till now,car (new),2992,... < 100 DM,... >= 7 years,3,female,none,4,unknown / no property,21,none,own,1,skilled employee / official,1,none,yes,2,single
no checking account,6,critical account / other credits existing (not at this bank),car (new),6154,... < 100 DM,1 <= ... < 4 years,4,male,none,4,unknown / no property,29,bank,own,1,skilled employee / official,1,none,yes,2,divorced/separated
... >= 200 DM / salary assignments for at least 1 year,17,existing credits paid back duly till now,car (new),3170,100 <= ... < 500 DM,4 <= ... < 7 years,2,male,none,2,"car or other, not in savings account",32,bank,own,1,skilled employee / official,2,none,yes,1,married/widowed
0 <= ... < 200 DM,8,existing credits paid back duly till now,car (new),6078,... < 100 DM,4 <= ... < 7 years,2,female,none,2,building society savings agreement / life insurance,41,none,rent,2,skilled employee / official,1,none,yes,1,divorced/separated
0 <= ... < 200 DM,25,delay in paying off in the past,retraining,5913,500 <= ... < 1000 DM,1 <= ... < 4 years,4,female,none,1,real estate,45,none,own,1,skilled employee / official,1,"yes, registered under customer's name",yes,2,single
no checking account,22,delay in paying off in the past,business,1225,500 <= ... < 1000 DM,... < 1 year,4,female,guarantor,2,"car or other, not in savings account",19,none,for free,2,skilled employee / official,1,none,yes,1,divorced/separated
no checking account,22,no credits taken / all credits paid back duly,radio/television,2279,... < 100 DM,4 <= ... < 7 years,2,female,none,4,"car or other, not in savings account",25,none,own,2,management / self-employed / highly qualified employee / officer,2,"yes, registered under customer's name",yes,1,single
... < 0 DM,4,existing credits paid back duly till now,car (new),13594,... < 100 DM,... >= 7 years,2,male,none,4,real estate,19,none,rent,1,unskilled - resident,2,none,yes,1,divorced/separated
0 <= ... < 200 DM,4,existing credits paid back duly till now,radio/television,1701,... >= 1000 DM,unemployed,2,male,none,4,building society savings agreement / life insurance,21,none,for free,1,skilled employee / official,1,none,yes,1,divorced/separated
0 <= ... < 200 DM,4,existing credits paid back duly till now,radio/television,1540,... < 100 DM,1 <= ... < 4 years,2,male,none,2,unknown / no property,28,none,own,1,skilled employee / official,1,"yes, registered under customer's name",yes,1,divorced/separated
0 <= ... < 200 DM,27,existing credits paid back duly till now,car (used),1582,... < 100 DM,4 <= ... < 7 years,4,female,none,2,building society savings agreement / life insurance,19,none,own,1,unskilled - resident,1,none,yes,1,divorced/separated
... < 0 DM,25,existing credits paid back duly till now,furniture/equipment,910,unknown / no savings account,... >= 7 years,1,male,guarantor,4,real estate,31,none,own,1,skilled employee / official,1,none,yes,2,single
0 <= ... < 200 DM,4,all credits at this bank paid back duly,car (new),7897,... < 100 DM,... >= 7 years,4,male,none,4,building society savings agreement / life insurance,25,none,for free,2,management / self-employed / highly qualified employee / officer,1,none,yes,2,divorced/separated
no checking account,13,critical account / other credits existing (not at this bank),furniture/equipment,4739,... < 100 DM,... < 1 year,2,male,none,3,real estate,22,none,own,1,skilled employee / official,1,"yes, registered under customer's name",yes,2,single
0 <= ... < 200 DM,5,existing credits paid back duly till now,business,744,unknown / no savings account,... >= 7 years,1,male,none,2,"car or other, not in savings account",29,none,own,2,skilled employee / official,1,"yes, registered under customer's name",yes,1,divorced/separated
no checking account,20,existing credits paid back duly till now,car (used),2158,... < 100 DM,4 <= ... < 7 years,2,female,none,4,"car or other, not in savings account",19,none,own,1,management / self-employed / highly qualified employee / officer,2,"yes, registered under customer's name",yes,1,divorced/separated
no checking account,19,all credits at this bank paid back duly,furniture/equipment,3495,500 <= ... < 1000 DM,1 <= ... < 4 years,4,male,none,2,unknown / no property,35,none,own,1,skilled employee / official,1,none,yes,1,divorced/separated
0 <= ... < 200 DM,21,critical account / other credits existing (not at this bank),radio/television,2908,unknown / no savings account,1 <= ... < 4 years,4,male,none,2,real estate,23,none,own,2,skilled employee / official,2,none,yes,1,single
no checking account,40,critical account / other credits existing (not at this bank),car (new),6197,... < 100 DM,... < 1 year,1,female,none,4,building society savings agreement / life insurance,21,bank,own,3,unskilled - resident,1,"yes, registered under customer's name",yes,1,divorced/separated
0 <= ... < 200 DM,17,existing credits paid back duly till now,car (new),2902,... < 100 DM,... >= 7 years,1,female,none,3,"car or other, not in savings account",37,bank,for free,1,skilled employee / official,1,none,yes,1,single
0 <= ... < 200 DM,13,critical account / other credits existing (not at this bank),car (new),3100,unknown / no savings account,1 <= ... < 4 years,4,male,none,4,"car or other, not in savings account",20,none,own,1,skilled employee / official,1,"yes, registered under customer's name",yes,2,divorced/separated
... < 0 DM,23,critical account / other credits existing (not at this bank),car (new),3040,... < 100 DM,1 <= ... < 4 years,2,male,none,1,building society savings agreement / life insurance,25,none,own,2,unskilled - resident,2,none,yes,1,single
no checking account,26,delay in paying off in the past,business,3309,... < 100 DM,... >= 7 years,1,male,none,4,real estate,48,none,for free,2,skilled employee / official,1,none,yes,1,divorced/separated
0 <= ... < 200 DM,19,all credits at this bank paid back duly,car (new),2089,unknown / no savings account,4 <= ... < 7 years,2,male,none,2,building society savings agreement / life insurance,34,none,own,1,management / self-employed / highly qualified employee / officer,2,none,yes,2,divorced/separated
no checking account,6,critical account / other credits existing (not at this bank),car (new),3110,... < 100 DM,1 <= ... < 4 years,4,male,none,4,"car or other, not in savings account",53,none,own,3,skilled employee / official,1,none,yes,1,single
... < 0 DM,8,existing credits paid back duly till now,radio/television,4401,unknown / no savings account,unemployed,2,female,guarantor,2,real estate,33,bank,for free,1,skilled employee / official,1,none,yes,2,married/widowed
no checking account,13,critical account / other credits existing (not at this bank),radio/television,2414,... < 100 DM,1 <= ... < 4 years,2,female,none,2,"car or other, not in savings account",21,none,own,2,unskilled - resident,1,none,yes,1,single
0 <= ... < 200 DM,38,existing credits paid back duly till now,radio/television,4287,... < 100 DM,... < 1 year,4,female,none,2,"car or other, not in savings account",30,stores,rent,1,unskilled - resident,2,none,yes,1,divorced/separated
no checking account,22,critical account / other credits existing (not at this bank),car (new),2921,100 <= ... < 500 DM,... >= 7 years,4,female,none,4,"car or other, not in savings account",28,none,for free,2,skilled employee / official,1,"yes, registered under customer's name",yes,2,single
no checking account,25,critical account / other credits existing (not at this bank),furniture/equipment,8849,unknown / no savings account,... >= 7 years,3,male,none,4,"car or other, not in savings account",50,stores,own,4,skilled employee / official,1,"yes, registered under customer's name",yes,2,single
0 <= ... < 200 DM,29,critical account / other credits existing (not at this bank),radio/television,1135,unknown / no savings account,... >= 7 years,4,female,none,4,building society savings agreement / life insurance,20,none,own,2,skilled employee / official,1,"yes, registered under customer's name",yes,2,divorced/separated
no checking account,27,delay in paying off in the past,repairs,1276,... < 100 DM,unemployed,2,male,co-applicant,2,building society savings agreement / life insurance,26,none,own,4,unskilled - resident,1,"yes, registered under customer's name",yes,2,married/widowed
0 <= ... < 200 DM,25,existing credits paid back duly till now,car (new),3072,unknown / no savings account,unemployed,4,male,none,4,"car or other, not in savings account",19,none,own,1,skilled employee / official,2,none,yes,1,divorced/separated
no checking account,23,existing credits paid back duly till now,car (new),3499,unknown / no savings account,... < 1 year,4,female,none,2,"car or other, not in savings account",19,none,own,1,skilled employee / official,1,none,yes,2,single
... < 0 DM,18,existing credits paid back duly till now,car (new),2534,... < 100 DM,1 <= ... < 4 years,4,male,none,4,"car or other, not in savings account",33,bank,own,2,skilled employee / official,1,none,yes,1,divorced/separated
0 <= ... < 200 DM,6,existing credits paid back duly till now,car (new),1605,... < 100 DM,... < 1 year,4,male,none,4,real estate,19,none,own,1,skilled employee / official,1,none,yes,1,divorced/separated
no checking account,9,existing credits paid back duly till now,car (new),1845,... < 100 DM,1 <= ... < 4 years,1,male,none,3,"car or other, not in savings account",34,none,rent,1,skilled employee / official,1,none,yes,1,single
no checking account,4,existing credits paid back duly till now,radio/television,1796,... < 100 DM,1 <= ... < 4 years,4,male,guarantor,2,"car or other, not in savings account",20,none,own,1,skilled employee / official,2,none,yes,1,divorced/separated
0 <= ... < 200 DM,30,all credits at this bank paid back duly,furniture/equipment,3114,... < 100 DM,unemployed,4,female,none,4,"car or other, not in savings account",39,bank,own,1,unskilled - resident,2,"yes, registered under customer's name",no,1,divorced/separated
... < 0 DM,24,all credits at this bank paid back duly,car (used),5423,... < 100 DM,1 <= ... < 4 years,2,female,none,2,unknown / no property,29,none,rent,1,management / self-employed / highly qualified employee / officer,1,none,yes,2,single
no checking account,4,existing credits paid back duly till now,car (new),3937,... >= 1000 DM,... >= 7 years,2,male,guarantor,3,"car or other, not in savings account",37,none,own,1,skilled employee / official,1,none,yes,2,single
0 <= ... < 200 DM,4,existing credits paid back duly till now,furniture/equipment,3562,... >= 1000 DM,1 <= ... < 4 years,2,male,none,4,building society savings agreement / life insurance,21,none,own,1,management / self-employed / highly qualified employee / officer,2,"yes, registered under customer's name",yes,1,single
... < 0 DM,10,delay in paying off in the past,repairs,2790,unknown / no savings account,1 <= ... < 4 years,4,female,none,2,unknown / no property,31,bank,own,2,management / self-employed / highly qualified employee / officer,1,"yes, registered under customer's name",yes,1,single
0 <= ... < 200 DM,4,critical account / other credits existing (not at this bank),car (new),2673,... < 100 DM,... < 1 year,3,male,guarantor,4,building society savings agreement / life insurance,28,bank,rent,2,skilled employee / official,1,"yes, registered under customer's name",yes,1,single
0 <= ... < 200 DM,10,critical account / other credits existing (not at this bank),furniture/equipment,5331,... < 100 DM,4 <= ... < 7 years,4,male,none,4,building society savings agreement / life insurance,32,stores,own,1,skilled employee / official,2,"yes, registered under customer's name",yes,2,divorced/separated
no checking account,16,no credits taken / all credits paid back duly,furniture/equipment,3418,... < 100 DM,... < 1 year,4,male,none,2,"car or other, not in savings account",24,none,own,1,unemployed / unskilled - non-resident,2,none,yes,2,divorced/separated
... < 0 DM,15,critical account / other credits existing (not at this bank),car (new),1032,... < 100 DM,... < 1 year,4,male,none,2,"car or other, not in savings account",26,none,own,2,management / self-employed / highly qualified employee / officer,1,none,no,2,divorced/separated
... < 0 DM,17,existing credits paid back duly till now,repairs,1651,unknown / no savings account,1 <= ... < 4 years,4,female,none,2,real estate,19,none,own,1,unskilled - resident,1,none,yes,1,single
0 <= ... < 200 DM,20,existing credits paid back duly till now,car (new),2593,100 <= ... < 500 DM,... < 1 year,1,male,guarantor,2,building society savings agreement / life insurance,19,bank,own,2,management / self-employed / highly qualified employee / officer,1,"yes, registered under customer's name",yes,2,single
no checking account,34,existing credits paid back duly till now,furniture/equipment,3311,... < 100 DM,1 <= ... < 4 years,2,male,none,2,real estate,28,none,own,2,unskilled - resident,2,"yes, registered under customer's name",yes,2,single
no checking account,30,existing credits paid back duly till now,furniture/equipment,9208,... < 100 DM,1 <= ... < 4 years,4,male,none,4,"car or other, not in savings account",35,bank,rent,1,unemployed / unskilled - non-resident,1,none,yes,1,single
no checking account,4,critical account / other credits existing (not at this bank),radio/television,1269,unknown / no savings account,1 <= ... < 4 years,4,male,none,4,real estate,30,none,rent,1,unskilled - resident,1,none,yes,1,single
0 <= ... < 200 DM,29,existing credits paid back duly till now,furniture/equipment,2074,... < 100 DM,... < 1 year,4,male,none,2,building society savings agreement / life insurance,19,none,for free,1,skilled employee / official,1,"yes, registered under customer's name",yes,1,divorced/separated
no checking account,12,delay in paying off in the past,business,3130,... < 100 DM,1 <= ... < 4 years,2,female,none,3,"car or other, not in savings account",23,bank,for free,1,skilled employee / official,1,none,yes,1,divorced/separated
... >= 200 DM / salary assignments for at least 1 year,17,existing credits paid back duly till now,radio/television,2344,... < 100 DM,unemployed,4,male,none,4,unknown / no property,22,none,own,1,skilled employee / official,2,"yes, registered under customer's name",yes,1,single
0 <= ... < 200 DM,5,existing credits paid back duly till now,radio/television,2207,100 <= ... < 500 DM,... >= 7 years,4,male,none,4,real estate,21,none,own,1,unemployed / unskilled - non-resident,1,none,yes,1,divorced/separated
... >= 200 DM / salary assignments for at least 1 year,19,existing credits paid back duly till now,car (used),3104,500 <= ... < 1000 DM,... >= 7 years,4,male,guarantor,2,"car or other, not in savings account",24,none,own,2,unskilled - resident,1,"yes, registered under customer's name",yes,1,single
0 <= ... < 200 DM,18,existing credits paid back duly till now,education,6506,100 <= ... < 500 DM,... >= 7 years,2,male,none,2,building society savings agreement / life insurance,37,none,own,4,unskilled - resident,1,none,yes,1,single
... < 0 DM,22,all credits at this bank paid back duly,car (new),9190,... < 100 DM,... >= 7 years,4,male,none,3,building society savings agreement / life insurance,19,none,own,1,skilled employee / official,1,"yes, registered under customer's name",yes,1,single
0 <= ... < 200 DM,35,critical account / other credits existing (not at this bank),car (new),3250,unknown / no savings account,1 <= ... < 4 years,3,male,none,4,building society savings agreement / life insurance,20,none,own,1,skilled employee / official,1,none,yes,1,divorced/separated
... < 0 DM,6,all credits at this bank paid back duly,car (new),440,... < 100 DM,... >= 7 years,4,male,guarantor,3,real estate,26,none,own,2,skilled employee / official,1,"yes, registered under customer's name",yes,1,divorced/separated
no checking account,14,existing credits paid back duly till now,radio/television,2895,... < 100 DM,1 <= ... < 4 years,4,male,none,4,"car or other, not in savings account",31,none,rent,1,skilled employee / official,2,none,yes,2,single
0 <= ... < 200 DM,4,existing credits paid back duly till now,business,3281,unknown / no savings account,... < 1 year,4,male,none,2,"car or other, not in savings account",19,none,for free,2,skilled employee / official,2,none,yes,1,divorced/separated
no checking account,34,existing credits paid back duly till now,car (used),2336,unknown / no savings account,1 <= ... < 4 years,1,male,none,2,unknown / no property,30,none,own,2,skilled employee / official,1,none,yes,1,single
0 <= ... < 200 DM,24,critical account / other credits existing (not at this bank),radio/television,2511,... < 100 DM,... >= 7 years,4,female,none,4,"car or other, not in savings account",33,none,for free,1,skilled employee / official,1,"yes, registered under customer's name",yes,1,divorced/separated
no checking account,4,existing credits paid back duly till now,car (new),15945,... < 100 DM,4 <= ... < 7 years,2,female,none,2,unknown / no property,63,none,own,1,skilled employee / official,1,"yes, registered under customer's name",yes,1,single
... >= 200 DM / salary assignments for at least 1 year,10,existing credits paid back duly till now,radio/television,15945,... < 100 DM,... >= 7 years,3,male,none,2,real estate,25,none,own,1,management / self-employed / highly qualified employee / officer,2,none,yes,1,married/widowed
0 <= ... < 200 DM,36,all credits at this bank paid back duly,radio/television,1678,500 <= ... < 1000 DM,... >= 7 years,4,male,none,2,unknown / no property,27,none,rent,1,management / self-employed / highly qualified employee / officer,1,none,yes,2,divorced/separated
0 <= ... < 200 DM,4,existing credits paid back duly till now,business,2661,unknown / no savings account,... < 1 year,4,female,none,4,real estate,26,none,own,1,management / self-employed / highly qualified employee / officer,1,none,yes,1,single
... < 0 DM,7,critical account / other credits existing (not at this bank),car (new),3476,... < 100 DM,... >= 7 years,4,male,guarantor,2,real estate,25,bank,own,1,skilled employee / official,2,none,yes,2,divorced/separated
... < 0 DM,9,existing credits paid back duly till now,business,2135,... < 100 DM,4 <= ... < 7 years,2,male,co-applicant,4,real estate,19,none,own,1,skilled employee / official,1,none,yes,2,single
... < 0 DM,13,existing credits paid back duly till now,car (new),9301,... < 100 DM,1 <= ... < 4 years,4,female,guarantor,4,"car or other, not in savings account",24,none,own,1,skilled employee / official,1,none,yes,1,divorced/separated
no checking account,4,existing credits paid back duly till now,radio/television,3479,100 <= ... < 500 DM,... >= 7 years,4,male,none,4,unknown / no property,24,none,rent,2,unskilled - resident,2,none,yes,1,married/widowed
0 <= ... < 200 DM,4,existing credits paid back duly till now,furniture/equipment,10919,... < 100 DM,... >= 7 years,2,male,none,1,"car or other, not in savings account",21,none,own,2,skilled employee / official,2,none,yes,1,divorced/separated
no checking account,12,existing credits paid back duly till now,car (new),1148,... < 100 DM,... >= 7 years,2,male,none,2,building society savings agreement / life insurance,39,none,own,1,skilled employee / official,1,none,yes,2,single
0 <= ... < 200 DM,12,critical account / other credits existing (not at this bank),radio/television,2824,... < 100 DM,4 <= ... < 7 years,4,male,none,2,"car or other, not in savings account",38,none,own,1,skilled employee / official,2,"yes, registered under customer's name",yes,2,divorced/separated
... < 0 DM,22,critical account / other credits existing (not at this bank),car (new),3275,unknown / no savings account,unemployed,4,female,none,2,building society savings agreement / life insurance,45,none,for free,1,unskilled - resident,1,none,yes,1,divorced/separated
0 <= ... < 200 DM,22,existing credits paid back duly till now,car (used),10395,... < 100 DM,... < 1 year,2,male,none,3,"car or other, not in savings account",33,none,rent,1,skilled employee / official,1,"yes, registered under customer's name",yes,1,single
0 <= ... < 200 DM,27,critical account / other credits existing (not at this bank),education,2645,... < 100 DM,... < 1 year,2,female,none,4,unknown / no property,19,bank,rent,1,skilled employee / official,2,none,no,2,divorced/separated
... < 0 DM,4,all credits at this bank paid back duly,radio/television,11197,... < 100 DM,... >= 7 years,4,female,none,2,building society savings agreement / life insurance,50,none,own,2,skilled employee / official,1,"yes, registered under customer's name",yes,2,divorced/separated
0 <= ... < 200 DM,4,critical account / other credits existing (not at this bank),business,5813,unknown / no savings account,... >= 7 years,3,female,guarantor,4,"car or other, not in savings account",20,none,own,1,skilled employee / official,2,none,yes,2,single
no checking account,19,critical account / other credits existing (not at this bank),education,4444,500 <= ... < 1000 DM,unemployed,4,female,none,4,"car or other, not in savings account",19,bank,own,2,management / self-employed / highly qualified employee / officer,1,none,yes,1,single
0 <= ... < 200 DM,33,all credits at this bank paid back duly,domestic appliances,2865,unknown / no savings account,... < 1 year,3,male,none,4,building society savings agreement / life insurance,48,stores,own,1,unskilled - resident,1,none,yes,1,single
... < 0 DM,40,critical account / other credits existing (not at this bank),radio/television,3107,... < 100 DM,1 <= ... < 4 years,4,female,none,4,building society savings agreement / life insurance,19,none,own,1,skilled employee / official,2,"yes, registered under customer's name",yes,1,divorced/separated
0 <= ... < 200 DM,26,delay in paying off in the past,furniture/equipment,1526,unknown / no savings account,... < 1 year,4,male,none,3,"car or other, not in savings account",30,none,own,1,skilled employee / official,1,none,yes,1,single
... < 0 DM,17,all credits at this bank paid back duly,radio/television,6255,100 <= ... < 500 DM,... < 1 year,3,male,none,3,building society savings agreement / life insurance,37,bank,rent,2,skilled employee / official,1,none,yes,1,divorced/separated
0 <= ... < 200 DM,33,existing credits paid back duly till now,car (new),8420,unknown / no savings account,4 <= ... < 7 years,1,female,none,3,building society savings agreement / life insurance,28,none,own,1,unskilled - resident,1,"yes, registered under customer's name",yes,2,single
no checking account,26,critical account / other credits existing (not at this bank),radio/television,2474,unknown / no savings account,... >= 7 years,4,male,none,4,"car or other, not in savings account",33,none,rent,2,unskilled - resident,1,"yes, registered under customer's name",yes,1,divorced/separated
... < 0 DM,49,critical account / other credits existing (not at this bank),radio/television,1818,... < 100 DM,... >= 7 years,4,male,none,4,unknown / no property,36,none,own,4,unskilled - resident,2,"yes, registered under customer's name",yes,2,single
... < 0 DM,4,critical account / other credits existing (not at this bank),car (new),11314,... < 100 DM,unemployed,3,female,none,2,unknown / no property,33,none,own,1,unskilled - resident,1,none,yes,1,single
0 <= ... < 200 DM,47,existing credits paid back duly till now,car (new),1476,unknown / no savings account,4 <= ... < 7 years,4,male,none,4,"car or other, not in savings account",19,none,rent,1,skilled employee / official,1,none,yes,1,divorced/separated
no checking account,9,existing credits paid back duly till now,domestic appliances,2708,... < 100 DM,... >= 7 years,4,male,none,2,"car or other, not in savings account",27,none,rent,2,unskilled - resident,1,none,yes,2,divorced/separated
0 <= ... < 200 DM,20,existing credits paid back duly till now,car (new),250,... < 100 DM,... >= 7 years,4,male,none,2,building society savings agreement / life insurance,57,none,rent,2,management / self-employed / highly qualified employee / officer,1,"yes, registered under customer's name",yes,1,single
no checking account,9,critical account / other credits existing (not at this bank),radio/television,11233,... >= 1000 DM,... >= 7 years,2,male,none,2,"car or other, not in savings account",35,none,rent,4,skilled employee / official,1,none,yes,2,single
no checking account,19,existing credits paid back duly till now,radio/television,10626,unknown / no savings account,... >= 7 years,4,male,none,4,building society savings agreement / life insurance,19,stores,rent,1,unskilled - resident,1,none,yes,1,divorced/separated
no checking account,47,existing credits paid back duly till now,domestic appliances,5738,... < 100 DM,... < 1 year,4,female,none,1,real estate,28,none,rent,1,unskilled - resident,1,"yes, registered under customer's name",yes,2,single
... < 0 DM,20,existing credits paid back duly till now,repairs,2779,... < 100 DM,1 <= ... < 4 years,4,male,none,4,"car or other, not in savings account",23,none,own,1,skilled employee / official,1,none,yes,1,single
... < 0 DM,22,existing credits paid back duly till now,education,1312,... >= 1000 DM,... >= 7 years,4,male,none,2,real estate,29,none,own,1,unskilled - resident,1,"yes, registered under customer's name",yes,1,single
no checking account,18,critical account / other credits existing (not at this bank),education,3077,... < 100 DM,1 <= ... < 4 years,4,female,none,4,building society savings agreement / life insurance,26,none,rent,1,skilled employee / official,2,none,yes,2,divorced/separated
0 <= ... < 200 DM,4,existing credits paid back duly till now,car (new),250,500 <= ... < 1000 DM,1 <= ... < 4 years,4,male,none,2,real estate,29,bank,own,1,skilled employee / official,1,none,no,2,divorced/separated
no checking account,25,critical account / other credits existing (not at this bank),repairs,8952,100 <= ... < 500 DM,... < 1 year,4,female,none,4,real estate,27,none,own,1,skilled employee / official,1,none,yes,2,divorced/separated
0 <= ... < 200 DM,4,existing credits paid back duly till now,radio/television,7405,... < 100 DM,4 <= ... < 7 years,1,male,none,4,unknown / no property,31,stores,for free,1,skilled employee / official,2,none,yes,2,divorced/separated
... >= 200 DM / salary assignments for at least 1 year,8,delay in paying off in the past,car (new),1640,unknown / no savings account,4 <= ... < 7 years,4,male,none,4,"car or other, not in savings account",19,none,own,2,unemployed / unskilled - non-resident,1,none,no,1,single
no checking account,41,existing credits paid back duly till now,business,2821,unknown / no savings account,... >= 7 years,2,female,none,2,"car or other, not in savings account",69,bank,rent,1,unskilled - resident,2,none,yes,1,single
... < 0 DM,4,no credits taken / all credits paid back duly,furniture/equipment,1706,500 <= ... < 1000 DM,1 <= ... < 4 years,4,male,none,4,building society savings agreement / life insurance,23,none,own,1,unskilled - resident,1,none,yes,2,single
... < 0 DM,37,existing credits paid back duly till now,furniture/equipment,1951,... >= 1000 DM,1 <= ... < 4 years,4,male,none,2,unknown / no property,36,none,rent,1,skilled employee / official,1,"yes, registered under customer's name",yes,1,single
no checking account,25,existing credits paid back duly till now,radio/television,532,... < 100 DM,1 <= ... < 4 years,4,male,none,4,real estate,19,none,own,1,skilled employee / official,1,"yes, registered under customer's name",no,1,divorced/separated
0 <= ... < 200 DM,4,critical account / other credits existing (not at this bank),car (used),2616,100 <= ... < 500 DM,4 <= ... < 7 years,4,male,guarantor,2,real estate,38,none,own,1,skilled employee / official,1,"yes, registered under customer's name",yes,1,divorced/separated
0 <= ... < 200 DM,4,existing credits paid back duly till now,furniture/equipment,9161,... < 100 DM,... >= 7 years,4,male,none,4,unknown / no property,31,stores,own,1,skilled employee / official,1,none,yes,1,divorced/separated
... < 0 DM,4,existing credits paid back duly till now,car (new),5409,... < 100 DM,1 <= ... < 4 years,4,female,none,4,unknown / no property,23,none,for free,4,unskilled - resident,1,"yes, registered under customer's name",yes,2,divorced/separated
no checking account,4,existing credits paid back duly till now,car (used),11637,unknown / no savings account,1 <= ... < 4 years,2,female,none,4,"car or other, not in savings account",22,stores,rent,1,skilled employee / official,1,none,yes,2,single
0 <= ... < 200 DM,4,existing credits paid back duly till now,retraining,3559,... < 100 DM,4 <= ... < 7 years,4,female,none,2,"car or other, not in savings account",51,none,own,1,skilled employee / official,2,"yes, registered under customer's name",yes,1,divorced/separated
no checking account,4,critical account / other credits existing (not at this bank),education,2372,100 <= ... < 500 DM,... < 1 year,4,female,none,4,"car or other, not in savings account",36,none,own,2,skilled employee / official,1,none,no,2,single
0 <= ... < 200 DM,21,existing credits paid back duly till now,furniture/equipment,2542,... >= 1000 DM,1 <= ... < 4 years,4,female,none,2,"car or other, not in savings account",25,none,own,1,skilled employee / official,2,"yes, registered under customer's name",yes,2,divorced/separated
no checking account,23,critical account / other credits existing (not at this bank),business,8436,... < 100 DM,... < 1 year,4,male,none,4,"car or other, not in savings account",23,stores,rent,2,skilled employee / official,2,none,yes,2,divorced/separated
0 <= ... < 200 DM,12,existing credits paid back duly till now,car (new),1818,unknown / no savings account,1 <= ... < 4 years,4,female,none,4,unknown / no property,19,stores,rent,3,skilled employee / official,2,none,yes,1,divorced/separated
no checking account,22,existing credits paid back duly till now,business,6330,... < 100 DM,1 <= ... < 4 years,4,male,none,4,"car or other, not in savings account",20,none,rent,2,skilled employee / official,1,none,yes,1,single
0 <= ... < 200 DM,25,existing credits paid back duly till now,radio/television,2374,... < 100 DM,4 <= ... < 7 years,4,male,none,4,real estate,23,none,own,4,unskilled - resident,1,none,yes,1,single
no checking account,11,delay in paying off in the past,repairs,4967,... < 100 DM,... >= 7 years,1,male,guarantor,4,"car or other, not in savings account",21,none,rent,1,management / self-employed / highly qualified employee / officer,2,none,yes,2,divorced/separated
... < 0 DM,24,critical account / other credits existing (not at this bank),car (used),10369,... < 100 DM,... >= 7 years,4,female,none,2,unknown / no property,29,bank,for free,1,management / self-employed / highly qualified employee / officer,2,none,yes,2,single
... < 0 DM,28,existing credits paid back duly till now,furniture/equipment,3036,... >= 1000 DM,... < 1 year,4,male,none,2,building society savings agreement / life insurance,20,none,own,1,unskilled - resident,1,"yes, registered under customer's name",yes,1,divorced/separated
0 <= ... < 200 DM,11,existing credits paid back duly till now,car (new),1801,unknown / no savings account,4 <= ... < 7 years,4,male,none,2,"car or other, not in savings account",25,none,own,1,skilled employee / official,1,"yes, registered under customer's name",yes,1,single
0 <= ... < 200 DM,34,existing credits paid back duly till now,car (new),3033,... < 100 DM,4 <= ... < 7 years,1,male,none,1,"car or other, not in savings account",30,stores,rent,4,skilled employee / official,1,none,yes,2,divorced/separated
0 <= ... < 200 DM,24,critical account / other credits existing (not at this bank),education,10652,... < 100 DM,... < 1 year,4,male,none,2,real estate,35,none,for free,1,unskilled - resident,2,none,yes,1,single
... < 0 DM,12,existing credits paid back duly till now,car (used),2537,... < 100 DM,... >= 7 years,2,female,none,2,"car or other, not in savings account",28,bank,rent,2,skilled employee / official,1,none,yes,2,single
0 <= ... < 200 DM,11,existing credits paid back duly till now,car (new),2268,... < 100 DM,unemployed,4,female,co-applicant,4,"car or other, not in savings account",19,none,rent,1,skilled employee / official,1,none,yes,1,divorced/separated
no checking account,13,existing credits paid back duly till now,repairs,3042,... < 100 DM,unemployed,3,male,none,4,"car or other, not in savings account",66,none,own,2,unskilled - resident,1,"yes, registered under customer's name",yes,1,single
0 <= ... < 200 DM,4,existing credits paid back duly till now,radio/television,2289,... < 100 DM,1 <= ... < 4 years,3,female,none,4,building society savings agreement / life insurance,28,none,own,3,skilled employee / official,1,none,yes,1,single
0 <= ... < 200 DM,26,all credits at this bank paid back duly,others,3775,unknown / no savings account,1 <= ... < 4 years,4,female,none,2,unknown / no property,32,none,own,1,skilled employee / official,2,"yes, registered under customer's name",yes,2,single
0 <= ... < 200 DM,6,critical account / other credits existing (not at this bank),radio/television,3397,... < 100 DM,1 <= ... < 4 years,2,female,none,4,unknown / no property,19,none,own,1,skilled employee / official,1,"yes, registered under customer's name",yes,1,single
0 <= ... < 200 DM,27,delay in paying off in the past,car (new),3158,... < 100 DM,4 <= ... < 7 years,2,male,none,2,unknown / no property,26,stores,own,1,skilled employee / official,2,"yes, registered under customer's name",yes,1,single
... < 0 DM,18,delay in paying off in the past,car (used),1839,... < 100 DM,... < 1 year,4,female,none,3,building society savings agreement / life insurance,19,bank,for free,2,skilled employee / official,1,none,yes,1,single
no checking account,32,existing credits paid back duly till now,radio/television,3267,... < 100 DM,... >= 7 years,2,male,none,2,real estate,42,none,own,1,skilled employee / official,1,none,yes,2,married/widowed
no checking account,20,existing credits paid back duly till now,car (new),2574,... < 100 DM,... < 1 year,4,male,guarantor,4,building society savings agreement / life insurance,45,none,own,1,unskilled - resident,1,"yes, registered under customer's name",yes,1,divorced/separated
0 <= ... < 200 DM,33,no credits taken / all credits paid back duly,car (new),4471,unknown / no savings account,4 <= ... < 7 years,4,female,none,3,"car or other, not in savings account",28,none,own,1,management / self-employed / highly qualified employee / officer,1,none,no,2,single
... < 0 DM,23,critical account / other credits existing (not at this bank),car (new),14487,... >= 1000 DM,... >= 7 years,4,female,none,3,building society savings agreement / life insurance,21,none,rent,1,unskilled - resident,2,none,no,1,single
... < 0 DM,24,critical account / other credits existing (not at this bank),radio/television,5390,... < 100 DM,... >= 7 years,4,female,none,1,"car or other, not in savings account",25,none,own,2,skilled employee / official,1,none,yes,2,single
... < 0 DM,25,existing credits paid back duly till now,car (used),1911,500 <= ... < 1000 DM,4 <= ... < 7 years,4,female,none,3,real estate,20,none,rent,1,skilled employee / official,1,none,yes,1,divorced/separated
no checking account,9,existing credits paid back duly till now,radio/television,3523,... < 100 DM,1 <= ... < 4 years,2,male,none,2,building society savings agreement / life insurance,51,none,rent,4,skilled employee / official,1,none,yes,1,divorced/separated
0 <= ... < 200 DM,22,critical account / other credits existing (not at this bank),car (new),1831,... < 100 DM,... >= 7 years,4,male,none,4,real estate,19,none,own,2,unskilled - resident,1,"yes, registered under customer's name",yes,1,divorced/separated
0 <= ... < 200 DM,10,existing credits paid back duly till now,business,7235,unknown / no savings account,1 <= ... < 4 years,4,female,none,4,"car or other, not in savings account",19,none,own,2,skilled employee / official,1,none,yes,1,divorced/separated
no checking account,35,existing credits paid back duly till now,car (new),2564,... < 100 DM,1 <= ... < 4 years,1,male,none,2,"car or other, not in savings account",44,bank,rent,2,management / self-employed / highly qualified employee / officer,2,none,yes,2,single
0 <= ... < 200 DM,6,critical account / other credits existing (not at this bank),furniture/equipment,10814,unknown / no savings account,unemployed,2,male,none,3,"car or other, not in savings account",64,none,own,1,skilled employee / official,1,"yes, registered under customer's name",yes,2,divorced/separated
... < 0 DM,5,critical account / other credits existing (not at this bank),car (new),2444,... < 100 DM,... < 1 year,2,male,none,2,unknown / no property,20,none,own,1,skilled employee / official,1,none,yes,2,divorced/separated
... < 0 DM,24,critical account / other credits existing (not at this bank),domestic appliances,689,... < 100 DM,1 <= ... < 4 years,4,male,none,2,"car or other, not in savings account",23,bank,own,2,unemployed / unskilled - non-resident,2,none,yes,1,divorced/separated
0 <= ... < 200 DM,8,critical account / other credits existing (not at this bank),car (new),1742,... < 100 DM,1 <= ... < 4 years,4,male,none,4,unknown / no property,31,none,rent,2,unemployed / unskilled - non-resident,2,none,yes,1,divorced/separated
... < 0 DM,23,existing credits paid back duly till now,car (new),2765,100 <= ... < 500 DM,... >= 7 years,4,female,none,2,unknown / no property,30,none,for free,2,skilled employee / official,2,"yes, registered under customer's name",yes,2,divorced/separated
no checking account,4,existing credits paid back duly till now,car (used),1618,unknown / no savings account,... >= 7 years,4,male,none,2,"car or other, not in savings account",26,none,own,1,skilled employee / official,2,none,yes,1,divorced/separated
... >= 200 DM / salary assignments for at least 1 year,21,existing credits paid back duly till now,car (used),1179,... < 100 DM,... >= 7 years,4,female,none,4,"car or other, not in savings account",48,none,own,2,skilled employee / official,2,none,yes,1,married/widowed
0 <= ... < 200 DM,20,all credits at this bank paid back duly,education,2750,... < 100 DM,unemployed,4,female,none,4,"car or other, not in savings account",22,bank,rent,1,skilled employee / official,2,none,yes,1,divorced/separated
0 <= ... < 200 DM,4,all credits at this bank paid back duly,car (new),15945,unknown / no savings account,... >= 7 years,4,male,none,2,real estate,23,none,for free,1,skilled employee / official,1,none,no,1,single
0 <= ... < 200 DM,23,existing credits paid back duly till now,furniture/equipment,2932,100 <= ... < 500 DM,... >= 7 years,1,female,none,4,"car or other, not in savings account",20,bank,own,4,unskilled - resident,2,none,yes,1,single
no checking account,19,existing credits paid back duly till now,business,2040,... < 100 DM,1 <= ... < 4 years,2,male,none,4,"car or other, not in savings account",27,none,own,2,skilled employee / official,1,"yes, registered under customer's name",yes,1,single
no checking account,35,existing credits paid back duly till now,car (new),680,... < 100 DM,... < 1 year,4,male,co-applicant,1,building society savings agreement / life insurance,37,none,rent,4,management / self-employed / highly qualified employee / officer,1,"yes, registered under customer's name",yes,1,divorced/separated
... < 0 DM,4,existing credits paid back duly till now,car (new),2233,... < 100 DM,... >= 7 years,4,female,none,2,unknown / no property,19,bank,rent,2,skilled employee / official,2,none,yes,1,divorced/separated
0 <= ... < 200 DM,8,critical account / other credits existing (not at this bank),car (new),1655,... < 100 DM,... >= 7 years,4,female,none,3,real estate,24,none,own,4,skilled employee / official,1,"yes, registered under customer's name",yes,2,single
0 <= ... < 200 DM,35,existing credits paid back duly till now,car (new),364,500 <= ... < 1000 DM,... < 1 year,3,male,none,2,"car or other, not in savings account",27,none,rent,1,unemployed / unskilled - non-resident,1,none,yes,1,single
... < 0 DM,4,existing credits paid back duly till now,car (new),3199,... < 100 DM,... >= 7 years,4,female,none,2,unknown / no property,41,none,own,1,skilled employee / official,1,"yes, registered under customer's name",no,1,divorced/separated
0 <= ... < 200 DM,23,existing credits paid back duly till now,radio/television,1352,... < 100 DM,... < 1 year,4,male,none,3,"car or other, not in savings account",20,stores,rent,1,skilled employee / official,2,none,yes,1,divorced/separated
... < 0 DM,25,all credits at this bank paid back duly,domestic appliances,4421,500 <= ... < 1000 DM,... < 1 year,1,male,none,4,"car or other, not in savings account",23,none,own,2,unskilled - resident,2,"yes, registered under customer's name",yes,1,single
no checking account,4,existing credits paid back duly till now,radio/television,250,... < 100 DM,1 <= ... < 4 years,2,male,none,1,"car or other, not in savings account",52,none,own,1,skilled employee / official,1,"yes, registered under customer's name",no,1,divorced/separated
... < 0 DM,14,critical account / other credits existing (not at this bank),business,2866,... < 100 DM,... >= 7 years,2,male,none,4,"car or other, not in savings account",21,none,own,1,unemployed / unskilled - non-resident,2,none,yes,1,divorced/separated
0 <= ... < 200 DM,4,existing credits paid back duly till now,car (used),9746,... < 100 DM,... < 1 year,4,male,none,3,building society savings agreement / life insurance,19,none,own,2,unemployed / unskilled - non-resident,2,"yes, registered under customer's name",yes,1,single
... < 0 DM,4,existing credits paid back duly till now,car (new),3177,unknown / no savings account,4 <= ... < 7 years,4,male,none,2,"car or other, not in savings account",23,bank,own,4,skilled employee / official,1,none,yes,1,single
no checking account,17,existing credits paid back duly till now,radio/television,3146,500 <= ... < 1000 DM,1 <= ... < 4 years,4,female,none,4,"car or other, not in savings account",19,none,for free,4,skilled employee / official,1,none,yes,1,single
no checking account,20,existing credits paid back duly till now,business,1588,... < 100 DM,... >= 7 years,4,female,none,2,"car or other, not in savings account",26,none,for free,2,skilled employee / official,1,none,yes,1,single
no checking account,4,existing credits paid back duly till now,business,9100,... >= 1000 DM,... < 1 year,4,female,none,4,real estate,19,none,own,1,skilled employee / official,1,none,no,2,divorced/separated
... < 0 DM,47,existing credits paid back duly till now,radio/television,4830,unknown / no savings account,... >= 7 years,2,male,none,4,"car or other, not in savings account",29,bank,rent,4,unskilled - resident,2,none,yes,2,divorced/separated
no checking account,34,existing credits paid back duly till now,business,2821,... < 100 DM,4 <= ... < 7 years,4,male,guarantor,2,unknown / no property,50,bank,rent,1,unskilled - resident,1,none,yes,1,single
0 <= ... < 200 DM,27,existing credits paid back duly till now,car (new),250,... < 100 DM,1 <= ... < 4 years,4,male,none,4,"car or other, not in savings account",32,none,own,2,skilled employee / official,1,"yes, registered under customer's name",yes,1,single
no checking account,13,existing credits paid back duly till now,furniture/equipment,4329,unknown / no savings account,1 <= ... < 4 years,4,male,none,4,building society savings agreement / life insurance,28,none,own,2,unskilled - resident,2,"yes, registered under customer's name",yes,1,single
0 <= ... < 200 DM,22,existing credits paid back duly till now,car (new),12295,... < 100 DM,... < 1 year,4,female,none,4,real estate,22,none,own,1,skilled employee / official,2,none,yes,2,single
no checking account,19,critical account / other credits existing (not at this bank),radio/television,13057,... < 100 DM,4 <= ... < 7 years,4,male,none,4,real estate,24,none,own,1,unskilled - resident,1,"yes, registered under customer's name",yes,2,single
... < 0 DM,7,delay in paying off in the past,car (new),15945,... < 100 DM,1 <= ... < 4 years,4,male,none,4,unknown / no property,19,none,for free,1,unskilled - resident,2,"yes, registered under customer's name",yes,1,single
... < 0 DM,23,critical account / other credits existing (not at this bank),car (used),2821,500 <= ... < 1000 DM,... < 1 year,4,male,none,2,unknown / no property,28,none,rent,1,skilled employee / official,2,none,yes,1,single
0 <= ... < 200 DM,28,critical account / other credits existing (not at this bank),car (new),8109,... < 100 DM,... < 1 year,4,male,none,2,"car or other, not in savings account",29,stores,rent,2,unskilled - resident,1,none,no,1,divorced/separated
no checking account,21,critical account / other credits existing (not at this bank),radio/television,2372,... < 100 DM,... < 1 year,4,male,none,3,unknown / no property,44,none,rent,1,skilled employee / official,1,none,yes,2,single
no checking account,17,critical account / other credits existing (not at this bank),radio/television,3045,100 <= ... < 500 DM,... >= 7 years,4,male,none,2,"car or other, not in savings account",44,none,for free,2,skilled employee / official,1,"yes, registered under customer's name",yes,1,single
0 <= ... < 200 DM,36,critical account / other credits existing (not at this bank),radio/television,3755,... < 100 DM,4 <= ... < 7 years,2,male,guarantor,2,"car or other, not in savings account",30,none,own,1,skilled employee / official,1,"yes, registered under customer's name",yes,2,divorced/separated
... < 0 DM,4,all credits at this bank paid back duly,car (new),15945,100 <= ... < 500 DM,... < 1 year,2,male,co-applicant,4,real estate,20,none,for free,1,management / self-employed / highly qualified employee / officer,1,"yes, registered under customer's name",yes,1,single
0 <= ... < 200 DM,28,existing credits paid back duly till now,business,5444,unknown / no savings account,... >= 7 years,1,male,none,2,building society savings agreement / life insurance,34,none,for free,2,skilled employee / official,1,none,yes,1,single
0 <= ... < 200 DM,41,existing credits paid back duly till now,furniture/equipment,2629,... < 100 DM,... >= 7 years,1,female,none,2,real estate,27,stores,rent,3,management / self-employed / highly qualified employee / officer,1,none,yes,1,single
... < 0 DM,25,existing credits paid back duly till now,business,6568,... < 100 DM,... >= 7 years,2,female,none,2,building society savings agreement / life insurance,29,none,own,4,unskilled - resident,2,none,yes,2,divorced/separated
... < 0 DM,18,critical account / other credits existing (not at this bank),business,5902,... < 100 DM,... >= 7 years,4,female,none,2,"car or other, not in savings account",54,none,for free,2,management / self-employed / highly qualified employee / officer,1,none,yes,2,single
0 <= ... < 200 DM,20,existing credits paid back duly till now,radio/television,15945,100 <= ... < 500 DM,4 <= ... < 7 years,4,male,none,3,real estate,33,bank,for free,1,skilled employee / official,1,"yes, registered under customer's name",yes,2,divorced/separated
no checking account,21,all credits at this bank paid back duly,car (new),960,unknown / no savings account,1 <= ... < 4 years,2,male,none,4,building society savings agreement / life insurance,19,bank,rent,4,skilled employee / official,1,none,yes,1,married/widowed
0 <= ... < 200 DM,24,critical account / other credits existing (not at this bank),furniture/equipment,2280,500 <= ... < 1000 DM,1 <= ... < 4 years,4,male,none,2,"car or other, not in savings account",27,bank,own,1,skilled employee / official,2,none,yes,1,single
0 <= ... < 200 DM,5,critical account / other credits existing (not at this bank),radio/television,924,... < 100 DM,4 <= ... < 7 years,2,male,none,2,real estate,26,none,rent,1,skilled employee / official,1,none,yes,1,single
no checking account,46,critical account / other credits existing (not at this bank),radio/television,9754,... < 100 DM,1 <= ... < 4 years,4,male,none,4,real estate,20,none,own,1,unskilled - resident,1,none,yes,1,single
... < 0 DM,21,existing credits paid back duly till now,car (new),4132,unknown / no savings account,4 <= ... < 7 years,4,male,none,2,real estate,31,none,rent,1,skilled employee / official,1,"yes, registered under customer's name",yes,1,single
no checking account,13,delay in paying off in the past,car (new),3194,unknown / no savings account,... < 1 year,4,female,none,2,building society savings agreement / life insurance,21,none,own,4,unemployed / unskilled - non-resident,2,"yes, registered under customer's name",yes,1,divorced/separated
no checking account,22,critical account / other credits existing (not at this bank),radio/television,3337,... < 100 DM,4 <= ... < 7 years,4,male,none,1,real estate,19,none,own,1,unskilled - resident,1,none,yes,2,divorced/separated
0 <= ... < 200 DM,25,all credits at this bank paid back duly,education,2218,... < 100 DM,1 <= ... < 4 years,4,female,none,4,real estate,19,none,own,4,management / self-employed / highly qualified employee / officer,1,none,yes,1,married/widowed
no checking account,29,critical account / other credits existing (not at this bank),car (new),2138,... >= 1000 DM,... < 1 year,4,male,none,2,"car or other, not in savings account",34,none,for free,1,skilled employee / official,2,"yes, registered under customer's name",yes,1,divorced/separated
no checking account,10,critical account / other credits existing (not at this bank),furniture/equipment,2706,... < 100 DM,... < 1 year,2,female,co-applicant,2,real estate,34,none,own,1,management / self-employed / highly qualified employee / officer,1,"yes, registered under customer's name",yes,1,single
... < 0 DM,20,existing credits paid back duly till now,furniture/equipment,1779,500 <= ... < 1000 DM,4 <= ... < 7 years,4,female,none,2,building society savings agreement / life insurance,32,none,own,4,unskilled - resident,2,none,yes,2,divorced/separated
no checking account,21,existing credits paid back duly till now,furniture/equipment,4877,... < 100 DM,1 <= ... < 4 years,3,male,none,2,real estate,20,none,own,1,skilled employee / official,1,none,yes,1,married/widowed
... < 0 DM,33,existing credits paid back duly till now,car (new),4309,100 <= ... < 500 DM,4 <= ... < 7 years,4,female,none,4,"car or other, not in savings account",39,none,own,2,unskilled - resident,1,none,yes,1,divorced/separated
no checking account,23,critical account / other credits existing (not at this bank),car (new),391,... < 100 DM,4 <= ... < 7 years,1,female,none,4,building society savings agreement / life insurance,33,none,own,4,unskilled - resident,1,none,yes,1,single
... < 0 DM,10,critical account / other credits existing (not at this bank),car (new),779,... < 100 DM,... < 1 year,4,male,none,2,building society savings agreement / life insurance,21,none,for free,1,unemployed / unskilled - non-resident,1,"yes, registered under customer's name",yes,2,divorced/separated
0 <= ... < 200 DM,4,existing credits paid back duly till now,education,3110,... < 100 DM,4 <= ... < 7 years,4,male,guarantor,4,"car or other, not in savings account",48,none,own,1,unemployed / unskilled - non-resident,2,none,yes,1,single
0 <= ... < 200 DM,6,critical account / other credits existing (not at this bank),business,9660,... >= 1000 DM,1 <= ... < 4 years,4,male,guarantor,4,unknown / no property,26,none,own,1,skilled employee / official,1,"yes, registered under customer's name",yes,1,married/widowed
... < 0 DM,12,existing credits paid back duly till now,car (new),2651,... < 100 DM,... >= 7 years,4,female,none,4,"car or other, not in savings account",24,bank,for free,4,unskilled - resident,1,none,yes,1,divorced/separated
... < 0 DM,23,existing credits paid back duly till now,car (new),769,500 <= ... < 1000 DM,1 <= ... < 4 years,4,male,none,4,real estate,29,none,own,2,management / self-employed / highly qualified employee / officer,2,"yes, registered under customer's name",yes,1,single
... < 0 DM,23,critical account / other credits existing (not at this bank),car (used),2336,100 <= ... < 500 DM,4 <= ... < 7 years,4,female,none,4,"car or other, not in savings account",31,bank,own,4,skilled employee / official,2,none,yes,2,divorced/separated
0 <= ... < 200 DM,14,no credits taken / all credits paid back duly,furniture/equipment,5062,unknown / no savings account,... >= 7 years,4,female,none,4,"car or other, not in savings account",36,none,own,2,management / self-employed / highly qualified employee / officer,1,none,yes,1,single
0 <= ... < 200 DM,5,no credits taken / all credits paid back duly,car (new),1706,... < 100 DM,1 <= ... < 4 years,4,male,none,2,real estate,41,stores,own,2,skilled employee / official,2,"yes, registered under customer's name",yes,1,married/widowed
0 <= ... < 200 DM,26,existing credits paid back duly till now,car (used),10116,... < 100 DM,... >= 7 years,4,male,none,4,real estate,19,bank,rent,1,skilled employee / official,2,none,yes,1,single
0 <= ... < 200 DM,27,existing credits paid back duly till now,furniture/equipment,460,... < 100 DM,... >= 7 years,4,female,co-applicant,2,"car or other, not in savings account",22,none,rent,4,skilled employee / official,2,none,yes,1,single
no checking account,14,existing credits paid back duly till now,radio/television,4086,... < 100 DM,1 <= ... < 4 years,4,male,co-applicant,4,"car or other, not in savings account",20,none,rent,1,skilled employee / official,1,none,yes,2,divorced/separated
no checking account,23,delay in paying off in the past,furniture/equipment,436,unknown / no savings account,... < 1 year,4,male,none,3,"car or other, not in savings account",27,none,own,2,skilled employee / official,1,none,yes,2,divorced/separated
... >= 200 DM / salary assignments for at least 1 year,4,existing credits paid back duly till now,furniture/equipment,8487,... < 100 DM,... >= 7 years,4,male,none,4,real estate,44,none,own,2,unskilled - resident,1,none,yes,1,divorced/separated
no checking account,13,existing credits paid back duly till now,radio/television,3548,unknown / no savings account,... < 1 year,4,male,none,3,unknown / no property,36,none,rent,1,skilled employee / official,1,"yes, registered under customer's name",yes,1,single
... >= 200 DM / salary assignments for at least 1 year,21,all credits at this bank paid back duly,car (new),3504,... < 100 DM,unemployed,2,male,none,4,"car or other, not in savings account",30,none,own,3,skilled employee / official,1,"yes, registered under customer's name",yes,1,divorced/separated
no checking account,8,existing credits paid back duly till now,education,12140,... < 100 DM,unemployed,4,male,none,4,real estate,24,none,own,1,skilled employee / official,2,none,yes,1,single
0 <= ... < 200 DM,29,existing credits paid back duly till now,car (new),3009,... < 100 DM,1 <= ... < 4 years,4,male,none,2,unknown / no property,21,none,own,1,management / self-employed / highly qualified employee / officer,2,none,no,2,divorced/separated
0 <= ... < 200 DM,9,existing credits paid back duly till now,furniture/equipment,3107,... < 100 DM,... < 1 year,3,female,none,2,real estate,34,none,own,1,skilled employee / official,1,none,yes,2,married/widowed
0 <= ... < 200 DM,23,existing credits paid back duly till now,business,1416,... < 100 DM,4 <= ... < 7 years,4,female,none,4,unknown / no property,22,none,rent,1,skilled employee / official,1,none,yes,1,divorced/separated
... < 0 DM,15,critical account / other credits existing (not at this bank),business,5803,... < 100 DM,4 <= ... < 7 years,2,male,none,4,"car or other, not in savings account",31,none,rent,1,skilled employee / official,1,none,yes,1,single
0 <= ... < 200 DM,22,existing credits paid back duly till now,furniture/equipment,5036,unknown / no savings account,... >= 7 years,4,male,none,2,"car or other, not in savings account",25,none,own,1,skilled employee / official,1,none,yes,1,divorced/separated
... < 0 DM,4,critical account / other credits existing (not at this bank),car (new),6349,... < 100 DM,... < 1 year,3,female,none,4,real estate,22,bank,own,1,skilled employee / official,2,none,yes,2,single
0 <= ... < 200 DM,4,existing credits paid back duly till now,car (used),2013,... >= 1000 DM,1 <= ... < 4 years,2,male,none,2,"car or other, not in savings account",48,none,own,1,unskilled - resident,2,"yes, registered under customer's name",yes,2,single
0 <= ... < 200 DM,39,critical account / other credits existing (not at this bank),radio/television,2092,... < 100 DM,... >= 7 years,4,female,none,2,real estate,28,none,rent,1,unskilled - resident,1,"yes, registered under customer's name",yes,1,divorced/separated
0 <= ... < 200 DM,4,critical account / other credits existing (not at this bank),radio/television,12858,unknown / no savings account,... >= 7 years,4,male,none,3,real estate,22,none,rent,1,skilled employee / official,2,none,yes,1,divorced/separated
... < 0 DM,13,existing credits paid back duly till now,furniture/equipment,2776,... < 100 DM,... < 1 year,4,male,none,4,"car or other, not in savings account",32,none,rent,1,unskilled - resident,2,none,yes,1,divorced/separated
no checking account,6,critical account / other credits existing (not at this bank),radio/television,10163,unknown / no savings account,1 <= ... < 4 years,4,male,guarantor,4,"car or other, not in savings account",19,none,own,1,skilled employee / official,1,none,yes,1,divorced/separated
no checking account,23,delay in paying off in the past,car (used),2504,... >= 1000 DM,1 <= ... < 4 years,4,female,co-applicant,2,building society savings agreement / life insurance,19,stores,own,1,skilled employee / official,1,none,yes,1,single
no checking account,24,existing credits paid back duly till now,radio/television,2759,unknown / no savings account,... < 1 year,4,female,none,4,building society savings agreement / life insurance,29,none,for free,1,unskilled - resident,1,none,yes,1,single
... < 0 DM,8,critical account / other credits existing (not at this bank),car (new),10311,500 <= ... < 1000 DM,unemployed,4,male,co-applicant,2,"car or other, not in savings account",19,none,own,2,management / self-employed / highly qualified employee / officer,2,none,yes,2,divorced/separated
no checking account,25,all credits at this bank paid back duly,car (new),3655,unknown / no savings account,1 <= ... < 4 years,4,female,none,4,"car or other, not in savings account",30,none,own,1,management / self-employed / highly qualified employee / officer,1,none,yes,1,divorced/separated
0 <= ... < 200 DM,20,existing credits paid back duly till now,radio/television,1025,... < 100 DM,... < 1 year,4,male,none,4,unknown / no property,27,none,own,1,unskilled - resident,1,"yes, registered under customer's name",yes,2,single
no checking account,22,existing credits paid back duly till now,others,1794,unknown / no savings account,... < 1 year,3,male,none,4,building society savings agreement / life insurance,32,none,for free,1,skilled employee / official,1,"yes, registered under customer's name",no,2,single
no checking account,9,existing credits paid back duly till now,radio/television,2189,unknown / no savings account,... >= 7 years,4,male,none,4,real estate,37,bank,own,1,management / self-employed / highly qualified employee / officer,1,none,yes,2,single
... < 0 DM,7,existing credits paid back duly till now,car (used),2948,... < 100 DM,... >= 7 years,4,male,none,2,building society savings agreement / life insurance,19,bank,for free,4,management / self-employed / highly qualified employee / officer,1,none,yes,2,single
0 <= ... < 200 DM,25,existing credits paid back duly till now,radio/television,2256,500 <= ... < 1000 DM,... >= 7 years,4,female,none,2,unknown / no property,40,none,for free,1,management / self-employed / highly qualified employee / officer,2,"yes, registered under customer's name",yes,1,single
... < 0 DM,57,all credits at this bank paid back duly,car (new),2204,500 <= ... < 1000 DM,4 <= ... < 7 years,4,male,none,1,real estate,25,none,own,4,skilled employee / official,1,none,yes,2,single
0 <= ... < 200 DM,4,all credits at this bank paid back duly,radio/television,10325,... < 100 DM,1 <= ... < 4 years,4,male,none,4,unknown / no property,31,stores,for free,1,skilled employee / official,2,"yes, registered under customer's name",yes,2,single
0 <= ... < 200 DM,22,existing credits paid back duly till now,car (new),1556,100 <= ... < 500 DM,... < 1 year,4,male,co-applicant,4,real estate,21,none,rent,2,skilled employee / official,2,none,yes,2,divorced/separated
