checking_account_status,duration_months,credit_history,purpose,credit_amount,savings_account,employment_duration,installment_rate,sex,other_debtors,residence_duration,property,age,other_installment_plans,housing,existing_credits,job,num_dependents,telephone,foreign_worker,target,relationship_status
0 <= ... < 200 DM,50,critical account / other credits existing (not at this bank),car (used),7402,... < 100 DM,4 <= ... < 7 years,4,male,none,2,unknown / no property,75,none,own,1,management / self-employed / highly qualified employee / officer,1,"yes, registered under customer's name",yes,2,single
no checking account,25,existing credits paid back duly till now,radio/television,4996,... < 100 DM,1 <= ... < 4 years,4,male,none,4,"car or other, not in savings account",22,none,own,1,skilled employee / official,1,"yes, registered under customer's name",yes,2,single
no checking account,4,delay in paying off in the past,car (used),8152,... < 100 DM,unemployed,1,male,none,4,real estate,45,none,own,1,skilled employee / official,2,"yes, registered under customer's name",yes,1,single
... >= 200 DM / salary assignments for at least 1 year,15,critical account / other credits existing (not at this bank),education,250,... < 100 DM,... < 1 year,1,female,none,2,real estate,34,none,own,2,skilled employee / official,1,none,yes,1,divorced/separated
no checking account,42,all credits at this bank paid back duly,education,4959,unknown / no savings account,... >= 7 years,4,male,none,4,unknown / no property,49,none,for free,1,management / self-employed / highly qualified employee / officer,1,"yes, registered under customer's name",yes,1,single
... < 0 DM,45,existing credits paid back duly till now,car (new),4590,100 <= ... < 500 DM,4 <= ... < 7 years,3,male,none,4,real estate,42,none,own,1,skilled employee / official,1,"yes, registered under customer's name",yes,1,single
0 <= ... < 200 DM,17,no credits taken / all credits paid back duly,furniture/equipment,2617,unknown / no savings account,unemployed,3,male,none,2,building society savings agreement / life insurance,38,stores,own,2,unskilled - resident,1,"yes, registered under customer's name",no,1,single
0 <= ... < 200 DM,13,critical account / other credits existing (not at this bank),radio/television,3200,... < 100 DM,... >= 7 years,4,male,none,2,real estate,46,none,own,2,unemployed / unskilled - non-resident,1,none,yes,1,single
0 <= ... < 200 DM,26,existing credits paid back duly till now,furniture/equipment,3054,... < 100 DM,... >= 7 years,4,male,none,4,unknown / no property,20,none,own,1,management / self-employed / highly qualified employee / officer,1,"yes, registered under customer's name",yes,1,married/widowed
0 <= ... < 200 DM,15,delay in paying off in the past,furniture/equipment,861,... < 100 DM,1 <= ... < 4 years,3,female,none,4,"car or other, not in savings account",30,stores,own,1,management / self-employed / highly qualified employee / officer,1,"yes, registered under customer's name",yes,1,single
... >= 200 DM / salary assignments for at least 1 year,17,existing credits paid back duly till now,car (new),250,... < 100 DM,... < 1 year,2,male,co-applicant,1,"car or other, not in savings account",22,none,own,1,skilled employee / official,1,none,yes,2,divorced/separated
0 <= ... < 200 DM,52,no credits taken / all credits paid back duly,repairs,10969,... < 100 DM,1 <= ... < 4 years,4,male,none,2,"car or other, not in savings account",20,none,own,2,skilled employee / official,1,"yes, registered under customer's name",no,1,single
no checking account,47,existing credits paid back duly till now,radio/television,2272,... < 100 DM,1 <= ... < 4 years,4,female,none,2,"car or other, not in savings account",26,stores,own,1,unskilled - resident,1,none,yes,1,divorced/separated
... < 0 DM,6,existing credits paid back duly till now,car (new),764,... < 100 DM,... >= 7 years,4,male,none,4,building society savings agreement / life insurance,50,none,own,1,skilled employee / official,1,none,yes,1,single
0 <= ... < 200 DM,13,critical account / other credits existing (not at this bank),furniture/equipment,5057,unknown / no savings account,... >= 7 years,4,male,none,4,"car or other, not in savings account",42,none,own,2,unskilled - resident,1,none,yes,1,single
no checking account,26,existing credits paid back duly till now,car (new),1567,... < 100 DM,4 <= ... < 7 years,4,male,none,1,"car or other, not in savings account",30,none,own,2,skilled employee / official,1,none,yes,1,divorced/separated
0 <= ... < 200 DM,25,existing credits paid back duly till now,car (used),2452,... < 100 DM,unemployed,3,male,none,2,unknown / no property,75,stores,own,1,management / self-employed / highly qualified employee / officer,2,"yes, registered under customer's name",yes,2,single
... < 0 DM,22,all credits at this bank paid back duly,education,250,... < 100 DM,... >= 7 years,4,male,none,4,unknown / no property,37,none,for free,2,skilled employee / official,1,"yes, registered under customer's name",yes,2,divorced/separated
... < 0 DM,19,critical account / other credits existing (not at this bank),radio/television,250,... < 100 DM,1 <= ... < 4 years,4,male,none,3,real estate,27,none,own,2,skilled employee / official,2,none,yes,1,single
no checking account,9,existing credits paid back duly till now,radio/television,2174,unknown / no savings account,4 <= ... < 7 years,4,male,none,2,real estate,61,none,own,1,skilled employee / official,1,none,yes,1,single
... >= 200 DM / salary assignments for at least 1 year,13,critical account / other credits existing (not at this bank),radio/television,379,... < 100 DM,... < 1 year,4,male,none,2,real estate,28,none,own,2,unskilled - resident,1,none,yes,1,single
no checking account,27,existing credits paid back duly till now,education,5984,... < 100 DM,... >= 7 years,4,male,none,2,"car or other, not in savings account",19,none,own,1,skilled employee / official,2,none,yes,2,single
no checking account,19,existing credits paid back duly till now,business,1479,unknown / no savings account,... < 1 year,4,male,none,2,"car or other, not in savings account",19,none,own,1,skilled employee / official,1,none,yes,2,single
no checking account,4,existing credits paid back duly till now,furniture/equipment,250,100 <= ... < 500 DM,... < 1 year,2,male,none,3,"car or other, not in savings account",25,none,own,2,skilled employee / official,1,none,yes,2,married/widowed
no checking account,26,critical account / other credits existing (not at this bank),car (new),2452,... < 100 DM,4 <= ... < 7 years,1,female,none,1,real estate,34,none,own,2,skilled employee / official,1,none,yes,1,divorced/separated
0 <= ... < 200 DM,23,critical account / other credits existing (not at this bank),car (new),250,... < 100 DM,... < 1 year,1,female,none,3,building society savings agreement / life insurance,60,none,own,2,unskilled - resident,1,none,yes,2,single
... < 0 DM,4,delay in paying off in the past,education,2529,... < 100 DM,... >= 7 years,3,male,none,2,"car or other, not in savings account",44,stores,own,1,unskilled - resident,2,none,yes,1,single
0 <= ... < 200 DM,42,existing credits paid back duly till now,retraining,1095,... < 100 DM,... < 1 year,3,male,none,4,"car or other, not in savings account",56,none,rent,1,management / self-employed / highly qualified employee / officer,1,"yes, registered under customer's name",yes,2,single
no checking account,23,existing credits paid back duly till now,radio/television,1102,unknown / no savings account,4 <= ... < 7 years,1,female,co-applicant,1,real estate,43,none,own,2,skilled employee / official,1,none,yes,1,single
... < 0 DM,7,existing credits paid back duly till now,car (new),250,100 <= ... < 500 DM,1 <= ... < 4 years,1,female,none,2,real estate,34,none,own,1,unskilled - resident,1,none,yes,1,divorced/separated
... >= 200 DM / salary assignments for at least 1 year,4,existing credits paid back duly till now,retraining,510,... < 100 DM,... >= 7 years,1,male,none,4,building society savings agreement / life insurance,20,none,for free,3,skilled employee / official,1,none,yes,1,single
... < 0 DM,23,existing credits paid back duly till now,furniture/equipment,9261,unknown / no savings account,... < 1 year,2,female,none,4,"car or other, not in savings account",19,none,rent,1,skilled employee / official,2,"yes, registered under customer's name",yes,2,divorced/separated
0 <= ... < 200 DM,26,delay in paying off in the past,car (new),5021,unknown / no savings account,1 <= ... < 4 years,4,male,none,4,"car or other, not in savings account",32,none,own,3,skilled employee / official,1,"yes, registered under customer's name",yes,1,single
0 <= ... < 200 DM,10,critical account / other credits existing (not at this bank),domestic appliances,656,500 <= ... < 1000 DM,4 <= ... < 7 years,3,male,none,1,"car or other, not in savings account",60,none,own,2,skilled employee / official,2,none,yes,1,single
... < 0 DM,28,critical account / other credits existing (not at this bank),car (new),551,... < 100 DM,... >= 7 years,4,male,none,3,building society savings agreement / life insurance,23,bank,own,2,skilled employee / official,2,none,yes,1,single
no checking account,23,existing credits paid back duly till now,radio/television,250,unknown / no savings account,4 <= ... < 7 years,4,male,none,3,real estate,75,none,own,1,skilled employee / official,2,none,yes,1,single
no checking account,6,critical account / other credits existing (not at this bank),car (new),1810,... < 100 DM,unemployed,4,male,none,2,"car or other, not in savings account",19,none,own,2,skilled employee / official,1,none,yes,1,single
... < 0 DM,28,no credits taken / all credits paid back duly,furniture/equipment,5645,... < 100 DM,... < 1 year,2,male,none,2,real estate,29,none,own,1,unskilled - resident,2,none,yes,1,single
0 <= ... < 200 DM,12,existing credits paid back duly till now,repairs,700,unknown / no savings account,... >= 7 years,4,female,none,4,unknown / no property,57,none,rent,1,skilled employee / official,1,none,yes,2,married/widowed
0 <= ... < 200 DM,27,no credits taken / all credits paid back duly,car (new),4037,100 <= ... < 500 DM,1 <= ... < 4 years,2,male,none,2,unknown / no property,53,none,for free,1,skilled employee / official,1,"yes, registered under customer's name",yes,2,single
... >= 200 DM / salary assignments for at least 1 year,22,existing credits paid back duly till now,car (used),1906,100 <= ... < 500 DM,... >= 7 years,4,female,none,4,unknown / no property,70,none,own,2,skilled employee / official,1,"yes, registered under customer's name",yes,2,single
... < 0 DM,40,existing credits paid back duly till now,car (used),250,100 <= ... < 500 DM,... >= 7 years,4,male,none,4,building society savings agreement / life insurance,52,bank,own,1,management / self-employed / highly qualified employee / officer,1,"yes, registered under customer's name",yes,2,single
0 <= ... < 200 DM,28,no credits taken / all credits paid back duly,repairs,1880,... >= 1000 DM,... >= 7 years,2,male,none,4,"car or other, not in savings account",42,bank,for free,1,management / self-employed / highly qualified employee / officer,1,"yes, registered under customer's name",yes,2,single
no checking account,72,existing credits paid back duly till now,business,5789,... < 100 DM,1 <= ... < 4 years,2,male,none,3,"car or other, not in savings account",19,none,own,1,skilled employee / official,1,"yes, registered under customer's name",yes,1,single
no checking account,9,critical account / other credits existing (not at this bank),domestic appliances,250,... < 100 DM,... < 1 year,1,female,none,3,real estate,27,none,own,2,skilled employee / official,1,none,yes,1,divorced/separated
no checking account,24,existing credits paid back duly till now,car (new),250,... < 100 DM,... < 1 year,4,female,none,1,"car or other, not in savings account",25,none,own,1,skilled employee / official,1,none,yes,1,divorced/separated
no checking account,21,existing credits paid back duly till now,furniture/equipment,462,... < 100 DM,4 <= ... < 7 years,2,male,none,2,"car or other, not in savings account",19,none,own,1,skilled employee / official,1,"yes, registered under customer's name",yes,1,divorced/separated
... < 0 DM,39,critical account / other credits existing (not at this bank),education,675,unknown / no savings account,... >= 7 years,4,male,none,4,"car or other, not in savings account",48,none,own,1,management / self-employed / highly qualified employee / officer,1,"yes, registered under customer's name",yes,1,single
0 <= ... < 200 DM,21,existing credits paid back duly till now,radio/television,2744,... < 100 DM,1 <= ... < 4 years,4,female,none,2,building society savings agreement / life insurance,35,none,own,2,skilled employee / official,1,none,yes,1,single
0 <= ... < 200 DM,37,critical account / other credits existing (not at this bank),business,3384,... < 100 DM,... >= 7 years,4,male,none,4,unknown / no property,75,none,for free,1,management / self-employed / highly qualified employee / officer,1,"yes, registered under customer's name",yes,2,single
... < 0 DM,33,existing credits paid back duly till now,education,3672,... < 100 DM,... >= 7 years,4,male,none,4,"car or other, not in savings account",55,none,rent,2,skilled employee / official,1,none,yes,2,single
0 <= ... < 200 DM,51,delay in paying off in the past,others,1442,unknown / no savings account,1 <= ... < 4 years,4,female,none,2,real estate,21,none,own,1,skilled employee / official,1,"yes, registered under customer's name",yes,1,single
0 <= ... < 200 DM,15,existing credits paid back duly till now,car (new),852,... < 100 DM,4 <= ... < 7 years,4,male,none,4,building society savings agreement / life insurance,32,none,own,1,skilled employee / official,1,none,yes,1,divorced/separated
no checking account,11,all credits at this bank paid back duly,furniture/equipment,2782,... < 100 DM,4 <= ... < 7 years,2,male,none,2,real estate,64,none,own,2,unskilled - resident,2,none,yes,1,single
no checking account,18,critical account / other credits existing (not at this bank),car (new),1686,... < 100 DM,4 <= ... < 7 years,2,male,none,2,"car or other, not in savings account",31,none,own,1,unskilled - resident,2,none,yes,1,single
... >= 200 DM / salary assignments for at least 1 year,9,critical account / other credits existing (not at this bank),car (new),3701,... < 100 DM,... < 1 year,1,female,none,3,building society savings agreement / life insurance,26,none,own,2,skilled employee / official,1,none,yes,1,married/widowed
no checking account,7,existing credits paid back duly till now,education,1267,500 <= ... < 1000 DM,1 <= ... < 4 years,3,male,none,1,"car or other, not in savings account",19,none,own,1,skilled employee / official,1,none,yes,1,divorced/separated
no checking account,21,existing credits paid back duly till now,furniture/equipment,5699,100 <= ... < 500 DM,... >= 7 years,2,male,none,4,real estate,65,none,own,1,unskilled - resident,1,none,yes,1,single
no checking account,38,critical account / other credits existing (not at this bank),radio/television,250,... < 100 DM,... >= 7 years,4,male,none,3,"car or other, not in savings account",28,none,for free,2,skilled employee / official,1,none,yes,1,single
no checking account,17,all credits at this bank paid back duly,car (new),3400,100 <= ... < 500 DM,unemployed,4,male,co-applicant,2,unknown / no property,41,none,own,1,management / self-employed / highly qualified employee / officer,1,"yes, registered under customer's name",yes,1,divorced/separated
0 <= ... < 200 DM,20,existing credits paid back duly till now,furniture/equipment,12923,... < 100 DM,unemployed,4,female,none,4,unknown / no property,19,none,rent,1,skilled employee / official,1,"yes, registered under customer's name",yes,2,divorced/separated
0 <= ... < 200 DM,21,existing credits paid back duly till now,car (used),3618,... < 100 DM,... < 1 year,4,male,none,2,real estate,36,none,own,1,unskilled - resident,1,none,yes,2,single
no checking account,20,critical account / other credits existing (not at this bank),repairs,562,... < 100 DM,... >= 7 years,3,female,none,2,"car or other, not in savings account",30,none,rent,2,skilled employee / official,1,"yes, registered under customer's name",yes,1,married/widowed
no checking account,16,existing credits paid back duly till now,car (new),2942,500 <= ... < 1000 DM,... < 1 year,1,male,none,2,building society savings agreement / life insurance,34,none,own,1,skilled employee / official,1,none,yes,1,single
no checking account,21,critical account / other credits existing (not at this bank),car (new),1536,... < 100 DM,... >= 7 years,4,male,none,3,real estate,36,none,own,2,unskilled - resident,2,none,yes,1,single
0 <= ... < 200 DM,27,existing credits paid back duly till now,business,7908,... < 100 DM,... >= 7 years,2,male,none,4,unknown / no property,67,bank,for free,1,management / self-employed / highly qualified employee / officer,2,"yes, registered under customer's name",yes,1,single
no checking account,9,critical account / other credits existing (not at this bank),radio/television,2756,... < 100 DM,... < 1 year,4,female,none,3,real estate,25,none,own,2,skilled employee / official,1,none,yes,1,divorced/separated
... < 0 DM,5,existing credits paid back duly till now,car (new),2205,... < 100 DM,... >= 7 years,2,male,none,4,building society savings agreement / life insurance,37,bank,own,1,management / self-employed / highly qualified employee / officer,1,none,yes,1,single
no checking account,6,existing credits paid back duly till now,car (used),1280,... < 100 DM,... >= 7 years,4,male,none,4,"car or other, not in savings account",24,bank,own,1,management / self-employed / highly qualified employee / officer,1,"yes, registered under customer's name",yes,2,divorced/separated
... < 0 DM,59,critical account / other credits existing (not at this bank),business,12571,... < 100 DM,... >= 7 years,4,male,none,2,"car or other, not in savings account",35,none,own,1,skilled employee / official,2,"yes, registered under customer's name",yes,2,single
... < 0 DM,39,existing credits paid back duly till now,car (new),250,... < 100 DM,... >= 7 years,3,male,none,4,"car or other, not in savings account",39,none,own,1,skilled employee / official,1,"yes, registered under customer's name",yes,2,divorced/separated
0 <= ... < 200 DM,35,existing credits paid back duly till now,radio/television,3857,... < 100 DM,... < 1 year,2,male,none,2,"car or other, not in savings account",42,stores,own,1,skilled employee / official,1,none,yes,2,divorced/separated
no checking account,26,critical account / other credits existing (not at this bank),business,1750,unknown / no savings account,1 <= ... < 4 years,4,female,none,2,"car or other, not in savings account",32,none,own,2,skilled employee / official,1,"yes, registered under customer's name",yes,1,divorced/separated
no checking account,4,critical account / other credits existing (not at this bank),radio/television,5519,... < 100 DM,1 <= ... < 4 years,3,male,none,2,real estate,26,none,own,1,skilled employee / official,1,none,yes,1,single
0 <= ... < 200 DM,14,existing credits paid back duly till now,furniture/equipment,250,... < 100 DM,... < 1 year,2,female,none,4,"car or other, not in savings account",35,none,own,2,unskilled - resident,1,"yes, registered under customer's name",yes,1,divorced/separated
... < 0 DM,8,existing credits paid back duly till now,others,1741,... >= 1000 DM,1 <= ... < 4 years,4,female,none,4,building society savings agreement / life insurance,42,none,own,2,skilled employee / official,1,none,yes,1,divorced/separated
0 <= ... < 200 DM,6,existing credits paid back duly till now,furniture/equipment,505,... < 100 DM,1 <= ... < 4 years,4,male,none,4,"car or other, not in savings account",48,none,own,1,skilled employee / official,1,none,yes,1,divorced/separated
no checking account,4,all credits at this bank paid back duly,car (new),1189,... < 100 DM,... < 1 year,3,female,none,4,"car or other, not in savings account",27,stores,rent,1,unskilled - resident,1,"yes, registered under customer's name",yes,2,divorced/separated
... < 0 DM,18,existing credits paid back duly till now,car (new),285,unknown / no savings account,... >= 7 years,3,female,co-applicant,2,building society savings agreement / life insurance,19,none,own,2,skilled employee / official,1,"yes, registered under customer's name",yes,2,divorced/separated
no checking account,24,critical account / other credits existing (not at this bank),car (new),3287,... < 100 DM,4 <= ... < 7 years,4,male,none,2,real estate,40,none,own,2,unskilled - resident,1,none,yes,1,single
0 <= ... < 200 DM,9,existing credits paid back duly till now,business,1890,... >= 1000 DM,4 <= ... < 7 years,1,male,none,2,"car or other, not in savings account",38,none,for free,1,management / self-employed / highly qualified employee / officer,1,"yes, registered under customer's name",yes,2,divorced/separated
no checking account,29,delay in paying off in the past,radio/television,250,unknown / no savings account,1 <= ... < 4 years,4,male,none,2,real estate,19,none,own,2,skilled employee / official,1,none,yes,1,married/widowed
no checking account,25,all credits at this bank paid back duly,domestic appliances,6216,100 <= ... < 500 DM,1 <= ... < 4 years,4,male,co-applicant,4,"car or other, not in savings account",29,none,rent,3,management / self-employed / highly qualified employee / officer,1,"yes, registered under customer's name",yes,1,single
0 <= ... < 200 DM,8,no credits taken / all credits paid back duly,car (used),476,... < 100 DM,... >= 7 years,4,male,none,2,"car or other, not in savings account",25,none,own,1,skilled employee / official,1,"yes, registered under customer's name",yes,1,single
no checking account,11,existing credits paid back duly till now,car (new),3452,unknown / no savings account,4 <= ... < 7 years,1,male,none,2,"car or other, not in savings account",42,none,rent,1,management / self-employed / highly qualified employee / officer,1,"yes, registered under customer's name",yes,1,single
0 <= ... < 200 DM,25,existing credits paid back duly till now,car (used),15945,... < 100 DM,4 <= ... < 7 years,2,male,none,4,unknown / no property,51,none,for free,1,management / self-employed / highly qualified employee / officer,1,none,yes,2,single
no checking account,26,all credits at this bank paid back duly,furniture/equipment,3406,... < 100 DM,1 <= ... < 4 years,1,female,none,3,building society savings agreement / life insurance,35,none,own,2,skilled employee / official,1,none,yes,1,married/widowed
no checking account,18,critical account / other credits existing (not at this bank),radio/television,2319,... < 100 DM,... >= 7 years,4,male,none,4,real estate,69,none,own,2,unskilled - resident,2,none,yes,1,single
0 <= ... < 200 DM,18,existing credits paid back duly till now,furniture/equipment,6376,... < 100 DM,... < 1 year,4,female,none,4,building society savings agreement / life insurance,45,none,own,2,skilled employee / official,1,none,yes,1,married/widowed
no checking account,19,critical account / other credits existing (not at this bank),car (new),1108,... < 100 DM,... >= 7 years,3,male,none,4,unknown / no property,57,none,for free,2,skilled employee / official,1,none,yes,2,single
... < 0 DM,45,existing credits paid back duly till now,car (new),250,... < 100 DM,... < 1 year,4,female,none,4,"car or other, not in savings account",24,none,rent,1,skilled employee / official,1,"yes, registered under customer's name",yes,2,divorced/separated
no checking account,21,critical account / other credits existing (not at this bank),furniture/equipment,2909,... < 100 DM,... >= 7 years,3,male,none,2,"car or other, not in savings account",49,none,own,1,skilled employee / official,1,none,yes,1,single
... < 0 DM,4,critical account / other credits existing (not at this bank),radio/television,2244,... < 100 DM,... >= 7 years,1,female,none,3,real estate,19,none,own,2,unskilled - resident,1,none,yes,1,single
no checking account,17,critical account / other credits existing (not at this bank),furniture/equipment,851,... < 100 DM,... >= 7 years,2,male,none,2,building society savings agreement / life insurance,48,none,own,2,unskilled - resident,1,none,yes,1,single
0 <= ... < 200 DM,22,delay in paying off in the past,car (new),2002,... < 100 DM,4 <= ... < 7 years,2,male,none,2,building society savings agreement / life insurance,69,none,for free,2,management / self-employed / highly qualified employee / officer,2,none,yes,2,single
no checking account,23,critical account / other credits existing (not at this bank),radio/television,747,... < 100 DM,1 <= ... < 4 years,4,female,none,3,"car or other, not in savings account",28,none,own,2,unskilled - resident,1,none,yes,1,divorced/separated
... < 0 DM,18,all credits at this bank paid back duly,car (new),250,100 <= ... < 500 DM,... < 1 year,1,female,none,4,"car or other, not in savings account",25,none,rent,2,skilled employee / official,1,none,yes,1,divorced/separated
0 <= ... < 200 DM,22,existing credits paid back duly till now,car (new),1672,... < 100 DM,1 <= ... < 4 years,2,male,none,3,"car or other, not in savings account",31,none,own,1,skilled employee / official,1,none,yes,1,single
no checking account,4,critical account / other credits existing (not at this bank),radio/television,1648,... < 100 DM,1 <= ... < 4 years,4,female,none,2,"car or other, not in savings account",24,none,own,2,skilled employee / official,1,none,yes,1,divorced/separated
... < 0 DM,26,all credits at this bank paid back duly,car (used),8517,... < 100 DM,unemployed,2,male,none,4,unknown / no property,38,none,for free,1,management / self-employed / highly qualified employee / officer,1,"yes, registered under customer's name",yes,2,single
no checking account,10,critical account / other credits existing (not at this bank),radio/television,2268,... < 100 DM,4 <= ... < 7 years,1,male,none,3,real estate,34,none,rent,2,unskilled - resident,1,none,yes,1,single
no checking account,18,existing credits paid back duly till now,business,1374,unknown / no savings account,1 <= ... < 4 years,4,male,none,2,real estate,25,none,own,2,skilled employee / official,1,none,yes,1,married/widowed
0 <= ... < 200 DM,4,all credits at this bank paid back duly,others,1375,... >= 1000 DM,1 <= ... < 4 years,4,female,none,3,building society savings agreement / life insurance,19,none,own,1,skilled employee / official,1,none,yes,2,divorced/separated
0 <= ... < 200 DM,28,existing credits paid back duly till now,car (used),12477,unknown / no savings account,4 <= ... < 7 years,3,male,guarantor,2,"car or other, not in savings account",37,none,own,1,management / self-employed / highly qualified employee / officer,1,"yes, registered under customer's name",yes,1,single
no checking account,22,existing credits paid back duly till now,car (new),2238,500 <= ... < 1000 DM,4 <= ... < 7 years,4,male,none,4,"car or other, not in savings account",50,none,own,1,skilled employee / official,2,none,yes,1,single
... < 0 DM,18,existing credits paid back duly till now,repairs,7457,... < 100 DM,1 <= ... < 4 years,1,male,none,4,unknown / no property,43,bank,rent,2,management / self-employed / highly qualified employee / officer,1,"yes, registered under customer's name",yes,2,single
... >= 200 DM / salary assignments for at least 1 year,23,existing credits paid back duly till now,business,1308,... < 100 DM,... < 1 year,4,female,none,4,"car or other, not in savings account",28,none,own,1,skilled employee / official,1,"yes, registered under customer's name",yes,2,divorced/separated
0 <= ... < 200 DM,72,existing credits paid back duly till now,business,3718,... < 100 DM,... >= 7 years,4,male,none,4,unknown / no property,75,bank,for free,1,management / self-employed / highly qualified employee / officer,1,"yes, registered under customer's name",yes,2,single
0 <= ... < 200 DM,23,existing credits paid back duly till now,radio/television,3409,unknown / no savings account,1 <= ... < 4 years,4,male,none,4,"car or other, not in savings account",21,stores,for free,1,management / self-employed / highly qualified employee / officer,2,none,yes,1,single
no checking account,7,critical account / other credits existing (not at this bank),radio/television,3475,... < 100 DM,4 <= ... < 7 years,3,male,none,1,"car or other, not in savings account",32,none,own,2,skilled employee / official,2,none,yes,1,divorced/separated
0 <= ... < 200 DM,12,critical account / other credits existing (not at this bank),car (new),2984,... < 100 DM,... >= 7 years,4,female,none,2,"car or other, not in savings account",21,none,own,1,unemployed / unskilled - non-resident,1,none,yes,2,divorced/separated
0 <= ... < 200 DM,38,critical account / other credits existing (not at this bank),business,732,... < 100 DM,... >= 7 years,2,male,none,4,"car or other, not in savings account",48,none,for free,1,management / self-employed / highly qualified employee / officer,1,"yes, registered under customer's name",yes,2,single
... < 0 DM,15,existing credits paid back duly till now,car (new),1760,... < 100 DM,1 <= ... < 4 years,1,male,guarantor,2,building society savings agreement / life insurance,63,none,own,1,unskilled - resident,1,none,yes,2,single
... < 0 DM,4,existing credits paid back duly till now,others,2382,... < 100 DM,1 <= ... < 4 years,4,male,none,4,real estate,35,none,own,1,skilled employee / official,1,none,no,1,single
no checking account,49,existing credits paid back duly till now,radio/television,4553,... < 100 DM,... >= 7 years,1,male,guarantor,4,"car or other, not in savings account",75,none,rent,1,skilled employee / official,1,none,yes,1,single
0 <= ... < 200 DM,7,existing credits paid back duly till now,radio/television,1261,unknown / no savings account,4 <= ... < 7 years,4,male,none,4,building society savings agreement / life insurance,22,none,own,1,skilled employee / official,1,"yes, registered under customer's name",yes,2,divorced/separated
... < 0 DM,4,critical account / other credits existing (not at this bank),radio/television,4792,... < 100 DM,... < 1 year,4,male,none,2,real estate,20,none,own,1,skilled employee / official,1,"yes, registered under customer's name",yes,2,divorced/separated
no checking account,30,critical account / other credits existing (not at this bank),repairs,1972,... < 100 DM,... >= 7 years,4,male,none,2,real estate,65,none,own,2,skilled employee / official,2,none,yes,1,single
... >= 200 DM / salary assignments for at least 1 year,9,critical account / other credits existing (not at this bank),radio/television,250,... < 100 DM,4 <= ... < 7 years,2,male,none,2,real estate,54,none,own,2,unskilled - resident,2,none,yes,1,single
no checking account,20,no credits taken / all credits paid back duly,repairs,1235,... < 100 DM,unemployed,4,female,none,4,"car or other, not in savings account",28,none,for free,3,skilled employee / official,1,"yes, registered under customer's name",yes,2,divorced/separated
0 <= ... < 200 DM,11,existing credits paid back duly till now,furniture/equipment,5042,... < 100 DM,... < 1 year,2,female,none,4,building society savings agreement / life insurance,24,none,rent,1,skilled employee / official,1,none,yes,1,divorced/separated
no checking account,13,critical account / other credits existing (not at this bank),car (new),1568,unknown / no savings account,unemployed,4,male,none,3,real estate,28,bank,own,2,unskilled - resident,1,none,yes,1,divorced/separated
0 <= ... < 200 DM,10,critical account / other credits existing (not at this bank),radio/television,6486,unknown / no savings account,... >= 7 years,3,male,none,4,real estate,49,none,own,1,management / self-employed / highly qualified employee / officer,2,none,yes,2,single
... < 0 DM,40,critical account / other credits existing (not at this bank),radio/television,538,... < 100 DM,4 <= ... < 7 years,4,male,none,3,"car or other, not in savings account",31,none,own,2,unskilled - resident,2,none,yes,1,single
no checking account,19,critical account / other credits existing (not at this bank),furniture/equipment,250,... < 100 DM,... < 1 year,3,female,none,1,real estate,36,bank,own,2,unskilled - resident,1,"yes, registered under customer's name",yes,1,divorced/separated
0 <= ... < 200 DM,4,critical account / other credits existing (not at this bank),radio/television,250,... < 100 DM,4 <= ... < 7 years,4,male,none,4,real estate,57,none,own,2,unskilled - resident,1,none,yes,1,single
no checking account,7,existing credits paid back duly till now,radio/television,1996,... < 100 DM,1 <= ... < 4 years,4,male,none,4,building society savings agreement / life insurance,25,none,own,1,management / self-employed / highly qualified employee / officer,1,none,yes,2,single
... < 0 DM,27,existing credits paid back duly till now,car (new),1136,... < 100 DM,... >= 7 years,2,female,none,4,unknown / no property,57,bank,for free,1,unemployed / unskilled - non-resident,1,"yes, registered under customer's name",yes,2,divorced/separated
no checking account,27,critical account / other credits existing (not at this bank),business,737,unknown / no savings account,1 <= ... < 4 years,4,male,none,2,"car or other, not in savings account",28,stores,own,1,unskilled - resident,1,none,yes,1,divorced/separated
0 <= ... < 200 DM,34,no credits taken / all credits paid back duly,repairs,2040,100 <= ... < 500 DM,... >= 7 years,2,male,none,4,"car or other, not in savings account",19,none,own,1,skilled employee / official,1,"yes, registered under customer's name",yes,2,married/widowed
0 <= ... < 200 DM,21,all credits at this bank paid back duly,car (new),250,... < 100 DM,... >= 7 years,4,male,none,4,unknown / no property,39,bank,for free,1,management / self-employed / highly qualified employee / officer,1,"yes, registered under customer's name",yes,2,single
... < 0 DM,48,existing credits paid back duly till now,car (new),6339,... < 100 DM,... >= 7 years,4,male,none,2,unknown / no property,70,none,own,2,skilled employee / official,1,none,yes,2,single
no checking account,20,existing credits paid back duly till now,car (new),1277,... < 100 DM,... < 1 year,2,female,none,2,unknown / no property,19,none,own,3,skilled employee / official,1,none,yes,1,single
no checking account,11,delay in paying off in the past,car (new),1035,500 <= ... < 1000 DM,4 <= ... < 7 years,1,male,guarantor,3,real estate,30,stores,own,2,skilled employee / official,2,none,yes,1,single
no checking account,66,critical account / other credits existing (not at this bank),education,4470,unknown / no savings account,unemployed,4,male,co-applicant,3,unknown / no property,32,none,own,1,skilled employee / official,1,none,yes,1,single
0 <= ... < 200 DM,29,existing credits paid back duly till now,education,1198,... < 100 DM,unemployed,1,female,none,4,building society savings agreement / life insurance,40,none,rent,1,management / self-employed / highly qualified employee / officer,1,none,yes,2,divorced/separated
0 <= ... < 200 DM,25,delay in paying off in the past,car (used),4551,... >= 1000 DM,4 <= ... < 7 years,2,male,none,4,"car or other, not in savings account",40,none,own,1,skilled employee / official,1,"yes, registered under customer's name",yes,2,single
no checking account,4,critical account / other credits existing (not at this bank),car (new),250,... < 100 DM,... < 1 year,4,female,none,3,"car or other, not in savings account",24,none,own,2,unskilled - resident,1,none,yes,1,divorced/separated
... >= 200 DM / salary assignments for at least 1 year,14,critical account / other credits existing (not at this bank),car (new),250,... >= 1000 DM,1 <= ... < 4 years,3,female,none,2,real estate,22,none,own,1,unskilled - resident,2,none,no,1,divorced/separated
no checking account,7,existing credits paid back duly till now,car (new),2409,... < 100 DM,... >= 7 years,3,male,none,2,real estate,37,none,own,1,skilled employee / official,1,none,yes,1,single
... < 0 DM,4,existing credits paid back duly till now,car (new),1994,... < 100 DM,1 <= ... < 4 years,1,female,none,4,building society savings agreement / life insurance,19,none,rent,2,skilled employee / official,1,none,yes,2,divorced/separated
no checking account,19,existing credits paid back duly till now,car (new),417,... < 100 DM,1 <= ... < 4 years,4,female,none,4,real estate,27,none,own,1,skilled employee / official,1,none,yes,1,divorced/separated
... >= 200 DM / salary assignments for at least 1 year,4,critical account / other credits existing (not at this bank),car (new),250,... < 100 DM,... < 1 year,4,male,none,3,real estate,29,none,own,2,unskilled - resident,1,none,no,2,married/widowed
0 <= ... < 200 DM,21,all credits at this bank paid back duly,car (used),250,... < 100 DM,... >= 7 years,3,male,none,4,unknown / no property,75,none,for free,1,management / self-employed / highly qualified employee / officer,1,"yes, registered under customer's name",yes,2,single
no checking account,19,existing credits paid back duly till now,furniture/equipment,266,unknown / no savings account,4 <= ... < 7 years,4,male,none,4,"car or other, not in savings account",41,none,own,1,skilled employee / official,1,none,yes,1,single
no checking account,22,critical account / other credits existing (not at this bank),radio/television,250,unknown / no savings account,... < 1 year,4,female,none,1,real estate,30,none,own,2,skilled employee / official,1,none,yes,1,divorced/separated
no checking account,4,existing credits paid back duly till now,repairs,250,... < 100 DM,... < 1 year,4,female,none,4,"car or other, not in savings account",30,stores,own,1,unskilled - resident,1,"yes, registered under customer's name",yes,1,divorced/separated
0 <= ... < 200 DM,29,delay in paying off in the past,radio/television,4096,... < 100 DM,... >= 7 years,4,male,none,4,"car or other, not in savings account",71,none,own,2,management / self-employed / highly qualified employee / officer,1,"yes, registered under customer's name",yes,1,single
no checking account,28,existing credits paid back duly till now,car (new),15945,unknown / no savings account,4 <= ... < 7 years,3,male,none,2,"car or other, not in savings account",28,none,own,1,skilled employee / official,1,"yes, registered under customer's name",yes,1,single
no checking account,4,existing credits paid back duly till now,radio/television,441,... < 100 DM,... < 1 year,1,male,none,3,real estate,24,none,own,1,skilled employee / official,1,none,yes,1,divorced/separated
0 <= ... < 200 DM,39,existing credits paid back duly till now,car (new),844,... < 100 DM,1 <= ... < 4 years,2,male,none,2,"car or other, not in savings account",40,none,rent,1,unskilled - resident,2,none,yes,1,single
no checking account,72,delay in paying off in the past,car (used),4277,... < 100 DM,... >= 7 years,4,male,none,1,"car or other, not in savings account",51,none,own,1,skilled employee / official,1,none,yes,2,single
0 <= ... < 200 DM,40,existing credits paid back duly till now,car (used),966,... < 100 DM,unemployed,1,female,none,4,"car or other, not in savings account",71,stores,rent,1,skilled employee / official,1,"yes, registered under customer's name",yes,2,divorced/separated
no checking account,10,critical account / other credits existing (not at this bank),radio/television,3249,... < 100 DM,1 <= ... < 4 years,4,male,none,2,real estate,42,none,own,2,unskilled - resident,2,none,yes,1,single
no checking account,49,existing credits paid back duly till now,education,4007,... < 100 DM,... < 1 year,4,female,none,3,"car or other, not in savings account",47,bank,rent,1,management / self-employed / highly qualified employee / officer,1,none,yes,1,divorced/separated
no checking account,23,all credits at this bank paid back duly,car (new),10517,... < 100 DM,1 <= ... < 4 years,4,male,none,2,"car or other, not in savings account",70,none,own,2,skilled employee / official,1,none,yes,1,single
... < 0 DM,58,no credits taken / all credits paid back duly,car (new),480,... < 100 DM,... >= 7 years,4,male,none,4,building society savings agreement / life insurance,43,none,for free,2,management / self-employed / highly qualified employee / officer,2,"yes, registered under customer's name",yes,1,single
0 <= ... < 200 DM,28,existing credits paid back duly till now,business,5779,100 <= ... < 500 DM,unemployed,3,female,none,4,"car or other, not in savings account",48,none,own,1,management / self-employed / highly qualified employee / officer,1,"yes, registered under customer's name",yes,2,single
no checking account,22,critical account / other credits existing (not at this bank),furniture/equipment,1871,100 <= ... < 500 DM,unemployed,4,female,none,4,building society savings agreement / life insurance,40,none,for free,1,unskilled - resident,1,"yes, registered under customer's name",yes,2,divorced/separated
no checking account,9,critical account / other credits existing (not at this bank),radio/television,2982,100 <= ... < 500 DM,... < 1 year,3,female,none,3,"car or other, not in savings account",27,none,rent,1,unskilled - resident,1,none,yes,1,divorced/separated
0 <= ... < 200 DM,25,existing credits paid back duly till now,furniture/equipment,250,... < 100 DM,... >= 7 years,3,female,none,4,"car or other, not in savings account",31,none,for free,1,skilled employee / official,1,none,yes,1,divorced/separated
... < 0 DM,51,delay in paying off in the past,domestic appliances,11887,... < 100 DM,... >= 7 years,3,female,none,4,building society savings agreement / life insurance,63,none,for free,2,management / self-employed / highly qualified employee / officer,1,"yes, registered under customer's name",yes,2,single
0 <= ... < 200 DM,7,existing credits paid back duly till now,car (new),250,... < 100 DM,... >= 7 years,4,female,none,1,building society savings agreement / life insurance,34,none,own,2,skilled employee / official,1,none,yes,2,divorced/separated
no checking account,4,critical account / other credits existing (not at this bank),radio/television,1529,... < 100 DM,1 <= ... < 4 years,2,male,guarantor,3,real estate,45,none,own,2,unskilled - resident,1,none,yes,1,divorced/separated
no checking account,27,delay in paying off in the past,car (used),11017,500 <= ... < 1000 DM,4 <= ... < 7 years,2,male,none,4,building society savings agreement / life insurance,40,none,rent,1,management / self-employed / highly qualified employee / officer,1,none,yes,1,divorced/separated
no checking account,22,existing credits paid back duly till now,domestic appliances,6023,... < 100 DM,4 <= ... < 7 years,3,male,none,3,building society savings agreement / life insurance,19,none,own,2,skilled employee / official,1,"yes, registered under customer's name",yes,1,single
no checking account,20,critical account / other credits existing (not at this bank),car (new),704,100 <= ... < 500 DM,1 <= ... < 4 years,3,female,none,3,"car or other, not in savings account",34,none,own,2,skilled employee / official,1,none,yes,1,divorced/separated
no checking account,4,delay in paying off in the past,business,3256,... < 100 DM,unemployed,4,male,none,3,"car or other, not in savings account",40,none,own,1,skilled employee / official,1,none,yes,1,divorced/separated
no checking account,7,critical account / other credits existing (not at this bank),radio/television,970,... < 100 DM,1 <= ... < 4 years,4,male,none,2,real estate,47,bank,own,1,unskilled - resident,1,none,yes,1,single
0 <= ... < 200 DM,27,existing credits paid back duly till now,car (new),250,... < 100 DM,... >= 7 years,4,male,none,4,"car or other, not in savings account",75,stores,own,1,management / self-employed / highly qualified employee / officer,1,none,yes,2,single
... >= 200 DM / salary assignments for at least 1 year,29,existing credits paid back duly till now,furniture/equipment,800,... < 100 DM,... < 1 year,2,male,none,1,"car or other, not in savings account",26,none,rent,1,skilled employee / official,1,"yes, registered under customer's name",yes,2,single
no checking account,21,critical account / other credits existing (not at this bank),radio/television,1904,unknown / no savings account,4 <= ... < 7 years,1,male,co-applicant,3,real estate,22,none,own,1,skilled employee / official,1,none,no,1,divorced/separated
0 <= ... < 200 DM,28,existing credits paid back duly till now,education,250,... < 100 DM,1 <= ... < 4 years,2,female,none,4,"car or other, not in savings account",33,none,rent,1,management / self-employed / highly qualified employee / officer,1,"yes, registered under customer's name",yes,1,divorced/separated
no checking account,26,critical account / other credits existing (not at this bank),radio/television,431,... < 100 DM,1 <= ... < 4 years,4,male,none,3,real estate,39,none,own,2,skilled employee / official,1,none,yes,1,married/widowed
no checking account,66,delay in paying off in the past,car (new),250,unknown / no savings account,... >= 7 years,4,male,none,3,real estate,62,none,for free,1,skilled employee / official,2,none,yes,1,single
0 <= ... < 200 DM,21,existing credits paid back duly till now,furniture/equipment,1603,... < 100 DM,... < 1 year,1,female,none,4,"car or other, not in savings account",19,none,rent,1,skilled employee / official,1,"yes, registered under customer's name",yes,2,divorced/separated
no checking account,28,critical account / other credits existing (not at this bank),car (new),3399,... < 100 DM,... >= 7 years,4,male,none,1,real estate,47,none,own,2,unskilled - resident,1,none,yes,1,single
0 <= ... < 200 DM,21,existing credits paid back duly till now,radio/television,10000,... < 100 DM,... >= 7 years,2,male,none,2,real estate,37,none,own,2,skilled employee / official,2,none,yes,1,single
no checking account,54,no credits taken / all credits paid back duly,car (used),746,500 <= ... < 1000 DM,... < 1 year,2,male,none,4,building society savings agreement / life insurance,29,none,own,3,unskilled - resident,1,none,yes,1,married/widowed
... >= 200 DM / salary assignments for at least 1 year,10,existing credits paid back duly till now,furniture/equipment,2832,unknown / no savings account,4 <= ... < 7 years,3,male,none,4,"car or other, not in savings account",31,none,own,3,skilled employee / official,1,none,yes,1,single
no checking account,26,critical account / other credits existing (not at this bank),education,250,... < 100 DM,... < 1 year,4,female,none,3,real estate,32,none,own,2,skilled employee / official,1,none,yes,1,married/widowed
... < 0 DM,27,delay in paying off in the past,car (used),1151,... < 100 DM,... >= 7 years,4,male,none,4,unknown / no property,19,stores,for free,1,management / self-employed / highly qualified employee / officer,1,"yes, registered under customer's name",yes,2,single
no checking account,6,existing credits paid back duly till now,car (new),1322,... < 100 DM,4 <= ... < 7 years,4,male,none,4,"car or other, not in savings account",19,none,own,1,skilled employee / official,1,none,yes,1,single
0 <= ... < 200 DM,24,existing credits paid back duly till now,car (new),250,... < 100 DM,... < 1 year,4,female,none,2,building society savings agreement / life insurance,19,none,rent,1,skilled employee / official,2,"yes, registered under customer's name",yes,2,divorced/separated
0 <= ... < 200 DM,29,existing credits paid back duly till now,car (new),4156,unknown / no savings account,... < 1 year,3,female,guarantor,4,building society savings agreement / life insurance,21,none,own,1,skilled employee / official,1,none,yes,2,divorced/separated
no checking account,5,delay in paying off in the past,car (new),1668,... < 100 DM,4 <= ... < 7 years,4,male,none,4,real estate,21,none,for free,2,skilled employee / official,1,none,yes,1,single
no checking account,13,delay in paying off in the past,radio/television,1968,unknown / no savings account,4 <= ... < 7 years,4,male,none,1,"car or other, not in savings account",29,none,own,3,skilled employee / official,1,none,yes,1,single
no checking account,66,existing credits paid back duly till now,car (new),4819,unknown / no savings account,... >= 7 years,4,male,none,4,unknown / no property,43,none,own,2,unskilled - resident,2,"yes, registered under customer's name",yes,1,single
0 <= ... < 200 DM,8,delay in paying off in the past,business,3549,... >= 1000 DM,1 <= ... < 4 years,4,female,none,1,"car or other, not in savings account",44,bank,own,1,unskilled - resident,1,none,yes,1,single
no checking account,26,existing credits paid back duly till now,education,250,... < 100 DM,4 <= ... < 7 years,4,male,none,3,real estate,32,none,own,2,skilled employee / official,1,none,yes,1,single
no checking account,12,existing credits paid back duly till now,radio/television,1517,... < 100 DM,... < 1 year,3,male,none,1,"car or other, not in savings account",19,none,own,1,skilled employee / official,1,none,yes,1,divorced/separated
no checking account,12,critical account / other credits existing (not at this bank),car (new),250,unknown / no savings account,... < 1 year,4,male,none,2,"car or other, not in savings account",23,none,own,2,skilled employee / official,1,none,yes,2,married/widowed
no checking account,6,existing credits paid back duly till now,car (used),250,... >= 1000 DM,1 <= ... < 4 years,2,female,none,4,"car or other, not in savings account",27,none,rent,1,unskilled - resident,1,none,yes,2,divorced/separated
no checking account,20,existing credits paid back duly till now,radio/television,250,500 <= ... < 1000 DM,4 <= ... < 7 years,4,male,none,4,real estate,27,none,own,2,skilled employee / official,2,none,yes,1,married/widowed
0 <= ... < 200 DM,4,all credits at this bank paid back duly,repairs,1319,... < 100 DM,... >= 7 years,4,female,none,4,"car or other, not in savings account",51,none,own,1,unemployed / unskilled - non-resident,1,none,yes,2,married/widowed
0 <= ... < 200 DM,4,existing credits paid back duly till now,radio/television,8957,... < 100 DM,... >= 7 years,4,male,none,4,"car or other, not in savings account",21,none,own,1,management / self-employed / highly qualified employee / officer,1,none,yes,1,single
0 <= ... < 200 DM,29,existing credits paid back duly till now,car (used),4277,... < 100 DM,... < 1 year,4,male,none,4,unknown / no property,72,none,own,1,skilled employee / official,1,"yes, registered under customer's name",yes,2,divorced/separated
0 <= ... < 200 DM,71,no credits taken / all credits paid back duly,car (new),4424,unknown / no savings account,1 <= ... < 4 years,4,female,none,2,unknown / no property,49,none,own,2,unemployed / unskilled - non-resident,1,"yes, registered under customer's name",yes,2,divorced/separated
... < 0 DM,18,existing credits paid back duly till now,car (new),396,... < 100 DM,4 <= ... < 7 years,3,male,none,2,"car or other, not in savings account",22,none,own,3,skilled employee / official,1,none,yes,2,divorced/separated
... < 0 DM,18,all credits at this bank paid back duly,car (used),10010,... < 100 DM,unemployed,3,male,none,4,"car or other, not in savings account",31,none,own,1,management / self-employed / highly qualified employee / officer,1,none,yes,1,single
no checking account,33,existing credits paid back duly till now,car (used),6487,unknown / no savings account,4 <= ... < 7 years,4,male,none,4,"car or other, not in savings account",39,none,own,1,skilled employee / official,1,"yes, registered under customer's name",yes,1,single
0 <= ... < 200 DM,21,critical account / other credits existing (not at this bank),education,6060,... < 100 DM,... < 1 year,2,female,none,4,unknown / no property,32,none,for free,1,skilled employee / official,1,none,yes,2,divorced/separated
0 <= ... < 200 DM,33,no credits taken / all credits paid back duly,others,303,100 <= ... < 500 DM,1 <= ... < 4 years,4,male,none,4,unknown / no property,26,bank,own,1,unemployed / unskilled - non-resident,1,"yes, registered under customer's name",yes,2,divorced/separated
... < 0 DM,19,existing credits paid back duly till now,furniture/equipment,3636,... < 100 DM,... < 1 year,4,female,none,4,"car or other, not in savings account",30,none,rent,1,skilled employee / official,1,"yes, registered under customer's name",yes,2,divorced/separated
... < 0 DM,4,existing credits paid back duly till now,furniture/equipment,250,... < 100 DM,... < 1 year,1,female,none,4,"car or other, not in savings account",34,bank,rent,1,skilled employee / official,1,"yes, registered under customer's name",yes,2,divorced/separated
no checking account,40,delay in paying off in the past,car (used),6100,... < 100 DM,... >= 7 years,3,male,none,2,unknown / no property,38,stores,for free,3,skilled employee / official,2,"yes, registered under customer's name",yes,1,divorced/separated
0 <= ... < 200 DM,20,existing credits paid back duly till now,car (new),3173,... < 100 DM,1 <= ... < 4 years,4,male,none,2,real estate,58,none,own,2,skilled employee / official,1,none,yes,1,single
no checking account,4,critical account / other credits existing (not at this bank),radio/television,491,... < 100 DM,4 <= ... < 7 years,2,female,guarantor,3,real estate,43,none,own,1,skilled employee / official,2,none,yes,1,divorced/separated
no checking account,23,existing credits paid back duly till now,business,2321,... < 100 DM,1 <= ... < 4 years,4,female,none,4,"car or other, not in savings account",34,none,own,2,unskilled - resident,2,none,yes,1,divorced/separated
no checking account,31,critical account / other credits existing (not at this bank),radio/television,2938,... < 100 DM,... >= 7 years,1,male,none,3,"car or other, not in savings account",56,none,own,1,skilled employee / official,1,"yes, registered under customer's name",yes,1,single
no checking account,7,existing credits paid back duly till now,car (used),3171,... < 100 DM,... < 1 year,1,male,none,2,real estate,19,none,own,1,skilled employee / official,1,"yes, registered under customer's name",yes,2,single
no checking account,12,critical account / other credits existing (not at this bank),furniture/equipment,2478,... < 100 DM,4 <= ... < 7 years,4,male,none,3,real estate,35,none,own,2,unskilled - resident,2,none,yes,1,single
no checking account,27,critical account / other credits existing (not at this bank),car (new),5200,500 <= ... < 1000 DM,1 <= ... < 4 years,4,female,none,2,"car or other, not in savings account",27,none,own,1,unskilled - resident,1,none,yes,1,divorced/separated
0 <= ... < 200 DM,4,critical account / other credits existing (not at this bank),car (new),268,... < 100 DM,... >= 7 years,4,male,none,2,"car or other, not in savings account",25,none,own,1,skilled employee / official,2,none,yes,1,single
0 <= ... < 200 DM,20,existing credits paid back duly till now,car (new),2840,... < 100 DM,unemployed,1,male,guarantor,4,unknown / no property,75,none,rent,1,unemployed / unskilled - non-resident,2,"yes, registered under customer's name",yes,2,single
no checking account,26,existing credits paid back duly till now,car (new),675,... < 100 DM,1 <= ... < 4 years,2,male,none,2,"car or other, not in savings account",65,none,own,1,skilled employee / official,1,none,yes,1,divorced/separated
... >= 200 DM / salary assignments for at least 1 year,16,existing credits paid back duly till now,car (new),5641,... < 100 DM,1 <= ... < 4 years,4,male,none,4,real estate,44,none,own,2,management / self-employed / highly qualified employee / officer,1,none,yes,1,single
0 <= ... < 200 DM,20,existing credits paid back duly till now,furniture/equipment,1544,500 <= ... < 1000 DM,4 <= ... < 7 years,4,male,none,4,unknown / no property,34,none,own,3,skilled employee / official,1,none,yes,1,single
no checking account,11,existing credits paid back duly till now,car (new),1667,... < 100 DM,1 <= ... < 4 years,1,male,none,1,real estate,31,none,own,1,skilled employee / official,1,none,yes,1,single
... < 0 DM,17,delay in paying off in the past,car (new),927,... < 100 DM,... >= 7 years,3,male,none,4,"car or other, not in savings account",36,bank,own,3,skilled employee / official,2,none,yes,1,single
... < 0 DM,4,all credits at this bank paid back duly,furniture/equipment,543,... < 100 DM,... >= 7 years,4,female,none,4,"car or other, not in savings account",34,bank,rent,1,management / self-employed / highly qualified employee / officer,1,none,yes,2,divorced/separated
... < 0 DM,14,existing credits paid back duly till now,radio/television,10524,... < 100 DM,... >= 7 years,4,male,co-applicant,4,"car or other, not in savings account",56,stores,for free,3,skilled employee / official,2,"yes, registered under customer's name",yes,2,single
... < 0 DM,25,critical account / other credits existing (not at this bank),car (used),250,... < 100 DM,1 <= ... < 4 years,1,male,guarantor,2,building society savings agreement / life insurance,28,none,for free,1,skilled employee / official,1,"yes, registered under customer's name",yes,2,divorced/separated
0 <= ... < 200 DM,68,existing credits paid back duly till now,furniture/equipment,644,... < 100 DM,1 <= ... < 4 years,2,male,none,4,"car or other, not in savings account",19,none,own,1,skilled employee / official,1,none,yes,1,divorced/separated
0 <= ... < 200 DM,50,existing credits paid back duly till now,others,2301,... < 100 DM,... >= 7 years,3,female,none,4,unknown / no property,19,bank,for free,1,management / self-employed / highly qualified employee / officer,1,"yes, registered under customer's name",yes,2,divorced/separated
0 <= ... < 200 DM,7,all credits at this bank paid back duly,radio/television,1970,... < 100 DM,... >= 7 years,4,male,none,4,unknown / no property,75,none,own,2,unskilled - resident,2,none,yes,1,single
0 <= ... < 200 DM,38,existing credits paid back duly till now,car (used),2066,... < 100 DM,... >= 7 years,3,female,none,4,unknown / no property,61,none,rent,1,management / self-employed / highly qualified employee / officer,1,"yes, registered under customer's name",yes,2,single
no checking account,23,critical account / other credits existing (not at this bank),repairs,2707,... >= 1000 DM,4 <= ... < 7 years,3,male,none,4,"car or other, not in savings account",59,none,own,3,skilled employee / official,2,none,yes,1,single
0 <= ... < 200 DM,49,existing credits paid back duly till now,furniture/equipment,5871,... < 100 DM,... >= 7 years,4,male,none,4,"car or other, not in savings account",30,none,own,1,management / self-employed / highly qualified employee / officer,2,none,yes,1,married/widowed
... >= 200 DM / salary assignments for at least 1 year,19,critical account / other credits existing (not at this bank),car (new),250,... < 100 DM,4 <= ... < 7 years,4,female,none,1,building society savings agreement / life insurance,44,none,own,2,management / self-employed / highly qualified employee / officer,1,none,yes,1,divorced/separated
0 <= ... < 200 DM,23,existing credits paid back duly till now,radio/television,250,100 <= ... < 500 DM,unemployed,4,male,none,4,"car or other, not in savings account",29,none,rent,1,unemployed / unskilled - non-resident,1,none,yes,1,divorced/separated
0 <= ... < 200 DM,28,existing credits paid back duly till now,furniture/equipment,8663,... < 100 DM,1 <= ... < 4 years,4,female,none,2,"car or other, not in savings account",35,none,own,1,skilled employee / official,1,"yes, registered under customer's name",yes,1,divorced/separated
0 <= ... < 200 DM,41,critical account / other credits existing (not at this bank),radio/television,5582,100 <= ... < 500 DM,4 <= ... < 7 years,4,female,none,1,real estate,25,bank,own,2,skilled employee / official,1,none,yes,1,divorced/separated
... < 0 DM,26,existing credits paid back duly till now,radio/television,1460,... < 100 DM,1 <= ... < 4 years,4,female,none,4,"car or other, not in savings account",37,none,rent,2,unskilled - resident,1,none,yes,1,divorced/separated
no checking account,24,existing credits paid back duly till now,business,250,... < 100 DM,1 <= ... < 4 years,4,male,none,2,building society savings agreement / life insurance,44,none,own,2,skilled employee / official,1,none,no,1,single
0 <= ... < 200 DM,15,existing credits paid back duly till now,car (new),250,... < 100 DM,... < 1 year,1,female,none,3,building society savings agreement / life insurance,19,none,own,1,unskilled - resident,1,none,yes,2,divorced/separated
0 <= ... < 200 DM,37,critical account / other credits existing (not at this bank),car (new),849,unknown / no savings account,4 <= ... < 7 years,4,male,none,2,building society savings agreement / life insurance,24,none,for free,1,skilled employee / official,1,none,yes,1,single
no checking account,38,no credits taken / all credits paid back duly,car (used),11579,... < 100 DM,unemployed,1,male,none,4,unknown / no property,44,stores,own,1,management / self-employed / highly qualified employee / officer,1,"yes, registered under customer's name",yes,2,single
no checking account,29,existing credits paid back duly till now,radio/television,2569,unknown / no savings account,1 <= ... < 4 years,4,male,none,4,"car or other, not in savings account",67,none,own,1,skilled employee / official,1,none,yes,1,divorced/separated
0 <= ... < 200 DM,12,existing credits paid back duly till now,repairs,5145,... < 100 DM,4 <= ... < 7 years,1,male,guarantor,2,real estate,54,stores,own,1,skilled employee / official,1,"yes, registered under customer's name",yes,2,divorced/separated
0 <= ... < 200 DM,60,existing credits paid back duly till now,business,3419,unknown / no savings account,1 <= ... < 4 years,2,male,none,1,"car or other, not in savings account",48,none,own,2,skilled employee / official,1,none,yes,1,single
no checking account,63,no credits taken / all credits paid back duly,business,286,... < 100 DM,... >= 7 years,4,male,none,4,building society savings agreement / life insurance,30,none,rent,1,management / self-employed / highly qualified employee / officer,1,"yes, registered under customer's name",yes,2,single
no checking account,14,existing credits paid back duly till now,furniture/equipment,2065,... < 100 DM,... < 1 year,1,female,none,2,real estate,23,none,rent,2,unskilled - resident,1,none,yes,1,divorced/separated
... >= 200 DM / salary assignments for at least 1 year,6,existing credits paid back duly till now,radio/television,1367,... < 100 DM,... >= 7 years,3,male,guarantor,4,building society savings agreement / life insurance,75,none,for free,1,management / self-employed / highly qualified employee / officer,1,none,yes,1,single
no checking account,72,all credits at this bank paid back duly,education,250,... < 100 DM,... >= 7 years,2,male,none,4,"car or other, not in savings account",53,none,for free,2,skilled employee / official,1,none,yes,2,single
no checking account,23,critical account / other credits existing (not at this bank),car (new),250,... < 100 DM,... >= 7 years,4,male,none,3,"car or other, not in savings account",49,none,own,2,management / self-employed / highly qualified employee / officer,2,none,yes,1,single
... >= 200 DM / salary assignments for at least 1 year,25,critical account / other credits existing (not at this bank),car (new),943,... < 100 DM,... >= 7 years,4,female,none,4,real estate,29,none,own,2,skilled employee / official,1,"yes, registered under customer's name",yes,2,divorced/separated
0 <= ... < 200 DM,13,critical account / other credits existing (not at this bank),radio/television,3572,unknown / no savings account,... < 1 year,4,male,none,3,"car or other, not in savings account",38,none,own,2,unskilled - resident,2,none,no,1,single
no checking account,13,existing credits paid back duly till now,car (new),1979,... >= 1000 DM,1 <= ... < 4 years,2,male,guarantor,1,building society savings agreement / life insurance,26,none,own,2,skilled employee / official,1,none,yes,1,single
0 <= ... < 200 DM,26,delay in paying off in the past,business,659,... < 100 DM,... >= 7 years,2,male,none,1,"car or other, not in savings account",70,none,own,1,skilled employee / official,1,none,yes,1,single
... < 0 DM,4,existing credits paid back duly till now,furniture/equipment,1672,... < 100 DM,1 <= ... < 4 years,4,male,co-applicant,2,"car or other, not in savings account",25,none,own,1,skilled employee / official,1,none,yes,1,single
no checking account,19,critical account / other credits existing (not at this bank),car (new),2665,... < 100 DM,... >= 7 years,4,male,none,4,real estate,38,none,own,2,skilled employee / official,2,none,yes,1,single
... < 0 DM,44,critical account / other credits existing (not at this bank),car (new),657,500 <= ... < 1000 DM,4 <= ... < 7 years,3,male,none,3,"car or other, not in savings account",34,none,own,2,unskilled - resident,1,none,yes,1,single
... < 0 DM,25,all credits at this bank paid back duly,car (used),2131,100 <= ... < 500 DM,... < 1 year,2,male,none,4,"car or other, not in savings account",19,none,own,1,unskilled - resident,1,"yes, registered under customer's name",yes,2,single
... < 0 DM,44,delay in paying off in the past,business,3976,... < 100 DM,... >= 7 years,4,female,none,4,unknown / no property,43,bank,own,1,management / self-employed / highly qualified employee / officer,1,"yes, registered under customer's name",yes,2,single
no checking account,8,existing credits paid back duly till now,radio/television,250,100 <= ... < 500 DM,4 <= ... < 7 years,2,female,none,2,building society savings agreement / life insurance,23,none,own,1,skilled employee / official,1,none,yes,1,single
no checking account,19,existing credits paid back duly till now,furniture/equipment,495,100 <= ... < 500 DM,... >= 7 years,2,female,none,2,"car or other, not in savings account",32,none,own,1,skilled employee / official,1,"yes, registered under customer's name",yes,1,divorced/separated
0 <= ... < 200 DM,15,existing credits paid back duly till now,car (new),2672,unknown / no savings account,... >= 7 years,3,female,none,4,"car or other, not in savings account",19,none,rent,1,unskilled - resident,1,none,yes,1,divorced/separated
no checking account,39,critical account / other credits existing (not at this bank),car (new),3972,... < 100 DM,... < 1 year,1,female,none,1,"car or other, not in savings account",41,none,own,1,skilled employee / official,1,none,yes,1,single
no checking account,26,critical account / other credits existing (not at this bank),radio/television,2959,... < 100 DM,... >= 7 years,1,male,none,2,building society savings agreement / life insurance,47,none,own,2,skilled employee / official,1,none,yes,1,single
0 <= ... < 200 DM,28,existing credits paid back duly till now,furniture/equipment,250,... < 100 DM,... < 1 year,4,female,none,4,"car or other, not in savings account",28,stores,own,1,skilled employee / official,1,"yes, registered under customer's name",yes,1,divorced/separated
no checking account,19,critical account / other credits existing (not at this bank),car (new),586,... < 100 DM,1 <= ... < 4 years,4,female,none,3,real estate,62,none,own,2,unskilled - resident,1,none,yes,1,divorced/separated
0 <= ... < 200 DM,32,existing credits paid back duly till now,car (used),8803,... < 100 DM,4 <= ... < 7 years,4,male,none,4,unknown / no property,26,bank,for free,1,management / self-employed / highly qualified employee / officer,1,"yes, registered under customer's name",yes,2,single
no checking account,23,existing credits paid back duly till now,radio/television,2348,unknown / no savings account,... >= 7 years,4,male,none,2,"car or other, not in savings account",49,stores,own,1,skilled employee / official,2,none,yes,1,single
no checking account,20,existing credits paid back duly till now,car (new),5237,... < 100 DM,1 <= ... < 4 years,2,male,none,2,"car or other, not in savings account",42,none,own,1,skilled employee / official,1,"yes, registered under customer's name",yes,1,divorced/separated
0 <= ... < 200 DM,28,critical account / other credits existing (not at this bank),car (new),5166,unknown / no savings account,... >= 7 years,4,male,none,3,"car or other, not in savings account",30,none,own,1,skilled employee / official,1,none,yes,2,single
... < 0 DM,8,existing credits paid back duly till now,education,3836,100 <= ... < 500 DM,4 <= ... < 7 years,4,female,none,4,building society savings agreement / life insurance,38,bank,rent,2,skilled employee / official,1,none,yes,1,divorced/separated
no checking account,13,existing credits paid back duly till now,car (new),1100,... < 100 DM,1 <= ... < 4 years,3,male,none,3,real estate,31,none,own,1,management / self-employed / highly qualified employee / officer,2,"yes, registered under customer's name",yes,1,single
0 <= ... < 200 DM,22,existing credits paid back duly till now,furniture/equipment,3913,... < 100 DM,... < 1 year,1,female,none,2,"car or other, not in savings account",27,none,own,1,skilled employee / official,1,"yes, registered under customer's name",yes,1,divorced/separated
no checking account,24,no credits taken / all credits paid back duly,car (new),250,... < 100 DM,... < 1 year,1,female,none,3,real estate,30,none,own,1,unskilled - resident,1,none,yes,1,divorced/separated
... < 0 DM,22,critical account / other credits existing (not at this bank),car (new),4992,unknown / no savings account,... >= 7 years,4,male,none,4,unknown / no property,75,bank,for free,2,skilled employee / official,1,"yes, registered under customer's name",yes,2,single
... >= 200 DM / salary assignments for at least 1 year,12,delay in paying off in the past,others,2576,... < 100 DM,unemployed,4,female,none,4,"car or other, not in savings account",26,none,own,2,skilled employee / official,1,none,yes,2,divorced/separated
0 <= ... < 200 DM,23,existing credits paid back duly till now,furniture/equipment,949,... < 100 DM,... < 1 year,4,female,none,4,"car or other, not in savings account",35,none,rent,1,skilled employee / official,1,none,yes,2,divorced/separated
... < 0 DM,42,delay in paying off in the past,furniture/equipment,250,... < 100 DM,1 <= ... < 4 years,2,female,none,2,unknown / no property,20,none,rent,2,skilled employee / official,1,none,yes,2,single
no checking account,19,critical account / other credits existing (not at this bank),radio/television,3563,... < 100 DM,... >= 7 years,4,male,none,2,"car or other, not in savings account",37,none,own,2,skilled employee / official,2,none,yes,1,single
no checking account,24,existing credits paid back duly till now,car (new),250,... < 100 DM,4 <= ... < 7 years,3,male,none,3,"car or other, not in savings account",58,none,own,2,skilled employee / official,1,none,no,2,single
0 <= ... < 200 DM,22,existing credits paid back duly till now,business,2197,unknown / no savings account,unemployed,3,female,none,4,unknown / no property,21,bank,own,1,skilled employee / official,1,"yes, registered under customer's name",yes,1,divorced/separated
0 <= ... < 200 DM,43,existing credits paid back duly till now,business,8273,100 <= ... < 500 DM,... >= 7 years,2,male,none,4,building society savings agreement / life insurance,41,none,for free,1,management / self-employed / highly qualified employee / officer,2,none,yes,1,single
0 <= ... < 200 DM,11,existing credits paid back duly till now,car (used),2846,... < 100 DM,4 <= ... < 7 years,2,male,none,1,"car or other, not in savings account",20,none,own,1,skilled employee / official,1,"yes, registered under customer's name",yes,1,divorced/separated
no checking account,22,existing credits paid back duly till now,car (new),250,... < 100 DM,1 <= ... < 4 years,3,male,none,2,building society savings agreement / life insurance,36,none,own,2,unskilled - resident,1,none,yes,1,married/widowed
... < 0 DM,28,existing credits paid back duly till now,business,625,100 <= ... < 500 DM,4 <= ... < 7 years,4,male,none,4,unknown / no property,75,bank,for free,1,management / self-employed / highly qualified employee / officer,1,"yes, registered under customer's name",yes,2,single
no checking account,52,existing credits paid back duly till now,business,3116,100 <= ... < 500 DM,1 <= ... < 4 years,1,female,none,2,"car or other, not in savings account",54,none,own,1,skilled employee / official,1,"yes, registered under customer's name",yes,2,single
no checking account,12,critical account / other credits existing (not at this bank),education,2163,... < 100 DM,... < 1 year,4,male,none,1,real estate,49,none,for free,1,skilled employee / official,1,none,yes,1,single
no checking account,29,existing credits paid back duly till now,car (new),2643,unknown / no savings account,unemployed,4,male,none,1,"car or other, not in savings account",54,none,own,1,skilled employee / official,1,"yes, registered under customer's name",yes,1,single
0 <= ... < 200 DM,28,critical account / other credits existing (not at this bank),car (new),2748,... < 100 DM,4 <= ... < 7 years,4,male,none,2,"car or other, not in savings account",35,none,own,2,skilled employee / official,2,none,yes,1,single
0 <= ... < 200 DM,68,delay in paying off in the past,furniture/equipment,1999,100 <= ... < 500 DM,4 <= ... < 7 years,3,female,none,2,"car or other, not in savings account",68,bank,rent,1,skilled employee / official,1,"yes, registered under customer's name",yes,2,single
... < 0 DM,23,critical account / other credits existing (not at this bank),radio/television,395,... < 100 DM,4 <= ... < 7 years,1,male,none,3,real estate,30,none,own,1,unskilled - resident,2,none,yes,1,divorced/separated
no checking account,4,existing credits paid back duly till now,radio/television,250,100 <= ... < 500 DM,4 <= ... < 7 years,4,female,none,1,building society savings agreement / life insurance,36,none,rent,1,unskilled - resident,1,none,yes,2,divorced/separated
0 <= ... < 200 DM,4,all credits at this bank paid back duly,radio/television,3140,... < 100 DM,4 <= ... < 7 years,2,male,guarantor,1,"car or other, not in savings account",47,none,own,2,unemployed / unskilled - non-resident,1,"yes, registered under customer's name",yes,1,single
... >= 200 DM / salary assignments for at least 1 year,40,existing credits paid back duly till now,radio/television,1072,... < 100 DM,4 <= ... < 7 years,4,male,none,2,"car or other, not in savings account",64,none,own,1,unskilled - resident,2,none,no,1,single
... >= 200 DM / salary assignments for at least 1 year,28,critical account / other credits existing (not at this bank),car (new),2413,unknown / no savings account,... < 1 year,3,female,none,4,"car or other, not in savings account",27,none,own,1,management / self-employed / highly qualified employee / officer,2,"yes, registered under customer's name",yes,1,single
no checking account,35,existing credits paid back duly till now,business,724,... < 100 DM,unemployed,3,female,none,4,building society savings agreement / life insurance,75,none,for free,2,skilled employee / official,1,"yes, registered under customer's name",yes,1,divorced/separated
no checking account,29,all credits at this bank paid back duly,radio/television,3086,100 <= ... < 500 DM,4 <= ... < 7 years,3,female,guarantor,3,real estate,46,none,own,1,skilled employee / official,1,none,yes,1,single
no checking account,19,critical account / other credits existing (not at this bank),business,1786,... < 100 DM,unemployed,2,male,none,3,unknown / no property,42,stores,own,2,unskilled - resident,2,"yes, registered under customer's name",yes,1,single
0 <= ... < 200 DM,20,existing credits paid back duly till now,furniture/equipment,2514,... < 100 DM,... < 1 year,4,female,none,4,real estate,34,stores,own,3,skilled employee / official,1,"yes, registered under customer's name",yes,2,divorced/separated
0 <= ... < 200 DM,52,existing credits paid back duly till now,car (used),4006,... < 100 DM,... >= 7 years,2,male,none,4,"car or other, not in savings account",36,none,for free,1,management / self-employed / highly qualified employee / officer,1,"yes, registered under customer's name",yes,1,single
no checking account,4,critical account / other credits existing (not at this bank),car (new),2992,... < 100 DM,... < 1 year,4,female,none,4,building society savings agreement / life insurance,25,none,rent,1,skilled employee / official,1,none,yes,2,divorced/separated
no checking account,23,critical account / other credits existing (not at this bank),radio/television,1948,... < 100 DM,4 <= ... < 7 years,3,male,none,3,building society savings agreement / life insurance,37,none,own,1,unskilled - resident,1,none,yes,1,single
0 <= ... < 200 DM,21,existing credits paid back duly till now,furniture/equipment,2874,... < 100 DM,1 <= ... < 4 years,2,male,none,2,unknown / no property,41,none,for free,1,management / self-employed / highly qualified employee / officer,1,"yes, registered under customer's name",yes,2,single
... >= 200 DM / salary assignments for at least 1 year,29,existing credits paid back duly till now,furniture/equipment,4942,100 <= ... < 500 DM,... < 1 year,2,female,none,2,"car or other, not in savings account",19,none,for free,1,skilled employee / official,1,"yes, registered under customer's name",yes,2,divorced/separated
no checking account,24,critical account / other credits existing (not at this bank),car (new),1530,... < 100 DM,... >= 7 years,4,male,none,1,"car or other, not in savings account",48,none,own,2,skilled employee / official,1,none,yes,1,single
0 <= ... < 200 DM,25,existing credits paid back duly till now,business,2685,... < 100 DM,4 <= ... < 7 years,4,male,none,2,"car or other, not in savings account",46,none,own,1,skilled employee / official,1,"yes, registered under customer's name",yes,1,single
0 <= ... < 200 DM,23,existing credits paid back duly till now,education,250,... < 100 DM,... >= 7 years,4,female,none,4,unknown / no property,75,none,for free,1,skilled employee / official,1,"yes, registered under customer's name",yes,2,divorced/separated
0 <= ... < 200 DM,8,delay in paying off in the past,radio/television,1527,... < 100 DM,1 <= ... < 4 years,4,female,none,1,"car or other, not in savings account",19,none,own,1,skilled employee / official,1,none,yes,2,single
0 <= ... < 200 DM,4,existing credits paid back duly till now,furniture/equipment,2179,100 <= ... < 500 DM,... < 1 year,4,male,co-applicant,4,"car or other, not in savings account",35,none,own,1,unemployed / unskilled - non-resident,1,none,yes,1,single
0 <= ... < 200 DM,72,critical account / other credits existing (not at this bank),radio/television,3232,unknown / no savings account,unemployed,4,male,none,3,building society savings agreement / life insurance,57,none,own,2,skilled employee / official,2,none,yes,1,single
no checking account,4,critical account / other credits existing (not at this bank),radio/television,3121,500 <= ... < 1000 DM,1 <= ... < 4 years,3,male,guarantor,3,real estate,42,none,own,2,unskilled - resident,2,none,yes,1,single
0 <= ... < 200 DM,30,existing credits paid back duly till now,business,1332,... < 100 DM,... >= 7 years,4,male,none,3,real estate,51,bank,own,2,skilled employee / official,1,none,yes,1,married/widowed
no checking account,21,critical account / other credits existing (not at this bank),radio/television,669,... < 100 DM,4 <= ... < 7 years,4,female,none,2,"car or other, not in savings account",28,none,own,1,unskilled - resident,1,none,yes,1,divorced/separated
0 <= ... < 200 DM,47,delay in paying off in the past,others,3724,100 <= ... < 500 DM,... >= 7 years,4,male,none,4,unknown / no property,26,none,for free,1,management / self-employed / highly qualified employee / officer,1,none,yes,2,single
no checking account,11,existing credits paid back duly till now,radio/television,803,... < 100 DM,... < 1 year,2,male,none,3,real estate,45,none,own,1,skilled employee / official,1,none,yes,1,single
no checking account,12,critical account / other credits existing (not at this bank),business,1583,500 <= ... < 1000 DM,1 <= ... < 4 years,2,male,none,2,"car or other, not in savings account",24,none,own,2,skilled employee / official,1,"yes, registered under customer's name",no,1,divorced/separated
... < 0 DM,39,all credits at this bank paid back duly,car (new),1872,... < 100 DM,... >= 7 years,4,male,none,4,unknown / no property,47,none,own,2,skilled employee / official,1,none,yes,1,single
0 <= ... < 200 DM,29,critical account / other credits existing (not at this bank),car (new),1733,... < 100 DM,... < 1 year,4,female,none,4,real estate,25,none,rent,2,skilled employee / official,1,none,yes,2,divorced/separated
... < 0 DM,72,existing credits paid back duly till now,car (used),7483,... < 100 DM,unemployed,2,male,none,4,unknown / no property,19,bank,for free,1,management / self-employed / highly qualified employee / officer,2,"yes, registered under customer's name",yes,2,single
0 <= ... < 200 DM,5,existing credits paid back duly till now,car (used),250,... < 100 DM,... >= 7 years,4,male,none,2,"car or other, not in savings account",40,none,own,3,skilled employee / official,1,none,yes,1,single
... < 0 DM,4,existing credits paid back duly till now,radio/television,250,... < 100 DM,4 <= ... < 7 years,2,male,guarantor,4,building society savings agreement / life insurance,27,none,rent,1,skilled employee / official,1,"yes, registered under customer's name",yes,1,divorced/separated
... < 0 DM,15,no credits taken / all credits paid back duly,furniture/equipment,250,... < 100 DM,1 <= ... < 4 years,2,female,guarantor,4,unknown / no property,21,none,rent,1,skilled employee / official,1,"yes, registered under customer's name",yes,2,single
0 <= ... < 200 DM,20,existing credits paid back duly till now,car (new),1295,... < 100 DM,... < 1 year,3,female,none,4,"car or other, not in savings account",25,none,rent,1,skilled employee / official,1,"yes, registered under customer's name",yes,1,divorced/separated
0 <= ... < 200 DM,4,existing credits paid back duly till now,business,3017,... < 100 DM,... < 1 year,4,male,co-applicant,4,building society savings agreement / life insurance,35,none,for free,1,management / self-employed / highly qualified employee / officer,1,"yes, registered under customer's name",yes,2,divorced/separated
... < 0 DM,29,existing credits paid back duly till now,car (new),2679,unknown / no savings account,... >= 7 years,4,male,none,4,"car or other, not in savings account",22,none,own,1,skilled employee / official,1,none,yes,1,single
no checking account,36,all credits at this bank paid back duly,car (used),7827,... < 100 DM,4 <= ... < 7 years,4,male,none,4,unknown / no property,53,none,own,1,management / self-employed / highly qualified employee / officer,1,"yes, registered under customer's name",yes,2,single
0 <= ... < 200 DM,72,existing credits paid back duly till now,furniture/equipment,3450,100 <= ... < 500 DM,... >= 7 years,3,male,none,4,unknown / no property,29,none,for free,1,management / self-employed / highly qualified employee / officer,1,"yes, registered under customer's name",yes,2,divorced/separated
no checking account,10,critical account / other credits existing (not at this bank),car (new),2017,... < 100 DM,4 <= ... < 7 years,4,male,none,2,"car or other, not in savings account",75,none,own,2,skilled employee / official,1,none,yes,2,married/widowed
... < 0 DM,17,existing credits paid back duly till now,business,2307,... < 100 DM,unemployed,1,female,none,4,"car or other, not in savings account",35,stores,own,2,skilled employee / official,1,none,yes,1,divorced/separated
no checking account,26,existing credits paid back duly till now,furniture/equipment,5428,unknown / no savings account,4 <= ... < 7 years,2,male,none,2,"car or other, not in savings account",27,none,own,4,skilled employee / official,1,"yes, registered under customer's name",yes,2,single
... < 0 DM,9,existing credits paid back duly till now,radio/television,250,500 <= ... < 1000 DM,... < 1 year,4,male,none,4,real estate,68,none,for free,1,skilled employee / official,1,none,yes,1,divorced/separated
0 <= ... < 200 DM,15,critical account / other credits existing (not at this bank),radio/television,2660,... < 100 DM,4 <= ... < 7 years,4,male,none,1,real estate,51,none,own,2,skilled employee / official,2,none,yes,1,single
0 <= ... < 200 DM,5,existing credits paid back duly till now,radio/television,578,500 <= ... < 1000 DM,... >= 7 years,4,male,none,2,"car or other, not in savings account",51,none,own,1,unskilled - resident,1,none,yes,1,single
no checking account,6,existing credits paid back duly till now,business,250,... < 100 DM,... < 1 year,3,male,none,4,real estate,27,none,own,1,skilled employee / official,1,none,yes,1,divorced/separated
no checking account,23,delay in paying off in the past,business,1935,... < 100 DM,4 <= ... < 7 years,4,female,none,4,"car or other, not in savings account",28,none,own,1,unskilled - resident,1,none,yes,2,divorced/separated
0 <= ... < 200 DM,54,existing credits paid back duly till now,radio/television,1863,... < 100 DM,... >= 7 years,4,male,none,4,unknown / no property,45,none,own,1,skilled employee / official,2,none,yes,2,single
no checking account,18,delay in paying off in the past,car (new),4557,... < 100 DM,4 <= ... < 7 years,4,male,none,3,building society savings agreement / life insurance,32,none,own,1,skilled employee / official,1,none,yes,2,single
0 <= ... < 200 DM,30,critical account / other credits existing (not at this bank),domestic appliances,250,unknown / no savings account,4 <= ... < 7 years,4,male,none,2,"car or other, not in savings account",62,none,own,2,unskilled - resident,1,none,yes,1,single
no checking account,23,critical account / other credits existing (not at this bank),car (new),323,unknown / no savings account,4 <= ... < 7 years,1,male,none,3,"car or other, not in savings account",45,none,own,2,unskilled - resident,2,none,yes,1,single
no checking account,24,critical account / other credits existing (not at this bank),car (new),250,... < 100 DM,1 <= ... < 4 years,4,male,none,2,real estate,44,none,own,2,unskilled - resident,1,none,no,1,single
no checking account,20,delay in paying off in the past,radio/television,9669,... < 100 DM,... < 1 year,2,male,none,2,real estate,36,none,own,1,unskilled - resident,1,none,no,2,single
no checking account,17,critical account / other credits existing (not at this bank),radio/television,2878,... < 100 DM,1 <= ... < 4 years,4,male,none,3,building society savings agreement / life insurance,27,none,own,2,skilled employee / official,1,none,yes,1,single
0 <= ... < 200 DM,36,existing credits paid back duly till now,car (new),5461,... < 100 DM,4 <= ... < 7 years,4,female,none,4,unknown / no property,19,none,rent,1,skilled employee / official,1,"yes, registered under customer's name",yes,2,divorced/separated
... < 0 DM,26,delay in paying off in the past,car (used),252,100 <= ... < 500 DM,1 <= ... < 4 years,3,male,none,4,"car or other, not in savings account",29,none,own,1,skilled employee / official,1,none,yes,1,single
0 <= ... < 200 DM,25,critical account / other credits existing (not at this bank),car (new),352,... < 100 DM,4 <= ... < 7 years,4,male,none,4,"car or other, not in savings account",75,none,own,2,skilled employee / official,1,none,yes,1,single
... < 0 DM,28,critical account / other credits existing (not at this bank),car (new),250,... < 100 DM,... < 1 year,4,male,none,4,building society savings agreement / life insurance,25,none,rent,1,skilled employee / official,1,none,yes,2,married/widowed
... >= 200 DM / salary assignments for at least 1 year,21,delay in paying off in the past,car (new),250,100 <= ... < 500 DM,... >= 7 years,1,male,none,2,"car or other, not in savings account",32,none,own,4,unemployed / unskilled - non-resident,1,"yes, registered under customer's name",yes,1,single
no checking account,27,existing credits paid back duly till now,business,250,... < 100 DM,1 <= ... < 4 years,4,male,none,4,"car or other, not in savings account",19,none,own,1,skilled employee / official,1,none,yes,1,divorced/separated
0 <= ... < 200 DM,28,existing credits paid back duly till now,radio/television,4558,... < 100 DM,... >= 7 years,4,female,none,1,"car or other, not in savings account",25,none,own,1,management / self-employed / highly qualified employee / officer,1,none,yes,1,divorced/separated
no checking account,11,existing credits paid back duly till now,furniture/equipment,567,500 <= ... < 1000 DM,... < 1 year,3,male,none,4,"car or other, not in savings account",54,none,own,1,unskilled - resident,1,none,yes,1,divorced/separated
no checking account,4,existing credits paid back duly till now,car (new),2794,unknown / no savings account,unemployed,2,male,none,1,"car or other, not in savings account",34,none,own,1,skilled employee / official,1,none,yes,1,single
no checking account,29,delay in paying off in the past,car (new),8969,... < 100 DM,... >= 7 years,3,male,co-applicant,4,"car or other, not in savings account",65,none,own,1,skilled employee / official,1,"yes, registered under customer's name",yes,2,single
0 <= ... < 200 DM,53,existing credits paid back duly till now,car (new),2979,100 <= ... < 500 DM,... < 1 year,3,male,none,4,building society savings agreement / life insurance,37,none,rent,1,skilled employee / official,1,"yes, registered under customer's name",yes,2,divorced/separated
... < 0 DM,36,critical account / other credits existing (not at this bank),car (new),3271,... < 100 DM,1 <= ... < 4 years,4,male,none,4,building society savings agreement / life insurance,69,none,own,2,management / self-employed / highly qualified employee / officer,2,none,yes,2,single
no checking account,26,delay in paying off in the past,business,5457,... < 100 DM,... < 1 year,1,female,co-applicant,4,"car or other, not in savings account",29,none,own,1,skilled employee / official,1,"yes, registered under customer's name",yes,1,divorced/separated
0 <= ... < 200 DM,47,existing credits paid back duly till now,car (new),250,... < 100 DM,... < 1 year,4,female,none,2,"car or other, not in savings account",41,none,own,1,skilled employee / official,1,none,yes,1,divorced/separated
no checking account,23,critical account / other credits existing (not at this bank),car (new),258,... < 100 DM,4 <= ... < 7 years,4,male,none,1,"car or other, not in savings account",20,none,own,2,skilled employee / official,1,none,yes,1,married/widowed
no checking account,66,existing credits paid back duly till now,repairs,1079,... < 100 DM,... >= 7 years,4,male,none,3,unknown / no property,40,none,own,1,management / self-employed / highly qualified employee / officer,1,"yes, registered under customer's name",yes,1,single
no checking account,4,existing credits paid back duly till now,car (new),5509,unknown / no savings account,... >= 7 years,1,female,none,2,"car or other, not in savings account",22,none,own,1,skilled employee / official,1,none,yes,1,divorced/separated
0 <= ... < 200 DM,11,existing credits paid back duly till now,car (new),4364,... < 100 DM,... < 1 year,4,male,none,4,real estate,47,none,own,1,skilled employee / official,1,none,yes,2,divorced/separated
no checking account,4,critical account / other credits existing (not at this bank),car (new),250,... < 100 DM,... < 1 year,2,female,none,4,building society savings agreement / life insurance,30,none,rent,2,skilled employee / official,1,none,yes,1,divorced/separated
0 <= ... < 200 DM,15,existing credits paid back duly till now,car (new),2507,... < 100 DM,... >= 7 years,4,male,none,4,"car or other, not in savings account",20,none,own,2,skilled employee / official,1,"yes, registered under customer's name",yes,1,single
no checking account,18,critical account / other credits existing (not at this bank),radio/television,1857,unknown / no savings account,1 <= ... < 4 years,2,male,none,3,real estate,43,none,own,2,unskilled - resident,2,none,yes,1,single
0 <= ... < 200 DM,4,critical account / other credits existing (not at this bank),car (new),250,... < 100 DM,... < 1 year,4,female,none,4,real estate,63,none,own,2,skilled employee / official,1,none,yes,1,divorced/separated
0 <= ... < 200 DM,57,existing credits paid back duly till now,others,4519,... < 100 DM,1 <= ... < 4 years,3,male,none,4,building society savings agreement / life insurance,55,bank,for free,1,management / self-employed / highly qualified employee / officer,1,"yes, registered under customer's name",yes,2,divorced/separated
0 <= ... < 200 DM,72,existing credits paid back duly till now,car (used),1252,... < 100 DM,... >= 7 years,3,male,none,4,unknown / no property,61,none,own,2,management / self-employed / highly qualified employee / officer,1,"yes, registered under customer's name",yes,2,single
... < 0 DM,56,all credits at this bank paid back duly,repairs,5839,... < 100 DM,... >= 7 years,2,male,guarantor,4,"car or other, not in savings account",64,none,for free,1,management / self-employed / highly qualified employee / officer,1,"yes, registered under customer's name",yes,2,single
no checking account,24,critical account / other credits existing (not at this bank),car (new),1100,... < 100 DM,4 <= ... < 7 years,3,male,none,2,"car or other, not in savings account",33,none,own,2,skilled employee / official,1,"yes, registered under customer's name",yes,2,single
0 <= ... < 200 DM,64,existing credits paid back duly till now,car (used),7956,... < 100 DM,4 <= ... < 7 years,4,female,none,1,unknown / no property,37,none,own,1,management / self-employed / highly qualified employee / officer,1,"yes, registered under customer's name",yes,1,single
no checking account,4,existing credits paid back duly till now,radio/television,319,unknown / no savings account,... < 1 year,1,female,none,4,real estate,43,none,own,1,unskilled - resident,1,none,yes,1,divorced/separated
... < 0 DM,20,existing credits paid back duly till now,education,2681,... < 100 DM,... >= 7 years,4,male,none,3,building society savings agreement / life insurance,75,none,own,1,skilled employee / official,1,none,yes,1,single
no checking account,26,critical account / other credits existing (not at this bank),car (new),3208,... < 100 DM,... < 1 year,4,male,none,4,"car or other, not in savings account",30,none,own,3,skilled employee / official,1,none,yes,1,married/widowed
... < 0 DM,27,critical account / other credits existing (not at this bank),radio/television,250,... < 100 DM,... >= 7 years,4,male,none,1,real estate,31,none,own,2,skilled employee / official,2,none,yes,1,single
no checking account,24,delay in paying off in the past,business,3258,... < 100 DM,... >= 7 years,3,male,none,3,"car or other, not in savings account",61,none,own,1,skilled employee / official,1,"yes, registered under customer's name",yes,1,single
no checking account,19,critical account / other credits existing (not at this bank),radio/television,1457,unknown / no savings account,4 <= ... < 7 years,4,male,none,2,"car or other, not in savings account",30,none,own,2,skilled employee / official,1,none,yes,1,single
no checking account,6,no credits taken / all credits paid back duly,car (new),2397,... >= 1000 DM,... < 1 year,4,female,none,1,real estate,25,stores,own,2,unskilled - resident,1,none,yes,1,divorced/separated
no checking account,39,critical account / other credits existing (not at this bank),car (new),7394,unknown / no savings account,... >= 7 years,2,male,none,2,"car or other, not in savings account",19,none,own,1,skilled employee / official,1,none,yes,1,single
0 <= ... < 200 DM,22,existing credits paid back duly till now,radio/television,2649,... < 100 DM,4 <= ... < 7 years,3,female,none,2,"car or other, not in savings account",25,none,rent,1,skilled employee / official,1,"yes, registered under customer's name",yes,1,divorced/separated
no checking account,36,critical account / other credits existing (not at this bank),car (new),250,... < 100 DM,... < 1 year,4,male,none,4,real estate,28,none,own,2,unskilled - resident,2,none,yes,1,single
0 <= ... < 200 DM,24,delay in paying off in the past,car (used),250,... < 100 DM,... >= 7 years,4,male,none,3,building society savings agreement / life insurance,63,none,own,1,unskilled - resident,2,none,yes,1,single
0 <= ... < 200 DM,16,critical account / other credits existing (not at this bank),car (new),250,... < 100 DM,... >= 7 years,4,male,none,4,unknown / no property,40,none,for free,1,management / self-employed / highly qualified employee / officer,1,none,yes,2,single
no checking account,4,critical account / other credits existing (not at this bank),car (new),3124,... < 100 DM,... < 1 year,1,male,none,2,real estate,39,none,own,2,skilled employee / official,1,none,yes,1,single
... < 0 DM,4,critical account / other credits existing (not at this bank),radio/television,804,... < 100 DM,... >= 7 years,4,female,none,1,building society savings agreement / life insurance,23,none,for free,2,skilled employee / official,1,none,yes,2,divorced/separated
... < 0 DM,21,existing credits paid back duly till now,car (used),3210,... < 100 DM,4 <= ... < 7 years,1,female,none,4,"car or other, not in savings account",20,none,rent,1,skilled employee / official,1,"yes, registered under customer's name",yes,2,single
0 <= ... < 200 DM,25,no credits taken / all credits paid back duly,car (used),6023,100 <= ... < 500 DM,1 <= ... < 4 years,1,female,none,2,"car or other, not in savings account",19,none,own,1,management / self-employed / highly qualified employee / officer,1,"yes, registered under customer's name",yes,2,single
... < 0 DM,42,existing credits paid back duly till now,repairs,1726,... < 100 DM,1 <= ... < 4 years,3,female,none,4,building society savings agreement / life insurance,71,none,own,1,unskilled - resident,1,none,yes,1,divorced/separated
no checking account,6,delay in paying off in the past,car (new),2130,... < 100 DM,1 <= ... < 4 years,4,female,none,4,real estate,43,none,rent,2,skilled employee / official,1,none,yes,1,divorced/separated
0 <= ... < 200 DM,72,delay in paying off in the past,furniture/equipment,7284,... < 100 DM,4 <= ... < 7 years,4,female,none,4,real estate,40,none,for free,2,management / self-employed / highly qualified employee / officer,1,"yes, registered under customer's name",yes,2,divorced/separated
no checking account,28,critical account / other credits existing (not at this bank),car (new),1095,... < 100 DM,1 <= ... < 4 years,4,male,none,2,real estate,49,none,own,2,unskilled - resident,2,none,yes,1,single
0 <= ... < 200 DM,22,all credits at this bank paid back duly,car (new),2477,... < 100 DM,... >= 7 years,4,male,none,3,building society savings agreement / life insurance,34,none,own,2,skilled employee / official,1,none,yes,1,single
0 <= ... < 200 DM,44,critical account / other credits existing (not at this bank),business,382,... < 100 DM,... < 1 year,4,female,none,2,"car or other, not in savings account",42,none,own,2,skilled employee / official,1,none,yes,2,divorced/separated
no checking account,23,existing credits paid back duly till now,car (used),250,... < 100 DM,1 <= ... < 4 years,4,male,none,2,"car or other, not in savings account",33,none,own,1,skilled employee / official,1,none,yes,1,married/widowed
... >= 200 DM / salary assignments for at least 1 year,20,existing credits paid back duly till now,car (new),12376,... < 100 DM,1 <= ... < 4 years,1,male,none,2,real estate,57,none,own,1,skilled employee / official,1,none,yes,1,single
0 <= ... < 200 DM,22,existing credits paid back duly till now,radio/television,671,... < 100 DM,1 <= ... < 4 years,3,male,none,2,"car or other, not in savings account",34,bank,own,1,unskilled - resident,1,none,yes,1,single
0 <= ... < 200 DM,6,all credits at this bank paid back duly,education,2235,... < 100 DM,4 <= ... < 7 years,4,male,none,3,building society savings agreement / life insurance,65,none,for free,2,management / self-employed / highly qualified employee / officer,2,none,yes,1,single
0 <= ... < 200 DM,11,delay in paying off in the past,car (used),1696,... < 100 DM,unemployed,4,female,none,1,unknown / no property,48,none,own,2,management / self-employed / highly qualified employee / officer,1,"yes, registered under customer's name",yes,1,divorced/separated
no checking account,26,existing credits paid back duly till now,radio/television,1013,... < 100 DM,... >= 7 years,4,female,none,4,real estate,63,none,rent,1,skilled employee / official,2,none,yes,1,divorced/separated
0 <= ... < 200 DM,24,existing credits paid back duly till now,radio/television,250,... < 100 DM,... >= 7 years,4,male,none,4,unknown / no property,56,none,for free,1,management / self-employed / highly qualified employee / officer,1,"yes, registered under customer's name",no,1,single
0 <= ... < 200 DM,22,all credits at this bank paid back duly,car (new),250,... < 100 DM,unemployed,4,male,none,4,"car or other, not in savings account",28,bank,for free,1,skilled employee / official,1,"yes, registered under customer's name",yes,2,married/widowed
no checking account,4,existing credits paid back duly till now,radio/television,250,... < 100 DM,1 <= ... < 4 years,4,female,none,3,real estate,44,none,own,1,skilled employee / official,1,none,yes,1,divorced/separated
0 <= ... < 200 DM,70,all credits at this bank paid back duly,business,2366,unknown / no savings account,... >= 7 years,4,male,none,3,"car or other, not in savings account",19,bank,own,2,skilled employee / official,2,none,no,1,single
... < 0 DM,27,all credits at this bank paid back duly,car (used),6231,unknown / no savings account,... < 1 year,2,male,none,2,"car or other, not in savings account",23,none,for free,1,management / self-employed / highly qualified employee / officer,1,"yes, registered under customer's name",yes,1,divorced/separated
0 <= ... < 200 DM,26,existing credits paid back duly till now,others,721,... < 100 DM,... < 1 year,2,male,co-applicant,4,"car or other, not in savings account",66,none,for free,1,management / self-employed / highly qualified employee / officer,1,none,yes,1,single
... < 0 DM,4,critical account / other credits existing (not at this bank),business,2381,... < 100 DM,4 <= ... < 7 years,4,male,none,2,building society savings agreement / life insurance,26,none,own,2,skilled employee / official,2,none,yes,1,single
no checking account,26,existing credits paid back duly till now,car (new),1192,... < 100 DM,1 <= ... < 4 years,4,male,none,2,"car or other, not in savings account",39,none,own,2,unskilled - resident,1,none,yes,1,single
no checking account,19,existing credits paid back duly till now,radio/television,3980,... < 100 DM,4 <= ... < 7 years,4,female,co-applicant,1,"car or other, not in savings account",20,none,own,2,skilled employee / official,1,none,yes,1,divorced/separated
0 <= ... < 200 DM,14,critical account / other credits existing (not at this bank),education,6201,100 <= ... < 500 DM,unemployed,1,male,none,2,unknown / no property,40,none,own,2,skilled employee / official,1,none,yes,1,single
no checking account,20,existing credits paid back duly till now,radio/television,4865,unknown / no savings account,4 <= ... < 7 years,2,female,none,4,"car or other, not in savings account",20,none,own,1,skilled employee / official,1,none,yes,1,divorced/separated
... < 0 DM,4,delay in paying off in the past,car (new),747,... < 100 DM,unemployed,4,female,none,4,"car or other, not in savings account",33,stores,rent,2,unskilled - resident,2,"yes, registered under customer's name",yes,1,single
0 <= ... < 200 DM,24,existing credits paid back duly till now,repairs,2612,... < 100 DM,1 <= ... < 4 years,3,male,none,3,"car or other, not in savings account",42,none,own,1,skilled employee / official,1,none,yes,1,single
no checking account,29,critical account / other credits existing (not at this bank),radio/television,1605,... < 100 DM,4 <= ... < 7 years,4,male,none,3,real estate,65,none,own,2,skilled employee / official,1,none,no,1,single
no checking account,32,existing credits paid back duly till now,car (new),250,... < 100 DM,... < 1 year,2,female,none,2,"car or other, not in savings account",19,none,rent,1,skilled employee / official,1,none,no,1,divorced/separated
no checking account,52,existing credits paid back duly till now,car (new),4895,unknown / no savings account,... >= 7 years,4,male,none,4,unknown / no property,46,none,for free,1,skilled employee / official,1,"yes, registered under customer's name",yes,1,single
0 <= ... < 200 DM,47,all credits at this bank paid back duly,business,618,... < 100 DM,... >= 7 years,4,male,none,4,building society savings agreement / life insurance,25,stores,for free,4,skilled employee / official,1,none,yes,2,single
0 <= ... < 200 DM,38,all credits at this bank paid back duly,car (used),542,500 <= ... < 1000 DM,... < 1 year,2,male,none,4,building society savings agreement / life insurance,31,bank,for free,1,skilled employee / official,1,"yes, registered under customer's name",yes,2,single
0 <= ... < 200 DM,4,all credits at this bank paid back duly,car (new),631,... < 100 DM,... >= 7 years,4,male,none,4,"car or other, not in savings account",39,bank,for free,1,skilled employee / official,1,"yes, registered under customer's name",yes,2,divorced/separated
no checking account,22,all credits at this bank paid back duly,car (new),2102,... >= 1000 DM,... >= 7 years,4,male,none,4,"car or other, not in savings account",47,none,own,1,management / self-employed / highly qualified employee / officer,1,"yes, registered under customer's name",yes,1,single
no checking account,28,critical account / other credits existing (not at this bank),car (new),2480,... < 100 DM,... >= 7 years,4,male,none,3,real estate,35,none,own,2,skilled employee / official,2,none,yes,1,single
0 <= ... < 200 DM,47,all credits at this bank paid back duly,car (new),250,... < 100 DM,1 <= ... < 4 years,4,male,none,4,"car or other, not in savings account",28,none,own,2,skilled employee / official,2,none,no,2,single
no checking account,17,delay in paying off in the past,car (new),1779,unknown / no savings account,4 <= ... < 7 years,4,male,none,4,real estate,38,none,own,1,skilled employee / official,1,"yes, registered under customer's name",yes,1,divorced/separated
no checking account,28,existing credits paid back duly till now,radio/television,7533,... < 100 DM,... >= 7 years,4,male,none,2,building society savings agreement / life insurance,23,stores,for free,1,management / self-employed / highly qualified employee / officer,1,"yes, registered under customer's name",yes,2,single
no checking account,16,critical account / other credits existing (not at this bank),car (new),1371,... < 100 DM,4 <= ... < 7 years,4,female,none,1,real estate,26,none,own,2,skilled employee / official,1,none,yes,1,single
... < 0 DM,22,existing credits paid back duly till now,car (used),2099,... < 100 DM,4 <= ... < 7 years,2,male,none,4,unknown / no property,48,bank,for free,1,management / self-employed / highly qualified employee / officer,1,"yes, registered under customer's name",yes,2,single
... < 0 DM,49,no credits taken / all credits paid back duly,car (new),890,100 <= ... < 500 DM,1 <= ... < 4 years,4,male,co-applicant,2,"car or other, not in savings account",33,none,own,2,skilled employee / official,1,none,yes,1,single
no checking account,19,critical account / other credits existing (not at this bank),business,11635,500 <= ... < 1000 DM,4 <= ... < 7 years,4,male,none,1,"car or other, not in savings account",29,none,own,2,skilled employee / official,1,"yes, registered under customer's name",yes,1,single
0 <= ... < 200 DM,19,existing credits paid back duly till now,furniture/equipment,1201,... >= 1000 DM,... < 1 year,4,female,none,4,"car or other, not in savings account",32,none,rent,1,management / self-employed / highly qualified employee / officer,1,"yes, registered under customer's name",yes,1,divorced/separated
no checking account,29,existing credits paid back duly till now,car (new),15945,... < 100 DM,... >= 7 years,4,male,none,4,unknown / no property,62,bank,own,2,management / self-employed / highly qualified employee / officer,2,"yes, registered under customer's name",yes,1,single
no checking account,20,existing credits paid back duly till now,business,250,unknown / no savings account,4 <= ... < 7 years,4,male,none,2,real estate,50,none,own,1,skilled employee / official,1,none,yes,1,single
... < 0 DM,4,existing credits paid back duly till now,others,811,... < 100 DM,... >= 7 years,4,male,none,4,"car or other, not in savings account",75,none,for free,1,unskilled - resident,1,"yes, registered under customer's name",yes,2,single
no checking account,20,delay in paying off in the past,furniture/equipment,250,500 <= ... < 1000 DM,4 <= ... < 7 years,4,female,none,4,building society savings agreement / life insurance,47,none,rent,2,skilled employee / official,1,none,yes,1,divorced/separated
0 <= ... < 200 DM,13,critical account / other credits existing (not at this bank),education,5633,unknown / no savings account,... >= 7 years,4,male,none,4,building society savings agreement / life insurance,54,bank,for free,2,management / self-employed / highly qualified employee / officer,1,"yes, registered under customer's name",yes,2,single
no checking account,28,critical account / other credits existing (not at this bank),car (used),3108,... < 100 DM,1 <= ... < 4 years,4,male,guarantor,2,"car or other, not in savings account",29,none,own,1,skilled employee / official,1,none,yes,1,divorced/separated
0 <= ... < 200 DM,31,critical account / other credits existing (not at this bank),car (new),651,... < 100 DM,... >= 7 years,3,male,none,2,"car or other, not in savings account",45,stores,own,1,unskilled - resident,1,none,yes,1,single
... < 0 DM,52,existing credits paid back duly till now,business,2517,... < 100 DM,4 <= ... < 7 years,2,female,none,1,building society savings agreement / life insurance,50,none,for free,1,unemployed / unskilled - non-resident,1,"yes, registered under customer's name",yes,1,single
0 <= ... < 200 DM,15,critical account / other credits existing (not at this bank),radio/television,2874,... < 100 DM,1 <= ... < 4 years,4,male,guarantor,2,"car or other, not in savings account",56,none,own,2,skilled employee / official,1,none,yes,1,single
0 <= ... < 200 DM,25,critical account / other credits existing (not at this bank),car (new),3732,... < 100 DM,1 <= ... < 4 years,2,male,co-applicant,4,building society savings agreement / life insurance,58,none,own,2,skilled employee / official,1,none,yes,2,single
no checking account,65,existing credits paid back duly till now,car (new),11158,... < 100 DM,1 <= ... < 4 years,4,female,none,4,"car or other, not in savings account",31,none,own,1,skilled employee / official,1,none,yes,1,divorced/separated
... < 0 DM,25,existing credits paid back duly till now,car (new),250,unknown / no savings account,... < 1 year,4,female,none,4,unknown / no property,23,none,for free,1,skilled employee / official,1,"yes, registered under customer's name",yes,2,divorced/separated
... < 0 DM,19,delay in paying off in the past,radio/television,1774,... < 100 DM,unemployed,2,female,none,1,"car or other, not in savings account",47,stores,own,2,management / self-employed / highly qualified employee / officer,1,"yes, registered under customer's name",yes,1,divorced/separated
... >= 200 DM / salary assignments for at least 1 year,18,existing credits paid back duly till now,business,4443,... < 100 DM,4 <= ... < 7 years,4,male,none,2,"car or other, not in savings account",20,none,own,3,skilled employee / official,1,none,yes,1,divorced/separated
... >= 200 DM / salary assignments for at least 1 year,25,existing credits paid back duly till now,radio/television,4146,... < 100 DM,... < 1 year,2,female,none,2,"car or other, not in savings account",54,none,own,1,skilled employee / official,1,none,yes,2,divorced/separated
no checking account,44,existing credits paid back duly till now,others,1615,unknown / no savings account,... >= 7 years,1,male,none,2,"car or other, not in savings account",19,none,own,1,unskilled - resident,1,none,yes,1,divorced/separated
... >= 200 DM / salary assignments for at least 1 year,24,delay in paying off in the past,education,6845,... < 100 DM,... >= 7 years,3,male,none,4,"car or other, not in savings account",50,none,for free,1,skilled employee / official,2,"yes, registered under customer's name",yes,1,single
... < 0 DM,26,existing credits paid back duly till now,car (used),8043,100 <= ... < 500 DM,unemployed,4,male,none,4,unknown / no property,42,bank,for free,1,skilled employee / official,1,"yes, registered under customer's name",yes,2,single
0 <= ... < 200 DM,37,existing credits paid back duly till now,radio/television,250,... < 100 DM,... < 1 year,2,female,none,4,unknown / no property,34,none,rent,1,skilled employee / official,1,"yes, registered under customer's name",yes,2,divorced/separated
no checking account,21,existing credits paid back duly till now,business,464,unknown / no savings account,1 <= ... < 4 years,4,male,none,3,"car or other, not in savings account",26,none,own,1,skilled employee / official,1,none,yes,1,married/widowed
no checking account,44,no credits taken / all credits paid back duly,education,250,unknown / no savings account,unemployed,2,male,none,4,"car or other, not in savings account",73,none,for free,1,management / self-employed / highly qualified employee / officer,1,"yes, registered under customer's name",yes,2,single
no checking account,24,existing credits paid back duly till now,car (used),7371,... < 100 DM,4 <= ... < 7 years,3,male,none,4,"car or other, not in savings account",37,none,own,1,skilled employee / official,1,none,yes,1,single
... < 0 DM,8,critical account / other credits existing (not at this bank),radio/television,1585,... < 100 DM,... >= 7 years,4,female,none,4,real estate,50,none,own,1,skilled employee / official,2,none,yes,1,single
0 <= ... < 200 DM,72,existing credits paid back duly till now,car (used),1522,unknown / no savings account,4 <= ... < 7 years,2,male,none,3,unknown / no property,35,bank,own,1,management / self-employed / highly qualified employee / officer,1,"yes, registered under customer's name",yes,1,single
no checking account,19,critical account / other credits existing (not at this bank),car (new),973,unknown / no savings account,1 <= ... < 4 years,4,male,none,3,real estate,65,none,own,1,skilled employee / official,1,none,yes,1,single
0 <= ... < 200 DM,31,existing credits paid back duly till now,radio/television,2278,... < 100 DM,... < 1 year,2,male,none,4,"car or other, not in savings account",33,none,own,1,skilled employee / official,1,none,yes,1,divorced/separated
0 <= ... < 200 DM,72,delay in paying off in the past,furniture/equipment,2782,... < 100 DM,4 <= ... < 7 years,4,female,none,4,"car or other, not in savings account",19,stores,own,2,management / self-employed / highly qualified employee / officer,1,none,yes,2,single
no checking account,4,existing credits paid back duly till now,furniture/equipment,250,unknown / no savings account,4 <= ... < 7 years,3,male,none,4,real estate,75,none,own,3,skilled employee / official,1,none,yes,1,single
no checking account,19,critical account / other credits existing (not at this bank),car (new),1868,... < 100 DM,... < 1 year,1,female,co-applicant,3,real estate,26,none,own,2,unskilled - resident,1,none,yes,1,divorced/separated
0 <= ... < 200 DM,5,existing credits paid back duly till now,radio/television,4851,unknown / no savings account,4 <= ... < 7 years,1,male,none,4,building society savings agreement / life insurance,43,none,own,1,skilled employee / official,1,none,yes,1,divorced/separated
0 <= ... < 200 DM,7,existing credits paid back duly till now,car (new),1433,... < 100 DM,1 <= ... < 4 years,4,male,none,4,building society savings agreement / life insurance,33,none,own,1,skilled employee / official,1,none,yes,1,divorced/separated
no checking account,27,critical account / other credits existing (not at this bank),car (new),250,unknown / no savings account,1 <= ... < 4 years,4,male,none,2,"car or other, not in savings account",41,none,own,2,skilled employee / official,1,none,yes,1,single
... < 0 DM,21,existing credits paid back duly till now,radio/television,250,... < 100 DM,... < 1 year,4,female,none,4,"car or other, not in savings account",33,none,rent,1,skilled employee / official,1,"yes, registered under customer's name",yes,2,divorced/separated
0 <= ... < 200 DM,46,existing credits paid back duly till now,car (used),6110,... < 100 DM,... >= 7 years,4,male,guarantor,2,"car or other, not in savings account",75,none,own,2,management / self-employed / highly qualified employee / officer,1,"yes, registered under customer's name",yes,1,single
no checking account,31,existing credits paid back duly till now,car (used),6301,... < 100 DM,... >= 7 years,4,male,none,4,"car or other, not in savings account",48,none,own,1,skilled employee / official,1,none,yes,1,single
0 <= ... < 200 DM,23,existing credits paid back duly till now,radio/television,2111,... < 100 DM,... < 1 year,4,female,none,4,"car or other, not in savings account",19,none,rent,1,skilled employee / official,1,"yes, registered under customer's name",yes,2,divorced/separated
no checking account,26,existing credits paid back duly till now,business,3620,... < 100 DM,1 <= ... < 4 years,3,female,none,4,real estate,19,none,rent,1,skilled employee / official,1,"yes, registered under customer's name",yes,1,divorced/separated
... < 0 DM,21,existing credits paid back duly till now,car (used),3882,... < 100 DM,4 <= ... < 7 years,2,male,none,1,"car or other, not in savings account",26,none,own,1,skilled employee / official,2,"yes, registered under customer's name",yes,2,single
... < 0 DM,33,existing credits paid back duly till now,car (new),3948,100 <= ... < 500 DM,... >= 7 years,2,male,none,4,building society savings agreement / life insurance,19,none,for free,2,skilled employee / official,1,none,yes,1,divorced/separated
no checking account,4,existing credits paid back duly till now,business,3326,unknown / no savings account,1 <= ... < 4 years,1,male,co-applicant,4,building society savings agreement / life insurance,39,none,own,2,unskilled - resident,2,none,yes,1,single
no checking account,4,critical account / other credits existing (not at this bank),car (new),1282,... < 100 DM,1 <= ... < 4 years,1,female,guarantor,3,real estate,47,none,own,2,skilled employee / official,1,none,no,1,divorced/separated
0 <= ... < 200 DM,56,no credits taken / all credits paid back duly,car (new),526,500 <= ... < 1000 DM,... < 1 year,4,male,guarantor,3,"car or other, not in savings account",32,none,own,1,unskilled - resident,2,none,yes,2,divorced/separated
no checking account,27,existing credits paid back duly till now,car (new),2969,unknown / no savings account,1 <= ... < 4 years,4,male,none,1,"car or other, not in savings account",38,none,own,2,skilled employee / official,1,none,yes,1,married/widowed
... >= 200 DM / salary assignments for at least 1 year,20,existing credits paid back duly till now,radio/television,417,... < 100 DM,4 <= ... < 7 years,4,male,none,2,real estate,52,none,own,1,skilled employee / official,2,none,yes,1,single
... < 0 DM,19,existing credits paid back duly till now,furniture/equipment,1087,... < 100 DM,unemployed,4,male,none,4,"car or other, not in savings account",19,none,own,1,skilled employee / official,1,none,yes,2,married/widowed
... < 0 DM,21,all credits at this bank paid back duly,car (new),988,... < 100 DM,... >= 7 years,4,male,none,4,unknown / no property,25,bank,for free,1,skilled employee / official,1,"yes, registered under customer's name",yes,1,single
0 <= ... < 200 DM,13,existing credits paid back duly till now,business,1961,... < 100 DM,... < 1 year,1,female,none,1,"car or other, not in savings account",35,none,own,1,skilled employee / official,1,none,yes,2,divorced/separated
... < 0 DM,17,existing credits paid back duly till now,car (new),1330,... < 100 DM,... >= 7 years,4,male,none,4,unknown / no property,22,bank,for free,1,management / self-employed / highly qualified employee / officer,1,"yes, registered under customer's name",yes,1,single
no checking account,46,existing credits paid back duly till now,radio/television,5771,... < 100 DM,1 <= ... < 4 years,3,male,none,2,real estate,22,none,rent,1,skilled employee / official,1,"yes, registered under customer's name",yes,2,divorced/separated
0 <= ... < 200 DM,43,existing credits paid back duly till now,retraining,11338,... < 100 DM,4 <= ... < 7 years,4,male,none,4,real estate,53,none,own,2,management / self-employed / highly qualified employee / officer,2,none,no,1,single
no checking account,27,existing credits paid back duly till now,car (new),250,... < 100 DM,4 <= ... < 7 years,2,male,none,4,unknown / no property,46,none,own,2,management / self-employed / highly qualified employee / officer,1,"yes, registered under customer's name",yes,1,single
... < 0 DM,38,delay in paying off in the past,car (new),6703,... < 100 DM,4 <= ... < 7 years,3,male,none,3,"car or other, not in savings account",49,none,own,1,management / self-employed / highly qualified employee / officer,1,none,yes,1,single
no checking account,17,critical account / other credits existing (not at this bank),car (new),250,... < 100 DM,... >= 7 years,4,male,none,3,"car or other, not in savings account",46,none,own,2,skilled employee / official,1,none,yes,1,single
no checking account,24,critical account / other credits existing (not at this bank),car (new),2591,... < 100 DM,1 <= ... < 4 years,2,male,none,3,"car or other, not in savings account",30,none,own,4,skilled employee / official,1,none,yes,1,single
no checking account,19,existing credits paid back duly till now,repairs,5750,... < 100 DM,4 <= ... < 7 years,1,male,none,4,"car or other, not in savings account",41,none,own,1,skilled employee / official,1,"yes, registered under customer's name",yes,2,single
no checking account,23,existing credits paid back duly till now,car (used),760,... < 100 DM,... >= 7 years,4,male,none,4,"car or other, not in savings account",62,none,own,1,management / self-employed / highly qualified employee / officer,2,none,yes,1,single
no checking account,17,existing credits paid back duly till now,furniture/equipment,2801,100 <= ... < 500 DM,1 <= ... < 4 years,3,female,none,2,"car or other, not in savings account",19,none,rent,1,skilled employee / official,1,"yes, registered under customer's name",yes,2,divorced/separated
0 <= ... < 200 DM,38,existing credits paid back duly till now,business,2603,... < 100 DM,unemployed,4,male,none,3,"car or other, not in savings account",72,stores,own,1,skilled employee / official,1,none,yes,2,single
0 <= ... < 200 DM,28,existing credits paid back duly till now,car (used),1122,... < 100 DM,1 <= ... < 4 years,4,male,none,1,"car or other, not in savings account",32,none,own,1,skilled employee / official,1,"yes, registered under customer's name",yes,1,single
0 <= ... < 200 DM,27,delay in paying off in the past,radio/television,3566,... < 100 DM,... >= 7 years,4,male,none,3,building society savings agreement / life insurance,75,bank,own,1,management / self-employed / highly qualified employee / officer,1,none,yes,1,single
... < 0 DM,16,existing credits paid back duly till now,furniture/equipment,5458,... < 100 DM,4 <= ... < 7 years,4,female,none,2,"car or other, not in savings account",27,none,own,1,skilled employee / official,1,"yes, registered under customer's name",yes,1,divorced/separated
no checking account,4,critical account / other credits existing (not at this bank),car (new),250,... < 100 DM,4 <= ... < 7 years,4,female,none,3,building society savings agreement / life insurance,24,none,own,1,skilled employee / official,1,none,yes,1,divorced/separated
no checking account,24,critical account / other credits existing (not at this bank),radio/television,4579,... < 100 DM,1 <= ... < 4 years,4,male,none,3,building society savings agreement / life insurance,22,none,own,1,skilled employee / official,2,none,yes,1,single
no checking account,50,existing credits paid back duly till now,car (used),272,... < 100 DM,1 <= ... < 4 years,2,male,none,3,"car or other, not in savings account",32,none,rent,2,skilled employee / official,1,none,no,1,single
... < 0 DM,27,existing credits paid back duly till now,car (new),2543,... < 100 DM,... < 1 year,4,female,none,4,"car or other, not in savings account",19,none,own,1,skilled employee / official,1,"yes, registered under customer's name",yes,1,married/widowed
no checking account,9,critical account / other credits existing (not at this bank),car (new),3514,... < 100 DM,... >= 7 years,4,male,none,3,real estate,59,none,own,2,skilled employee / official,2,none,yes,1,single
0 <= ... < 200 DM,51,existing credits paid back duly till now,business,1691,... < 100 DM,4 <= ... < 7 years,2,male,none,2,"car or other, not in savings account",60,none,own,1,unskilled - resident,1,none,yes,1,divorced/separated
no checking account,29,critical account / other credits existing (not at this bank),car (new),1356,... < 100 DM,... < 1 year,1,male,none,2,"car or other, not in savings account",41,none,own,3,skilled employee / official,1,none,yes,1,divorced/separated
no checking account,13,existing credits paid back duly till now,furniture/equipment,2168,... < 100 DM,4 <= ... < 7 years,3,male,none,1,"car or other, not in savings account",34,none,own,1,unskilled - resident,1,none,yes,1,single
0 <= ... < 200 DM,28,critical account / other credits existing (not at this bank),car (new),2229,... < 100 DM,... >= 7 years,1,male,none,4,"car or other, not in savings account",45,none,own,2,unemployed / unskilled - non-resident,1,"yes, registered under customer's name",yes,1,single
... < 0 DM,45,existing credits paid back duly till now,radio/television,4891,... >= 1000 DM,1 <= ... < 4 years,4,male,none,4,"car or other, not in savings account",29,none,own,1,unskilled - resident,1,none,yes,2,single
... >= 200 DM / salary assignments for at least 1 year,29,existing credits paid back duly till now,education,250,500 <= ... < 1000 DM,... < 1 year,2,male,guarantor,4,real estate,50,none,own,1,skilled employee / official,1,none,yes,1,single
no checking account,21,critical account / other credits existing (not at this bank),education,250,500 <= ... < 1000 DM,4 <= ... < 7 years,2,male,none,1,"car or other, not in savings account",37,none,own,2,skilled employee / official,1,none,yes,1,married/widowed
no checking account,26,delay in paying off in the past,radio/television,250,unknown / no savings account,... < 1 year,4,male,none,2,"car or other, not in savings account",75,none,own,1,skilled employee / official,1,none,no,1,single
0 <= ... < 200 DM,23,existing credits paid back duly till now,furniture/equipment,4239,... < 100 DM,... < 1 year,2,female,none,1,"car or other, not in savings account",19,none,rent,1,skilled employee / official,1,"yes, registered under customer's name",yes,2,divorced/separated
... < 0 DM,16,critical account / other credits existing (not at this bank),car (new),766,... < 100 DM,... >= 7 years,3,male,none,2,building society savings agreement / life insurance,57,none,own,1,skilled employee / official,2,none,yes,2,single
0 <= ... < 200 DM,9,critical account / other credits existing (not at this bank),education,250,... < 100 DM,4 <= ... < 7 years,1,male,guarantor,4,building society savings agreement / life insurance,65,none,own,2,skilled employee / official,1,"yes, registered under customer's name",yes,2,single
no checking account,22,delay in paying off in the past,car (new),3249,... < 100 DM,... < 1 year,4,male,none,2,real estate,59,none,own,1,skilled employee / official,1,none,yes,1,single
0 <= ... < 200 DM,20,existing credits paid back duly till now,radio/television,2227,... < 100 DM,... < 1 year,4,female,none,4,real estate,19,none,own,2,skilled employee / official,1,none,yes,1,divorced/separated
0 <= ... < 200 DM,26,existing credits paid back duly till now,car (new),937,500 <= ... < 1000 DM,4 <= ... < 7 years,2,male,none,2,building society savings agreement / life insurance,58,none,rent,1,unskilled - resident,1,"yes, registered under customer's name",yes,1,single
no checking account,26,existing credits paid back duly till now,car (new),618,... < 100 DM,1 <= ... < 4 years,3,male,none,4,unknown / no property,37,none,own,1,management / self-employed / highly qualified employee / officer,1,"yes, registered under customer's name",yes,1,divorced/separated
... < 0 DM,23,delay in paying off in the past,furniture/equipment,937,100 <= ... < 500 DM,unemployed,4,female,none,4,building society savings agreement / life insurance,44,none,rent,1,management / self-employed / highly qualified employee / officer,1,"yes, registered under customer's name",yes,2,divorced/separated
no checking account,12,existing credits paid back duly till now,business,6734,500 <= ... < 1000 DM,1 <= ... < 4 years,2,male,none,2,"car or other, not in savings account",44,none,own,1,management / self-employed / highly qualified employee / officer,1,none,yes,1,single
... < 0 DM,48,existing credits paid back duly till now,car (new),4621,... < 100 DM,... >= 7 years,2,female,none,4,"car or other, not in savings account",29,none,rent,1,skilled employee / official,1,"yes, registered under customer's name",yes,2,divorced/separated
0 <= ... < 200 DM,6,existing credits paid back duly till now,radio/television,1888,... >= 1000 DM,... < 1 year,1,male,none,4,"car or other, not in savings account",56,stores,own,1,management / self-employed / highly qualified employee / officer,1,none,yes,1,divorced/separated
no checking account,32,delay in paying off in the past,radio/television,250,... < 100 DM,4 <= ... < 7 years,3,male,none,4,"car or other, not in savings account",30,none,own,2,skilled employee / official,1,none,yes,1,single
no checking account,26,delay in paying off in the past,car (used),250,... < 100 DM,1 <= ... < 4 years,4,male,none,4,"car or other, not in savings account",44,none,own,2,skilled employee / official,1,none,yes,1,single
0 <= ... < 200 DM,4,critical account / other credits existing (not at this bank),furniture/equipment,2257,... < 100 DM,1 <= ... < 4 years,3,male,none,4,building society savings agreement / life insurance,39,none,own,1,skilled employee / official,1,none,yes,1,single
0 <= ... < 200 DM,31,critical account / other credits existing (not at this bank),business,3483,unknown / no savings account,unemployed,2,male,none,2,real estate,61,none,own,2,skilled employee / official,2,none,yes,1,single
0 <= ... < 200 DM,16,all credits at this bank paid back duly,radio/television,2531,... < 100 DM,... >= 7 years,4,male,none,1,"car or other, not in savings account",30,none,own,1,skilled employee / official,1,"yes, registered under customer's name",yes,2,single
no checking account,4,no credits taken / all credits paid back duly,car (new),2418,... < 100 DM,... >= 7 years,3,male,none,4,building society savings agreement / life insurance,53,none,own,1,skilled employee / official,1,"yes, registered under customer's name",yes,2,single
0 <= ... < 200 DM,6,existing credits paid back duly till now,car (used),250,unknown / no savings account,unemployed,3,male,none,2,building society savings agreement / life insurance,37,none,rent,2,skilled employee / official,1,none,yes,1,divorced/separated
... < 0 DM,35,critical account / other credits existing (not at this bank),business,7414,... < 100 DM,... < 1 year,1,male,guarantor,4,unknown / no property,37,none,own,2,skilled employee / official,1,none,yes,2,single
0 <= ... < 200 DM,20,existing credits paid back duly till now,car (new),381,500 <= ... < 1000 DM,... >= 7 years,3,female,none,4,"car or other, not in savings account",75,none,own,4,skilled employee / official,1,"yes, registered under customer's name",yes,1,divorced/separated
no checking account,28,critical account / other credits existing (not at this bank),radio/television,1688,... < 100 DM,unemployed,2,male,none,3,"car or other, not in savings account",49,none,own,3,skilled employee / official,1,none,yes,2,divorced/separated
0 <= ... < 200 DM,7,delay in paying off in the past,car (used),250,... < 100 DM,... >= 7 years,4,male,none,4,unknown / no property,33,bank,for free,1,management / self-employed / highly qualified employee / officer,1,"yes, registered under customer's name",yes,2,single
no checking account,25,no credits taken / all credits paid back duly,repairs,1609,unknown / no savings account,1 <= ... < 4 years,2,male,none,1,real estate,40,bank,own,1,unskilled - resident,1,none,yes,1,single
0 <= ... < 200 DM,4,critical account / other credits existing (not at this bank),radio/television,250,... < 100 DM,1 <= ... < 4 years,4,male,none,4,building society savings agreement / life insurance,31,none,for free,1,unemployed / unskilled - non-resident,1,"yes, registered under customer's name",yes,2,single
no checking account,4,existing credits paid back duly till now,car (new),250,... < 100 DM,unemployed,4,female,none,2,"car or other, not in savings account",44,none,own,1,skilled employee / official,1,none,yes,1,divorced/separated
... < 0 DM,57,all credits at this bank paid back duly,car (new),250,... < 100 DM,... >= 7 years,2,male,none,4,"car or other, not in savings account",38,bank,for free,1,unskilled - resident,2,none,yes,2,single
no checking account,30,critical account / other credits existing (not at this bank),car (new),2795,... < 100 DM,... >= 7 years,1,male,none,4,real estate,60,bank,own,1,unskilled - resident,2,none,yes,1,single
... < 0 DM,21,all credits at this bank paid back duly,business,7618,... < 100 DM,... >= 7 years,2,female,none,4,building society savings agreement / life insurance,75,none,for free,1,skilled employee / official,1,"yes, registered under customer's name",yes,2,single
0 <= ... < 200 DM,7,existing credits paid back duly till now,radio/television,250,... < 100 DM,... < 1 year,1,male,none,4,"car or other, not in savings account",46,none,own,1,skilled employee / official,1,none,yes,1,single
no checking account,12,critical account / other credits existing (not at this bank),repairs,5048,unknown / no savings account,1 <= ... < 4 years,4,male,none,4,"car or other, not in savings account",58,none,own,3,skilled employee / official,1,none,yes,1,married/widowed
0 <= ... < 200 DM,28,existing credits paid back duly till now,car (new),250,... < 100 DM,... >= 7 years,4,female,none,4,real estate,47,bank,own,2,skilled employee / official,1,none,yes,1,divorced/separated
no checking account,9,existing credits paid back duly till now,car (new),250,100 <= ... < 500 DM,... >= 7 years,2,male,none,3,"car or other, not in savings account",29,bank,for free,1,skilled employee / official,1,none,yes,1,single
no checking account,60,existing credits paid back duly till now,radio/television,2649,... < 100 DM,1 <= ... < 4 years,4,male,none,4,building society savings agreement / life insurance,74,none,own,1,management / self-employed / highly qualified employee / officer,2,none,yes,2,single
0 <= ... < 200 DM,72,existing credits paid back duly till now,car (used),1676,... < 100 DM,unemployed,2,male,none,4,unknown / no property,32,bank,for free,1,management / self-employed / highly qualified employee / officer,1,"yes, registered under customer's name",yes,2,single
no checking account,70,existing credits paid back duly till now,radio/television,672,... < 100 DM,... < 1 year,2,male,none,4,"car or other, not in savings account",19,none,rent,2,skilled employee / official,1,"yes, registered under customer's name",yes,1,divorced/separated
0 <= ... < 200 DM,72,delay in paying off in the past,car (used),12588,unknown / no savings account,4 <= ... < 7 years,4,male,none,2,unknown / no property,40,bank,for free,1,skilled employee / official,1,"yes, registered under customer's name",yes,2,single
... >= 200 DM / salary assignments for at least 1 year,42,critical account / other credits existing (not at this bank),radio/television,1470,... < 100 DM,... < 1 year,4,male,none,1,"car or other, not in savings account",47,none,own,1,skilled employee / official,1,none,yes,1,single
... >= 200 DM / salary assignments for at least 1 year,27,existing credits paid back duly till now,repairs,3102,... < 100 DM,... >= 7 years,4,male,none,2,"car or other, not in savings account",38,none,own,1,skilled employee / official,1,"yes, registered under customer's name",yes,2,divorced/separated
... < 0 DM,21,existing credits paid back duly till now,radio/television,2811,... < 100 DM,1 <= ... < 4 years,2,female,none,4,"car or other, not in savings account",26,none,own,1,skilled employee / official,1,"yes, registered under customer's name",yes,1,divorced/separated
no checking account,23,delay in paying off in the past,car (new),3398,... < 100 DM,... < 1 year,4,female,none,2,real estate,29,none,own,2,skilled employee / official,1,none,yes,1,divorced/separated
no checking account,24,critical account / other credits existing (not at this bank),furniture/equipment,3188,... < 100 DM,... >= 7 years,4,male,none,3,building society savings agreement / life insurance,38,none,own,2,unskilled - resident,2,"yes, registered under customer's name",yes,1,single
0 <= ... < 200 DM,31,critical account / other credits existing (not at this bank),business,2610,... < 100 DM,4 <= ... < 7 years,1,male,none,2,"car or other, not in savings account",29,none,own,2,unskilled - resident,1,none,yes,1,married/widowed
no checking account,20,all credits at this bank paid back duly,radio/television,1992,... < 100 DM,4 <= ... < 7 years,3,male,guarantor,4,"car or other, not in savings account",35,none,own,2,skilled employee / official,1,none,yes,1,married/widowed
0 <= ... < 200 DM,13,critical account / other credits existing (not at this bank),business,9826,... < 100 DM,... < 1 year,1,male,none,2,"car or other, not in savings account",21,none,rent,3,unemployed / unskilled - non-resident,1,none,yes,1,divorced/separated
no checking account,23,existing credits paid back duly till now,radio/television,4942,unknown / no savings account,... >= 7 years,3,male,none,3,"car or other, not in savings account",36,none,own,2,skilled employee / official,2,none,yes,1,single
no checking account,20,existing credits paid back duly till now,radio/television,1980,... < 100 DM,1 <= ... < 4 years,1,male,none,2,"car or other, not in savings account",62,none,own,1,skilled employee / official,1,none,yes,2,married/widowed
0 <= ... < 200 DM,32,existing credits paid back duly till now,education,250,unknown / no savings account,4 <= ... < 7 years,3,female,guarantor,3,unknown / no property,35,none,own,1,skilled employee / official,1,"yes, registered under customer's name",yes,1,single
no checking account,29,existing credits paid back duly till now,furniture/equipment,1048,... < 100 DM,... >= 7 years,1,male,guarantor,4,real estate,54,none,own,1,management / self-employed / highly qualified employee / officer,1,none,yes,1,single
0 <= ... < 200 DM,27,existing credits paid back duly till now,furniture/equipment,4848,unknown / no savings account,1 <= ... < 4 years,4,male,none,2,building society savings agreement / life insurance,50,none,own,4,skilled employee / official,1,none,yes,2,single
no checking account,18,existing credits paid back duly till now,car (new),279,... < 100 DM,... < 1 year,1,female,none,2,"car or other, not in savings account",36,none,own,1,unskilled - resident,1,none,yes,1,divorced/separated
no checking account,10,critical account / other credits existing (not at this bank),car (new),4052,... < 100 DM,... >= 7 years,4,male,none,2,real estate,19,none,own,1,skilled employee / official,1,"yes, registered under customer's name",yes,1,divorced/separated
0 <= ... < 200 DM,39,critical account / other credits existing (not at this bank),car (used),5819,... < 100 DM,... >= 7 years,1,male,none,2,"car or other, not in savings account",48,none,rent,1,skilled employee / official,1,none,yes,1,single
no checking account,18,no credits taken / all credits paid back duly,repairs,250,... < 100 DM,1 <= ... < 4 years,3,female,none,4,unknown / no property,26,none,rent,2,unskilled - resident,2,"yes, registered under customer's name",yes,1,divorced/separated
no checking account,4,existing credits paid back duly till now,radio/television,250,... < 100 DM,1 <= ... < 4 years,4,female,none,3,"car or other, not in savings account",35,none,own,1,skilled employee / official,1,none,yes,1,divorced/separated
0 <= ... < 200 DM,49,existing credits paid back duly till now,car (new),5255,100 <= ... < 500 DM,4 <= ... < 7 years,1,male,none,2,building society savings agreement / life insurance,42,none,own,1,skilled employee / official,1,none,yes,2,single
no checking account,28,critical account / other credits existing (not at this bank),business,2202,... < 100 DM,4 <= ... < 7 years,4,male,none,4,real estate,66,none,own,2,skilled employee / official,1,none,yes,1,single
0 <= ... < 200 DM,21,critical account / other credits existing (not at this bank),radio/television,2881,... < 100 DM,... >= 7 years,4,male,none,3,building society savings agreement / life insurance,39,bank,own,1,unskilled - resident,1,none,yes,2,single
no checking account,21,existing credits paid back duly till now,furniture/equipment,3311,... < 100 DM,unemployed,1,female,none,4,"car or other, not in savings account",35,none,own,1,management / self-employed / highly qualified employee / officer,1,none,yes,2,divorced/separated
... < 0 DM,72,existing credits paid back duly till now,business,250,... >= 1000 DM,... < 1 year,3,female,none,2,"car or other, not in savings account",21,bank,for free,1,management / self-employed / highly qualified employee / officer,1,"yes, registered under customer's name",yes,2,single
0 <= ... < 200 DM,72,existing credits paid back duly till now,furniture/equipment,3656,... < 100 DM,... >= 7 years,2,male,none,4,unknown / no property,64,none,own,2,skilled employee / official,1,"yes, registered under customer's name",yes,2,single
... < 0 DM,23,existing credits paid back duly till now,furniture/equipment,11993,100 <= ... < 500 DM,4 <= ... < 7 years,1,female,guarantor,2,building society savings agreement / life insurance,25,none,rent,1,skilled employee / official,1,none,yes,2,divorced/separated
no checking account,4,existing credits paid back duly till now,radio/television,2467,... < 100 DM,1 <= ... < 4 years,4,male,none,3,building society savings agreement / life insurance,36,none,own,2,skilled employee / official,2,none,yes,2,single
0 <= ... < 200 DM,5,existing credits paid back duly till now,car (used),1814,... < 100 DM,1 <= ... < 4 years,4,male,none,4,"car or other, not in savings account",47,none,own,2,management / self-employed / highly qualified employee / officer,1,"yes, registered under customer's name",yes,2,single
0 <= ... < 200 DM,23,existing credits paid back duly till now,furniture/equipment,1846,... < 100 DM,... >= 7 years,4,male,none,4,unknown / no property,49,none,own,2,skilled employee / official,1,"yes, registered under customer's name",yes,1,divorced/separated
0 <= ... < 200 DM,28,existing credits paid back duly till now,furniture/equipment,2273,100 <= ... < 500 DM,... < 1 year,4,female,none,4,"car or other, not in savings account",19,none,own,1,skilled employee / official,1,none,yes,2,divorced/separated
... < 0 DM,41,critical account / other credits existing (not at this bank),business,10017,... < 100 DM,... >= 7 years,4,male,none,4,"car or other, not in savings account",32,bank,for free,1,skilled employee / official,2,none,yes,1,single
0 <= ... < 200 DM,68,existing credits paid back duly till now,radio/television,15945,unknown / no savings account,1 <= ... < 4 years,2,male,guarantor,2,"car or other, not in savings account",27,none,own,1,skilled employee / official,1,none,yes,2,single
... < 0 DM,13,critical account / other credits existing (not at this bank),car (new),1138,... < 100 DM,... >= 7 years,3,male,none,3,real estate,61,bank,own,2,skilled employee / official,1,"yes, registered under customer's name",yes,1,single
no checking account,27,existing credits paid back duly till now,radio/television,250,... < 100 DM,unemployed,4,female,none,2,"car or other, not in savings account",26,none,own,2,skilled employee / official,1,none,yes,1,married/widowed
0 <= ... < 200 DM,27,existing credits paid back duly till now,radio/television,10834,... < 100 DM,unemployed,4,male,none,3,building society savings agreement / life insurance,20,none,own,1,unskilled - resident,2,none,yes,1,single
no checking account,19,critical account / other credits existing (not at this bank),furniture/equipment,250,... < 100 DM,1 <= ... < 4 years,4,male,none,4,real estate,64,none,own,2,unskilled - resident,2,none,yes,1,divorced/separated
0 <= ... < 200 DM,6,critical account / other credits existing (not at this bank),car (new),1599,unknown / no savings account,4 <= ... < 7 years,4,male,none,2,building society savings agreement / life insurance,25,none,own,2,unskilled - resident,1,none,yes,1,single
no checking account,13,all credits at this bank paid back duly,car (used),7236,... < 100 DM,... < 1 year,4,male,none,4,building society savings agreement / life insurance,33,none,own,1,skilled employee / official,1,"yes, registered under customer's name",yes,2,divorced/separated
0 <= ... < 200 DM,26,no credits taken / all credits paid back duly,furniture/equipment,5362,... < 100 DM,... < 1 year,4,female,none,4,"car or other, not in savings account",34,none,rent,1,unskilled - resident,1,none,yes,2,divorced/separated
no checking account,19,existing credits paid back duly till now,car (new),1043,... < 100 DM,... < 1 year,4,female,none,4,real estate,21,none,own,2,skilled employee / official,1,"yes, registered under customer's name",yes,1,divorced/separated
0 <= ... < 200 DM,21,delay in paying off in the past,car (used),8437,... < 100 DM,unemployed,3,male,none,4,unknown / no property,51,stores,for free,1,management / self-employed / highly qualified employee / officer,1,"yes, registered under customer's name",yes,2,single
no checking account,72,existing credits paid back duly till now,car (new),250,500 <= ... < 1000 DM,4 <= ... < 7 years,1,male,none,2,unknown / no property,34,none,own,4,skilled employee / official,1,none,yes,1,single
no checking account,8,existing credits paid back duly till now,radio/television,4641,500 <= ... < 1000 DM,4 <= ... < 7 years,2,female,none,1,"car or other, not in savings account",20,none,own,1,skilled employee / official,1,none,yes,1,divorced/separated
no checking account,17,existing credits paid back duly till now,car (used),1155,... < 100 DM,unemployed,4,female,none,2,real estate,75,bank,own,1,unskilled - resident,1,none,yes,1,single
no checking account,21,existing credits paid back duly till now,education,250,... < 100 DM,... < 1 year,1,female,none,4,"car or other, not in savings account",25,none,own,1,skilled employee / official,1,none,yes,2,divorced/separated
... < 0 DM,4,critical account / other credits existing (not at this bank),furniture/equipment,574,... < 100 DM,... < 1 year,4,female,none,4,"car or other, not in savings account",33,none,own,1,skilled employee / official,1,none,yes,2,divorced/separated
no checking account,16,critical account / other credits existing (not at this bank),furniture/equipment,1332,... < 100 DM,4 <= ... < 7 years,4,male,none,2,real estate,19,none,own,2,unemployed / unskilled - non-resident,2,none,yes,1,single
... >= 200 DM / salary assignments for at least 1 year,29,existing credits paid back duly till now,radio/television,3079,... < 100 DM,... >= 7 years,4,male,none,4,building society savings agreement / life insurance,54,none,own,1,skilled employee / official,1,none,yes,2,single
0 <= ... < 200 DM,21,critical account / other credits existing (not at this bank),business,9346,unknown / no savings account,... >= 7 years,4,male,none,4,real estate,34,stores,for free,1,management / self-employed / highly qualified employee / officer,1,"yes, registered under customer's name",yes,1,single
... < 0 DM,11,critical account / other credits existing (not at this bank),furniture/equipment,3551,... < 100 DM,... >= 7 years,4,male,none,4,unknown / no property,33,none,for free,2,skilled employee / official,2,none,yes,2,single
no checking account,7,critical account / other credits existing (not at this bank),radio/television,699,500 <= ... < 1000 DM,1 <= ... < 4 years,4,male,none,3,real estate,46,none,own,2,unskilled - resident,2,none,yes,1,single
0 <= ... < 200 DM,72,existing credits paid back duly till now,car (used),2870,... < 100 DM,... >= 7 years,2,male,none,2,unknown / no property,43,none,own,1,management / self-employed / highly qualified employee / officer,1,"yes, registered under customer's name",yes,2,single
no checking account,25,existing credits paid back duly till now,furniture/equipment,6057,... < 100 DM,4 <= ... < 7 years,1,female,none,2,unknown / no property,45,none,rent,1,unemployed / unskilled - non-resident,1,none,yes,1,divorced/separated
... < 0 DM,4,existing credits paid back duly till now,radio/television,250,... < 100 DM,1 <= ... < 4 years,4,female,none,3,building society savings agreement / life insurance,19,none,own,2,unskilled - resident,1,none,yes,1,single
... < 0 DM,72,existing credits paid back duly till now,education,250,... < 100 DM,... >= 7 years,4,male,none,4,real estate,40,none,own,2,unskilled - resident,2,none,yes,1,single
no checking account,63,critical account / other credits existing (not at this bank),car (used),786,... < 100 DM,... >= 7 years,4,male,none,2,real estate,37,stores,own,2,skilled employee / official,1,none,yes,1,single
0 <= ... < 200 DM,14,delay in paying off in the past,business,2862,... < 100 DM,... >= 7 years,4,male,none,4,"car or other, not in savings account",35,none,rent,3,management / self-employed / highly qualified employee / officer,1,none,yes,1,single
no checking account,19,critical account / other credits existing (not at this bank),radio/television,5930,... < 100 DM,... >= 7 years,2,male,none,3,real estate,55,none,own,2,unskilled - resident,2,none,yes,1,single
0 <= ... < 200 DM,11,existing credits paid back duly till now,car (new),4342,... < 100 DM,... < 1 year,2,female,guarantor,4,"car or other, not in savings account",35,none,rent,1,skilled employee / official,1,none,yes,1,divorced/separated
... >= 200 DM / salary assignments for at least 1 year,16,critical account / other credits existing (not at this bank),car (new),2432,... < 100 DM,... < 1 year,1,male,none,2,"car or other, not in savings account",38,none,own,2,unskilled - resident,1,none,yes,2,single
... < 0 DM,11,critical account / other credits existing (not at this bank),education,1330,unknown / no savings account,4 <= ... < 7 years,1,male,none,2,building society savings agreement / life insurance,47,none,own,1,unskilled - resident,1,none,yes,1,single
0 <= ... < 200 DM,21,existing credits paid back duly till now,retraining,250,... < 100 DM,... >= 7 years,4,female,none,4,building society savings agreement / life insurance,75,none,rent,1,skilled employee / official,1,"yes, registered under customer's name",yes,2,single
0 <= ... < 200 DM,52,existing credits paid back duly till now,car (new),5015,... < 100 DM,... < 1 year,2,female,co-applicant,4,"car or other, not in savings account",25,none,own,1,skilled employee / official,1,"yes, registered under customer's name",yes,1,single
0 <= ... < 200 DM,24,critical account / other credits existing (not at this bank),education,272,... < 100 DM,1 <= ... < 4 years,4,male,none,3,"car or other, not in savings account",57,none,own,2,skilled employee / official,1,none,yes,1,divorced/separated
0 <= ... < 200 DM,4,existing credits paid back duly till now,furniture/equipment,10545,... >= 1000 DM,... >= 7 years,3,male,none,1,unknown / no property,50,bank,for free,1,management / self-employed / highly qualified employee / officer,1,"yes, registered under customer's name",yes,2,single
no checking account,21,existing credits paid back duly till now,repairs,250,... < 100 DM,1 <= ... < 4 years,1,female,none,1,"car or other, not in savings account",46,none,own,1,unemployed / unskilled - non-resident,1,"yes, registered under customer's name",yes,2,divorced/separated
no checking account,16,existing credits paid back duly till now,furniture/equipment,1210,... < 100 DM,1 <= ... < 4 years,4,male,none,2,real estate,19,none,own,1,skilled employee / official,1,none,yes,1,single
no checking account,20,critical account / other credits existing (not at this bank),car (new),746,... < 100 DM,4 <= ... < 7 years,2,male,none,4,real estate,49,none,own,1,skilled employee / official,2,"yes, registered under customer's name",yes,1,single
no checking account,22,existing credits paid back duly till now,furniture/equipment,250,500 <= ... < 1000 DM,... < 1 year,1,female,none,4,real estate,48,none,own,3,unskilled - resident,1,"yes, registered under customer's name",yes,1,divorced/separated
... < 0 DM,4,delay in paying off in the past,car (new),6538,... < 100 DM,unemployed,4,female,none,4,"car or other, not in savings account",19,none,own,1,management / self-employed / highly qualified employee / officer,1,"yes, registered under customer's name",yes,2,divorced/separated
0 <= ... < 200 DM,25,all credits at this bank paid back duly,car (new),11959,... < 100 DM,... >= 7 years,1,male,none,4,"car or other, not in savings account",45,none,for free,1,management / self-employed / highly qualified employee / officer,1,"yes, registered under customer's name",yes,2,single
0 <= ... < 200 DM,22,existing credits paid back duly till now,car (new),4336,... < 100 DM,unemployed,3,male,none,4,unknown / no property,75,none,for free,1,skilled employee / official,1,"yes, registered under customer's name",yes,2,single
no checking account,14,critical account / other credits existing (not at this bank),radio/television,476,... < 100 DM,... >= 7 years,4,male,none,2,"car or other, not in savings account",53,none,own,2,skilled employee / official,1,none,no,1,married/widowed
no checking account,27,critical account / other credits existing (not at this bank),education,1627,... < 100 DM,4 <= ... < 7 years,4,male,none,4,real estate,24,none,own,2,skilled employee / official,1,none,yes,1,single
0 <= ... < 200 DM,4,existing credits paid back duly till now,car (new),3731,... < 100 DM,... < 1 year,4,male,co-applicant,4,real estate,48,bank,own,2,skilled employee / official,1,none,yes,1,single
0 <= ... < 200 DM,29,existing credits paid back duly till now,business,3169,... < 100 DM,... < 1 year,3,female,none,2,"car or other, not in savings account",35,stores,own,1,skilled employee / official,1,none,yes,2,divorced/separated
no checking account,26,existing credits paid back duly till now,car (new),2287,... < 100 DM,1 <= ... < 4 years,4,female,none,1,"car or other, not in savings account",49,none,own,2,skilled employee / official,1,none,yes,1,divorced/separated
no checking account,24,all credits at this bank paid back duly,radio/television,1814,... < 100 DM,... >= 7 years,4,male,none,2,real estate,75,none,own,1,skilled employee / official,2,none,yes,1,single
0 <= ... < 200 DM,48,delay in paying off in the past,car (new),1002,100 <= ... < 500 DM,... >= 7 years,3,male,none,4,unknown / no property,25,bank,own,1,skilled employee / official,1,"yes, registered under customer's name",yes,1,single
no checking account,17,critical account / other credits existing (not at this bank),car (new),2769,... < 100 DM,1 <= ... < 4 years,2,female,none,1,building society savings agreement / life insurance,66,none,own,2,skilled employee / official,1,none,yes,1,divorced/separated
... < 0 DM,8,critical account / other credits existing (not at this bank),radio/television,892,... < 100 DM,4 <= ... < 7 years,4,female,none,3,building society savings agreement / life insurance,67,none,own,1,unskilled - resident,1,none,yes,1,single
... < 0 DM,23,existing credits paid back duly till now,radio/television,1165,... < 100 DM,4 <= ... < 7 years,3,male,none,4,"car or other, not in savings account",31,none,own,1,skilled employee / official,1,"yes, registered under customer's name",yes,1,divorced/separated
... < 0 DM,24,existing credits paid back duly till now,education,932,... < 100 DM,... >= 7 years,2,male,none,4,unknown / no property,30,none,for free,1,management / self-employed / highly qualified employee / officer,1,"yes, registered under customer's name",yes,2,single
0 <= ... < 200 DM,20,existing credits paid back duly till now,furniture/equipment,5237,... < 100 DM,... < 1 year,2,female,co-applicant,4,unknown / no property,26,none,rent,1,skilled employee / official,1,"yes, registered under customer's name",yes,2,divorced/separated
no checking account,23,existing credits paid back duly till now,radio/television,1679,... < 100 DM,... >= 7 years,4,male,none,3,building society savings agreement / life insurance,75,none,own,1,unemployed / unskilled - non-resident,1,none,yes,1,single
no checking account,9,critical account / other credits existing (not at this bank),radio/television,250,... < 100 DM,1 <= ... < 4 years,4,female,none,3,"car or other, not in savings account",38,none,rent,2,unskilled - resident,1,none,yes,1,divorced/separated
no checking account,27,existing credits paid back duly till now,furniture/equipment,922,... >= 1000 DM,... < 1 year,4,male,none,3,"car or other, not in savings account",34,bank,own,1,skilled employee / official,1,none,yes,2,single
... < 0 DM,7,existing credits paid back duly till now,business,11976,... < 100 DM,... < 1 year,3,male,guarantor,2,"car or other, not in savings account",24,none,rent,1,management / self-employed / highly qualified employee / officer,1,"yes, registered under customer's name",yes,2,divorced/separated
no checking account,32,critical account / other credits existing (not at this bank),car (new),250,100 <= ... < 500 DM,1 <= ... < 4 years,4,male,none,1,"car or other, not in savings account",58,none,own,2,management / self-employed / highly qualified employee / officer,1,none,yes,1,single
0 <= ... < 200 DM,19,critical account / other credits existing (not at this bank),car (new),2644,unknown / no savings account,unemployed,2,male,none,1,"car or other, not in savings account",24,none,own,1,management / self-employed / highly qualified employee / officer,1,"yes, registered under customer's name",yes,1,single
no checking account,72,existing credits paid back duly till now,business,4509,100 <= ... < 500 DM,4 <= ... < 7 years,4,male,none,4,"car or other, not in savings account",35,none,for free,2,management / self-employed / highly qualified employee / officer,1,"yes, registered under customer's name",yes,2,single
0 <= ... < 200 DM,45,delay in paying off in the past,radio/television,2891,... < 100 DM,4 <= ... < 7 years,4,male,none,1,"car or other, not in savings account",39,none,own,1,skilled employee / official,2,none,yes,1,single
no checking account,11,no credits taken / all credits paid back duly,business,7013,... < 100 DM,... >= 7 years,3,male,none,4,building society savings agreement / life insurance,23,bank,for free,2,skilled employee / official,1,"yes, registered under customer's name",yes,1,single
0 <= ... < 200 DM,25,existing credits paid back duly till now,business,4826,... < 100 DM,... < 1 year,4,female,none,4,unknown / no property,38,none,rent,1,skilled employee / official,1,"yes, registered under customer's name",yes,1,divorced/separated
... < 0 DM,8,existing credits paid back duly till now,car (used),5486,... < 100 DM,1 <= ... < 4 years,2,male,none,1,"car or other, not in savings account",30,none,own,2,skilled employee / official,1,"yes, registered under customer's name",yes,1,single
no checking account,28,existing credits paid back duly till now,car (new),1678,... < 100 DM,... >= 7 years,4,male,none,2,"car or other, not in savings account",41,bank,own,3,management / self-employed / highly qualified employee / officer,1,none,yes,2,single
... < 0 DM,29,no credits taken / all credits paid back duly,business,2013,... < 100 DM,... < 1 year,2,male,none,4,"car or other, not in savings account",20,none,for free,2,skilled employee / official,1,none,yes,1,married/widowed
... < 0 DM,4,critical account / other credits existing (not at this bank),furniture/equipment,897,... < 100 DM,4 <= ... < 7 years,1,female,guarantor,4,"car or other, not in savings account",43,none,rent,2,skilled employee / official,1,none,yes,2,divorced/separated
... < 0 DM,22,critical account / other credits existing (not at this bank),radio/television,5387,... < 100 DM,4 <= ... < 7 years,2,male,none,2,building society savings agreement / life insurance,44,none,own,2,skilled employee / official,1,none,yes,1,single
no checking account,23,critical account / other credits existing (not at this bank),car (new),2178,... < 100 DM,... >= 7 years,4,male,none,2,building society savings agreement / life insurance,42,none,own,1,skilled employee / official,2,none,yes,1,single
... < 0 DM,22,existing credits paid back duly till now,furniture/equipment,3080,500 <= ... < 1000 DM,4 <= ... < 7 years,4,male,none,3,real estate,49,none,own,1,skilled employee / official,1,none,yes,1,divorced/separated
0 <= ... < 200 DM,46,delay in paying off in the past,car (new),250,... < 100 DM,... >= 7 years,4,male,none,2,"car or other, not in savings account",66,none,for free,1,management / self-employed / highly qualified employee / officer,1,none,yes,1,single
no checking account,4,critical account / other credits existing (not at this bank),radio/television,1463,unknown / no savings account,... >= 7 years,4,male,none,4,real estate,62,bank,own,2,skilled employee / official,2,none,yes,1,single
no checking account,8,existing credits paid back duly till now,business,570,... < 100 DM,1 <= ... < 4 years,4,male,none,2,building society savings agreement / life insurance,24,none,own,1,skilled employee / official,1,"yes, registered under customer's name",yes,1,married/widowed
0 <= ... < 200 DM,22,existing credits paid back duly till now,furniture/equipment,250,... < 100 DM,... < 1 year,4,male,none,3,building society savings agreement / life insurance,20,none,own,1,skilled employee / official,1,"yes, registered under customer's name",yes,2,married/widowed
0 <= ... < 200 DM,23,existing credits paid back duly till now,business,2518,unknown / no savings account,4 <= ... < 7 years,4,male,none,4,unknown / no property,53,none,own,1,skilled employee / official,1,"yes, registered under customer's name",yes,1,divorced/separated
0 <= ... < 200 DM,35,existing credits paid back duly till now,furniture/equipment,1046,100 <= ... < 500 DM,unemployed,4,male,none,1,building society savings agreement / life insurance,43,bank,own,1,management / self-employed / highly qualified employee / officer,1,none,yes,1,single
0 <= ... < 200 DM,72,existing credits paid back duly till now,furniture/equipment,1527,... < 100 DM,4 <= ... < 7 years,4,male,none,4,building society savings agreement / life insurance,37,bank,own,1,skilled employee / official,1,none,yes,2,divorced/separated
no checking account,4,critical account / other credits existing (not at this bank),car (new),250,... < 100 DM,... >= 7 years,4,male,none,2,real estate,53,none,own,2,unskilled - resident,2,none,yes,1,single
0 <= ... < 200 DM,7,existing credits paid back duly till now,education,2783,... < 100 DM,4 <= ... < 7 years,1,female,none,4,real estate,26,none,own,1,skilled employee / official,1,none,yes,1,divorced/separated
no checking account,15,existing credits paid back duly till now,car (new),1042,... < 100 DM,4 <= ... < 7 years,4,male,none,4,building society savings agreement / life insurance,42,none,own,1,skilled employee / official,2,none,yes,1,single
no checking account,22,existing credits paid back duly till now,car (new),2937,... < 100 DM,1 <= ... < 4 years,4,male,none,2,real estate,43,none,own,2,skilled employee / official,2,none,yes,1,single
0 <= ... < 200 DM,12,critical account / other credits existing (not at this bank),car (new),1636,... < 100 DM,... < 1 year,4,male,none,3,real estate,45,none,own,2,unskilled - resident,2,none,yes,1,single
no checking account,6,existing credits paid back duly till now,radio/television,2089,... < 100 DM,1 <= ... < 4 years,4,female,none,2,real estate,42,none,rent,1,skilled employee / official,1,none,yes,1,divorced/separated
no checking account,20,critical account / other credits existing (not at this bank),others,3275,... < 100 DM,1 <= ... < 4 years,4,male,none,4,real estate,42,none,own,1,skilled employee / official,1,none,yes,2,single
no checking account,24,existing credits paid back duly till now,radio/television,1181,... < 100 DM,1 <= ... < 4 years,4,male,none,4,real estate,25,none,own,1,skilled employee / official,1,none,yes,1,single
0 <= ... < 200 DM,52,existing credits paid back duly till now,radio/television,2263,... < 100 DM,1 <= ... < 4 years,2,male,none,3,building society savings agreement / life insurance,24,none,for free,2,skilled employee / official,1,none,yes,2,single
... < 0 DM,11,existing credits paid back duly till now,business,15945,... < 100 DM,... < 1 year,2,male,co-applicant,1,"car or other, not in savings account",49,none,own,2,skilled employee / official,2,none,yes,1,single
... >= 200 DM / salary assignments for at least 1 year,4,delay in paying off in the past,car (new),374,... < 100 DM,... < 1 year,1,female,none,2,real estate,28,none,rent,1,skilled employee / official,1,none,yes,1,divorced/separated
0 <= ... < 200 DM,17,existing credits paid back duly till now,car (new),250,... >= 1000 DM,1 <= ... < 4 years,4,male,none,4,"car or other, not in savings account",19,none,rent,1,unskilled - resident,1,none,yes,1,divorced/separated
... < 0 DM,15,critical account / other credits existing (not at this bank),education,250,... < 100 DM,unemployed,4,female,none,4,"car or other, not in savings account",44,none,own,1,unskilled - resident,1,none,yes,1,divorced/separated
0 <= ... < 200 DM,18,existing credits paid back duly till now,others,4150,unknown / no savings account,4 <= ... < 7 years,4,male,none,3,building society savings agreement / life insurance,44,none,own,3,unskilled - resident,1,none,yes,1,divorced/separated
no checking account,19,critical account / other credits existing (not at this bank),radio/television,3177,... < 100 DM,unemployed,4,male,none,2,"car or other, not in savings account",38,none,own,1,skilled employee / official,2,none,yes,1,single
0 <= ... < 200 DM,26,existing credits paid back duly till now,car (used),452,... < 100 DM,... < 1 year,4,male,guarantor,4,"car or other, not in savings account",75,bank,own,3,unemployed / unskilled - non-resident,1,"yes, registered under customer's name",yes,1,single
0 <= ... < 200 DM,42,critical account / other credits existing (not at this bank),car (used),3836,... < 100 DM,... >= 7 years,2,male,none,4,unknown / no property,60,none,for free,1,management / self-employed / highly qualified employee / officer,1,"yes, registered under customer's name",yes,2,single
0 <= ... < 200 DM,15,existing credits paid back duly till now,car (new),11749,500 <= ... < 1000 DM,... >= 7 years,4,male,guarantor,3,unknown / no property,47,stores,own,1,skilled employee / official,1,"yes, registered under customer's name",no,1,single
0 <= ... < 200 DM,24,existing credits paid back duly till now,business,250,... < 100 DM,unemployed,3,female,none,1,real estate,62,none,rent,1,skilled employee / official,1,none,yes,1,single
no checking account,4,existing credits paid back duly till now,car (new),1159,100 <= ... < 500 DM,unemployed,4,female,guarantor,3,building society savings agreement / life insurance,52,bank,rent,1,skilled employee / official,1,none,yes,1,divorced/separated
no checking account,71,existing credits paid back duly till now,car (used),634,... < 100 DM,... >= 7 years,3,male,none,2,unknown / no property,49,none,own,1,skilled employee / official,1,"yes, registered under customer's name",yes,1,single
0 <= ... < 200 DM,25,all credits at this bank paid back duly,business,7973,... < 100 DM,... >= 7 years,3,male,guarantor,3,unknown / no property,75,bank,for free,1,management / self-employed / highly qualified employee / officer,1,"yes, registered under customer's name",yes,1,single
... < 0 DM,5,critical account / other credits existing (not at this bank),car (new),859,... < 100 DM,... >= 7 years,4,male,none,2,"car or other, not in savings account",51,none,own,2,unskilled - resident,2,none,yes,1,single
no checking account,39,all credits at this bank paid back duly,business,881,unknown / no savings account,... >= 7 years,4,male,none,4,"car or other, not in savings account",62,none,own,2,unskilled - resident,2,"yes, registered under customer's name",yes,2,single
... < 0 DM,20,existing credits paid back duly till now,car (new),499,... < 100 DM,1 <= ... < 4 years,4,male,none,4,"car or other, not in savings account",24,none,own,2,management / self-employed / highly qualified employee / officer,2,none,yes,2,divorced/separated
no checking account,13,no credits taken / all credits paid back duly,car (used),4120,... < 100 DM,... >= 7 years,3,male,none,4,"car or other, not in savings account",30,none,own,1,management / self-employed / highly qualified employee / officer,2,none,yes,2,single
0 <= ... < 200 DM,20,existing credits paid back duly till now,education,2572,... >= 1000 DM,4 <= ... < 7 years,2,female,none,4,"car or other, not in savings account",35,none,own,1,unskilled - resident,1,"yes, registered under customer's name",yes,2,divorced/separated
0 <= ... < 200 DM,30,critical account / other credits existing (not at this bank),furniture/equipment,2521,... < 100 DM,... >= 7 years,4,male,none,2,"car or other, not in savings account",20,none,own,1,skilled employee / official,1,"yes, registered under customer's name",yes,2,divorced/separated
0 <= ... < 200 DM,28,existing credits paid back duly till now,business,653,... >= 1000 DM,unemployed,3,male,none,4,"car or other, not in savings account",35,bank,own,1,unemployed / unskilled - non-resident,1,none,yes,1,divorced/separated
no checking account,30,critical account / other credits existing (not at this bank),radio/television,2317,... < 100 DM,1 <= ... < 4 years,4,male,none,3,"car or other, not in savings account",21,none,own,2,skilled employee / official,1,none,yes,1,single
no checking account,72,delay in paying off in the past,radio/television,3050,... < 100 DM,... < 1 year,4,male,none,3,"car or other, not in savings account",36,none,own,2,skilled employee / official,2,none,yes,2,single
no checking account,23,critical account / other credits existing (not at this bank),radio/television,2945,... < 100 DM,unemployed,4,male,none,2,"car or other, not in savings account",21,none,own,1,unskilled - resident,1,"yes, registered under customer's name",yes,1,divorced/separated
0 <= ... < 200 DM,20,critical account / other credits existing (not at this bank),business,2777,... < 100 DM,1 <= ... < 4 years,1,male,none,2,"car or other, not in savings account",46,none,own,1,skilled employee / official,1,none,yes,1,single
... < 0 DM,7,existing credits paid back duly till now,furniture/equipment,962,... < 100 DM,... < 1 year,2,female,none,1,"car or other, not in savings account",30,none,rent,1,unskilled - resident,1,none,yes,1,divorced/separated
0 <= ... < 200 DM,72,existing credits paid back duly till now,car (used),8005,... < 100 DM,unemployed,2,male,none,4,unknown / no property,47,stores,for free,1,management / self-employed / highly qualified employee / officer,1,"yes, registered under customer's name",yes,2,single
no checking account,4,existing credits paid back duly till now,furniture/equipment,1079,... < 100 DM,... < 1 year,4,female,none,2,real estate,38,none,own,1,skilled employee / official,1,none,yes,1,divorced/separated
0 <= ... < 200 DM,13,existing credits paid back duly till now,car (new),4540,... < 100 DM,... >= 7 years,2,female,none,3,"car or other, not in savings account",46,none,rent,1,unskilled - resident,1,none,yes,2,divorced/separated
0 <= ... < 200 DM,24,all credits at this bank paid back duly,others,387,... < 100 DM,... < 1 year,1,male,none,4,building society savings agreement / life insurance,30,none,own,2,skilled employee / official,1,none,yes,2,divorced/separated
no checking account,72,existing credits paid back duly till now,radio/television,4516,... < 100 DM,... < 1 year,3,male,none,3,"car or other, not in savings account",19,none,own,2,skilled employee / official,1,none,yes,2,single
... >= 200 DM / salary assignments for at least 1 year,20,existing credits paid back duly till now,furniture/equipment,1869,unknown / no savings account,... < 1 year,4,female,none,1,"car or other, not in savings account",19,none,own,1,skilled employee / official,1,"yes, registered under customer's name",yes,1,divorced/separated
... >= 200 DM / salary assignments for at least 1 year,8,critical account / other credits existing (not at this bank),radio/television,10141,... < 100 DM,1 <= ... < 4 years,1,male,none,4,real estate,34,none,own,2,skilled employee / official,2,none,yes,1,single
no checking account,13,existing credits paid back duly till now,car (new),488,... < 100 DM,1 <= ... < 4 years,1,female,none,1,"car or other, not in savings account",31,none,own,1,skilled employee / official,1,none,yes,1,divorced/separated
no checking account,6,existing credits paid back duly till now,furniture/equipment,980,... < 100 DM,... < 1 year,4,female,none,4,"car or other, not in savings account",19,none,rent,1,skilled employee / official,1,none,yes,1,divorced/separated
... < 0 DM,27,critical account / other credits existing (not at this bank),radio/television,2535,... < 100 DM,... >= 7 years,4,male,none,1,building society savings agreement / life insurance,21,none,own,2,skilled employee / official,2,"yes, registered under customer's name",yes,1,single
no checking account,4,existing credits paid back duly till now,repairs,537,500 <= ... < 1000 DM,... < 1 year,3,female,none,4,real estate,25,none,own,1,skilled employee / official,1,none,yes,2,divorced/separated
... >= 200 DM / salary assignments for at least 1 year,4,critical account / other credits existing (not at this bank),car (new),250,unknown / no savings account,unemployed,4,female,none,4,real estate,46,none,own,2,skilled employee / official,1,none,yes,1,single
0 <= ... < 200 DM,12,existing credits paid back duly till now,radio/television,951,... < 100 DM,... >= 7 years,4,male,none,4,"car or other, not in savings account",19,none,own,3,skilled employee / official,1,none,yes,1,single
no checking account,4,existing credits paid back duly till now,car (new),1218,... < 100 DM,4 <= ... < 7 years,4,female,none,4,real estate,23,none,own,2,unskilled - resident,1,none,yes,1,divorced/separated
0 <= ... < 200 DM,27,existing credits paid back duly till now,car (new),250,... < 100 DM,4 <= ... < 7 years,4,female,none,2,unknown / no property,19,none,own,1,skilled employee / official,1,none,yes,1,divorced/separated
0 <= ... < 200 DM,19,existing credits paid back duly till now,radio/television,250,... < 100 DM,1 <= ... < 4 years,2,male,none,2,"car or other, not in savings account",39,none,own,3,skilled employee / official,1,none,no,1,single
0 <= ... < 200 DM,28,existing credits paid back duly till now,car (used),6738,... < 100 DM,unemployed,1,male,none,4,unknown / no property,46,stores,own,1,skilled employee / official,1,"yes, registered under customer's name",yes,2,single
0 <= ... < 200 DM,35,existing credits paid back duly till now,car (new),837,... < 100 DM,... < 1 year,4,male,none,4,"car or other, not in savings account",34,none,own,1,management / self-employed / highly qualified employee / officer,1,none,yes,2,divorced/separated
no checking account,25,critical account / other credits existing (not at this bank),business,2012,100 <= ... < 500 DM,4 <= ... < 7 years,3,male,guarantor,2,real estate,62,none,own,2,unskilled - resident,2,none,yes,1,single
0 <= ... < 200 DM,29,critical account / other credits existing (not at this bank),car (new),2021,... < 100 DM,1 <= ... < 4 years,4,male,none,2,real estate,34,none,own,2,skilled employee / official,1,none,yes,1,divorced/separated
0 <= ... < 200 DM,24,critical account / other credits existing (not at this bank),car (new),979,100 <= ... < 500 DM,... >= 7 years,1,male,none,4,unknown / no property,44,none,own,2,skilled employee / official,1,none,yes,2,married/widowed
0 <= ... < 200 DM,4,critical account / other credits existing (not at this bank),car (new),250,... < 100 DM,... >= 7 years,4,male,none,4,unknown / no property,75,none,for free,1,unskilled - resident,2,none,yes,1,single
0 <= ... < 200 DM,19,existing credits paid back duly till now,radio/television,2314,... < 100 DM,1 <= ... < 4 years,4,male,none,2,"car or other, not in savings account",32,none,own,1,skilled employee / official,1,none,yes,1,single
no checking account,27,no credits taken / all credits paid back duly,business,5034,... < 100 DM,... >= 7 years,4,male,none,2,unknown / no property,39,none,own,1,management / self-employed / highly qualified employee / officer,2,"yes, registered under customer's name",yes,1,single
no checking account,29,critical account / other credits existing (not at this bank),radio/television,802,500 <= ... < 1000 DM,4 <= ... < 7 years,1,male,none,3,real estate,65,none,own,2,skilled employee / official,2,none,no,1,single
0 <= ... < 200 DM,25,existing credits paid back duly till now,furniture/equipment,996,... < 100 DM,1 <= ... < 4 years,4,male,none,4,building society savings agreement / life insurance,75,stores,own,1,unskilled - resident,1,"yes, registered under customer's name",yes,1,divorced/separated
no checking account,34,delay in paying off in the past,radio/television,657,500 <= ... < 1000 DM,4 <= ... < 7 years,1,male,none,3,real estate,47,bank,own,2,unskilled - resident,2,none,yes,1,single
no checking account,29,critical account / other credits existing (not at this bank),radio/television,2089,... < 100 DM,4 <= ... < 7 years,3,female,none,2,"car or other, not in savings account",30,none,own,1,skilled employee / official,1,"yes, registered under customer's name",yes,1,divorced/separated
... < 0 DM,4,no credits taken / all credits paid back duly,education,683,... < 100 DM,4 <= ... < 7 years,4,male,co-applicant,4,building society savings agreement / life insurance,19,stores,own,2,skilled employee / official,1,"yes, registered under customer's name",yes,1,divorced/separated
... < 0 DM,4,existing credits paid back duly till now,furniture/equipment,250,... < 100 DM,unemployed,3,female,none,1,real estate,21,none,own,2,unskilled - resident,1,none,yes,1,divorced/separated
no checking account,20,existing credits paid back duly till now,car (new),1115,500 <= ... < 1000 DM,... < 1 year,4,male,none,3,"car or other, not in savings account",22,none,own,1,management / self-employed / highly qualified employee / officer,1,none,yes,1,married/widowed
... < 0 DM,6,existing credits paid back duly till now,furniture/equipment,649,500 <= ... < 1000 DM,... < 1 year,1,female,none,1,building society savings agreement / life insurance,25,none,rent,1,skilled employee / official,1,none,yes,1,divorced/separated
0 <= ... < 200 DM,21,existing credits paid back duly till now,car (new),3068,100 <= ... < 500 DM,... < 1 year,3,female,none,2,"car or other, not in savings account",36,bank,rent,1,skilled employee / official,1,"yes, registered under customer's name",yes,2,divorced/separated
0 <= ... < 200 DM,10,existing credits paid back duly till now,education,1106,... < 100 DM,... < 1 year,4,female,none,4,"car or other, not in savings account",48,none,own,1,skilled employee / official,1,none,yes,2,divorced/separated
... < 0 DM,7,existing credits paid back duly till now,car (new),1478,... < 100 DM,... >= 7 years,4,male,none,4,building society savings agreement / life insurance,52,none,for free,1,management / self-employed / highly qualified employee / officer,2,"yes, registered under customer's name",yes,2,single
0 <= ... < 200 DM,41,critical account / other credits existing (not at this bank),car (used),11953,100 <= ... < 500 DM,unemployed,3,male,none,2,"car or other, not in savings account",20,bank,rent,1,management / self-employed / highly qualified employee / officer,1,"yes, registered under customer's name",yes,2,single
0 <= ... < 200 DM,20,existing credits paid back duly till now,radio/television,4899,... < 100 DM,1 <= ... < 4 years,3,male,none,4,"car or other, not in savings account",19,none,own,1,skilled employee / official,1,"yes, registered under customer's name",yes,2,divorced/separated
0 <= ... < 200 DM,21,existing credits paid back duly till now,car (new),2748,... < 100 DM,unemployed,4,male,none,4,unknown / no property,53,none,own,1,skilled employee / official,1,"yes, registered under customer's name",yes,2,divorced/separated
... < 0 DM,47,delay in paying off in the past,business,12136,... < 100 DM,... >= 7 years,3,male,none,4,"car or other, not in savings account",38,none,own,1,skilled employee / official,1,"yes, registered under customer's name",yes,1,married/widowed
0 <= ... < 200 DM,23,existing credits paid back duly till now,furniture/equipment,2668,500 <= ... < 1000 DM,... < 1 year,2,male,guarantor,4,"car or other, not in savings account",29,none,rent,1,unskilled - resident,1,"yes, registered under customer's name",yes,2,divorced/separated
0 <= ... < 200 DM,17,existing credits paid back duly till now,car (new),519,... < 100 DM,... >= 7 years,4,male,none,4,unknown / no property,48,bank,own,1,management / self-employed / highly qualified employee / officer,1,"yes, registered under customer's name",yes,1,single
0 <= ... < 200 DM,22,existing credits paid back duly till now,radio/television,1728,... < 100 DM,... >= 7 years,2,male,none,4,"car or other, not in savings account",21,none,own,2,skilled employee / official,1,none,yes,1,single
0 <= ... < 200 DM,12,critical account / other credits existing (not at this bank),car (new),440,... < 100 DM,1 <= ... < 4 years,4,male,none,3,real estate,42,none,own,2,unskilled - resident,2,none,yes,1,married/widowed
... < 0 DM,48,existing credits paid back duly till now,retraining,7301,... < 100 DM,... < 1 year,4,male,none,4,building society savings agreement / life insurance,20,none,rent,1,skilled employee / official,1,"yes, registered under customer's name",yes,2,divorced/separated
0 <= ... < 200 DM,29,no credits taken / all credits paid back duly,car (used),250,... < 100 DM,... >= 7 years,4,male,none,4,unknown / no property,29,none,own,1,management / self-employed / highly qualified employee / officer,1,"yes, registered under customer's name",yes,2,single
... < 0 DM,9,existing credits paid back duly till now,furniture/equipment,4219,... < 100 DM,... < 1 year,3,female,none,4,"car or other, not in savings account",61,none,rent,1,management / self-employed / highly qualified employee / officer,1,"yes, registered under customer's name",yes,2,divorced/separated
0 <= ... < 200 DM,20,existing credits paid back duly till now,repairs,3532,unknown / no savings account,unemployed,1,male,none,2,unknown / no property,28,bank,for free,1,skilled employee / official,1,"yes, registered under customer's name",yes,2,single
... < 0 DM,67,existing credits paid back duly till now,car (used),4318,... < 100 DM,... >= 7 years,3,male,none,4,unknown / no property,75,bank,for free,1,management / self-employed / highly qualified employee / officer,1,"yes, registered under customer's name",yes,2,single
no checking account,4,critical account / other credits existing (not at this bank),furniture/equipment,918,... < 100 DM,... < 1 year,1,female,none,2,unknown / no property,33,none,own,1,skilled employee / official,1,none,yes,1,married/widowed
0 <= ... < 200 DM,61,existing credits paid back duly till now,business,1323,500 <= ... < 1000 DM,... < 1 year,2,female,none,2,"car or other, not in savings account",45,none,own,2,skilled employee / official,1,none,yes,1,divorced/separated
0 <= ... < 200 DM,72,existing credits paid back duly till now,car (used),3833,... < 100 DM,... >= 7 years,3,male,none,4,unknown / no property,75,bank,for free,1,management / self-employed / highly qualified employee / officer,1,"yes, registered under customer's name",yes,2,divorced/separated
no checking account,4,existing credits paid back duly till now,car (new),1474,... < 100 DM,1 <= ... < 4 years,2,male,none,3,building society savings agreement / life insurance,19,none,own,1,management / self-employed / highly qualified employee / officer,1,none,yes,2,single
no checking account,19,existing credits paid back duly till now,radio/television,1184,... < 100 DM,1 <= ... < 4 years,1,male,none,4,real estate,32,none,own,1,unskilled - resident,1,none,yes,1,divorced/separated
no checking account,20,delay in paying off in the past,car (new),1897,unknown / no savings account,... >= 7 years,4,female,none,4,real estate,19,none,own,1,skilled employee / official,1,none,no,2,divorced/separated
0 <= ... < 200 DM,72,all credits at this bank paid back duly,business,881,... < 100 DM,... < 1 year,2,female,guarantor,4,building society savings agreement / life insurance,44,bank,rent,1,management / self-employed / highly qualified employee / officer,1,"yes, registered under customer's name",yes,2,single
0 <= ... < 200 DM,35,existing credits paid back duly till now,car (used),15945,100 <= ... < 500 DM,... >= 7 years,3,male,none,4,unknown / no property,30,none,for free,1,management / self-employed / highly qualified employee / officer,1,"yes, registered under customer's name",yes,2,single
no checking account,14,all credits at this bank paid back duly,radio/television,3284,unknown / no savings account,1 <= ... < 4 years,2,male,none,2,"car or other, not in savings account",75,none,own,1,skilled employee / official,2,none,yes,1,single
no checking account,4,critical account / other credits existing (not at this bank),furniture/equipment,2275,... < 100 DM,... < 1 year,3,female,guarantor,4,real estate,38,none,own,2,skilled employee / official,1,none,yes,1,divorced/separated
no checking account,27,existing credits paid back duly till now,business,1618,... < 100 DM,4 <= ... < 7 years,2,male,none,2,"car or other, not in savings account",43,none,own,1,skilled employee / official,1,none,yes,1,single
... < 0 DM,14,existing credits paid back duly till now,car (new),3270,... < 100 DM,... < 1 year,4,female,co-applicant,3,"car or other, not in savings account",42,none,own,1,skilled employee / official,1,"yes, registered under customer's name",yes,1,divorced/separated
... < 0 DM,15,critical account / other credits existing (not at this bank),car (used),4382,... < 100 DM,1 <= ... < 4 years,4,female,none,4,building society savings agreement / life insurance,20,none,rent,1,skilled employee / official,1,"yes, registered under customer's name",yes,2,divorced/separated
0 <= ... < 200 DM,8,existing credits paid back duly till now,business,250,500 <= ... < 1000 DM,... >= 7 years,4,female,none,2,real estate,27,none,own,4,skilled employee / official,1,"yes, registered under customer's name",yes,1,single
no checking account,4,existing credits paid back duly till now,car (new),1835,... < 100 DM,... < 1 year,3,male,co-applicant,3,real estate,36,none,own,2,skilled employee / official,1,none,yes,1,single
... < 0 DM,43,existing credits paid back duly till now,education,6836,100 <= ... < 500 DM,1 <= ... < 4 years,1,female,none,1,"car or other, not in savings account",49,none,rent,1,skilled employee / official,1,none,yes,2,divorced/separated
no checking account,16,no credits taken / all credits paid back duly,car (used),338,... < 100 DM,4 <= ... < 7 years,2,female,guarantor,4,unknown / no property,44,none,rent,1,skilled employee / official,1,none,yes,2,divorced/separated
... < 0 DM,23,existing credits paid back duly till now,repairs,250,... < 100 DM,1 <= ... < 4 years,4,male,none,2,"car or other, not in savings account",35,none,own,1,skilled employee / official,1,none,yes,1,single
no checking account,55,no credits taken / all credits paid back duly,furniture/equipment,3381,... < 100 DM,... >= 7 years,4,male,none,4,building society savings agreement / life insurance,48,stores,own,1,management / self-employed / highly qualified employee / officer,1,"yes, registered under customer's name",yes,2,single
... < 0 DM,21,all credits at this bank paid back duly,radio/television,11170,... < 100 DM,... >= 7 years,4,male,none,4,unknown / no property,28,bank,own,1,management / self-employed / highly qualified employee / officer,2,"yes, registered under customer's name",yes,2,single
no checking account,17,existing credits paid back duly till now,radio/television,2474,100 <= ... < 500 DM,4 <= ... < 7 years,4,male,none,1,"car or other, not in savings account",26,none,own,2,skilled employee / official,1,none,yes,1,single
0 <= ... < 200 DM,4,critical account / other credits existing (not at this bank),car (new),1447,... < 100 DM,4 <= ... < 7 years,4,male,none,3,real estate,25,none,own,2,unskilled - resident,2,none,yes,1,single
no checking account,8,critical account / other credits existing (not at this bank),car (new),813,... < 100 DM,4 <= ... < 7 years,4,male,none,3,"car or other, not in savings account",26,none,own,1,unskilled - resident,1,none,yes,1,single
no checking account,28,existing credits paid back duly till now,repairs,805,... < 100 DM,... < 1 year,2,male,none,2,building society savings agreement / life insurance,27,none,own,1,unskilled - resident,1,"yes, registered under customer's name",yes,2,single
0 <= ... < 200 DM,67,existing credits paid back duly till now,radio/television,15945,unknown / no savings account,... >= 7 years,4,female,none,4,building society savings agreement / life insurance,35,none,own,1,skilled employee / official,2,none,yes,2,divorced/separated
no checking account,13,all credits at this bank paid back duly,car (new),1039,... < 100 DM,1 <= ... < 4 years,3,male,none,3,building society savings agreement / life insurance,22,none,own,1,unskilled - resident,2,none,yes,1,single
no checking account,44,existing credits paid back duly till now,furniture/equipment,1168,500 <= ... < 1000 DM,4 <= ... < 7 years,4,male,none,2,"car or other, not in savings account",41,none,own,2,skilled employee / official,1,none,yes,1,divorced/separated
no checking account,8,existing credits paid back duly till now,radio/television,3842,... < 100 DM,1 <= ... < 4 years,2,male,none,4,building society savings agreement / life insurance,31,bank,rent,1,skilled employee / official,1,none,yes,1,single
no checking account,16,existing credits paid back duly till now,car (new),254,... < 100 DM,... >= 7 years,4,male,none,3,"car or other, not in savings account",26,none,own,1,unskilled - resident,1,none,yes,1,divorced/separated
no checking account,28,existing credits paid back duly till now,furniture/equipment,3079,... < 100 DM,... >= 7 years,4,male,none,2,"car or other, not in savings account",44,none,own,1,skilled employee / official,1,none,yes,1,single
... < 0 DM,15,existing credits paid back duly till now,car (new),13669,... < 100 DM,... < 1 year,4,male,none,4,"car or other, not in savings account",19,none,own,1,skilled employee / official,1,none,yes,2,divorced/separated
0 <= ... < 200 DM,15,critical account / other credits existing (not at this bank),business,8927,unknown / no savings account,4 <= ... < 7 years,4,male,none,3,"car or other, not in savings account",50,none,own,1,skilled employee / official,2,none,yes,1,single
no checking account,25,critical account / other credits existing (not at this bank),car (new),724,... < 100 DM,4 <= ... < 7 years,4,male,none,3,building society savings agreement / life insurance,69,none,own,2,skilled employee / official,1,none,yes,1,single
no checking account,8,critical account / other credits existing (not at this bank),car (new),462,... < 100 DM,1 <= ... < 4 years,1,male,none,3,real estate,75,none,own,1,unskilled - resident,2,none,yes,1,single
0 <= ... < 200 DM,48,existing credits paid back duly till now,car (used),8205,unknown / no savings account,... >= 7 years,4,female,none,4,unknown / no property,46,none,own,1,management / self-employed / highly qualified employee / officer,1,"yes, registered under customer's name",yes,2,divorced/separated
no checking account,38,existing credits paid back duly till now,radio/television,563,... < 100 DM,unemployed,4,female,none,4,unknown / no property,27,stores,own,1,skilled employee / official,1,"yes, registered under customer's name",yes,1,divorced/separated
... < 0 DM,22,critical account / other credits existing (not at this bank),car (new),5748,... < 100 DM,4 <= ... < 7 years,4,male,none,3,building society savings agreement / life insurance,26,none,own,1,unskilled - resident,1,none,yes,1,married/widowed
0 <= ... < 200 DM,27,existing credits paid back duly till now,car (used),9274,... < 100 DM,... >= 7 years,4,male,none,4,unknown / no property,50,none,for free,3,skilled employee / official,1,"yes, registered under customer's name",yes,2,single
no checking account,4,critical account / other credits existing (not at this bank),radio/television,1791,... < 100 DM,... < 1 year,4,male,guarantor,4,"car or other, not in savings account",27,none,own,2,skilled employee / official,1,"yes, registered under customer's name",yes,1,single
no checking account,50,critical account / other credits existing (not at this bank),education,1579,... < 100 DM,4 <= ... < 7 years,2,male,none,3,real estate,75,none,own,1,skilled employee / official,1,none,yes,1,single
no checking account,26,all credits at this bank paid back duly,car (new),250,... < 100 DM,... < 1 year,4,female,none,4,real estate,29,bank,own,4,skilled employee / official,1,"yes, registered under customer's name",yes,2,divorced/separated
no checking account,4,critical account / other credits existing (not at this bank),radio/television,250,... < 100 DM,1 <= ... < 4 years,2,male,none,4,"car or other, not in savings account",32,bank,own,1,skilled employee / official,2,none,yes,1,single
no checking account,44,existing credits paid back duly till now,car (used),902,... < 100 DM,... >= 7 years,4,male,none,4,"car or other, not in savings account",44,none,own,1,skilled employee / official,1,none,yes,1,single
no checking account,20,critical account / other credits existing (not at this bank),car (new),3174,unknown / no savings account,... >= 7 years,4,male,none,4,real estate,46,none,own,2,unskilled - resident,2,none,yes,1,single
no checking account,4,existing credits paid back duly till now,car (new),863,... < 100 DM,4 <= ... < 7 years,3,female,none,4,"car or other, not in savings account",32,none,own,1,unskilled - resident,1,none,yes,1,divorced/separated
no checking account,18,existing credits paid back duly till now,car (new),4530,... < 100 DM,unemployed,2,male,none,4,building society savings agreement / life insurance,33,none,own,2,unskilled - resident,1,none,yes,1,divorced/separated
0 <= ... < 200 DM,28,all credits at this bank paid back duly,car (new),1577,... < 100 DM,unemployed,1,male,none,4,real estate,75,none,own,1,unskilled - resident,1,none,yes,1,single
... >= 200 DM / salary assignments for at least 1 year,26,existing credits paid back duly till now,car (new),2474,... < 100 DM,... < 1 year,4,female,none,1,"car or other, not in savings account",24,none,rent,1,skilled employee / official,1,none,yes,1,divorced/separated
... >= 200 DM / salary assignments for at least 1 year,4,existing credits paid back duly till now,business,11858,... < 100 DM,... >= 7 years,4,male,none,4,building society savings agreement / life insurance,32,none,own,1,skilled employee / official,1,"yes, registered under customer's name",yes,2,divorced/separated
... < 0 DM,27,existing credits paid back duly till now,retraining,4316,... < 100 DM,1 <= ... < 4 years,4,male,none,1,"car or other, not in savings account",36,none,own,1,skilled employee / official,1,"yes, registered under customer's name",yes,1,divorced/separated
no checking account,19,critical account / other credits existing (not at this bank),furniture/equipment,5093,... < 100 DM,... >= 7 years,4,male,none,4,unknown / no property,50,none,own,2,management / self-employed / highly qualified employee / officer,2,"yes, registered under customer's name",yes,1,single
no checking account,21,existing credits paid back duly till now,car (new),2165,unknown / no savings account,1 <= ... < 4 years,4,female,none,4,real estate,19,none,own,2,skilled employee / official,1,none,yes,1,married/widowed
... >= 200 DM / salary assignments for at least 1 year,43,delay in paying off in the past,car (new),2792,unknown / no savings account,unemployed,4,male,none,1,"car or other, not in savings account",28,none,own,1,unskilled - resident,1,"yes, registered under customer's name",yes,1,single
... < 0 DM,22,critical account / other credits existing (not at this bank),business,3331,... < 100 DM,1 <= ... < 4 years,2,male,none,4,"car or other, not in savings account",75,none,own,2,skilled employee / official,2,"yes, registered under customer's name",yes,1,single
... >= 200 DM / salary assignments for at least 1 year,27,existing credits paid back duly till now,education,2886,... < 100 DM,4 <= ... < 7 years,4,male,guarantor,3,real estate,64,stores,own,2,skilled employee / official,2,none,yes,1,single
... < 0 DM,25,existing credits paid back duly till now,radio/television,5230,100 <= ... < 500 DM,... < 1 year,1,female,none,2,"car or other, not in savings account",19,none,own,2,skilled employee / official,1,none,yes,1,divorced/separated
0 <= ... < 200 DM,14,critical account / other credits existing (not at this bank),others,3339,... < 100 DM,... < 1 year,3,female,none,4,unknown / no property,19,none,own,1,unemployed / unskilled - non-resident,1,"yes, registered under customer's name",yes,2,divorced/separated
... < 0 DM,4,existing credits paid back duly till now,car (new),3096,... < 100 DM,... < 1 year,4,female,none,4,"car or other, not in savings account",25,none,own,1,unemployed / unskilled - non-resident,1,none,yes,1,divorced/separated
0 <= ... < 200 DM,4,existing credits paid back duly till now,car (new),250,... < 100 DM,... >= 7 years,4,male,none,4,real estate,27,none,own,1,skilled employee / official,2,none,yes,1,single
no checking account,15,critical account / other credits existing (not at this bank),education,5444,500 <= ... < 1000 DM,... < 1 year,2,male,none,2,"car or other, not in savings account",74,none,own,2,unemployed / unskilled - non-resident,1,"yes, registered under customer's name",yes,2,married/widowed
no checking account,30,critical account / other credits existing (not at this bank),car (new),1738,... < 100 DM,1 <= ... < 4 years,4,male,none,2,"car or other, not in savings account",43,none,own,2,unskilled - resident,1,"yes, registered under customer's name",yes,1,single
0 <= ... < 200 DM,66,existing credits paid back duly till now,furniture/equipment,250,... < 100 DM,... < 1 year,4,female,none,3,building society savings agreement / life insurance,28,none,for free,1,skilled employee / official,1,"yes, registered under customer's name",yes,2,divorced/separated
... < 0 DM,70,delay in paying off in the past,car (used),1065,... < 100 DM,unemployed,4,male,none,4,"car or other, not in savings account",32,stores,for free,1,management / self-employed / highly qualified employee / officer,1,"yes, registered under customer's name",yes,2,single
... < 0 DM,22,existing credits paid back duly till now,furniture/equipment,2027,... < 100 DM,1 <= ... < 4 years,3,male,co-applicant,3,real estate,33,none,own,3,skilled employee / official,1,"yes, registered under customer's name",yes,2,single
... < 0 DM,24,existing credits paid back duly till now,furniture/equipment,689,... < 100 DM,1 <= ... < 4 years,3,female,none,4,"car or other, not in savings account",21,none,rent,1,skilled employee / official,1,"yes, registered under customer's name",yes,1,divorced/separated
0 <= ... < 200 DM,23,delay in paying off in the past,furniture/equipment,681,... < 100 DM,4 <= ... < 7 years,1,female,guarantor,4,building society savings agreement / life insurance,29,none,own,1,unemployed / unskilled - non-resident,1,"yes, registered under customer's name",yes,2,divorced/separated
no checking account,17,critical account / other credits existing (not at this bank),car (new),2479,... < 100 DM,4 <= ... < 7 years,4,male,none,3,real estate,75,none,own,2,skilled employee / official,2,none,yes,1,single
no checking account,15,critical account / other credits existing (not at this bank),business,1049,... < 100 DM,1 <= ... < 4 years,3,male,none,2,"car or other, not in savings account",40,none,own,1,skilled employee / official,1,none,yes,1,single
no checking account,24,delay in paying off in the past,radio/television,2586,... < 100 DM,... >= 7 years,3,male,none,1,building society savings agreement / life insurance,46,bank,for free,2,management / self-employed / highly qualified employee / officer,1,"yes, registered under customer's name",yes,1,single
0 <= ... < 200 DM,49,existing credits paid back duly till now,car (new),5493,... < 100 DM,1 <= ... < 4 years,1,male,co-applicant,4,"car or other, not in savings account",21,none,own,2,skilled employee / official,1,"yes, registered under customer's name",yes,2,single
no checking account,51,existing credits paid back duly till now,radio/television,3911,... < 100 DM,... < 1 year,1,female,none,4,"car or other, not in savings account",29,stores,own,1,skilled employee / official,1,"yes, registered under customer's name",yes,1,divorced/separated
... < 0 DM,11,critical account / other credits existing (not at this bank),radio/television,1042,... < 100 DM,... >= 7 years,4,male,none,4,"car or other, not in savings account",42,none,own,1,skilled employee / official,1,none,yes,2,single
no checking account,20,existing credits paid back duly till now,furniture/equipment,250,... < 100 DM,4 <= ... < 7 years,3,female,none,4,building society savings agreement / life insurance,45,none,rent,1,unemployed / unskilled - non-resident,1,none,yes,2,single
0 <= ... < 200 DM,16,existing credits paid back duly till now,car (used),2565,... < 100 DM,... >= 7 years,4,male,none,4,"car or other, not in savings account",34,none,rent,2,management / self-employed / highly qualified employee / officer,1,"yes, registered under customer's name",yes,1,divorced/separated
0 <= ... < 200 DM,21,existing credits paid back duly till now,business,1867,... < 100 DM,... < 1 year,4,male,none,4,building society savings agreement / life insurance,21,none,rent,2,unskilled - resident,1,none,yes,2,divorced/separated
0 <= ... < 200 DM,21,existing credits paid back duly till now,car (new),1985,... < 100 DM,... >= 7 years,4,male,guarantor,2,"car or other, not in savings account",52,stores,own,1,management / self-employed / highly qualified employee / officer,1,"yes, registered under customer's name",yes,1,single
0 <= ... < 200 DM,22,existing credits paid back duly till now,car (new),808,... < 100 DM,... >= 7 years,4,male,none,4,unknown / no property,43,none,for free,1,skilled employee / official,1,"yes, registered under customer's name",yes,2,single
no checking account,26,critical account / other credits existing (not at this bank),car (new),2914,unknown / no savings account,4 <= ... < 7 years,3,male,none,2,real estate,41,none,own,1,unskilled - resident,2,none,yes,1,single
no checking account,5,critical account / other credits existing (not at this bank),car (new),250,100 <= ... < 500 DM,4 <= ... < 7 years,4,female,guarantor,2,real estate,30,none,own,2,skilled employee / official,1,none,yes,1,divorced/separated
... >= 200 DM / salary assignments for at least 1 year,26,existing credits paid back duly till now,furniture/equipment,936,... < 100 DM,... < 1 year,3,male,none,4,"car or other, not in savings account",75,none,own,1,skilled employee / official,1,none,yes,2,single
no checking account,4,critical account / other credits existing (not at this bank),radio/television,259,... < 100 DM,1 <= ... < 4 years,4,male,none,4,real estate,29,none,own,1,unskilled - resident,1,none,yes,1,single
0 <= ... < 200 DM,4,delay in paying off in the past,car (new),1253,... < 100 DM,1 <= ... < 4 years,3,female,none,4,"car or other, not in savings account",33,none,own,1,skilled employee / official,1,none,yes,2,divorced/separated
0 <= ... < 200 DM,4,existing credits paid back duly till now,retraining,250,100 <= ... < 500 DM,unemployed,4,female,none,2,"car or other, not in savings account",25,none,own,1,unemployed / unskilled - non-resident,1,"yes, registered under customer's name",yes,1,divorced/separated
no checking account,8,critical account / other credits existing (not at this bank),business,6834,... < 100 DM,... < 1 year,4,male,none,4,unknown / no property,39,none,own,1,skilled employee / official,2,"yes, registered under customer's name",yes,2,single
no checking account,38,existing credits paid back duly till now,car (new),2024,unknown / no savings account,4 <= ... < 7 years,4,female,guarantor,1,real estate,46,none,own,1,skilled employee / official,1,none,yes,1,married/widowed
0 <= ... < 200 DM,7,existing credits paid back duly till now,car (new),3382,... < 100 DM,... >= 7 years,2,male,none,4,"car or other, not in savings account",35,stores,own,1,management / self-employed / highly qualified employee / officer,1,"yes, registered under customer's name",yes,1,single
... < 0 DM,72,existing credits paid back duly till now,car (used),9515,... < 100 DM,... >= 7 years,3,male,none,4,unknown / no property,37,bank,own,1,management / self-employed / highly qualified employee / officer,1,"yes, registered under customer's name",yes,2,single
no checking account,4,existing credits paid back duly till now,car (used),553,... < 100 DM,... < 1 year,1,male,co-applicant,4,"car or other, not in savings account",43,none,own,1,skilled employee / official,1,none,yes,1,single
0 <= ... < 200 DM,4,existing credits paid back duly till now,radio/television,1845,100 <= ... < 500 DM,1 <= ... < 4 years,4,male,none,2,building society savings agreement / life insurance,35,none,own,2,skilled employee / official,2,none,yes,1,single
... < 0 DM,5,existing credits paid back duly till now,car (new),250,500 <= ... < 1000 DM,1 <= ... < 4 years,3,male,none,4,"car or other, not in savings account",38,none,rent,1,skilled employee / official,1,"yes, registered under customer's name",yes,2,divorced/separated
no checking account,4,existing credits paid back duly till now,radio/television,2391,... < 100 DM,... >= 7 years,4,male,none,4,building society savings agreement / life insurance,40,none,own,1,skilled employee / official,1,none,yes,1,single
0 <= ... < 200 DM,68,existing credits paid back duly till now,car (new),2915,... < 100 DM,... >= 7 years,1,male,none,3,"car or other, not in savings account",20,bank,own,2,management / self-employed / highly qualified employee / officer,2,"yes, registered under customer's name",yes,1,single
no checking account,20,existing credits paid back duly till now,furniture/equipment,4312,... >= 1000 DM,... < 1 year,4,female,none,4,real estate,26,none,rent,1,skilled employee / official,1,"yes, registered under customer's name",yes,2,divorced/separated
no checking account,26,existing credits paid back duly till now,radio/television,3563,... < 100 DM,4 <= ... < 7 years,2,male,none,2,"car or other, not in savings account",35,none,own,1,skilled employee / official,2,none,yes,1,single
no checking account,29,existing credits paid back duly till now,radio/television,250,... < 100 DM,4 <= ... < 7 years,4,male,none,3,"car or other, not in savings account",69,none,own,1,skilled employee / official,2,none,yes,1,single
no checking account,26,critical account / other credits existing (not at this bank),car (new),1030,... < 100 DM,... >= 7 years,3,male,none,4,real estate,75,none,own,1,unskilled - resident,2,none,yes,1,single
... < 0 DM,23,existing credits paid back duly till now,radio/television,250,500 <= ... < 1000 DM,1 <= ... < 4 years,2,male,none,2,real estate,19,none,own,1,skilled employee / official,1,none,yes,1,married/widowed
0 <= ... < 200 DM,42,no credits taken / all credits paid back duly,car (new),250,... < 100 DM,... >= 7 years,4,male,co-applicant,4,real estate,38,none,own,2,skilled employee / official,2,none,yes,1,single
0 <= ... < 200 DM,19,no credits taken / all credits paid back duly,car (used),250,... < 100 DM,4 <= ... < 7 years,2,male,none,4,real estate,49,none,rent,2,skilled employee / official,1,none,yes,1,married/widowed
0 <= ... < 200 DM,26,existing credits paid back duly till now,car (new),2467,... < 100 DM,4 <= ... < 7 years,1,female,none,4,real estate,19,none,own,2,skilled employee / official,1,none,yes,1,divorced/separated
no checking account,23,critical account / other credits existing (not at this bank),business,3165,... < 100 DM,... < 1 year,2,male,none,1,"car or other, not in savings account",38,none,own,2,skilled employee / official,1,none,yes,1,single
... < 0 DM,46,existing credits paid back duly till now,repairs,7494,unknown / no savings account,... < 1 year,3,male,guarantor,4,"car or other, not in savings account",26,none,for free,1,skilled employee / official,1,"yes, registered under customer's name",yes,1,divorced/separated
no checking account,5,critical account / other credits existing (not at this bank),education,334,... < 100 DM,... >= 7 years,3,male,none,4,building society savings agreement / life insurance,33,none,own,3,skilled employee / official,1,none,yes,2,single
0 <= ... < 200 DM,31,existing credits paid back duly till now,car (used),250,... < 100 DM,unemployed,2,male,none,3,building society savings agreement / life insurance,50,bank,own,1,management / self-employed / highly qualified employee / officer,1,"yes, registered under customer's name",yes,2,single
no checking account,19,no credits taken / all credits paid back duly,car (new),1582,... < 100 DM,1 <= ... < 4 years,1,female,none,4,real estate,28,none,own,2,unskilled - resident,1,none,yes,1,divorced/separated
no checking account,72,existing credits paid back duly till now,business,4943,500 <= ... < 1000 DM,... >= 7 years,3,male,none,2,unknown / no property,66,none,rent,2,skilled employee / official,1,"yes, registered under customer's name",yes,1,single
... >= 200 DM / salary assignments for at least 1 year,26,all credits at this bank paid back duly,repairs,1920,100 <= ... < 500 DM,unemployed,2,male,none,4,unknown / no property,75,none,own,4,management / self-employed / highly qualified employee / officer,1,"yes, registered under customer's name",yes,2,divorced/separated
0 <= ... < 200 DM,52,critical account / other credits existing (not at this bank),car (new),2077,unknown / no savings account,4 <= ... < 7 years,4,male,none,3,unknown / no property,26,none,own,1,skilled employee / official,2,"yes, registered under customer's name",yes,2,single
0 <= ... < 200 DM,4,critical account / other credits existing (not at this bank),business,2672,... < 100 DM,4 <= ... < 7 years,4,male,none,1,real estate,43,stores,own,2,unskilled - resident,1,"yes, registered under customer's name",yes,1,single
0 <= ... < 200 DM,20,existing credits paid back duly till now,radio/television,3268,500 <= ... < 1000 DM,1 <= ... < 4 years,1,female,none,2,"car or other, not in savings account",32,none,own,1,skilled employee / official,1,none,yes,2,divorced/separated
... < 0 DM,24,critical account / other credits existing (not at this bank),car (new),3831,... < 100 DM,unemployed,4,male,none,4,unknown / no property,28,bank,for free,1,management / self-employed / highly qualified employee / officer,1,"yes, registered under customer's name",yes,2,single
... < 0 DM,48,all credits at this bank paid back duly,car (used),9954,... < 100 DM,... < 1 year,4,female,none,4,"car or other, not in savings account",19,none,rent,2,management / self-employed / highly qualified employee / officer,1,"yes, registered under customer's name",yes,2,divorced/separated
... < 0 DM,14,critical account / other credits existing (not at this bank),car (new),1955,... < 100 DM,... < 1 year,4,female,none,4,real estate,33,none,rent,2,unskilled - resident,1,none,yes,1,divorced/separated
... >= 200 DM / salary assignments for at least 1 year,4,all credits at this bank paid back duly,education,250,... < 100 DM,unemployed,2,male,none,4,building society savings agreement / life insurance,27,bank,for free,1,unskilled - resident,1,"yes, registered under customer's name",yes,1,divorced/separated
no checking account,39,delay in paying off in the past,car (new),250,... < 100 DM,... < 1 year,4,male,none,4,"car or other, not in savings account",29,bank,rent,2,skilled employee / official,1,"yes, registered under customer's name",yes,2,married/widowed
0 <= ... < 200 DM,20,existing credits paid back duly till now,furniture/equipment,250,... < 100 DM,... >= 7 years,2,female,guarantor,4,unknown / no property,57,none,rent,1,skilled employee / official,1,"yes, registered under customer's name",yes,2,divorced/separated
no checking account,23,existing credits paid back duly till now,education,1121,... < 100 DM,... >= 7 years,4,male,none,4,"car or other, not in savings account",75,bank,for free,4,unskilled - resident,1,none,yes,1,divorced/separated
0 <= ... < 200 DM,7,all credits at this bank paid back duly,furniture/equipment,5041,100 <= ... < 500 DM,... >= 7 years,2,male,none,4,"car or other, not in savings account",37,stores,for free,1,management / self-employed / highly qualified employee / officer,1,"yes, registered under customer's name",yes,2,single
no checking account,30,existing credits paid back duly till now,car (new),1661,... < 100 DM,4 <= ... < 7 years,2,male,none,4,unknown / no property,44,none,for free,1,skilled employee / official,1,"yes, registered under customer's name",yes,1,single
no checking account,52,critical account / other credits existing (not at this bank),radio/television,6135,... < 100 DM,... >= 7 years,3,male,none,3,unknown / no property,59,none,own,1,skilled employee / official,1,"yes, registered under customer's name",yes,1,single
no checking account,23,existing credits paid back duly till now,car (new),937,... < 100 DM,1 <= ... < 4 years,4,male,none,3,real estate,50,none,own,2,skilled employee / official,1,none,yes,1,married/widowed
no checking account,4,critical account / other credits existing (not at this bank),others,485,... < 100 DM,... < 1 year,4,female,none,3,"car or other, not in savings account",49,none,rent,1,skilled employee / official,1,none,yes,2,divorced/separated
0 <= ... < 200 DM,72,existing credits paid back duly till now,car (new),250,... < 100 DM,... < 1 year,4,female,none,1,"car or other, not in savings account",36,bank,rent,1,skilled employee / official,1,"yes, registered under customer's name",yes,2,divorced/separated
no checking account,4,existing credits paid back duly till now,radio/television,250,... < 100 DM,1 <= ... < 4 years,1,female,none,2,building society savings agreement / life insurance,32,none,own,1,unskilled - resident,1,"yes, registered under customer's name",yes,1,married/widowed
0 <= ... < 200 DM,17,delay in paying off in the past,car (new),1178,... < 100 DM,... >= 7 years,2,male,none,1,"car or other, not in savings account",34,none,own,2,skilled employee / official,1,"yes, registered under customer's name",yes,1,single
no checking account,26,existing credits paid back duly till now,radio/television,250,... < 100 DM,... >= 7 years,4,male,none,3,building society savings agreement / life insurance,41,stores,own,2,unskilled - resident,2,none,no,1,single
0 <= ... < 200 DM,15,all credits at this bank paid back duly,business,9500,unknown / no savings account,... >= 7 years,4,male,none,4,"car or other, not in savings account",29,none,own,2,skilled employee / official,1,"yes, registered under customer's name",yes,2,single
no checking account,8,existing credits paid back duly till now,radio/television,1241,... < 100 DM,... < 1 year,4,male,none,1,"car or other, not in savings account",33,none,own,1,skilled employee / official,1,none,yes,1,divorced/separated
no checking account,25,existing credits paid back duly till now,business,5141,... < 100 DM,1 <= ... < 4 years,2,male,none,2,real estate,57,none,own,1,skilled employee / official,2,none,no,1,single
... >= 200 DM / salary assignments for at least 1 year,23,critical account / other credits existing (not at this bank),education,6121,... < 100 DM,unemployed,4,female,none,2,"car or other, not in savings account",36,none,own,2,skilled employee / official,1,"yes, registered under customer's name",yes,2,divorced/separated
no checking account,33,existing credits paid back duly till now,car (new),250,unknown / no savings account,... >= 7 years,4,male,none,3,building society savings agreement / life insurance,32,none,own,1,skilled employee / official,1,"yes, registered under customer's name",yes,1,single
0 <= ... < 200 DM,4,existing credits paid back duly till now,radio/television,2876,... < 100 DM,1 <= ... < 4 years,1,female,none,4,building society savings agreement / life insurance,34,none,rent,1,skilled employee / official,1,"yes, registered under customer's name",yes,1,divorced/separated
0 <= ... < 200 DM,22,existing credits paid back duly till now,business,888,... < 100 DM,... >= 7 years,4,female,none,4,unknown / no property,44,bank,rent,2,management / self-employed / highly qualified employee / officer,1,"yes, registered under customer's name",yes,2,divorced/separated
no checking account,4,existing credits paid back duly till now,business,291,... < 100 DM,... < 1 year,2,female,none,4,"car or other, not in savings account",36,none,own,1,skilled employee / official,1,none,yes,2,single
no checking account,34,critical account / other credits existing (not at this bank),car (used),6001,100 <= ... < 500 DM,1 <= ... < 4 years,2,male,none,2,"car or other, not in savings account",56,none,own,1,unemployed / unskilled - non-resident,1,none,yes,1,divorced/separated
no checking account,7,critical account / other credits existing (not at this bank),radio/television,250,unknown / no savings account,1 <= ... < 4 years,4,male,none,3,real estate,48,none,own,2,skilled employee / official,1,none,yes,1,married/widowed
0 <= ... < 200 DM,28,existing credits paid back duly till now,business,5336,unknown / no savings account,4 <= ... < 7 years,2,male,none,2,"car or other, not in savings account",60,none,own,2,management / self-employed / highly qualified employee / officer,1,none,yes,1,single
0 <= ... < 200 DM,72,delay in paying off in the past,business,10264,... < 100 DM,... >= 7 years,2,male,none,4,"car or other, not in savings account",34,none,own,1,skilled employee / official,1,"yes, registered under customer's name",yes,2,single
... < 0 DM,4,critical account / other credits existing (not at this bank),radio/television,3415,... < 100 DM,... < 1 year,4,female,none,3,"car or other, not in savings account",28,none,own,1,skilled employee / official,1,none,yes,1,divorced/separated
0 <= ... < 200 DM,23,critical account / other credits existing (not at this bank),furniture/equipment,4923,unknown / no savings account,... < 1 year,4,male,none,4,"car or other, not in savings account",19,none,own,1,skilled employee / official,1,none,yes,1,divorced/separated
no checking account,14,existing credits paid back duly till now,radio/television,2673,... < 100 DM,1 <= ... < 4 years,4,male,none,3,real estate,75,none,own,2,unskilled - resident,1,none,no,1,single
no checking account,23,delay in paying off in the past,car (new),250,... < 100 DM,1 <= ... < 4 years,4,male,none,4,"car or other, not in savings account",31,none,own,1,skilled employee / official,2,none,yes,1,single
... < 0 DM,18,critical account / other credits existing (not at this bank),repairs,2010,... >= 1000 DM,1 <= ... < 4 years,3,male,none,3,unknown / no property,42,none,for free,4,skilled employee / official,1,"yes, registered under customer's name",yes,2,single
0 <= ... < 200 DM,4,existing credits paid back duly till now,car (new),1878,... < 100 DM,4 <= ... < 7 years,4,female,none,4,building society savings agreement / life insurance,64,none,own,1,unskilled - resident,1,none,yes,1,divorced/separated
no checking account,36,existing credits paid back duly till now,radio/television,329,... >= 1000 DM,1 <= ... < 4 years,4,female,none,4,building society savings agreement / life insurance,30,none,own,1,skilled employee / official,1,none,yes,1,single
... >= 200 DM / salary assignments for at least 1 year,12,critical account / other credits existing (not at this bank),car (new),1782,... < 100 DM,1 <= ... < 4 years,4,male,none,2,building society savings agreement / life insurance,42,none,own,2,unskilled - resident,2,none,yes,1,single
0 <= ... < 200 DM,27,critical account / other credits existing (not at this bank),car (new),3095,500 <= ... < 1000 DM,1 <= ... < 4 years,4,male,none,2,real estate,58,none,own,2,unskilled - resident,1,none,yes,1,divorced/separated
0 <= ... < 200 DM,16,existing credits paid back duly till now,furniture/equipment,2317,unknown / no savings account,... >= 7 years,3,male,none,3,unknown / no property,42,none,own,2,skilled employee / official,2,none,yes,1,single
0 <= ... < 200 DM,43,delay in paying off in the past,business,4490,... < 100 DM,... >= 7 years,1,male,none,4,"car or other, not in savings account",39,none,for free,2,skilled employee / official,2,"yes, registered under customer's name",yes,1,single
... < 0 DM,41,critical account / other credits existing (not at this bank),retraining,1299,500 <= ... < 1000 DM,1 <= ... < 4 years,1,male,co-applicant,2,"car or other, not in savings account",36,none,rent,3,unskilled - resident,1,none,yes,2,single
no checking account,29,existing credits paid back duly till now,furniture/equipment,2011,... < 100 DM,4 <= ... < 7 years,3,female,none,1,"car or other, not in savings account",23,none,rent,1,skilled employee / official,1,"yes, registered under customer's name",yes,2,divorced/separated
no checking account,70,critical account / other credits existing (not at this bank),car (new),1379,... < 100 DM,1 <= ... < 4 years,4,female,none,1,"car or other, not in savings account",30,none,for free,2,skilled employee / official,1,"yes, registered under customer's name",yes,2,single
0 <= ... < 200 DM,38,existing credits paid back duly till now,furniture/equipment,2424,unknown / no savings account,1 <= ... < 4 years,4,male,none,4,"car or other, not in savings account",75,bank,own,1,skilled employee / official,1,none,yes,1,single
... < 0 DM,27,critical account / other credits existing (not at this bank),education,529,... < 100 DM,1 <= ... < 4 years,1,male,none,4,real estate,48,none,own,2,unskilled - resident,1,none,yes,2,single
0 <= ... < 200 DM,18,existing credits paid back duly till now,furniture/equipment,4876,... < 100 DM,... < 1 year,3,female,none,4,"car or other, not in savings account",35,none,for free,1,skilled employee / official,1,"yes, registered under customer's name",yes,2,divorced/separated
0 <= ... < 200 DM,24,existing credits paid back duly till now,car (used),4307,... < 100 DM,... < 1 year,2,male,none,4,building society savings agreement / life insurance,58,none,own,1,skilled employee / official,1,"yes, registered under customer's name",yes,2,single
... < 0 DM,24,existing credits paid back duly till now,furniture/equipment,1724,... >= 1000 DM,... < 1 year,4,female,none,2,real estate,19,none,own,1,skilled employee / official,1,none,yes,1,divorced/separated
0 <= ... < 200 DM,19,existing credits paid back duly till now,car (new),250,... < 100 DM,... < 1 year,1,male,none,3,building society savings agreement / life insurance,56,none,rent,2,unskilled - resident,1,none,yes,1,divorced/separated
... >= 200 DM / salary assignments for at least 1 year,19,existing credits paid back duly till now,furniture/equipment,1472,500 <= ... < 1000 DM,1 <= ... < 4 years,2,female,guarantor,1,"car or other, not in savings account",29,none,own,2,skilled employee / official,1,none,yes,1,married/widowed
no checking account,4,critical account / other credits existing (not at this bank),others,928,... < 100 DM,4 <= ... < 7 years,4,male,none,3,"car or other, not in savings account",22,none,own,2,skilled employee / official,1,none,yes,1,single
no checking account,8,all credits at this bank paid back duly,car (new),346,... < 100 DM,4 <= ... < 7 years,2,male,none,1,real estate,29,none,own,2,skilled employee / official,1,none,yes,1,single
0 <= ... < 200 DM,26,delay in paying off in the past,domestic appliances,9991,unknown / no savings account,4 <= ... < 7 years,2,male,none,4,"car or other, not in savings account",75,stores,for free,1,skilled employee / official,1,"yes, registered under customer's name",yes,1,single
no checking account,49,critical account / other credits existing (not at this bank),car (new),250,... < 100 DM,4 <= ... < 7 years,4,male,none,2,real estate,56,none,own,2,skilled employee / official,1,none,yes,1,single
... < 0 DM,25,existing credits paid back duly till now,car (new),1086,... < 100 DM,unemployed,3,female,none,4,building society savings agreement / life insurance,36,none,for free,1,skilled employee / official,1,"yes, registered under customer's name",yes,1,divorced/separated
... >= 200 DM / salary assignments for at least 1 year,4,critical account / other credits existing (not at this bank),repairs,2854,unknown / no savings account,1 <= ... < 4 years,2,male,none,4,unknown / no property,75,bank,for free,2,skilled employee / official,1,"yes, registered under customer's name",no,1,single
no checking account,25,existing credits paid back duly till now,business,1488,... < 100 DM,... >= 7 years,4,male,none,4,real estate,19,none,own,1,unskilled - resident,1,none,no,1,single
no checking account,24,critical account / other credits existing (not at this bank),education,250,... < 100 DM,1 <= ... < 4 years,4,male,none,3,building society savings agreement / life insurance,67,none,own,2,skilled employee / official,1,none,yes,2,single
no checking account,8,existing credits paid back duly till now,car (new),250,unknown / no savings account,1 <= ... < 4 years,2,male,none,3,building society savings agreement / life insurance,55,none,own,2,unskilled - resident,1,none,yes,1,single
no checking account,41,existing credits paid back duly till now,furniture/equipment,250,... < 100 DM,4 <= ... < 7 years,2,male,none,4,"car or other, not in savings account",44,none,own,1,management / self-employed / highly qualified employee / officer,2,none,yes,1,single
no checking account,18,existing credits paid back duly till now,education,2986,100 <= ... < 500 DM,unemployed,2,female,none,2,"car or other, not in savings account",19,none,rent,1,skilled employee / official,1,none,yes,2,divorced/separated
0 <= ... < 200 DM,27,delay in paying off in the past,car (new),4329,... < 100 DM,... >= 7 years,4,male,none,3,"car or other, not in savings account",49,none,own,1,skilled employee / official,1,none,yes,1,single
... < 0 DM,36,existing credits paid back duly till now,radio/television,3985,100 <= ... < 500 DM,1 <= ... < 4 years,3,male,none,2,unknown / no property,19,none,own,2,management / self-employed / highly qualified employee / officer,1,"yes, registered under customer's name",yes,1,single
no checking account,27,existing credits paid back duly till now,radio/television,3137,... < 100 DM,1 <= ... < 4 years,4,male,none,1,"car or other, not in savings account",29,none,own,2,unskilled - resident,2,none,yes,1,married/widowed
no checking account,50,existing credits paid back duly till now,radio/television,9612,... < 100 DM,... >= 7 years,4,male,none,4,unknown / no property,59,none,own,3,unskilled - resident,2,none,yes,1,single
no checking account,6,critical account / other credits existing (not at this bank),repairs,250,... < 100 DM,4 <= ... < 7 years,4,female,none,3,real estate,37,none,own,2,unskilled - resident,1,none,yes,1,divorced/separated
... < 0 DM,13,existing credits paid back duly till now,education,5090,... < 100 DM,... >= 7 years,2,male,none,4,"car or other, not in savings account",30,none,rent,1,skilled employee / official,1,none,yes,2,single
... < 0 DM,15,critical account / other credits existing (not at this bank),radio/television,1933,500 <= ... < 1000 DM,... < 1 year,1,male,none,3,unknown / no property,37,none,own,2,skilled employee / official,1,"yes, registered under customer's name",yes,1,divorced/separated
0 <= ... < 200 DM,9,existing credits paid back duly till now,radio/television,250,... < 100 DM,unemployed,2,male,none,2,real estate,26,none,own,1,skilled employee / official,1,"yes, registered under customer's name",yes,1,single
no checking account,28,existing credits paid back duly till now,radio/television,1687,... < 100 DM,4 <= ... < 7 years,4,male,none,2,"car or other, not in savings account",29,none,own,1,skilled employee / official,1,none,no,2,single
0 <= ... < 200 DM,52,all credits at this bank paid back duly,radio/television,10176,... < 100 DM,1 <= ... < 4 years,4,male,none,3,unknown / no property,60,none,own,2,skilled employee / official,1,none,yes,1,single
... < 0 DM,15,critical account / other credits existing (not at this bank),car (new),1489,100 <= ... < 500 DM,4 <= ... < 7 years,4,male,none,3,real estate,43,none,own,2,unskilled - resident,2,none,yes,1,single
0 <= ... < 200 DM,26,existing credits paid back duly till now,car (new),657,... < 100 DM,... < 1 year,4,female,none,4,"car or other, not in savings account",23,none,rent,2,skilled employee / official,1,"yes, registered under customer's name",yes,2,divorced/separated
0 <= ... < 200 DM,25,existing credits paid back duly till now,car (new),250,... < 100 DM,... < 1 year,4,female,none,4,real estate,20,none,rent,1,skilled employee / official,1,none,yes,1,divorced/separated
... < 0 DM,28,existing credits paid back duly till now,furniture/equipment,3954,... < 100 DM,... < 1 year,1,female,co-applicant,1,"car or other, not in savings account",33,none,rent,1,skilled employee / official,1,none,yes,2,divorced/separated
... < 0 DM,48,no credits taken / all credits paid back duly,car (new),4685,... < 100 DM,... >= 7 years,3,male,co-applicant,3,"car or other, not in savings account",38,none,own,2,unskilled - resident,1,"yes, registered under customer's name",yes,1,single
no checking account,48,no credits taken / all credits paid back duly,car (new),2470,... < 100 DM,4 <= ... < 7 years,4,male,none,4,unknown / no property,28,none,own,2,skilled employee / official,1,"yes, registered under customer's name",yes,1,single
0 <= ... < 200 DM,52,existing credits paid back duly till now,car (new),3555,unknown / no savings account,4 <= ... < 7 years,4,male,none,2,real estate,35,none,own,1,skilled employee / official,2,none,no,1,single
0 <= ... < 200 DM,20,no credits taken / all credits paid back duly,business,4454,100 <= ... < 500 DM,1 <= ... < 4 years,2,male,guarantor,4,unknown / no property,23,none,own,1,management / self-employed / highly qualified employee / officer,1,"yes, registered under customer's name",yes,1,single
0 <= ... < 200 DM,23,existing credits paid back duly till now,car (new),2792,100 <= ... < 500 DM,1 <= ... < 4 years,1,female,none,4,"car or other, not in savings account",34,none,rent,1,management / self-employed / highly qualified employee / officer,1,"yes, registered under customer's name",yes,1,divorced/separated
no checking account,41,existing credits paid back duly till now,radio/television,10162,... < 100 DM,1 <= ... < 4 years,4,male,none,1,unknown / no property,30,none,own,1,skilled employee / official,1,none,yes,1,married/widowed
... < 0 DM,4,existing credits paid back duly till now,furniture/equipment,1201,100 <= ... < 500 DM,... < 1 year,4,female,none,4,unknown / no property,26,bank,rent,1,management / self-employed / highly qualified employee / officer,1,"yes, registered under customer's name",yes,1,divorced/separated
no checking account,26,existing credits paid back duly till now,furniture/equipment,2713,100 <= ... < 500 DM,4 <= ... < 7 years,3,male,none,2,"car or other, not in savings account",30,bank,own,1,skilled employee / official,1,none,yes,1,divorced/separated
... < 0 DM,9,all credits at this bank paid back duly,car (new),2924,unknown / no savings account,... >= 7 years,4,male,none,4,building society savings agreement / life insurance,33,none,own,2,management / self-employed / highly qualified employee / officer,2,"yes, registered under customer's name",yes,1,single
... < 0 DM,19,critical account / other credits existing (not at this bank),radio/television,250,unknown / no savings account,1 <= ... < 4 years,4,male,none,3,real estate,75,none,rent,3,skilled employee / official,1,none,yes,1,single
no checking account,72,delay in paying off in the past,business,3676,... < 100 DM,unemployed,4,male,none,4,"car or other, not in savings account",28,none,own,1,management / self-employed / highly qualified employee / officer,1,"yes, registered under customer's name",yes,2,single
0 <= ... < 200 DM,22,no credits taken / all credits paid back duly,car (new),2586,unknown / no savings account,... >= 7 years,4,male,guarantor,3,"car or other, not in savings account",47,bank,own,3,skilled employee / official,1,none,yes,1,single
no checking account,11,existing credits paid back duly till now,car (used),4795,... < 100 DM,... >= 7 years,2,male,none,4,real estate,23,bank,own,1,skilled employee / official,1,none,yes,1,single
... < 0 DM,48,critical account / other credits existing (not at this bank),radio/television,6503,... < 100 DM,4 <= ... < 7 years,3,male,none,3,"car or other, not in savings account",75,none,own,2,unemployed / unskilled - non-resident,1,"yes, registered under customer's name",yes,2,single
no checking account,12,existing credits paid back duly till now,others,1805,... < 100 DM,... >= 7 years,4,male,none,4,"car or other, not in savings account",40,none,own,2,management / self-employed / highly qualified employee / officer,1,none,no,1,single
0 <= ... < 200 DM,72,all credits at this bank paid back duly,car (used),6085,... < 100 DM,4 <= ... < 7 years,1,male,none,4,unknown / no property,53,bank,for free,1,management / self-employed / highly qualified employee / officer,1,"yes, registered under customer's name",yes,2,single
no checking account,11,critical account / other credits existing (not at this bank),radio/television,954,unknown / no savings account,... >= 7 years,1,male,guarantor,3,real estate,68,none,own,2,unskilled - resident,2,none,no,1,single
0 <= ... < 200 DM,14,critical account / other credits existing (not at this bank),radio/television,3865,... < 100 DM,unemployed,4,male,none,4,real estate,62,none,rent,2,skilled employee / official,1,none,yes,1,divorced/separated
... < 0 DM,63,critical account / other credits existing (not at this bank),car (new),250,... < 100 DM,... >= 7 years,3,female,none,2,building society savings agreement / life insurance,30,none,rent,1,management / self-employed / highly qualified employee / officer,1,none,yes,2,divorced/separated
no checking account,19,critical account / other credits existing (not at this bank),radio/television,890,unknown / no savings account,1 <= ... < 4 years,3,male,none,3,real estate,30,none,own,2,unskilled - resident,1,none,yes,1,divorced/separated
no checking account,15,critical account / other credits existing (not at this bank),car (new),1967,... < 100 DM,... >= 7 years,3,male,none,3,real estate,36,none,own,1,skilled employee / official,2,"yes, registered under customer's name",yes,1,single
0 <= ... < 200 DM,4,existing credits paid back duly till now,radio/television,250,unknown / no savings account,1 <= ... < 4 years,1,male,none,2,real estate,22,none,own,1,skilled employee / official,1,"yes, registered under customer's name",yes,1,divorced/separated
0 <= ... < 200 DM,26,existing credits paid back duly till now,radio/television,11215,... < 100 DM,1 <= ... < 4 years,2,male,none,2,"car or other, not in savings account",30,none,own,2,skilled employee / official,1,"yes, registered under customer's name",yes,1,single
no checking account,26,existing credits paid back duly till now,repairs,8844,... < 100 DM,unemployed,3,female,none,4,"car or other, not in savings account",32,none,rent,1,unemployed / unskilled - non-resident,1,"yes, registered under customer's name",yes,2,divorced/separated
no checking account,25,existing credits paid back duly till now,furniture/equipment,1332,... < 100 DM,... < 1 year,1,female,none,2,"car or other, not in savings account",28,none,own,1,unskilled - resident,1,none,yes,2,divorced/separated
0 <= ... < 200 DM,21,all credits at this bank paid back duly,furniture/equipment,566,... < 100 DM,... < 1 year,1,male,none,2,"car or other, not in savings account",32,stores,own,1,unskilled - resident,1,"yes, registered under customer's name",yes,1,divorced/separated
... < 0 DM,25,existing credits paid back duly till now,furniture/equipment,658,... >= 1000 DM,... < 1 year,4,female,none,4,"car or other, not in savings account",22,stores,rent,1,management / self-employed / highly qualified employee / officer,1,none,yes,2,divorced/separated
0 <= ... < 200 DM,11,existing credits paid back duly till now,furniture/equipment,2910,... < 100 DM,1 <= ... < 4 years,2,male,guarantor,2,"car or other, not in savings account",31,none,rent,2,skilled employee / official,1,none,yes,1,divorced/separated
0 <= ... < 200 DM,36,delay in paying off in the past,car (used),980,unknown / no savings account,1 <= ... < 4 years,3,male,none,4,unknown / no property,54,bank,for free,1,skilled employee / official,1,"yes, registered under customer's name",yes,2,single
0 <= ... < 200 DM,43,critical account / other credits existing (not at this bank),car (new),6388,... < 100 DM,... >= 7 years,2,male,none,4,unknown / no property,75,none,for free,2,management / self-employed / highly qualified employee / officer,1,"yes, registered under customer's name",yes,2,divorced/separated
0 <= ... < 200 DM,14,existing credits paid back duly till now,furniture/equipment,777,... < 100 DM,unemployed,3,female,none,2,unknown / no property,34,none,rent,1,unemployed / unskilled - non-resident,1,none,yes,1,single
... >= 200 DM / salary assignments for at least 1 year,72,existing credits paid back duly till now,business,250,... < 100 DM,... < 1 year,4,male,none,4,"car or other, not in savings account",32,none,for free,1,skilled employee / official,1,none,yes,1,divorced/separated
0 <= ... < 200 DM,10,all credits at this bank paid back duly,car (new),4354,... < 100 DM,... < 1 year,1,female,none,4,"car or other, not in savings account",30,none,rent,1,skilled employee / official,1,"yes, registered under customer's name",yes,2,married/widowed
0 <= ... < 200 DM,4,existing credits paid back duly till now,car (new),250,... < 100 DM,... >= 7 years,4,male,none,1,"car or other, not in savings account",57,none,own,1,skilled employee / official,1,none,yes,1,single
... < 0 DM,19,critical account / other credits existing (not at this bank),business,999,unknown / no savings account,... >= 7 years,4,male,none,4,real estate,30,none,own,2,unskilled - resident,2,none,yes,2,single
0 <= ... < 200 DM,16,existing credits paid back duly till now,business,6965,... < 100 DM,1 <= ... < 4 years,4,male,none,3,"car or other, not in savings account",23,none,for free,2,skilled employee / official,1,"yes, registered under customer's name",yes,2,married/widowed
0 <= ... < 200 DM,67,existing credits paid back duly till now,car (new),250,500 <= ... < 1000 DM,... < 1 year,2,male,none,2,unknown / no property,23,none,for free,1,skilled employee / official,1,none,yes,2,single
0 <= ... < 200 DM,24,delay in paying off in the past,education,250,... < 100 DM,... < 1 year,2,male,none,2,"car or other, not in savings account",38,none,rent,2,skilled employee / official,1,none,yes,2,married/widowed
0 <= ... < 200 DM,17,existing credits paid back duly till now,car (new),5708,... < 100 DM,4 <= ... < 7 years,2,male,none,2,"car or other, not in savings account",30,none,own,1,management / self-employed / highly qualified employee / officer,1,"yes, registered under customer's name",yes,2,divorced/separated
no checking account,28,critical account / other credits existing (not at this bank),car (new),293,... < 100 DM,... >= 7 years,4,male,none,1,real estate,45,bank,own,2,skilled employee / official,1,"yes, registered under customer's name",yes,1,divorced/separated
... < 0 DM,9,existing credits paid back duly till now,car (new),5383,100 <= ... < 500 DM,... < 1 year,4,female,none,4,"car or other, not in savings account",30,none,rent,1,unskilled - resident,1,"yes, registered under customer's name",yes,2,divorced/separated
no checking account,4,existing credits paid back duly till now,business,681,... < 100 DM,... >= 7 years,4,male,none,4,unknown / no property,47,none,rent,2,unskilled - resident,1,none,yes,1,single
... < 0 DM,4,existing credits paid back duly till now,education,1651,... >= 1000 DM,... < 1 year,2,male,none,4,"car or other, not in savings account",19,none,own,1,skilled employee / official,1,none,yes,1,divorced/separated
... < 0 DM,36,critical account / other credits existing (not at this bank),radio/television,930,... < 100 DM,4 <= ... < 7 years,2,male,none,3,"car or other, not in savings account",37,bank,own,2,skilled employee / official,2,none,yes,1,single
no checking account,32,existing credits paid back duly till now,radio/television,595,... < 100 DM,1 <= ... < 4 years,4,male,none,1,"car or other, not in savings account",46,none,own,1,skilled employee / official,1,"yes, registered under customer's name",yes,1,divorced/separated
0 <= ... < 200 DM,25,all credits at this bank paid back duly,education,3403,... >= 1000 DM,... < 1 year,4,female,co-applicant,1,real estate,56,none,own,3,unskilled - resident,1,none,yes,1,divorced/separated
0 <= ... < 200 DM,7,delay in paying off in the past,car (new),1070,... < 100 DM,4 <= ... < 7 years,3,male,none,3,"car or other, not in savings account",60,stores,own,1,skilled employee / official,1,none,yes,1,single
0 <= ... < 200 DM,24,existing credits paid back duly till now,radio/television,250,... < 100 DM,1 <= ... < 4 years,1,male,none,3,building society savings agreement / life insurance,31,none,own,1,skilled employee / official,1,none,yes,1,single
no checking account,22,existing credits paid back duly till now,radio/television,2073,... < 100 DM,1 <= ... < 4 years,4,male,none,3,real estate,44,none,own,2,skilled employee / official,1,none,yes,1,divorced/separated
0 <= ... < 200 DM,15,existing credits paid back duly till now,car (new),2856,... < 100 DM,... >= 7 years,4,male,none,3,"car or other, not in savings account",65,none,own,2,unskilled - resident,1,none,yes,1,married/widowed
no checking account,48,critical account / other credits existing (not at this bank),car (new),250,... < 100 DM,4 <= ... < 7 years,3,female,none,2,"car or other, not in savings account",36,none,own,2,skilled employee / official,1,none,yes,1,married/widowed
0 <= ... < 200 DM,10,critical account / other credits existing (not at this bank),car (new),362,... < 100 DM,4 <= ... < 7 years,4,female,none,4,"car or other, not in savings account",30,none,own,1,management / self-employed / highly qualified employee / officer,1,"yes, registered under customer's name",yes,1,single
0 <= ... < 200 DM,26,existing credits paid back duly till now,business,2072,... < 100 DM,... < 1 year,4,female,none,1,"car or other, not in savings account",27,none,own,2,skilled employee / official,1,none,yes,1,divorced/separated
... < 0 DM,6,delay in paying off in the past,car (new),1566,... >= 1000 DM,... >= 7 years,4,male,none,2,building society savings agreement / life insurance,57,none,own,2,unskilled - resident,1,none,no,1,single
0 <= ... < 200 DM,31,delay in paying off in the past,business,6281,... < 100 DM,... < 1 year,4,female,none,2,"car or other, not in savings account",38,none,own,2,skilled employee / official,1,none,yes,2,single
0 <= ... < 200 DM,29,existing credits paid back duly till now,car (new),4403,... >= 1000 DM,4 <= ... < 7 years,4,male,guarantor,3,real estate,60,none,own,3,unskilled - resident,2,none,no,1,single
no checking account,24,existing credits paid back duly till now,radio/television,449,... < 100 DM,... < 1 year,2,male,none,2,"car or other, not in savings account",24,bank,own,1,unskilled - resident,1,none,yes,1,single
0 <= ... < 200 DM,29,all credits at this bank paid back duly,car (used),4022,... < 100 DM,1 <= ... < 4 years,2,male,none,4,"car or other, not in savings account",34,none,own,1,management / self-employed / highly qualified employee / officer,1,"yes, registered under customer's name",yes,1,married/widowed
0 <= ... < 200 DM,63,existing credits paid back duly till now,domestic appliances,9425,500 <= ... < 1000 DM,1 <= ... < 4 years,1,female,co-applicant,4,"car or other, not in savings account",62,none,for free,1,skilled employee / official,1,"yes, registered under customer's name",yes,2,single
... < 0 DM,25,existing credits paid back duly till now,car (used),250,unknown / no savings account,... < 1 year,4,female,none,4,"car or other, not in savings account",34,none,own,1,unemployed / unskilled - non-resident,1,none,yes,2,divorced/separated
0 <= ... < 200 DM,4,delay in paying off in the past,car (new),250,... < 100 DM,... < 1 year,1,female,none,1,building society savings agreement / life insurance,27,none,rent,1,skilled employee / official,1,none,yes,1,divorced/separated
no checking account,13,existing credits paid back duly till now,furniture/equipment,250,100 <= ... < 500 DM,unemployed,4,female,none,4,"car or other, not in savings account",27,none,own,1,skilled employee / official,1,none,yes,2,divorced/separated
0 <= ... < 200 DM,27,all credits at this bank paid back duly,business,250,unknown / no savings account,4 <= ... < 7 years,1,female,none,4,real estate,48,none,for free,1,skilled employee / official,1,"yes, registered under customer's name",yes,1,single
... < 0 DM,5,existing credits paid back duly till now,business,250,... < 100 DM,... >= 7 years,4,male,none,4,real estate,75,stores,own,2,unskilled - resident,1,none,yes,2,single
... < 0 DM,4,critical account / other credits existing (not at this bank),car (new),250,... < 100 DM,... >= 7 years,4,male,none,3,real estate,65,none,own,2,unskilled - resident,1,none,yes,1,single
0 <= ... < 200 DM,57,no credits taken / all credits paid back duly,others,9368,... < 100 DM,... >= 7 years,2,male,guarantor,4,unknown / no property,47,none,for free,1,skilled employee / official,1,"yes, registered under customer's name",yes,1,single
0 <= ... < 200 DM,4,all credits at this bank paid back duly,car (new),250,... < 100 DM,... >= 7 years,1,male,none,1,unknown / no property,37,none,own,3,management / self-employed / highly qualified employee / officer,2,none,yes,1,single
... < 0 DM,24,delay in paying off in the past,furniture/equipment,3336,... < 100 DM,unemployed,1,female,none,4,real estate,24,none,own,1,management / self-employed / highly qualified employee / officer,1,"yes, registered under customer's name",yes,2,single
0 <= ... < 200 DM,34,delay in paying off in the past,car (used),2827,... >= 1000 DM,... >= 7 years,3,male,none,4,building society savings agreement / life insurance,19,none,own,2,skilled employee / official,1,none,yes,2,single
no checking account,23,existing credits paid back duly till now,radio/television,405,unknown / no savings account,4 <= ... < 7 years,4,male,none,2,"car or other, not in savings account",36,none,own,1,skilled employee / official,1,none,yes,1,single
no checking account,26,existing credits paid back duly till now,car (new),1921,... >= 1000 DM,... >= 7 years,2,male,none,4,"car or other, not in savings account",28,none,own,1,skilled employee / official,2,none,yes,1,single
0 <= ... < 200 DM,36,no credits taken / all credits paid back duly,car (used),250,... < 100 DM,... >= 7 years,4,female,none,4,building society savings agreement / life insurance,58,none,for free,1,unskilled - resident,1,"yes, registered under customer's name",yes,2,divorced/separated
0 <= ... < 200 DM,12,critical account / other credits existing (not at this bank),furniture/equipment,2405,... < 100 DM,... >= 7 years,4,male,none,3,"car or other, not in savings account",42,none,own,2,skilled employee / official,2,none,yes,1,single
0 <= ... < 200 DM,52,delay in paying off in the past,business,6018,100 <= ... < 500 DM,... >= 7 years,2,male,co-applicant,2,real estate,21,none,own,1,management / self-employed / highly qualified employee / officer,2,"yes, registered under customer's name",yes,1,single
0 <= ... < 200 DM,19,existing credits paid back duly till now,business,7099,... < 100 DM,... >= 7 years,4,male,none,3,"car or other, not in savings account",50,stores,for free,1,management / self-employed / highly qualified employee / officer,2,"yes, registered under customer's name",yes,1,single
0 <= ... < 200 DM,24,all credits at this bank paid back duly,car (used),250,unknown / no savings account,... >= 7 years,4,female,co-applicant,1,"car or other, not in savings account",37,none,rent,4,unskilled - resident,2,"yes, registered under customer's name",yes,1,divorced/separated
... < 0 DM,20,no credits taken / all credits paid back duly,repairs,250,... < 100 DM,4 <= ... < 7 years,4,male,none,1,real estate,75,bank,own,2,skilled employee / official,2,"yes, registered under customer's name",yes,1,single
no checking account,28,critical account / other credits existing (not at this bank),car (new),250,... < 100 DM,1 <= ... < 4 years,4,female,none,3,real estate,42,none,own,2,unskilled - resident,2,none,yes,1,single
... < 0 DM,67,existing credits paid back duly till now,furniture/equipment,250,... < 100 DM,... >= 7 years,3,male,none,2,"car or other, not in savings account",46,none,own,1,skilled employee / official,1,"yes, registered under customer's name",yes,1,single
no checking account,30,existing credits paid back duly till now,radio/television,7553,100 <= ... < 500 DM,... >= 7 years,3,male,none,4,building society savings agreement / life insurance,19,none,own,1,skilled employee / official,1,"yes, registered under customer's name",yes,2,divorced/separated
no checking account,9,critical account / other credits existing (not at this bank),radio/television,2347,500 <= ... < 1000 DM,1 <= ... < 4 years,3,male,guarantor,2,"car or other, not in savings account",60,none,own,1,skilled employee / official,1,none,yes,1,single
no checking account,22,critical account / other credits existing (not at this bank),car (new),2620,... < 100 DM,... < 1 year,4,female,none,4,real estate,33,none,own,2,skilled employee / official,1,none,yes,1,divorced/separated
0 <= ... < 200 DM,21,existing credits paid back duly till now,car (used),250,... < 100 DM,... >= 7 years,4,female,none,4,"car or other, not in savings account",25,bank,own,4,management / self-employed / highly qualified employee / officer,1,"yes, registered under customer's name",yes,2,single
0 <= ... < 200 DM,16,existing credits paid back duly till now,radio/television,1934,... < 100 DM,1 <= ... < 4 years,4,male,none,3,building society savings agreement / life insurance,62,none,own,1,skilled employee / official,1,none,yes,1,single
no checking account,4,existing credits paid back duly till now,business,4020,... < 100 DM,unemployed,2,male,none,2,"car or other, not in savings account",26,bank,own,1,skilled employee / official,1,none,yes,2,single
0 <= ... < 200 DM,22,existing credits paid back duly till now,radio/television,745,... < 100 DM,... < 1 year,4,female,none,2,"car or other, not in savings account",50,bank,own,2,skilled employee / official,1,none,yes,1,single
no checking account,21,existing credits paid back duly till now,furniture/equipment,591,... >= 1000 DM,... >= 7 years,4,male,none,4,"car or other, not in savings account",31,none,for free,1,unskilled - resident,1,"yes, registered under customer's name",no,2,single
no checking account,24,existing credits paid back duly till now,car (new),250,unknown / no savings account,1 <= ... < 4 years,1,female,none,2,"car or other, not in savings account",35,none,own,1,skilled employee / official,1,none,yes,1,single
0 <= ... < 200 DM,27,existing credits paid back duly till now,radio/television,833,... < 100 DM,... < 1 year,4,female,none,2,"car or other, not in savings account",37,none,own,2,skilled employee / official,1,none,yes,1,divorced/separated
no checking account,4,existing credits paid back duly till now,car (new),3139,... < 100 DM,4 <= ... < 7 years,2,male,none,3,building society savings agreement / life insurance,35,none,own,1,unskilled - resident,1,none,yes,1,single
no checking account,27,existing credits paid back duly till now,business,2611,... < 100 DM,... >= 7 years,3,male,none,1,"car or other, not in savings account",19,none,own,1,management / self-employed / highly qualified employee / officer,2,"yes, registered under customer's name",yes,1,single
0 <= ... < 200 DM,25,existing credits paid back duly till now,furniture/equipment,9426,... < 100 DM,1 <= ... < 4 years,2,female,none,2,"car or other, not in savings account",20,none,own,1,skilled employee / official,1,none,yes,1,divorced/separated
0 <= ... < 200 DM,22,existing credits paid back duly till now,business,8888,100 <= ... < 500 DM,4 <= ... < 7 years,4,male,none,2,"car or other, not in savings account",21,none,own,1,skilled employee / official,1,"yes, registered under customer's name",yes,2,single
no checking account,4,existing credits paid back duly till now,radio/television,250,unknown / no savings account,... >= 7 years,4,female,none,3,"car or other, not in savings account",43,none,own,2,unskilled - resident,2,none,yes,1,single
... < 0 DM,72,all credits at this bank paid back duly,domestic appliances,2603,100 <= ... < 500 DM,... >= 7 years,2,male,guarantor,2,"car or other, not in savings account",70,none,for free,1,management / self-employed / highly qualified employee / officer,1,"yes, registered under customer's name",yes,2,single
