checking_account_status,duration_months,credit_history,purpose,credit_amount,savings_account,employment_duration,installment_rate,sex,other_debtors,residence_duration,property,age,other_installment_plans,housing,existing_credits,job,num_dependents,telephone,foreign_worker,target,relationship_status
... >= 200 DM / salary assignments for at least 1 year,32,existing credits paid back duly till now,business,791,... < 100 DM,... >= 7 years,3,male,none,4,"car or other, not in savings account",19,none,own,1,management / self-employed / highly qualified employee / officer,1,"yes, registered under customer's name",yes,2,single
no checking account,14,critical account / other credits existing (not at this bank),car (new),1832,... < 100 DM,1 <= ... < 4 years,4,male,none,3,real estate,25,none,own,2,skilled employee / official,2,none,yes,1,single
0 <= ... < 200 DM,6,existing credits paid back duly till now,radio/television,1744,... < 100 DM,1 <= ... < 4 years,2,male,none,3,real estate,21,none,own,2,unskilled - resident,1,none,yes,1,single
... >= 200 DM / salary assignments for at least 1 year,5,delay in paying off in the past,car (used),422,unknown / no savings account,... >= 7 years,2,male,none,4,"car or other, not in savings account",73,none,own,2,skilled employee / official,1,"yes, registered under customer's name",yes,1,single
no checking account,24,existing credits paid back duly till now,car (new),2114,... < 100 DM,... >= 7 years,3,male,none,4,"car or other, not in savings account",59,none,own,1,unskilled - resident,1,"yes, registered under customer's name",yes,1,single
0 <= ... < 200 DM,25,existing credits paid back duly till now,furniture/equipment,2235,... < 100 DM,1 <= ... < 4 years,3,female,none,2,building society savings agreement / life insurance,62,none,rent,1,skilled employee / official,1,none,yes,2,divorced/separated
0 <= ... < 200 DM,24,existing credits paid back duly till now,radio/television,3304,unknown / no savings account,... < 1 year,2,male,none,4,"car or other, not in savings account",36,stores,rent,1,unskilled - resident,1,"yes, registered under customer's name",no,1,single
... >= 200 DM / salary assignments for at least 1 year,4,no credits taken / all credits paid back duly,furniture/equipment,11656,... >= 1000 DM,1 <= ... < 4 years,1,female,none,2,building society savings agreement / life insurance,35,none,own,1,unskilled - resident,1,"yes, registered under customer's name",yes,1,divorced/separated
... < 0 DM,27,existing credits paid back duly till now,education,1047,... < 100 DM,1 <= ... < 4 years,4,male,none,3,"car or other, not in savings account",43,none,rent,2,unskilled - resident,1,"yes, registered under customer's name",yes,1,married/widowed
... < 0 DM,24,critical account / other credits existing (not at this bank),domestic appliances,1866,100 <= ... < 500 DM,... >= 7 years,2,male,none,2,"car or other, not in savings account",52,stores,own,2,skilled employee / official,2,"yes, registered under customer's name",yes,1,divorced/separated
no checking account,4,existing credits paid back duly till now,car (new),1081,... >= 1000 DM,... >= 7 years,4,female,none,3,real estate,24,none,own,2,skilled employee / official,1,none,yes,1,divorced/separated
... < 0 DM,21,all credits at this bank paid back duly,car (used),1143,... < 100 DM,1 <= ... < 4 years,4,male,none,4,real estate,52,bank,own,2,skilled employee / official,1,none,no,2,single
no checking account,8,delay in paying off in the past,radio/television,250,... < 100 DM,1 <= ... < 4 years,2,male,none,4,"car or other, not in savings account",36,bank,own,2,skilled employee / official,2,"yes, registered under customer's name",yes,1,single
... < 0 DM,15,existing credits paid back duly till now,furniture/equipment,3127,... < 100 DM,... < 1 year,3,male,guarantor,4,building society savings agreement / life insurance,75,bank,own,1,skilled employee / official,1,"yes, registered under customer's name",yes,2,divorced/separated
... >= 200 DM / salary assignments for at least 1 year,27,no credits taken / all credits paid back duly,car (used),9053,... < 100 DM,... >= 7 years,3,male,none,4,unknown / no property,75,none,rent,2,management / self-employed / highly qualified employee / officer,1,"yes, registered under customer's name",yes,2,single
no checking account,8,existing credits paid back duly till now,furniture/equipment,2364,... < 100 DM,1 <= ... < 4 years,4,male,none,2,"car or other, not in savings account",34,none,own,2,skilled employee / official,1,none,yes,1,single
no checking account,10,existing credits paid back duly till now,radio/television,5546,... < 100 DM,... < 1 year,2,female,none,2,building society savings agreement / life insurance,21,none,own,1,skilled employee / official,1,none,yes,1,divorced/separated
no checking account,19,all credits at this bank paid back duly,radio/television,478,500 <= ... < 1000 DM,... >= 7 years,4,male,none,4,unknown / no property,75,none,for free,1,skilled employee / official,2,"yes, registered under customer's name",yes,1,single
... < 0 DM,25,delay in paying off in the past,radio/television,12915,... < 100 DM,1 <= ... < 4 years,4,male,none,4,building society savings agreement / life insurance,36,none,own,2,skilled employee / official,1,"yes, registered under customer's name",yes,1,single
... < 0 DM,12,existing credits paid back duly till now,radio/television,1277,... < 100 DM,unemployed,2,male,none,3,real estate,63,none,own,1,skilled employee / official,1,"yes, registered under customer's name",yes,1,divorced/separated
0 <= ... < 200 DM,6,existing credits paid back duly till now,radio/television,2329,... < 100 DM,... < 1 year,3,male,none,3,real estate,32,none,own,2,unskilled - resident,1,none,yes,1,married/widowed
no checking account,16,existing credits paid back duly till now,education,2421,100 <= ... < 500 DM,... < 1 year,1,male,none,3,"car or other, not in savings account",21,none,own,2,unskilled - resident,1,none,yes,2,divorced/separated
0 <= ... < 200 DM,14,existing credits paid back duly till now,car (used),1841,... < 100 DM,4 <= ... < 7 years,3,male,none,2,unknown / no property,73,none,own,1,skilled employee / official,1,"yes, registered under customer's name",yes,1,single
0 <= ... < 200 DM,23,existing credits paid back duly till now,furniture/equipment,9166,... < 100 DM,... >= 7 years,2,male,none,4,unknown / no property,42,none,for free,1,management / self-employed / highly qualified employee / officer,1,"yes, registered under customer's name",yes,2,single
no checking account,25,delay in paying off in the past,repairs,3610,... < 100 DM,1 <= ... < 4 years,1,male,none,2,"car or other, not in savings account",27,none,own,1,skilled employee / official,1,none,yes,1,single
... < 0 DM,26,existing credits paid back duly till now,furniture/equipment,2365,... < 100 DM,... >= 7 years,2,male,none,4,"car or other, not in savings account",69,none,own,1,unemployed / unskilled - non-resident,1,none,yes,2,single
no checking account,25,no credits taken / all credits paid back duly,business,3802,500 <= ... < 1000 DM,... >= 7 years,2,male,none,4,unknown / no property,29,stores,own,1,management / self-employed / highly qualified employee / officer,1,"yes, registered under customer's name",yes,1,single
no checking account,21,all credits at this bank paid back duly,car (used),15945,... < 100 DM,1 <= ... < 4 years,2,male,none,3,"car or other, not in savings account",38,none,own,1,skilled employee / official,1,"yes, registered under customer's name",yes,2,single
0 <= ... < 200 DM,28,existing credits paid back duly till now,radio/television,15945,unknown / no savings account,1 <= ... < 4 years,2,male,none,1,real estate,70,bank,own,1,skilled employee / official,1,"yes, registered under customer's name",yes,2,single
no checking account,12,critical account / other credits existing (not at this bank),radio/television,1331,... < 100 DM,1 <= ... < 4 years,2,male,none,2,real estate,62,none,own,1,skilled employee / official,1,none,yes,1,married/widowed
no checking account,18,all credits at this bank paid back duly,car (used),4248,unknown / no savings account,... >= 7 years,4,male,none,4,unknown / no property,47,bank,own,3,skilled employee / official,2,"yes, registered under customer's name",yes,1,single
no checking account,41,critical account / other credits existing (not at this bank),car (new),677,... < 100 DM,4 <= ... < 7 years,4,male,none,2,"car or other, not in savings account",37,none,own,2,skilled employee / official,2,"yes, registered under customer's name",yes,1,single
no checking account,34,delay in paying off in the past,car (new),11094,500 <= ... < 1000 DM,1 <= ... < 4 years,4,male,none,4,"car or other, not in savings account",56,bank,rent,2,unskilled - resident,1,"yes, registered under customer's name",yes,2,single
0 <= ... < 200 DM,4,existing credits paid back duly till now,radio/television,1357,... < 100 DM,1 <= ... < 4 years,4,male,none,1,building society savings agreement / life insurance,42,none,own,2,skilled employee / official,1,none,yes,1,married/widowed
no checking account,10,critical account / other credits existing (not at this bank),radio/television,517,500 <= ... < 1000 DM,1 <= ... < 4 years,3,male,none,3,building society savings agreement / life insurance,32,none,own,2,skilled employee / official,1,"yes, registered under customer's name",yes,1,single
0 <= ... < 200 DM,5,existing credits paid back duly till now,furniture/equipment,500,... < 100 DM,unemployed,4,male,none,4,building society savings agreement / life insurance,61,none,own,2,skilled employee / official,1,"yes, registered under customer's name",yes,2,divorced/separated
0 <= ... < 200 DM,59,critical account / other credits existing (not at this bank),radio/television,9193,... < 100 DM,1 <= ... < 4 years,2,male,none,2,"car or other, not in savings account",24,none,own,1,skilled employee / official,1,none,yes,1,single
... < 0 DM,16,existing credits paid back duly till now,radio/television,250,unknown / no savings account,... >= 7 years,2,male,none,4,unknown / no property,43,bank,own,1,management / self-employed / highly qualified employee / officer,1,"yes, registered under customer's name",yes,2,single
no checking account,4,critical account / other credits existing (not at this bank),repairs,1623,... < 100 DM,1 <= ... < 4 years,4,male,none,4,real estate,29,none,own,1,skilled employee / official,1,none,yes,1,married/widowed
no checking account,19,no credits taken / all credits paid back duly,car (new),250,... >= 1000 DM,... >= 7 years,4,male,none,2,building society savings agreement / life insurance,63,stores,own,2,skilled employee / official,1,"yes, registered under customer's name",yes,1,single
no checking account,34,critical account / other credits existing (not at this bank),education,5770,... < 100 DM,... >= 7 years,2,male,none,4,building society savings agreement / life insurance,50,none,own,2,skilled employee / official,2,none,yes,1,single
... < 0 DM,15,critical account / other credits existing (not at this bank),furniture/equipment,3241,... < 100 DM,1 <= ... < 4 years,4,female,none,2,real estate,25,none,rent,2,unskilled - resident,1,none,yes,2,divorced/separated
0 <= ... < 200 DM,4,existing credits paid back duly till now,car (new),2539,... >= 1000 DM,1 <= ... < 4 years,3,female,none,1,unknown / no property,34,none,own,1,skilled employee / official,1,none,yes,1,divorced/separated
0 <= ... < 200 DM,9,all credits at this bank paid back duly,radio/television,656,... < 100 DM,... < 1 year,3,female,none,3,"car or other, not in savings account",25,none,own,1,skilled employee / official,1,none,yes,2,divorced/separated
0 <= ... < 200 DM,26,existing credits paid back duly till now,radio/television,15945,... < 100 DM,... < 1 year,2,female,none,2,unknown / no property,36,none,own,1,skilled employee / official,1,none,yes,2,single
no checking account,13,existing credits paid back duly till now,radio/television,3465,... < 100 DM,1 <= ... < 4 years,4,female,none,2,"car or other, not in savings account",20,none,own,1,unskilled - resident,1,none,yes,1,married/widowed
... >= 200 DM / salary assignments for at least 1 year,4,existing credits paid back duly till now,furniture/equipment,2963,... < 100 DM,unemployed,2,female,none,1,real estate,31,none,rent,1,unskilled - resident,1,none,yes,2,divorced/separated
no checking account,4,critical account / other credits existing (not at this bank),radio/television,250,... < 100 DM,4 <= ... < 7 years,2,male,none,2,"car or other, not in savings account",32,none,own,2,skilled employee / official,1,none,yes,1,single
no checking account,27,existing credits paid back duly till now,radio/television,3740,100 <= ... < 500 DM,... < 1 year,2,female,none,2,real estate,28,bank,rent,1,skilled employee / official,1,none,yes,2,divorced/separated
no checking account,4,critical account / other credits existing (not at this bank),radio/television,250,... < 100 DM,1 <= ... < 4 years,4,male,none,2,real estate,43,none,own,1,skilled employee / official,1,none,yes,1,single
no checking account,20,critical account / other credits existing (not at this bank),business,506,... < 100 DM,... >= 7 years,3,male,none,2,"car or other, not in savings account",39,none,own,2,management / self-employed / highly qualified employee / officer,1,"yes, registered under customer's name",yes,1,married/widowed
no checking account,50,critical account / other credits existing (not at this bank),education,6966,500 <= ... < 1000 DM,4 <= ... < 7 years,2,male,none,2,building society savings agreement / life insurance,62,none,own,2,skilled employee / official,1,"yes, registered under customer's name",yes,1,single
no checking account,4,critical account / other credits existing (not at this bank),business,250,... < 100 DM,... >= 7 years,2,male,none,4,real estate,37,none,own,2,management / self-employed / highly qualified employee / officer,2,"yes, registered under customer's name",yes,1,single
0 <= ... < 200 DM,13,all credits at this bank paid back duly,furniture/equipment,15945,... < 100 DM,unemployed,2,male,none,2,"car or other, not in savings account",21,bank,rent,1,skilled employee / official,1,"yes, registered under customer's name",yes,2,single
... < 0 DM,4,critical account / other credits existing (not at this bank),radio/television,250,... < 100 DM,1 <= ... < 4 years,4,male,none,2,"car or other, not in savings account",75,none,own,2,skilled employee / official,1,none,yes,1,divorced/separated
0 <= ... < 200 DM,22,existing credits paid back duly till now,business,1446,... < 100 DM,... < 1 year,3,female,none,2,"car or other, not in savings account",35,none,rent,1,unskilled - resident,1,none,yes,2,married/widowed
no checking account,50,delay in paying off in the past,education,3687,... < 100 DM,4 <= ... < 7 years,3,male,none,2,real estate,61,none,rent,1,skilled employee / official,1,none,yes,1,single
no checking account,4,critical account / other credits existing (not at this bank),business,250,100 <= ... < 500 DM,... >= 7 years,2,male,none,4,building society savings agreement / life insurance,32,none,own,2,unskilled - resident,2,none,yes,1,single
0 <= ... < 200 DM,4,existing credits paid back duly till now,radio/television,917,... < 100 DM,1 <= ... < 4 years,4,male,none,2,"car or other, not in savings account",22,none,own,2,unskilled - resident,1,none,yes,1,married/widowed
0 <= ... < 200 DM,35,all credits at this bank paid back duly,radio/television,7435,... < 100 DM,... >= 7 years,2,male,none,4,unknown / no property,39,none,for free,1,management / self-employed / highly qualified employee / officer,1,"yes, registered under customer's name",yes,1,single
no checking account,19,delay in paying off in the past,education,250,unknown / no savings account,... >= 7 years,4,male,none,4,building society savings agreement / life insurance,57,bank,for free,1,management / self-employed / highly qualified employee / officer,1,"yes, registered under customer's name",yes,2,single
no checking account,4,existing credits paid back duly till now,domestic appliances,3448,... < 100 DM,... < 1 year,1,female,none,4,real estate,37,none,own,1,unskilled - resident,1,none,yes,1,divorced/separated
no checking account,7,critical account / other credits existing (not at this bank),business,792,... < 100 DM,... >= 7 years,4,male,none,3,real estate,19,none,own,2,unskilled - resident,1,"yes, registered under customer's name",yes,1,single
no checking account,25,existing credits paid back duly till now,radio/television,2090,... < 100 DM,1 <= ... < 4 years,3,male,none,1,building society savings agreement / life insurance,49,none,for free,1,skilled employee / official,1,none,yes,1,single
... < 0 DM,24,critical account / other credits existing (not at this bank),education,1822,... < 100 DM,4 <= ... < 7 years,4,male,none,2,"car or other, not in savings account",27,none,rent,2,skilled employee / official,1,none,yes,2,divorced/separated
... < 0 DM,19,existing credits paid back duly till now,furniture/equipment,464,unknown / no savings account,... >= 7 years,4,male,guarantor,4,unknown / no property,62,none,for free,2,skilled employee / official,2,"yes, registered under customer's name",yes,1,single
... >= 200 DM / salary assignments for at least 1 year,34,critical account / other credits existing (not at this bank),furniture/equipment,5105,... < 100 DM,4 <= ... < 7 years,2,male,none,4,"car or other, not in savings account",46,none,own,2,skilled employee / official,2,"yes, registered under customer's name",yes,1,single
... < 0 DM,11,critical account / other credits existing (not at this bank),car (new),1348,100 <= ... < 500 DM,... >= 7 years,2,male,none,4,unknown / no property,75,none,own,1,skilled employee / official,1,none,yes,1,married/widowed
... < 0 DM,4,existing credits paid back duly till now,radio/television,3193,... < 100 DM,... >= 7 years,2,female,none,2,"car or other, not in savings account",41,none,own,1,management / self-employed / highly qualified employee / officer,1,"yes, registered under customer's name",yes,2,divorced/separated
no checking account,4,critical account / other credits existing (not at this bank),car (new),2393,... >= 1000 DM,1 <= ... < 4 years,3,male,none,3,building society savings agreement / life insurance,32,none,own,2,skilled employee / official,1,none,yes,1,married/widowed
no checking account,19,delay in paying off in the past,car (new),250,... < 100 DM,1 <= ... < 4 years,3,male,none,3,building society savings agreement / life insurance,19,none,own,2,management / self-employed / highly qualified employee / officer,1,"yes, registered under customer's name",yes,1,single
0 <= ... < 200 DM,10,existing credits paid back duly till now,radio/television,6344,unknown / no savings account,... >= 7 years,2,male,none,1,building society savings agreement / life insurance,50,stores,own,1,skilled employee / official,1,"yes, registered under customer's name",yes,1,divorced/separated
0 <= ... < 200 DM,16,delay in paying off in the past,radio/television,12251,100 <= ... < 500 DM,unemployed,2,male,none,4,building society savings agreement / life insurance,47,none,rent,1,skilled employee / official,1,"yes, registered under customer's name",yes,1,single
0 <= ... < 200 DM,4,existing credits paid back duly till now,car (new),378,... < 100 DM,... >= 7 years,4,male,none,2,building society savings agreement / life insurance,26,none,for free,1,unskilled - resident,1,none,yes,1,married/widowed
no checking account,4,existing credits paid back duly till now,car (used),4255,... < 100 DM,1 <= ... < 4 years,2,male,none,2,"car or other, not in savings account",25,none,own,1,skilled employee / official,1,none,yes,1,divorced/separated
0 <= ... < 200 DM,18,existing credits paid back duly till now,others,721,... < 100 DM,... >= 7 years,2,male,none,2,"car or other, not in savings account",19,none,rent,2,unskilled - resident,1,"yes, registered under customer's name",yes,1,single
no checking account,12,existing credits paid back duly till now,radio/television,2543,... < 100 DM,... < 1 year,1,female,none,2,building society savings agreement / life insurance,24,none,own,1,unskilled - resident,1,"yes, registered under customer's name",yes,1,divorced/separated
0 <= ... < 200 DM,23,existing credits paid back duly till now,business,2864,... < 100 DM,1 <= ... < 4 years,1,female,none,1,"car or other, not in savings account",31,none,rent,1,unskilled - resident,1,none,yes,1,divorced/separated
... < 0 DM,4,existing credits paid back duly till now,repairs,2992,unknown / no savings account,... < 1 year,4,female,co-applicant,2,real estate,28,none,own,1,unskilled - resident,1,none,yes,1,divorced/separated
0 <= ... < 200 DM,15,existing credits paid back duly till now,car (new),2701,... < 100 DM,... >= 7 years,3,male,guarantor,4,building society savings agreement / life insurance,65,none,own,1,unskilled - resident,2,none,yes,2,single
0 <= ... < 200 DM,14,critical account / other credits existing (not at this bank),radio/television,5854,unknown / no savings account,unemployed,4,male,none,4,building society savings agreement / life insurance,55,none,for free,2,unskilled - resident,2,none,yes,2,single
no checking account,10,existing credits paid back duly till now,radio/television,1505,... >= 1000 DM,... < 1 year,3,female,none,2,unknown / no property,31,none,own,1,skilled employee / official,1,"yes, registered under customer's name",no,2,married/widowed
no checking account,12,delay in paying off in the past,car (used),4089,... >= 1000 DM,... >= 7 years,2,female,co-applicant,4,"car or other, not in savings account",39,stores,own,1,skilled employee / official,1,"yes, registered under customer's name",yes,1,single
0 <= ... < 200 DM,49,existing credits paid back duly till now,car (used),12468,... < 100 DM,... >= 7 years,2,male,none,4,unknown / no property,42,bank,for free,1,management / self-employed / highly qualified employee / officer,1,"yes, registered under customer's name",yes,1,single
0 <= ... < 200 DM,4,existing credits paid back duly till now,furniture/equipment,5656,... < 100 DM,unemployed,2,female,none,4,"car or other, not in savings account",36,none,rent,1,skilled employee / official,1,none,yes,1,divorced/separated
0 <= ... < 200 DM,23,existing credits paid back duly till now,radio/television,1404,... < 100 DM,1 <= ... < 4 years,1,male,none,2,real estate,38,none,own,1,skilled employee / official,1,none,yes,2,divorced/separated
... < 0 DM,22,critical account / other credits existing (not at this bank),furniture/equipment,9647,100 <= ... < 500 DM,1 <= ... < 4 years,4,male,none,2,real estate,19,none,own,1,unemployed / unskilled - non-resident,1,"yes, registered under customer's name",yes,1,married/widowed
no checking account,4,existing credits paid back duly till now,radio/television,250,... < 100 DM,1 <= ... < 4 years,2,female,none,4,real estate,37,none,rent,1,skilled employee / official,1,none,yes,1,single
no checking account,20,existing credits paid back duly till now,repairs,1143,unknown / no savings account,1 <= ... < 4 years,3,male,none,4,building society savings agreement / life insurance,31,none,own,1,skilled employee / official,1,none,yes,1,single
... >= 200 DM / salary assignments for at least 1 year,35,critical account / other credits existing (not at this bank),radio/television,11686,... < 100 DM,1 <= ... < 4 years,3,male,none,2,"car or other, not in savings account",21,none,own,2,skilled employee / official,1,none,yes,1,single
... < 0 DM,34,critical account / other credits existing (not at this bank),radio/television,2116,... >= 1000 DM,... >= 7 years,4,male,none,4,building society savings agreement / life insurance,64,none,own,2,skilled employee / official,1,"yes, registered under customer's name",yes,1,single
0 <= ... < 200 DM,62,existing credits paid back duly till now,furniture/equipment,3281,... < 100 DM,1 <= ... < 4 years,3,female,none,4,unknown / no property,20,none,own,1,skilled employee / official,1,"yes, registered under customer's name",yes,2,single
no checking account,4,critical account / other credits existing (not at this bank),radio/television,2447,... < 100 DM,... < 1 year,4,male,none,2,building society savings agreement / life insurance,54,none,own,2,unskilled - resident,1,none,yes,1,single
0 <= ... < 200 DM,46,existing credits paid back duly till now,car (new),2132,... < 100 DM,... >= 7 years,2,male,none,3,"car or other, not in savings account",47,none,rent,1,skilled employee / official,1,"yes, registered under customer's name",yes,2,single
... < 0 DM,29,existing credits paid back duly till now,education,6600,... < 100 DM,... < 1 year,2,female,guarantor,3,building society savings agreement / life insurance,24,none,for free,1,skilled employee / official,1,none,yes,1,single
0 <= ... < 200 DM,14,critical account / other credits existing (not at this bank),radio/television,912,... < 100 DM,4 <= ... < 7 years,4,female,none,2,real estate,40,none,own,1,unskilled - resident,1,none,yes,1,married/widowed
0 <= ... < 200 DM,13,existing credits paid back duly till now,radio/television,3147,... < 100 DM,... < 1 year,1,female,none,1,real estate,37,none,own,1,unskilled - resident,1,none,yes,2,divorced/separated
0 <= ... < 200 DM,11,existing credits paid back duly till now,business,2036,... < 100 DM,... >= 7 years,2,male,none,1,unknown / no property,57,bank,for free,1,management / self-employed / highly qualified employee / officer,1,"yes, registered under customer's name",yes,2,single
no checking account,4,existing credits paid back duly till now,radio/television,250,... < 100 DM,1 <= ... < 4 years,2,male,none,2,real estate,21,none,own,1,unskilled - resident,1,none,yes,1,divorced/separated
... >= 200 DM / salary assignments for at least 1 year,4,existing credits paid back duly till now,radio/television,2178,500 <= ... < 1000 DM,4 <= ... < 7 years,4,male,none,3,"car or other, not in savings account",26,none,own,1,skilled employee / official,2,none,yes,2,single
0 <= ... < 200 DM,15,critical account / other credits existing (not at this bank),radio/television,3741,... < 100 DM,1 <= ... < 4 years,2,male,none,2,building society savings agreement / life insurance,37,bank,rent,1,skilled employee / official,1,"yes, registered under customer's name",yes,1,divorced/separated
... < 0 DM,4,existing credits paid back duly till now,radio/television,250,... < 100 DM,1 <= ... < 4 years,4,male,none,4,"car or other, not in savings account",58,none,own,2,management / self-employed / highly qualified employee / officer,1,"yes, registered under customer's name",yes,1,single
... < 0 DM,17,all credits at this bank paid back duly,repairs,15945,... >= 1000 DM,1 <= ... < 4 years,3,male,none,2,"car or other, not in savings account",35,none,rent,2,skilled employee / official,2,"yes, registered under customer's name",no,1,single
0 <= ... < 200 DM,29,existing credits paid back duly till now,radio/television,4457,... < 100 DM,4 <= ... < 7 years,1,female,none,4,"car or other, not in savings account",30,none,own,1,skilled employee / official,1,"yes, registered under customer's name",yes,2,divorced/separated
no checking account,9,existing credits paid back duly till now,radio/television,4600,... < 100 DM,... < 1 year,2,female,none,3,building society savings agreement / life insurance,37,none,own,1,unskilled - resident,1,none,yes,1,divorced/separated
... < 0 DM,19,existing credits paid back duly till now,radio/television,250,unknown / no savings account,4 <= ... < 7 years,2,male,guarantor,1,"car or other, not in savings account",75,none,rent,1,unskilled - resident,1,"yes, registered under customer's name",yes,2,single
0 <= ... < 200 DM,14,existing credits paid back duly till now,business,4530,... < 100 DM,1 <= ... < 4 years,4,female,none,4,real estate,30,none,own,2,unskilled - resident,1,none,yes,1,divorced/separated
0 <= ... < 200 DM,17,existing credits paid back duly till now,furniture/equipment,3184,... < 100 DM,unemployed,2,female,none,2,building society savings agreement / life insurance,20,none,for free,1,management / self-employed / highly qualified employee / officer,1,none,yes,2,divorced/separated
no checking account,4,existing credits paid back duly till now,furniture/equipment,2101,... < 100 DM,1 <= ... < 4 years,3,male,none,2,real estate,62,none,for free,1,unskilled - resident,1,none,no,1,divorced/separated
no checking account,21,existing credits paid back duly till now,furniture/equipment,6367,... < 100 DM,... < 1 year,4,female,none,1,building society savings agreement / life insurance,22,none,own,1,skilled employee / official,1,none,yes,2,divorced/separated
no checking account,20,critical account / other credits existing (not at this bank),radio/television,9811,unknown / no savings account,... >= 7 years,4,male,none,4,real estate,31,none,own,1,skilled employee / official,1,"yes, registered under customer's name",yes,1,single
no checking account,5,critical account / other credits existing (not at this bank),radio/television,250,... < 100 DM,1 <= ... < 4 years,4,male,none,2,real estate,19,none,own,1,skilled employee / official,1,none,yes,1,single
no checking account,37,critical account / other credits existing (not at this bank),education,435,... < 100 DM,... >= 7 years,2,male,none,4,"car or other, not in savings account",32,none,own,1,unskilled - resident,1,"yes, registered under customer's name",yes,1,single
0 <= ... < 200 DM,4,critical account / other credits existing (not at this bank),radio/television,1963,... < 100 DM,4 <= ... < 7 years,4,female,none,4,real estate,34,none,own,2,unskilled - resident,1,none,no,1,divorced/separated
0 <= ... < 200 DM,5,all credits at this bank paid back duly,car (new),709,100 <= ... < 500 DM,4 <= ... < 7 years,3,male,none,2,real estate,19,none,rent,2,skilled employee / official,1,"yes, registered under customer's name",yes,1,divorced/separated
... < 0 DM,28,delay in paying off in the past,furniture/equipment,11378,... < 100 DM,4 <= ... < 7 years,1,male,none,4,"car or other, not in savings account",28,none,own,1,skilled employee / official,1,none,yes,1,divorced/separated
no checking account,51,existing credits paid back duly till now,radio/television,2965,... < 100 DM,... >= 7 years,1,female,none,3,real estate,36,none,own,1,unskilled - resident,1,"yes, registered under customer's name",yes,1,single
0 <= ... < 200 DM,5,critical account / other credits existing (not at this bank),car (new),13274,100 <= ... < 500 DM,... >= 7 years,4,male,none,3,building society savings agreement / life insurance,23,none,own,1,skilled employee / official,1,"yes, registered under customer's name",yes,2,single
... < 0 DM,34,all credits at this bank paid back duly,car (used),4351,unknown / no savings account,... >= 7 years,2,male,none,4,unknown / no property,63,none,for free,1,management / self-employed / highly qualified employee / officer,1,"yes, registered under customer's name",yes,2,single
0 <= ... < 200 DM,4,existing credits paid back duly till now,radio/television,1970,100 <= ... < 500 DM,unemployed,1,male,none,4,real estate,19,stores,own,3,skilled employee / official,1,"yes, registered under customer's name",yes,1,single
no checking account,4,critical account / other credits existing (not at this bank),radio/television,3315,... < 100 DM,1 <= ... < 4 years,4,male,none,2,real estate,38,none,own,2,skilled employee / official,1,none,yes,1,single
no checking account,4,existing credits paid back duly till now,radio/television,250,... < 100 DM,1 <= ... < 4 years,4,female,none,1,"car or other, not in savings account",32,bank,own,1,unskilled - resident,1,none,yes,1,married/widowed
no checking account,28,existing credits paid back duly till now,furniture/equipment,9653,... < 100 DM,4 <= ... < 7 years,2,male,none,2,"car or other, not in savings account",25,none,own,2,skilled employee / official,2,none,yes,1,single
... < 0 DM,14,critical account / other credits existing (not at this bank),radio/television,7340,... < 100 DM,... < 1 year,4,male,none,4,unknown / no property,66,none,own,1,unskilled - resident,1,"yes, registered under customer's name",yes,2,single
no checking account,4,existing credits paid back duly till now,furniture/equipment,3290,... < 100 DM,... < 1 year,1,female,none,3,"car or other, not in savings account",34,none,own,1,unskilled - resident,1,none,yes,2,divorced/separated
... < 0 DM,4,existing credits paid back duly till now,radio/television,555,... < 100 DM,1 <= ... < 4 years,4,female,guarantor,4,real estate,35,none,rent,2,unskilled - resident,1,none,yes,1,divorced/separated
0 <= ... < 200 DM,20,existing credits paid back duly till now,others,673,... < 100 DM,1 <= ... < 4 years,3,female,none,2,building society savings agreement / life insurance,38,none,own,1,skilled employee / official,1,"yes, registered under customer's name",yes,2,divorced/separated
0 <= ... < 200 DM,24,delay in paying off in the past,radio/television,5324,... < 100 DM,4 <= ... < 7 years,2,male,guarantor,4,unknown / no property,19,bank,own,1,management / self-employed / highly qualified employee / officer,2,"yes, registered under customer's name",yes,1,single
0 <= ... < 200 DM,24,existing credits paid back duly till now,furniture/equipment,11400,... < 100 DM,... >= 7 years,2,female,none,4,unknown / no property,45,stores,rent,1,skilled employee / official,1,"yes, registered under customer's name",yes,2,single
... < 0 DM,49,critical account / other credits existing (not at this bank),car (new),250,... >= 1000 DM,1 <= ... < 4 years,2,male,none,2,building society savings agreement / life insurance,40,none,own,1,unemployed / unskilled - non-resident,1,none,yes,1,single
... < 0 DM,4,critical account / other credits existing (not at this bank),radio/television,250,500 <= ... < 1000 DM,1 <= ... < 4 years,3,male,none,4,real estate,24,none,own,2,unskilled - resident,2,none,yes,1,single
0 <= ... < 200 DM,5,existing credits paid back duly till now,domestic appliances,2478,... < 100 DM,1 <= ... < 4 years,4,male,none,4,"car or other, not in savings account",28,none,own,1,skilled employee / official,1,none,yes,2,divorced/separated
no checking account,5,critical account / other credits existing (not at this bank),radio/television,6878,... < 100 DM,... >= 7 years,4,male,none,4,unknown / no property,28,bank,own,3,management / self-employed / highly qualified employee / officer,2,"yes, registered under customer's name",yes,1,single
... < 0 DM,21,no credits taken / all credits paid back duly,car (used),4178,unknown / no savings account,... >= 7 years,3,male,none,4,unknown / no property,52,stores,for free,2,management / self-employed / highly qualified employee / officer,2,"yes, registered under customer's name",yes,1,single
... >= 200 DM / salary assignments for at least 1 year,11,existing credits paid back duly till now,furniture/equipment,1124,100 <= ... < 500 DM,unemployed,4,male,co-applicant,2,"car or other, not in savings account",22,none,own,2,skilled employee / official,1,none,yes,2,divorced/separated
no checking account,7,critical account / other credits existing (not at this bank),radio/television,2129,... < 100 DM,1 <= ... < 4 years,4,male,none,4,building society savings agreement / life insurance,66,stores,rent,2,skilled employee / official,1,none,yes,2,single
0 <= ... < 200 DM,20,existing credits paid back duly till now,radio/television,9053,... >= 1000 DM,... >= 7 years,4,female,none,4,"car or other, not in savings account",48,stores,own,3,management / self-employed / highly qualified employee / officer,1,"yes, registered under customer's name",yes,1,divorced/separated
0 <= ... < 200 DM,14,existing credits paid back duly till now,furniture/equipment,5152,500 <= ... < 1000 DM,... < 1 year,4,female,none,2,"car or other, not in savings account",34,none,own,1,skilled employee / official,1,"yes, registered under customer's name",yes,1,divorced/separated
no checking account,16,existing credits paid back duly till now,radio/television,4141,unknown / no savings account,4 <= ... < 7 years,2,male,none,4,real estate,48,none,own,2,skilled employee / official,1,"yes, registered under customer's name",no,1,single
no checking account,10,critical account / other credits existing (not at this bank),business,250,... < 100 DM,1 <= ... < 4 years,2,male,none,4,building society savings agreement / life insurance,22,none,own,1,unskilled - resident,1,"yes, registered under customer's name",yes,1,divorced/separated
0 <= ... < 200 DM,20,existing credits paid back duly till now,furniture/equipment,2966,... < 100 DM,... < 1 year,2,female,none,1,building society savings agreement / life insurance,27,none,rent,1,unemployed / unskilled - non-resident,1,none,yes,2,divorced/separated
... < 0 DM,23,no credits taken / all credits paid back duly,radio/television,250,... < 100 DM,... >= 7 years,4,male,none,2,real estate,74,none,own,2,unskilled - resident,1,"yes, registered under customer's name",yes,2,single
no checking account,16,no credits taken / all credits paid back duly,radio/television,3434,... < 100 DM,1 <= ... < 4 years,2,female,none,1,real estate,27,none,own,1,skilled employee / official,1,none,yes,1,married/widowed
... < 0 DM,16,existing credits paid back duly till now,radio/television,2224,... < 100 DM,unemployed,4,female,none,2,building society savings agreement / life insurance,33,none,own,2,unskilled - resident,1,"yes, registered under customer's name",yes,2,divorced/separated
... < 0 DM,22,existing credits paid back duly till now,furniture/equipment,2767,... < 100 DM,4 <= ... < 7 years,2,male,none,4,"car or other, not in savings account",30,none,own,1,skilled employee / official,1,none,yes,1,married/widowed
0 <= ... < 200 DM,5,existing credits paid back duly till now,furniture/equipment,4448,... < 100 DM,... < 1 year,3,female,none,3,building society savings agreement / life insurance,75,bank,own,1,skilled employee / official,1,none,no,2,married/widowed
0 <= ... < 200 DM,21,existing credits paid back duly till now,car (new),3057,100 <= ... < 500 DM,... < 1 year,2,female,none,4,building society savings agreement / life insurance,35,stores,own,1,skilled employee / official,1,none,yes,2,divorced/separated
no checking account,4,existing credits paid back duly till now,radio/television,2777,100 <= ... < 500 DM,4 <= ... < 7 years,3,male,none,2,"car or other, not in savings account",26,none,own,2,unskilled - resident,1,none,yes,1,divorced/separated
0 <= ... < 200 DM,5,existing credits paid back duly till now,radio/television,2790,100 <= ... < 500 DM,1 <= ... < 4 years,2,female,none,2,"car or other, not in savings account",35,none,own,1,skilled employee / official,1,"yes, registered under customer's name",yes,1,divorced/separated
no checking account,9,existing credits paid back duly till now,car (used),7660,... < 100 DM,... >= 7 years,2,male,none,2,"car or other, not in savings account",42,bank,rent,2,skilled employee / official,2,"yes, registered under customer's name",yes,2,single
no checking account,23,all credits at this bank paid back duly,retraining,250,unknown / no savings account,unemployed,4,male,none,4,unknown / no property,72,none,rent,1,management / self-employed / highly qualified employee / officer,1,"yes, registered under customer's name",yes,1,single
0 <= ... < 200 DM,4,existing credits paid back duly till now,furniture/equipment,2832,... < 100 DM,... < 1 year,1,female,none,1,real estate,24,none,rent,1,skilled employee / official,1,none,yes,2,divorced/separated
0 <= ... < 200 DM,26,existing credits paid back duly till now,car (used),15945,100 <= ... < 500 DM,... >= 7 years,4,male,none,4,building society savings agreement / life insurance,47,none,own,3,skilled employee / official,1,"yes, registered under customer's name",yes,1,single
no checking account,20,existing credits paid back duly till now,radio/television,6263,... < 100 DM,4 <= ... < 7 years,4,male,none,4,unknown / no property,55,none,own,1,skilled employee / official,1,none,yes,1,single
no checking account,17,delay in paying off in the past,furniture/equipment,9969,100 <= ... < 500 DM,... < 1 year,4,male,none,1,real estate,19,none,own,1,management / self-employed / highly qualified employee / officer,1,none,yes,1,single
no checking account,27,no credits taken / all credits paid back duly,business,12104,... < 100 DM,4 <= ... < 7 years,2,male,none,4,"car or other, not in savings account",27,none,own,2,skilled employee / official,1,"yes, registered under customer's name",yes,1,single
no checking account,4,critical account / other credits existing (not at this bank),radio/television,451,... < 100 DM,4 <= ... < 7 years,3,male,none,2,building society savings agreement / life insurance,40,none,own,2,unskilled - resident,2,"yes, registered under customer's name",yes,1,single
... < 0 DM,9,existing credits paid back duly till now,car (used),2500,... < 100 DM,4 <= ... < 7 years,4,female,none,1,real estate,35,none,for free,1,management / self-employed / highly qualified employee / officer,1,"yes, registered under customer's name",yes,1,divorced/separated
no checking account,4,existing credits paid back duly till now,radio/television,2598,... < 100 DM,1 <= ... < 4 years,2,female,none,2,real estate,19,none,rent,1,unskilled - resident,1,none,yes,1,divorced/separated
no checking account,22,critical account / other credits existing (not at this bank),education,10662,... < 100 DM,... >= 7 years,3,male,none,4,"car or other, not in savings account",43,none,rent,1,skilled employee / official,1,"yes, registered under customer's name",yes,1,single
0 <= ... < 200 DM,45,existing credits paid back duly till now,others,2584,unknown / no savings account,1 <= ... < 4 years,4,male,none,4,"car or other, not in savings account",46,bank,for free,2,management / self-employed / highly qualified employee / officer,1,"yes, registered under customer's name",yes,2,single
no checking account,4,delay in paying off in the past,domestic appliances,1244,unknown / no savings account,1 <= ... < 4 years,2,male,none,2,"car or other, not in savings account",35,none,own,1,skilled employee / official,1,none,yes,2,married/widowed
no checking account,13,existing credits paid back duly till now,car (new),3116,... < 100 DM,... < 1 year,2,female,co-applicant,2,real estate,25,none,own,2,unskilled - resident,1,none,yes,2,divorced/separated
no checking account,4,critical account / other credits existing (not at this bank),furniture/equipment,1505,... < 100 DM,4 <= ... < 7 years,2,male,guarantor,3,real estate,55,none,for free,2,skilled employee / official,1,none,yes,2,single
... < 0 DM,23,critical account / other credits existing (not at this bank),radio/television,250,... < 100 DM,1 <= ... < 4 years,3,male,none,2,"car or other, not in savings account",37,bank,own,1,unskilled - resident,1,none,yes,1,divorced/separated
no checking account,4,critical account / other credits existing (not at this bank),car (new),1226,... < 100 DM,1 <= ... < 4 years,4,male,none,3,real estate,54,none,own,2,skilled employee / official,1,none,yes,1,single
... < 0 DM,16,critical account / other credits existing (not at this bank),business,250,... < 100 DM,4 <= ... < 7 years,2,male,none,4,unknown / no property,75,none,for free,1,management / self-employed / highly qualified employee / officer,1,"yes, registered under customer's name",yes,1,single
0 <= ... < 200 DM,4,critical account / other credits existing (not at this bank),car (new),2584,... >= 1000 DM,unemployed,2,female,none,1,"car or other, not in savings account",24,none,own,1,unskilled - resident,1,none,yes,1,divorced/separated
0 <= ... < 200 DM,19,existing credits paid back duly till now,radio/television,3398,... < 100 DM,... >= 7 years,1,female,none,1,"car or other, not in savings account",32,bank,rent,1,skilled employee / official,1,"yes, registered under customer's name",yes,2,divorced/separated
0 <= ... < 200 DM,4,existing credits paid back duly till now,business,1624,... < 100 DM,... >= 7 years,4,male,none,4,building society savings agreement / life insurance,29,none,own,1,skilled employee / official,1,none,yes,1,single
... >= 200 DM / salary assignments for at least 1 year,21,critical account / other credits existing (not at this bank),radio/television,2378,... < 100 DM,1 <= ... < 4 years,2,male,none,4,"car or other, not in savings account",29,none,own,1,management / self-employed / highly qualified employee / officer,1,"yes, registered under customer's name",yes,2,single
0 <= ... < 200 DM,22,delay in paying off in the past,others,1416,500 <= ... < 1000 DM,... >= 7 years,1,male,co-applicant,1,unknown / no property,46,none,own,1,skilled employee / official,1,none,yes,1,divorced/separated
... < 0 DM,4,existing credits paid back duly till now,car (new),5658,... < 100 DM,... < 1 year,3,female,none,4,"car or other, not in savings account",75,none,rent,1,unskilled - resident,1,none,yes,1,divorced/separated
no checking account,33,existing credits paid back duly till now,car (new),1077,... < 100 DM,... < 1 year,4,male,none,4,building society savings agreement / life insurance,33,none,own,1,skilled employee / official,1,"yes, registered under customer's name",yes,1,single
no checking account,26,delay in paying off in the past,education,250,... < 100 DM,1 <= ... < 4 years,2,male,none,2,"car or other, not in savings account",28,none,own,2,skilled employee / official,1,none,yes,1,married/widowed
0 <= ... < 200 DM,4,critical account / other credits existing (not at this bank),radio/television,250,... < 100 DM,... >= 7 years,2,male,none,3,real estate,32,none,own,1,skilled employee / official,1,none,yes,1,single
no checking account,58,critical account / other credits existing (not at this bank),car (new),13025,... < 100 DM,4 <= ... < 7 years,3,male,none,4,"car or other, not in savings account",64,none,own,2,skilled employee / official,1,"yes, registered under customer's name",yes,1,single
no checking account,4,existing credits paid back duly till now,radio/television,2183,500 <= ... < 1000 DM,1 <= ... < 4 years,4,female,none,3,building society savings agreement / life insurance,38,none,own,1,unskilled - resident,1,none,yes,2,divorced/separated
... < 0 DM,26,existing credits paid back duly till now,car (used),8895,... < 100 DM,... >= 7 years,1,male,none,4,unknown / no property,72,bank,rent,3,skilled employee / official,1,"yes, registered under customer's name",yes,2,divorced/separated
no checking account,11,critical account / other credits existing (not at this bank),car (new),1304,unknown / no savings account,4 <= ... < 7 years,4,male,guarantor,2,unknown / no property,52,none,own,4,skilled employee / official,1,none,yes,1,single
no checking account,51,existing credits paid back duly till now,business,5144,... >= 1000 DM,... < 1 year,2,female,none,1,"car or other, not in savings account",23,none,rent,3,unemployed / unskilled - non-resident,1,"yes, registered under customer's name",no,1,divorced/separated
... >= 200 DM / salary assignments for at least 1 year,21,critical account / other credits existing (not at this bank),radio/television,2306,100 <= ... < 500 DM,unemployed,2,male,guarantor,4,building society savings agreement / life insurance,75,none,own,3,skilled employee / official,1,"yes, registered under customer's name",yes,1,divorced/separated
no checking account,4,existing credits paid back duly till now,radio/television,3001,... < 100 DM,1 <= ... < 4 years,4,female,none,2,"car or other, not in savings account",32,none,rent,1,skilled employee / official,1,none,yes,1,divorced/separated
0 <= ... < 200 DM,23,all credits at this bank paid back duly,radio/television,9728,... < 100 DM,1 <= ... < 4 years,4,male,none,1,unknown / no property,19,none,own,1,skilled employee / official,1,none,no,2,divorced/separated
... < 0 DM,4,existing credits paid back duly till now,education,1931,... < 100 DM,1 <= ... < 4 years,4,female,none,3,building society savings agreement / life insurance,34,none,own,1,skilled employee / official,1,none,yes,1,divorced/separated
0 <= ... < 200 DM,42,existing credits paid back duly till now,furniture/equipment,9413,unknown / no savings account,... >= 7 years,4,male,none,4,unknown / no property,25,bank,for free,1,management / self-employed / highly qualified employee / officer,2,"yes, registered under customer's name",yes,1,divorced/separated
no checking account,4,critical account / other credits existing (not at this bank),car (new),1557,... < 100 DM,1 <= ... < 4 years,4,male,none,2,real estate,19,none,own,2,skilled employee / official,1,"yes, registered under customer's name",yes,1,married/widowed
... >= 200 DM / salary assignments for at least 1 year,4,existing credits paid back duly till now,car (new),2200,... < 100 DM,1 <= ... < 4 years,2,male,none,3,building society savings agreement / life insurance,24,none,own,2,skilled employee / official,1,none,yes,1,single
... < 0 DM,28,existing credits paid back duly till now,furniture/equipment,250,... < 100 DM,... >= 7 years,1,female,none,1,"car or other, not in savings account",32,none,own,1,skilled employee / official,1,none,yes,1,divorced/separated
no checking account,4,critical account / other credits existing (not at this bank),radio/television,250,... < 100 DM,1 <= ... < 4 years,4,male,none,2,real estate,50,none,own,2,skilled employee / official,1,none,yes,1,single
... < 0 DM,30,existing credits paid back duly till now,car (used),1409,100 <= ... < 500 DM,unemployed,1,male,none,4,building society savings agreement / life insurance,75,bank,own,1,skilled employee / official,1,"yes, registered under customer's name",yes,1,single
0 <= ... < 200 DM,41,existing credits paid back duly till now,radio/television,3574,... < 100 DM,1 <= ... < 4 years,2,female,none,4,"car or other, not in savings account",20,none,rent,1,unskilled - resident,1,"yes, registered under customer's name",yes,2,divorced/separated
0 <= ... < 200 DM,70,critical account / other credits existing (not at this bank),car (new),10289,... < 100 DM,4 <= ... < 7 years,2,male,none,1,unknown / no property,54,none,own,2,unskilled - resident,1,none,yes,1,married/widowed
... < 0 DM,25,no credits taken / all credits paid back duly,car (new),4896,... < 100 DM,... >= 7 years,3,male,none,4,unknown / no property,19,none,for free,2,skilled employee / official,1,"yes, registered under customer's name",yes,1,single
0 <= ... < 200 DM,17,existing credits paid back duly till now,radio/television,9922,... < 100 DM,... >= 7 years,2,male,none,2,unknown / no property,39,none,own,1,skilled employee / official,1,"yes, registered under customer's name",yes,2,married/widowed
no checking account,20,existing credits paid back duly till now,car (new),250,... < 100 DM,1 <= ... < 4 years,4,male,none,2,real estate,20,none,own,2,skilled employee / official,1,none,yes,1,single
no checking account,4,existing credits paid back duly till now,radio/television,14595,unknown / no savings account,... >= 7 years,4,male,none,4,unknown / no property,33,none,own,2,skilled employee / official,1,"yes, registered under customer's name",yes,1,single
0 <= ... < 200 DM,28,critical account / other credits existing (not at this bank),radio/television,11354,... < 100 DM,... >= 7 years,3,male,none,4,unknown / no property,24,none,for free,1,management / self-employed / highly qualified employee / officer,1,"yes, registered under customer's name",yes,1,single
... < 0 DM,18,existing credits paid back duly till now,car (new),2183,... < 100 DM,... < 1 year,1,female,none,1,real estate,21,none,own,3,unskilled - resident,1,none,yes,2,divorced/separated
... < 0 DM,20,existing credits paid back duly till now,business,5018,... < 100 DM,... < 1 year,3,female,none,3,unknown / no property,22,none,rent,1,skilled employee / official,1,"yes, registered under customer's name",yes,2,divorced/separated
0 <= ... < 200 DM,40,existing credits paid back duly till now,radio/television,6485,... < 100 DM,1 <= ... < 4 years,4,female,none,4,"car or other, not in savings account",32,none,own,1,unskilled - resident,1,"yes, registered under customer's name",yes,1,divorced/separated
... < 0 DM,22,existing credits paid back duly till now,others,9292,unknown / no savings account,4 <= ... < 7 years,4,male,co-applicant,3,building society savings agreement / life insurance,31,none,for free,1,skilled employee / official,2,none,yes,2,single
0 <= ... < 200 DM,53,existing credits paid back duly till now,business,2359,unknown / no savings account,... >= 7 years,2,male,none,4,unknown / no property,19,bank,for free,1,management / self-employed / highly qualified employee / officer,2,"yes, registered under customer's name",yes,2,single
... < 0 DM,4,existing credits paid back duly till now,furniture/equipment,1946,... < 100 DM,... >= 7 years,1,male,none,2,"car or other, not in savings account",22,none,for free,1,skilled employee / official,1,"yes, registered under customer's name",yes,2,divorced/separated
0 <= ... < 200 DM,33,all credits at this bank paid back duly,car (used),1372,... >= 1000 DM,... >= 7 years,3,male,none,2,building society savings agreement / life insurance,75,none,own,1,unskilled - resident,1,"yes, registered under customer's name",yes,1,single
0 <= ... < 200 DM,22,all credits at this bank paid back duly,radio/television,12852,... < 100 DM,1 <= ... < 4 years,2,male,none,3,"car or other, not in savings account",19,none,own,1,skilled employee / official,1,"yes, registered under customer's name",yes,1,divorced/separated
0 <= ... < 200 DM,8,existing credits paid back duly till now,radio/television,3169,... >= 1000 DM,1 <= ... < 4 years,1,male,none,1,real estate,39,none,rent,1,unskilled - resident,1,none,yes,1,divorced/separated
0 <= ... < 200 DM,28,existing credits paid back duly till now,others,15945,... < 100 DM,1 <= ... < 4 years,4,female,guarantor,4,"car or other, not in savings account",28,none,rent,2,skilled employee / official,1,"yes, registered under customer's name",yes,1,divorced/separated
0 <= ... < 200 DM,34,critical account / other credits existing (not at this bank),radio/television,994,... < 100 DM,... >= 7 years,4,male,none,4,building society savings agreement / life insurance,30,none,own,2,skilled employee / official,1,none,yes,2,single
... < 0 DM,23,existing credits paid back duly till now,furniture/equipment,15945,... < 100 DM,1 <= ... < 4 years,3,male,none,1,building society savings agreement / life insurance,19,none,rent,1,unskilled - resident,2,none,yes,2,divorced/separated
no checking account,13,existing credits paid back duly till now,radio/television,1679,... < 100 DM,1 <= ... < 4 years,4,female,none,3,real estate,35,none,own,2,unskilled - resident,1,none,yes,1,divorced/separated
... < 0 DM,36,existing credits paid back duly till now,radio/television,2844,... < 100 DM,... < 1 year,4,male,none,4,real estate,19,none,own,2,skilled employee / official,1,none,yes,1,single
... >= 200 DM / salary assignments for at least 1 year,20,critical account / other credits existing (not at this bank),car (new),250,... < 100 DM,... < 1 year,4,male,none,1,"car or other, not in savings account",35,none,own,2,skilled employee / official,1,"yes, registered under customer's name",yes,1,single
0 <= ... < 200 DM,4,delay in paying off in the past,radio/television,636,unknown / no savings account,4 <= ... < 7 years,3,male,none,2,real estate,40,none,own,2,skilled employee / official,2,none,yes,1,single
... < 0 DM,6,existing credits paid back duly till now,car (new),6414,500 <= ... < 1000 DM,1 <= ... < 4 years,1,male,none,2,"car or other, not in savings account",40,none,own,1,unemployed / unskilled - non-resident,1,none,no,2,divorced/separated
no checking account,4,existing credits paid back duly till now,furniture/equipment,1780,... >= 1000 DM,... >= 7 years,4,male,none,2,"car or other, not in savings account",31,none,own,1,skilled employee / official,1,none,yes,1,divorced/separated
... >= 200 DM / salary assignments for at least 1 year,4,critical account / other credits existing (not at this bank),radio/television,2223,... < 100 DM,1 <= ... < 4 years,4,male,none,2,real estate,38,none,own,2,unskilled - resident,1,none,yes,1,married/widowed
0 <= ... < 200 DM,17,existing credits paid back duly till now,repairs,2585,500 <= ... < 1000 DM,... < 1 year,3,male,none,2,"car or other, not in savings account",48,none,rent,1,unemployed / unskilled - non-resident,1,"yes, registered under customer's name",yes,1,divorced/separated
no checking account,16,critical account / other credits existing (not at this bank),radio/television,250,... < 100 DM,4 <= ... < 7 years,4,male,none,3,real estate,28,none,own,2,skilled employee / official,1,"yes, registered under customer's name",yes,1,single
0 <= ... < 200 DM,29,all credits at this bank paid back duly,car (new),5809,500 <= ... < 1000 DM,unemployed,2,male,none,2,unknown / no property,21,none,own,1,skilled employee / official,1,"yes, registered under customer's name",yes,1,single
no checking account,4,critical account / other credits existing (not at this bank),business,1114,100 <= ... < 500 DM,... >= 7 years,4,male,none,4,building society savings agreement / life insurance,75,none,own,1,management / self-employed / highly qualified employee / officer,1,"yes, registered under customer's name",yes,1,single
no checking account,9,existing credits paid back duly till now,radio/television,9148,... < 100 DM,... >= 7 years,4,male,co-applicant,2,unknown / no property,26,none,for free,1,skilled employee / official,2,"yes, registered under customer's name",yes,2,single
... >= 200 DM / salary assignments for at least 1 year,52,all credits at this bank paid back duly,car (used),7026,unknown / no savings account,4 <= ... < 7 years,2,male,co-applicant,4,unknown / no property,52,none,own,2,skilled employee / official,1,"yes, registered under customer's name",yes,1,divorced/separated
0 <= ... < 200 DM,21,all credits at this bank paid back duly,furniture/equipment,15945,... < 100 DM,... >= 7 years,4,male,none,2,"car or other, not in savings account",45,none,own,1,skilled employee / official,1,"yes, registered under customer's name",yes,2,divorced/separated
0 <= ... < 200 DM,24,critical account / other credits existing (not at this bank),radio/television,914,500 <= ... < 1000 DM,4 <= ... < 7 years,2,male,none,2,real estate,31,none,own,1,unskilled - resident,1,none,no,1,single
0 <= ... < 200 DM,26,existing credits paid back duly till now,car (new),1681,unknown / no savings account,... < 1 year,2,male,none,2,building society savings agreement / life insurance,19,none,own,1,unskilled - resident,1,none,yes,1,single
0 <= ... < 200 DM,26,existing credits paid back duly till now,repairs,5331,unknown / no savings account,... < 1 year,4,male,none,4,"car or other, not in savings account",33,none,rent,1,unskilled - resident,1,"yes, registered under customer's name",no,1,single
0 <= ... < 200 DM,4,existing credits paid back duly till now,furniture/equipment,2764,unknown / no savings account,... >= 7 years,2,female,none,4,building society savings agreement / life insurance,61,none,own,2,skilled employee / official,1,"yes, registered under customer's name",yes,1,single
no checking account,4,existing credits paid back duly till now,business,7603,... < 100 DM,1 <= ... < 4 years,1,male,none,1,real estate,61,none,own,1,unskilled - resident,1,none,yes,1,married/widowed
0 <= ... < 200 DM,4,delay in paying off in the past,radio/television,2506,... < 100 DM,... < 1 year,1,female,none,4,real estate,36,none,own,1,unskilled - resident,1,none,yes,1,divorced/separated
... < 0 DM,23,critical account / other credits existing (not at this bank),radio/television,1701,100 <= ... < 500 DM,1 <= ... < 4 years,4,male,none,2,real estate,41,none,own,1,skilled employee / official,1,none,yes,2,divorced/separated
... < 0 DM,19,existing credits paid back duly till now,radio/television,709,... < 100 DM,1 <= ... < 4 years,4,female,none,2,"car or other, not in savings account",37,none,own,1,unskilled - resident,1,none,yes,2,divorced/separated
0 <= ... < 200 DM,22,all credits at this bank paid back duly,radio/television,1494,... < 100 DM,1 <= ... < 4 years,4,female,none,2,real estate,36,none,own,1,unskilled - resident,1,none,yes,1,divorced/separated
no checking account,15,critical account / other credits existing (not at this bank),radio/television,3170,... < 100 DM,1 <= ... < 4 years,4,female,none,4,"car or other, not in savings account",32,bank,rent,2,unskilled - resident,1,none,yes,1,divorced/separated
0 <= ... < 200 DM,18,critical account / other credits existing (not at this bank),radio/television,8574,... < 100 DM,... >= 7 years,4,male,none,4,"car or other, not in savings account",19,none,for free,2,skilled employee / official,1,none,yes,1,single
... < 0 DM,16,delay in paying off in the past,car (new),1588,... < 100 DM,... >= 7 years,4,male,none,4,building society savings agreement / life insurance,19,none,own,1,unskilled - resident,1,none,yes,1,single
0 <= ... < 200 DM,22,existing credits paid back duly till now,repairs,12574,100 <= ... < 500 DM,... >= 7 years,3,male,none,4,unknown / no property,45,none,for free,1,skilled employee / official,2,"yes, registered under customer's name",yes,2,single
0 <= ... < 200 DM,26,existing credits paid back duly till now,car (used),5785,100 <= ... < 500 DM,unemployed,1,male,none,4,building society savings agreement / life insurance,39,none,rent,1,skilled employee / official,1,"yes, registered under customer's name",yes,2,divorced/separated
no checking account,6,critical account / other credits existing (not at this bank),radio/television,993,unknown / no savings account,... < 1 year,4,male,none,3,real estate,27,none,own,1,skilled employee / official,1,none,yes,1,single
0 <= ... < 200 DM,23,existing credits paid back duly till now,car (new),3196,unknown / no savings account,1 <= ... < 4 years,2,female,guarantor,4,"car or other, not in savings account",74,none,rent,1,management / self-employed / highly qualified employee / officer,1,"yes, registered under customer's name",yes,1,married/widowed
no checking account,17,critical account / other credits existing (not at this bank),car (used),2641,... < 100 DM,... >= 7 years,2,male,none,3,unknown / no property,29,bank,own,2,skilled employee / official,1,"yes, registered under customer's name",yes,1,single
0 <= ... < 200 DM,24,existing credits paid back duly till now,radio/television,3393,... < 100 DM,... < 1 year,2,female,none,2,building society savings agreement / life insurance,20,bank,rent,1,unskilled - resident,1,"yes, registered under customer's name",yes,2,divorced/separated
0 <= ... < 200 DM,11,critical account / other credits existing (not at this bank),car (new),12242,unknown / no savings account,4 <= ... < 7 years,3,male,none,4,real estate,74,none,own,2,skilled employee / official,1,none,yes,1,divorced/separated
... >= 200 DM / salary assignments for at least 1 year,18,critical account / other credits existing (not at this bank),car (new),250,... < 100 DM,4 <= ... < 7 years,2,male,none,2,building society savings agreement / life insurance,43,none,own,1,management / self-employed / highly qualified employee / officer,1,"yes, registered under customer's name",yes,1,single
... < 0 DM,16,existing credits paid back duly till now,radio/television,2987,... < 100 DM,1 <= ... < 4 years,1,male,none,4,real estate,19,none,own,1,skilled employee / official,1,none,yes,2,divorced/separated
... < 0 DM,17,critical account / other credits existing (not at this bank),radio/television,250,... < 100 DM,1 <= ... < 4 years,4,male,none,2,real estate,50,none,own,2,management / self-employed / highly qualified employee / officer,2,none,yes,1,single
0 <= ... < 200 DM,11,existing credits paid back duly till now,car (new),250,... >= 1000 DM,... < 1 year,1,female,none,2,real estate,35,none,own,1,skilled employee / official,1,none,yes,1,divorced/separated
0 <= ... < 200 DM,4,existing credits paid back duly till now,radio/television,3426,100 <= ... < 500 DM,1 <= ... < 4 years,2,female,none,1,real estate,31,none,own,1,unskilled - resident,1,none,yes,1,divorced/separated
no checking account,17,critical account / other credits existing (not at this bank),furniture/equipment,3328,... >= 1000 DM,1 <= ... < 4 years,4,female,guarantor,2,"car or other, not in savings account",25,none,own,2,skilled employee / official,1,none,yes,1,married/widowed
0 <= ... < 200 DM,13,all credits at this bank paid back duly,business,250,100 <= ... < 500 DM,1 <= ... < 4 years,4,male,none,2,"car or other, not in savings account",39,none,own,1,management / self-employed / highly qualified employee / officer,1,none,yes,1,single
0 <= ... < 200 DM,23,existing credits paid back duly till now,furniture/equipment,2833,... >= 1000 DM,1 <= ... < 4 years,1,female,co-applicant,1,building society savings agreement / life insurance,27,none,own,1,skilled employee / official,1,none,yes,1,divorced/separated
... < 0 DM,4,existing credits paid back duly till now,car (new),1065,... < 100 DM,1 <= ... < 4 years,4,male,none,3,real estate,75,none,own,1,skilled employee / official,1,"yes, registered under customer's name",yes,2,single
no checking account,4,existing credits paid back duly till now,radio/television,3054,... < 100 DM,1 <= ... < 4 years,4,female,none,3,real estate,24,none,own,1,unskilled - resident,1,none,yes,1,married/widowed
0 <= ... < 200 DM,12,delay in paying off in the past,car (used),10753,... < 100 DM,... < 1 year,2,female,none,4,building society savings agreement / life insurance,52,none,own,1,unskilled - resident,1,"yes, registered under customer's name",yes,2,single
no checking account,24,delay in paying off in the past,retraining,7986,... >= 1000 DM,1 <= ... < 4 years,4,male,none,2,"car or other, not in savings account",55,none,own,1,skilled employee / official,1,none,yes,1,single
0 <= ... < 200 DM,21,existing credits paid back duly till now,radio/television,3299,... < 100 DM,... < 1 year,1,male,none,1,building society savings agreement / life insurance,37,none,own,1,unskilled - resident,1,none,yes,1,divorced/separated
no checking account,4,existing credits paid back duly till now,furniture/equipment,1997,... < 100 DM,1 <= ... < 4 years,4,female,none,3,real estate,36,none,own,1,unskilled - resident,1,none,yes,1,divorced/separated
0 <= ... < 200 DM,4,existing credits paid back duly till now,car (used),3843,... < 100 DM,1 <= ... < 4 years,3,male,none,3,building society savings agreement / life insurance,47,none,own,1,skilled employee / official,1,none,yes,2,single
no checking account,10,critical account / other credits existing (not at this bank),car (new),3386,... < 100 DM,unemployed,1,male,none,1,real estate,19,none,own,1,unskilled - resident,1,none,yes,1,single
0 <= ... < 200 DM,36,existing credits paid back duly till now,radio/television,4971,... < 100 DM,1 <= ... < 4 years,4,male,none,4,"car or other, not in savings account",36,none,own,1,unemployed / unskilled - non-resident,1,none,yes,1,divorced/separated
... < 0 DM,53,all credits at this bank paid back duly,business,9729,unknown / no savings account,... >= 7 years,2,male,none,4,unknown / no property,51,stores,for free,2,management / self-employed / highly qualified employee / officer,1,"yes, registered under customer's name",yes,1,single
0 <= ... < 200 DM,31,all credits at this bank paid back duly,car (used),2555,500 <= ... < 1000 DM,... >= 7 years,4,male,none,4,building society savings agreement / life insurance,54,bank,own,2,management / self-employed / highly qualified employee / officer,2,"yes, registered under customer's name",yes,1,single
0 <= ... < 200 DM,37,all credits at this bank paid back duly,car (new),2856,... < 100 DM,unemployed,2,male,none,4,real estate,46,none,rent,2,management / self-employed / highly qualified employee / officer,1,none,yes,1,single
0 <= ... < 200 DM,20,existing credits paid back duly till now,furniture/equipment,264,unknown / no savings account,... < 1 year,2,female,none,3,building society savings agreement / life insurance,34,stores,own,1,unskilled - resident,1,none,yes,1,divorced/separated
no checking account,15,critical account / other credits existing (not at this bank),business,4829,100 <= ... < 500 DM,4 <= ... < 7 years,3,male,none,2,"car or other, not in savings account",19,none,own,2,unskilled - resident,2,none,yes,1,single
0 <= ... < 200 DM,20,delay in paying off in the past,repairs,5396,100 <= ... < 500 DM,... >= 7 years,4,male,none,2,real estate,51,none,own,1,management / self-employed / highly qualified employee / officer,1,"yes, registered under customer's name",yes,1,single
... < 0 DM,4,critical account / other credits existing (not at this bank),radio/television,1526,100 <= ... < 500 DM,... < 1 year,2,female,none,1,real estate,20,none,own,1,unskilled - resident,1,none,yes,2,divorced/separated
no checking account,69,existing credits paid back duly till now,radio/television,2982,100 <= ... < 500 DM,1 <= ... < 4 years,2,male,none,4,unknown / no property,50,none,for free,1,skilled employee / official,1,"yes, registered under customer's name",yes,2,single
0 <= ... < 200 DM,21,existing credits paid back duly till now,radio/television,13062,... < 100 DM,... < 1 year,2,female,none,4,"car or other, not in savings account",27,none,rent,1,unskilled - resident,1,none,yes,2,divorced/separated
no checking account,28,delay in paying off in the past,car (new),903,... < 100 DM,1 <= ... < 4 years,4,male,none,3,real estate,19,none,own,2,skilled employee / official,1,none,yes,1,single
... < 0 DM,22,critical account / other credits existing (not at this bank),radio/television,10614,... < 100 DM,4 <= ... < 7 years,2,male,none,4,unknown / no property,60,none,own,1,skilled employee / official,1,"yes, registered under customer's name",yes,2,single
... >= 200 DM / salary assignments for at least 1 year,57,delay in paying off in the past,education,1298,500 <= ... < 1000 DM,1 <= ... < 4 years,4,male,none,4,"car or other, not in savings account",35,none,own,2,unskilled - resident,1,none,yes,1,married/widowed
0 <= ... < 200 DM,22,critical account / other credits existing (not at this bank),furniture/equipment,250,... < 100 DM,... >= 7 years,4,male,none,4,real estate,65,none,own,2,unskilled - resident,1,none,yes,1,single
no checking account,21,delay in paying off in the past,car (used),728,... < 100 DM,unemployed,2,male,none,2,"car or other, not in savings account",30,none,own,1,skilled employee / official,1,none,yes,1,single
no checking account,4,critical account / other credits existing (not at this bank),radio/television,3322,... < 100 DM,... >= 7 years,2,male,none,2,building society savings agreement / life insurance,37,none,own,2,unskilled - resident,1,none,yes,1,single
no checking account,4,no credits taken / all credits paid back duly,radio/television,2069,... < 100 DM,1 <= ... < 4 years,3,male,none,2,real estate,19,none,own,1,unskilled - resident,1,none,yes,1,married/widowed
0 <= ... < 200 DM,24,critical account / other credits existing (not at this bank),car (used),3576,unknown / no savings account,... < 1 year,3,male,co-applicant,4,building society savings agreement / life insurance,19,bank,own,1,skilled employee / official,1,"yes, registered under customer's name",yes,2,divorced/separated
... < 0 DM,43,delay in paying off in the past,car (used),2821,... < 100 DM,1 <= ... < 4 years,2,male,none,4,unknown / no property,42,none,for free,1,skilled employee / official,1,"yes, registered under customer's name",yes,2,single
no checking account,4,existing credits paid back duly till now,radio/television,2641,100 <= ... < 500 DM,1 <= ... < 4 years,1,female,none,1,real estate,21,none,own,1,skilled employee / official,1,none,yes,1,divorced/separated
no checking account,26,existing credits paid back duly till now,car (new),1165,... < 100 DM,1 <= ... < 4 years,2,male,none,2,building society savings agreement / life insurance,57,none,own,1,skilled employee / official,1,"yes, registered under customer's name",yes,1,single
no checking account,4,existing credits paid back duly till now,radio/television,4328,100 <= ... < 500 DM,1 <= ... < 4 years,4,male,none,4,real estate,22,none,own,2,unskilled - resident,2,none,yes,1,divorced/separated
0 <= ... < 200 DM,5,existing credits paid back duly till now,radio/television,5313,100 <= ... < 500 DM,... < 1 year,4,female,none,4,"car or other, not in savings account",24,none,own,1,skilled employee / official,1,"yes, registered under customer's name",yes,1,divorced/separated
0 <= ... < 200 DM,72,existing credits paid back duly till now,business,7895,... < 100 DM,1 <= ... < 4 years,4,male,none,2,building society savings agreement / life insurance,75,none,own,1,skilled employee / official,1,none,yes,1,single
0 <= ... < 200 DM,27,existing credits paid back duly till now,furniture/equipment,720,... < 100 DM,1 <= ... < 4 years,3,female,co-applicant,3,"car or other, not in savings account",38,none,own,1,unskilled - resident,1,"yes, registered under customer's name",yes,1,divorced/separated
0 <= ... < 200 DM,6,critical account / other credits existing (not at this bank),radio/television,5566,... < 100 DM,... >= 7 years,4,male,none,4,real estate,33,stores,own,1,skilled employee / official,1,"yes, registered under customer's name",yes,1,divorced/separated
no checking account,4,existing credits paid back duly till now,radio/television,595,... < 100 DM,... < 1 year,4,female,none,4,"car or other, not in savings account",38,none,own,1,unskilled - resident,1,none,yes,1,divorced/separated
... < 0 DM,10,existing credits paid back duly till now,radio/television,3583,... < 100 DM,1 <= ... < 4 years,2,male,none,2,"car or other, not in savings account",19,none,own,2,skilled employee / official,1,"yes, registered under customer's name",yes,2,divorced/separated
no checking account,23,existing credits paid back duly till now,repairs,3228,... < 100 DM,... < 1 year,4,female,none,4,real estate,34,none,rent,1,skilled employee / official,1,none,yes,1,divorced/separated
0 <= ... < 200 DM,4,delay in paying off in the past,furniture/equipment,250,... < 100 DM,1 <= ... < 4 years,2,male,guarantor,3,real estate,19,none,own,1,skilled employee / official,1,none,yes,1,single
... < 0 DM,25,delay in paying off in the past,repairs,10120,... >= 1000 DM,... >= 7 years,2,male,none,4,building society savings agreement / life insurance,75,none,rent,1,management / self-employed / highly qualified employee / officer,1,none,no,2,married/widowed
0 <= ... < 200 DM,24,critical account / other credits existing (not at this bank),radio/television,2836,unknown / no savings account,4 <= ... < 7 years,4,male,none,4,building society savings agreement / life insurance,41,stores,own,1,management / self-employed / highly qualified employee / officer,1,"yes, registered under customer's name",yes,2,single
no checking account,17,no credits taken / all credits paid back duly,radio/television,250,... < 100 DM,... < 1 year,2,female,none,1,real estate,26,none,rent,1,skilled employee / official,1,none,yes,1,married/widowed
no checking account,6,no credits taken / all credits paid back duly,car (new),3486,unknown / no savings account,1 <= ... < 4 years,2,male,none,1,building society savings agreement / life insurance,19,none,own,2,skilled employee / official,1,"yes, registered under customer's name",yes,1,single
no checking account,35,existing credits paid back duly till now,radio/television,3932,... < 100 DM,1 <= ... < 4 years,2,male,none,2,unknown / no property,31,none,own,1,unskilled - resident,1,none,yes,1,single
no checking account,39,critical account / other credits existing (not at this bank),radio/television,4514,... < 100 DM,... >= 7 years,4,male,none,4,unknown / no property,40,bank,for free,3,unemployed / unskilled - non-resident,1,"yes, registered under customer's name",yes,1,single
no checking account,4,all credits at this bank paid back duly,radio/television,1163,100 <= ... < 500 DM,1 <= ... < 4 years,4,male,none,3,real estate,27,none,own,2,skilled employee / official,1,none,yes,1,single
0 <= ... < 200 DM,4,critical account / other credits existing (not at this bank),car (new),5426,unknown / no savings account,... >= 7 years,2,male,none,4,building society savings agreement / life insurance,61,bank,own,1,skilled employee / official,1,"yes, registered under customer's name",yes,1,single
no checking account,67,existing credits paid back duly till now,car (new),1158,... < 100 DM,1 <= ... < 4 years,2,male,none,2,building society savings agreement / life insurance,27,none,own,1,skilled employee / official,1,"yes, registered under customer's name",yes,1,single
... < 0 DM,4,critical account / other credits existing (not at this bank),radio/television,250,... < 100 DM,1 <= ... < 4 years,4,male,none,2,building society savings agreement / life insurance,24,none,own,1,unskilled - resident,1,none,yes,1,single
no checking account,72,delay in paying off in the past,car (used),2545,... < 100 DM,... < 1 year,2,male,none,2,building society savings agreement / life insurance,60,stores,own,1,skilled employee / official,1,"yes, registered under customer's name",yes,1,divorced/separated
no checking account,4,delay in paying off in the past,car (used),250,... < 100 DM,... >= 7 years,1,male,none,2,real estate,27,none,own,2,unskilled - resident,1,none,yes,1,single
... >= 200 DM / salary assignments for at least 1 year,23,critical account / other credits existing (not at this bank),radio/television,1435,... < 100 DM,4 <= ... < 7 years,2,male,none,2,"car or other, not in savings account",24,stores,own,2,unskilled - resident,1,none,yes,1,married/widowed
no checking account,21,critical account / other credits existing (not at this bank),business,971,... < 100 DM,... >= 7 years,3,male,none,3,unknown / no property,29,bank,own,2,skilled employee / official,2,"yes, registered under customer's name",yes,1,single
0 <= ... < 200 DM,14,all credits at this bank paid back duly,education,2143,... < 100 DM,4 <= ... < 7 years,2,male,none,3,"car or other, not in savings account",38,none,own,1,skilled employee / official,1,none,yes,2,divorced/separated
0 <= ... < 200 DM,25,existing credits paid back duly till now,radio/television,5646,... < 100 DM,... < 1 year,1,female,none,4,unknown / no property,35,none,own,1,unemployed / unskilled - non-resident,1,"yes, registered under customer's name",yes,2,divorced/separated
... < 0 DM,24,existing credits paid back duly till now,others,12752,... < 100 DM,... >= 7 years,4,male,none,3,real estate,19,none,own,1,skilled employee / official,1,"yes, registered under customer's name",yes,1,single
0 <= ... < 200 DM,4,existing credits paid back duly till now,others,2122,500 <= ... < 1000 DM,4 <= ... < 7 years,3,male,none,1,real estate,28,none,own,2,skilled employee / official,1,none,yes,2,divorced/separated
0 <= ... < 200 DM,5,critical account / other credits existing (not at this bank),car (new),3249,100 <= ... < 500 DM,1 <= ... < 4 years,2,male,none,3,building society savings agreement / life insurance,28,stores,own,2,skilled employee / official,1,"yes, registered under customer's name",yes,1,divorced/separated
0 <= ... < 200 DM,4,existing credits paid back duly till now,furniture/equipment,1290,... < 100 DM,1 <= ... < 4 years,2,female,co-applicant,1,real estate,36,none,rent,2,skilled employee / official,1,none,yes,2,divorced/separated
0 <= ... < 200 DM,21,existing credits paid back duly till now,radio/television,2906,... < 100 DM,... < 1 year,1,female,none,1,"car or other, not in savings account",35,none,own,1,unskilled - resident,1,none,yes,1,divorced/separated
no checking account,4,existing credits paid back duly till now,radio/television,250,... < 100 DM,... < 1 year,2,male,none,2,building society savings agreement / life insurance,54,none,own,1,skilled employee / official,1,none,yes,1,single
no checking account,6,existing credits paid back duly till now,radio/television,15945,... < 100 DM,1 <= ... < 4 years,1,female,none,2,real estate,35,none,rent,2,skilled employee / official,1,none,yes,2,divorced/separated
no checking account,4,existing credits paid back duly till now,radio/television,1412,... < 100 DM,1 <= ... < 4 years,1,female,none,2,real estate,28,none,own,1,unskilled - resident,1,none,yes,1,divorced/separated
... < 0 DM,20,delay in paying off in the past,radio/television,1158,... < 100 DM,... < 1 year,2,male,none,4,unknown / no property,20,none,own,1,management / self-employed / highly qualified employee / officer,1,"yes, registered under customer's name",yes,2,single
no checking account,14,critical account / other credits existing (not at this bank),car (new),9784,unknown / no savings account,1 <= ... < 4 years,4,male,none,2,"car or other, not in savings account",19,none,own,2,skilled employee / official,2,none,yes,1,divorced/separated
no checking account,4,existing credits paid back duly till now,radio/television,250,... < 100 DM,1 <= ... < 4 years,4,male,co-applicant,3,real estate,36,none,own,2,unskilled - resident,1,none,yes,1,single
0 <= ... < 200 DM,4,critical account / other credits existing (not at this bank),radio/television,1852,100 <= ... < 500 DM,1 <= ... < 4 years,4,male,none,4,unknown / no property,21,none,own,2,unskilled - resident,2,none,yes,1,divorced/separated
0 <= ... < 200 DM,49,critical account / other credits existing (not at this bank),radio/television,495,... >= 1000 DM,... >= 7 years,4,male,co-applicant,4,unknown / no property,54,stores,for free,2,management / self-employed / highly qualified employee / officer,1,"yes, registered under customer's name",no,2,single
0 <= ... < 200 DM,35,critical account / other credits existing (not at this bank),car (used),3817,unknown / no savings account,1 <= ... < 4 years,2,female,none,4,unknown / no property,29,bank,for free,1,skilled employee / official,1,"yes, registered under customer's name",yes,2,single
0 <= ... < 200 DM,18,existing credits paid back duly till now,business,1626,... < 100 DM,... < 1 year,2,male,none,4,"car or other, not in savings account",34,none,for free,1,skilled employee / official,1,none,yes,1,divorced/separated
0 <= ... < 200 DM,71,no credits taken / all credits paid back duly,car (used),10281,... < 100 DM,1 <= ... < 4 years,4,male,none,4,unknown / no property,35,bank,own,2,skilled employee / official,1,"yes, registered under customer's name",yes,2,single
no checking account,48,all credits at this bank paid back duly,radio/television,3031,unknown / no savings account,... >= 7 years,1,male,none,4,building society savings agreement / life insurance,75,bank,own,4,skilled employee / official,1,"yes, registered under customer's name",yes,1,single
... < 0 DM,12,existing credits paid back duly till now,radio/television,2926,unknown / no savings account,unemployed,2,female,none,4,unknown / no property,62,none,own,1,management / self-employed / highly qualified employee / officer,2,"yes, registered under customer's name",no,1,single
... < 0 DM,6,all credits at this bank paid back duly,car (used),250,... < 100 DM,... < 1 year,2,male,none,2,unknown / no property,52,none,own,1,skilled employee / official,1,"yes, registered under customer's name",yes,2,single
... < 0 DM,5,critical account / other credits existing (not at this bank),car (new),250,... < 100 DM,unemployed,3,female,none,4,"car or other, not in savings account",31,none,own,2,skilled employee / official,1,none,yes,1,divorced/separated
no checking account,22,delay in paying off in the past,radio/television,671,unknown / no savings account,... < 1 year,3,male,none,1,"car or other, not in savings account",32,none,own,1,unskilled - resident,1,none,yes,2,single
no checking account,4,existing credits paid back duly till now,furniture/equipment,5138,... < 100 DM,... < 1 year,1,female,none,2,"car or other, not in savings account",34,none,for free,1,skilled employee / official,1,none,yes,1,divorced/separated
no checking account,13,existing credits paid back duly till now,car (used),6060,unknown / no savings account,... >= 7 years,4,male,none,4,building society savings agreement / life insurance,58,none,own,1,skilled employee / official,1,none,yes,1,single
0 <= ... < 200 DM,4,existing credits paid back duly till now,furniture/equipment,4832,... < 100 DM,... >= 7 years,1,female,none,4,building society savings agreement / life insurance,38,none,own,1,skilled employee / official,1,none,yes,2,divorced/separated
no checking account,14,critical account / other credits existing (not at this bank),radio/television,250,... < 100 DM,... >= 7 years,3,male,none,2,real estate,19,none,own,1,skilled employee / official,1,none,yes,1,single
0 <= ... < 200 DM,28,critical account / other credits existing (not at this bank),education,5474,... < 100 DM,1 <= ... < 4 years,2,female,none,4,unknown / no property,53,none,rent,1,unskilled - resident,1,none,yes,2,single
no checking account,13,existing credits paid back duly till now,radio/television,3707,... < 100 DM,1 <= ... < 4 years,2,male,none,4,unknown / no property,22,none,rent,1,skilled employee / official,1,none,yes,2,divorced/separated
no checking account,12,delay in paying off in the past,car (used),250,... < 100 DM,... >= 7 years,2,male,none,3,"car or other, not in savings account",24,none,own,2,skilled employee / official,1,"yes, registered under customer's name",yes,1,single
no checking account,43,delay in paying off in the past,furniture/equipment,1640,... < 100 DM,... >= 7 years,4,male,none,4,unknown / no property,20,bank,own,2,management / self-employed / highly qualified employee / officer,2,"yes, registered under customer's name",yes,1,single
... < 0 DM,11,existing credits paid back duly till now,radio/television,250,... < 100 DM,1 <= ... < 4 years,1,female,none,2,real estate,33,none,own,1,skilled employee / official,1,none,yes,1,divorced/separated
... < 0 DM,24,existing credits paid back duly till now,radio/television,1801,... < 100 DM,... >= 7 years,4,male,none,2,"car or other, not in savings account",27,none,own,2,skilled employee / official,1,"yes, registered under customer's name",yes,1,single
no checking account,4,critical account / other credits existing (not at this bank),radio/television,4338,100 <= ... < 500 DM,... >= 7 years,2,male,none,4,building society savings agreement / life insurance,54,bank,own,1,skilled employee / official,1,none,no,1,single
no checking account,22,delay in paying off in the past,radio/television,2694,... < 100 DM,... < 1 year,4,female,none,3,real estate,61,none,own,1,unskilled - resident,1,none,yes,1,divorced/separated
no checking account,21,all credits at this bank paid back duly,radio/television,5206,... < 100 DM,4 <= ... < 7 years,2,male,none,2,"car or other, not in savings account",19,none,own,1,management / self-employed / highly qualified employee / officer,1,"yes, registered under customer's name",yes,1,divorced/separated
0 <= ... < 200 DM,4,critical account / other credits existing (not at this bank),car (used),3640,100 <= ... < 500 DM,... >= 7 years,2,male,none,4,unknown / no property,51,none,for free,1,management / self-employed / highly qualified employee / officer,1,"yes, registered under customer's name",yes,1,single
no checking account,16,existing credits paid back duly till now,radio/television,2493,unknown / no savings account,1 <= ... < 4 years,4,male,none,2,real estate,28,none,own,2,skilled employee / official,1,none,yes,1,married/widowed
0 <= ... < 200 DM,4,critical account / other credits existing (not at this bank),radio/television,545,... < 100 DM,1 <= ... < 4 years,4,male,none,3,"car or other, not in savings account",42,none,rent,1,skilled employee / official,2,"yes, registered under customer's name",yes,1,single
no checking account,44,existing credits paid back duly till now,furniture/equipment,15945,... < 100 DM,unemployed,3,female,none,3,building society savings agreement / life insurance,19,none,rent,4,unemployed / unskilled - non-resident,1,none,yes,2,divorced/separated
no checking account,4,critical account / other credits existing (not at this bank),radio/television,6223,... < 100 DM,1 <= ... < 4 years,4,male,none,3,real estate,45,none,own,2,unskilled - resident,1,none,yes,1,married/widowed
0 <= ... < 200 DM,23,existing credits paid back duly till now,radio/television,1174,... < 100 DM,1 <= ... < 4 years,1,male,none,3,real estate,28,none,own,2,unskilled - resident,1,none,yes,1,divorced/separated
no checking account,4,critical account / other credits existing (not at this bank),car (new),4860,500 <= ... < 1000 DM,1 <= ... < 4 years,3,male,co-applicant,1,real estate,62,none,own,2,skilled employee / official,1,none,yes,1,married/widowed
... < 0 DM,4,existing credits paid back duly till now,education,1588,... < 100 DM,unemployed,2,male,none,4,unknown / no property,19,none,rent,2,skilled employee / official,1,"yes, registered under customer's name",yes,1,single
no checking account,25,delay in paying off in the past,car (used),711,... < 100 DM,1 <= ... < 4 years,3,male,none,2,building society savings agreement / life insurance,46,none,own,2,skilled employee / official,1,"yes, registered under customer's name",yes,2,single
0 <= ... < 200 DM,28,delay in paying off in the past,radio/television,1290,... < 100 DM,... >= 7 years,4,male,none,2,building society savings agreement / life insurance,27,none,own,1,skilled employee / official,1,"yes, registered under customer's name",yes,1,single
no checking account,4,critical account / other credits existing (not at this bank),radio/television,250,... < 100 DM,... >= 7 years,3,male,none,4,real estate,75,none,own,2,skilled employee / official,2,none,yes,1,single
no checking account,38,delay in paying off in the past,business,2432,500 <= ... < 1000 DM,... >= 7 years,2,male,none,2,real estate,23,none,own,2,skilled employee / official,1,none,no,1,single
... < 0 DM,16,all credits at this bank paid back duly,repairs,4737,unknown / no savings account,... < 1 year,3,male,none,2,"car or other, not in savings account",31,bank,own,1,unemployed / unskilled - non-resident,1,"yes, registered under customer's name",yes,1,divorced/separated
0 <= ... < 200 DM,7,existing credits paid back duly till now,business,250,500 <= ... < 1000 DM,1 <= ... < 4 years,2,male,none,2,"car or other, not in savings account",33,none,own,1,unskilled - resident,1,none,yes,1,married/widowed
0 <= ... < 200 DM,21,existing credits paid back duly till now,radio/television,5919,... < 100 DM,unemployed,2,male,none,4,building society savings agreement / life insurance,33,none,own,1,skilled employee / official,1,"yes, registered under customer's name",yes,2,single
0 <= ... < 200 DM,45,delay in paying off in the past,car (used),12454,unknown / no savings account,unemployed,3,male,none,4,building society savings agreement / life insurance,31,none,for free,1,management / self-employed / highly qualified employee / officer,1,"yes, registered under customer's name",yes,2,single
no checking account,4,critical account / other credits existing (not at this bank),car (used),842,... < 100 DM,1 <= ... < 4 years,3,male,none,4,"car or other, not in savings account",31,none,own,1,unskilled - resident,2,none,yes,1,divorced/separated
no checking account,25,existing credits paid back duly till now,furniture/equipment,2502,... < 100 DM,unemployed,2,female,none,4,"car or other, not in savings account",30,none,own,1,skilled employee / official,1,none,yes,2,divorced/separated
... < 0 DM,25,critical account / other credits existing (not at this bank),business,4328,... < 100 DM,4 <= ... < 7 years,4,male,none,4,unknown / no property,25,bank,own,2,skilled employee / official,2,"yes, registered under customer's name",yes,2,single
... < 0 DM,10,critical account / other credits existing (not at this bank),furniture/equipment,853,... < 100 DM,... >= 7 years,4,male,none,4,building society savings agreement / life insurance,75,none,own,1,skilled employee / official,1,"yes, registered under customer's name",yes,1,single
no checking account,41,existing credits paid back duly till now,car (new),6175,... < 100 DM,unemployed,4,male,none,2,building society savings agreement / life insurance,55,none,own,2,skilled employee / official,1,none,yes,2,married/widowed
0 <= ... < 200 DM,6,existing credits paid back duly till now,furniture/equipment,3591,... < 100 DM,... < 1 year,1,female,none,1,"car or other, not in savings account",38,none,own,1,unskilled - resident,1,none,yes,2,divorced/separated
... < 0 DM,26,existing credits paid back duly till now,radio/television,15945,... < 100 DM,1 <= ... < 4 years,2,male,none,2,real estate,32,stores,for free,1,skilled employee / official,1,"yes, registered under customer's name",yes,2,single
no checking account,4,critical account / other credits existing (not at this bank),car (new),2988,... < 100 DM,1 <= ... < 4 years,2,male,guarantor,2,"car or other, not in savings account",41,none,own,2,skilled employee / official,1,none,yes,1,married/widowed
0 <= ... < 200 DM,26,existing credits paid back duly till now,radio/television,2474,... < 100 DM,... < 1 year,1,female,none,1,"car or other, not in savings account",20,none,own,1,skilled employee / official,1,"yes, registered under customer's name",yes,2,divorced/separated
0 <= ... < 200 DM,18,existing credits paid back duly till now,domestic appliances,5847,... < 100 DM,... >= 7 years,2,male,none,4,unknown / no property,39,none,own,1,management / self-employed / highly qualified employee / officer,1,"yes, registered under customer's name",yes,2,single
0 <= ... < 200 DM,4,existing credits paid back duly till now,car (new),250,... < 100 DM,... < 1 year,2,female,none,4,building society savings agreement / life insurance,23,none,own,1,unskilled - resident,1,none,yes,1,married/widowed
... < 0 DM,16,no credits taken / all credits paid back duly,car (new),1293,unknown / no savings account,1 <= ... < 4 years,1,male,none,2,building society savings agreement / life insurance,19,none,own,1,unskilled - resident,1,none,yes,1,divorced/separated
... >= 200 DM / salary assignments for at least 1 year,47,existing credits paid back duly till now,radio/television,15945,... < 100 DM,4 <= ... < 7 years,1,female,none,1,"car or other, not in savings account",25,none,for free,3,skilled employee / official,1,"yes, registered under customer's name",yes,1,divorced/separated
no checking account,4,no credits taken / all credits paid back duly,radio/television,4149,... < 100 DM,... >= 7 years,4,male,none,2,"car or other, not in savings account",23,none,own,2,skilled employee / official,1,none,yes,1,single
... < 0 DM,19,existing credits paid back duly till now,business,1826,100 <= ... < 500 DM,... < 1 year,1,female,none,4,building society savings agreement / life insurance,19,none,rent,1,skilled employee / official,1,none,yes,2,divorced/separated
0 <= ... < 200 DM,4,critical account / other credits existing (not at this bank),radio/television,1706,100 <= ... < 500 DM,1 <= ... < 4 years,2,male,none,4,real estate,62,bank,own,1,skilled employee / official,1,none,yes,1,single
0 <= ... < 200 DM,13,existing credits paid back duly till now,radio/television,1107,500 <= ... < 1000 DM,1 <= ... < 4 years,4,female,co-applicant,4,real estate,66,none,own,1,unskilled - resident,1,none,yes,1,divorced/separated
no checking account,9,critical account / other credits existing (not at this bank),radio/television,250,500 <= ... < 1000 DM,... >= 7 years,4,male,none,2,real estate,25,none,own,2,skilled employee / official,1,none,no,1,single
0 <= ... < 200 DM,29,critical account / other credits existing (not at this bank),car (used),11330,100 <= ... < 500 DM,unemployed,2,male,none,4,building society savings agreement / life insurance,48,bank,rent,1,management / self-employed / highly qualified employee / officer,1,"yes, registered under customer's name",yes,2,single
0 <= ... < 200 DM,7,existing credits paid back duly till now,car (used),14753,... < 100 DM,... < 1 year,3,female,none,4,building society savings agreement / life insurance,43,stores,rent,1,management / self-employed / highly qualified employee / officer,1,"yes, registered under customer's name",yes,1,single
no checking account,4,critical account / other credits existing (not at this bank),car (new),1820,... < 100 DM,... >= 7 years,3,male,none,3,real estate,19,none,own,2,skilled employee / official,1,none,yes,1,single
no checking account,20,existing credits paid back duly till now,education,250,... < 100 DM,... >= 7 years,2,male,none,2,"car or other, not in savings account",46,none,own,2,skilled employee / official,1,"yes, registered under customer's name",yes,1,single
no checking account,12,existing credits paid back duly till now,radio/television,2724,... < 100 DM,... < 1 year,2,female,none,1,"car or other, not in savings account",35,stores,own,1,skilled employee / official,1,none,yes,1,divorced/separated
0 <= ... < 200 DM,4,critical account / other credits existing (not at this bank),radio/television,250,... < 100 DM,1 <= ... < 4 years,2,male,none,2,building society savings agreement / life insurance,42,none,own,1,skilled employee / official,1,"yes, registered under customer's name",yes,1,single
0 <= ... < 200 DM,24,existing credits paid back duly till now,furniture/equipment,6407,... < 100 DM,... < 1 year,1,female,none,4,building society savings agreement / life insurance,75,none,rent,1,skilled employee / official,1,none,yes,2,divorced/separated
no checking account,4,no credits taken / all credits paid back duly,car (used),1087,... < 100 DM,... < 1 year,4,male,none,2,"car or other, not in savings account",29,none,rent,1,unskilled - resident,1,none,yes,2,divorced/separated
no checking account,6,critical account / other credits existing (not at this bank),car (new),2945,... < 100 DM,1 <= ... < 4 years,2,male,none,2,"car or other, not in savings account",23,none,own,2,skilled employee / official,1,"yes, registered under customer's name",yes,1,single
... < 0 DM,21,delay in paying off in the past,domestic appliances,5309,unknown / no savings account,1 <= ... < 4 years,3,male,none,2,"car or other, not in savings account",48,none,rent,1,skilled employee / official,1,"yes, registered under customer's name",no,2,divorced/separated
no checking account,27,no credits taken / all credits paid back duly,radio/television,3863,unknown / no savings account,... >= 7 years,2,male,none,4,unknown / no property,19,none,own,2,skilled employee / official,2,"yes, registered under customer's name",yes,1,single
no checking account,4,existing credits paid back duly till now,car (new),8597,100 <= ... < 500 DM,4 <= ... < 7 years,2,female,none,3,real estate,33,none,own,2,skilled employee / official,2,none,no,1,single
0 <= ... < 200 DM,4,existing credits paid back duly till now,furniture/equipment,3766,... < 100 DM,1 <= ... < 4 years,1,female,none,4,building society savings agreement / life insurance,37,none,rent,1,unskilled - resident,1,"yes, registered under customer's name",yes,2,divorced/separated
0 <= ... < 200 DM,23,existing credits paid back duly till now,furniture/equipment,3595,... >= 1000 DM,... < 1 year,1,female,none,3,real estate,19,none,own,1,unskilled - resident,1,none,yes,2,divorced/separated
no checking account,20,delay in paying off in the past,business,1249,unknown / no savings account,1 <= ... < 4 years,4,male,none,4,building society savings agreement / life insurance,21,none,own,2,unskilled - resident,1,none,yes,2,single
no checking account,23,all credits at this bank paid back duly,radio/television,10927,... < 100 DM,1 <= ... < 4 years,4,male,none,2,"car or other, not in savings account",66,none,for free,1,management / self-employed / highly qualified employee / officer,1,"yes, registered under customer's name",yes,1,single
... >= 200 DM / salary assignments for at least 1 year,25,existing credits paid back duly till now,car (new),1866,unknown / no savings account,... < 1 year,4,male,none,4,unknown / no property,24,bank,own,1,skilled employee / official,1,none,yes,1,single
0 <= ... < 200 DM,6,delay in paying off in the past,car (used),4411,... < 100 DM,... >= 7 years,2,male,none,4,unknown / no property,36,bank,for free,1,skilled employee / official,2,"yes, registered under customer's name",yes,1,single
0 <= ... < 200 DM,30,critical account / other credits existing (not at this bank),radio/television,4874,500 <= ... < 1000 DM,1 <= ... < 4 years,3,male,co-applicant,4,building society savings agreement / life insurance,27,none,for free,1,unskilled - resident,1,"yes, registered under customer's name",yes,1,married/widowed
0 <= ... < 200 DM,24,existing credits paid back duly till now,furniture/equipment,6569,... < 100 DM,4 <= ... < 7 years,2,female,none,1,"car or other, not in savings account",38,none,rent,1,skilled employee / official,1,none,yes,2,divorced/separated
no checking account,4,existing credits paid back duly till now,furniture/equipment,3356,... < 100 DM,4 <= ... < 7 years,1,male,none,1,building society savings agreement / life insurance,29,none,own,2,skilled employee / official,1,none,no,1,divorced/separated
0 <= ... < 200 DM,25,critical account / other credits existing (not at this bank),car (used),980,... < 100 DM,unemployed,4,male,none,3,real estate,20,none,own,1,skilled employee / official,1,"yes, registered under customer's name",yes,1,single
0 <= ... < 200 DM,25,existing credits paid back duly till now,radio/television,2692,... < 100 DM,1 <= ... < 4 years,2,female,none,1,"car or other, not in savings account",28,none,rent,1,skilled employee / official,1,none,yes,1,divorced/separated
0 <= ... < 200 DM,19,existing credits paid back duly till now,radio/television,1628,... < 100 DM,... < 1 year,1,male,none,4,real estate,23,none,for free,1,unskilled - resident,1,none,no,2,single
no checking account,10,critical account / other credits existing (not at this bank),radio/television,250,... < 100 DM,unemployed,1,male,none,2,"car or other, not in savings account",75,none,own,1,skilled employee / official,1,"yes, registered under customer's name",yes,1,single
0 <= ... < 200 DM,12,existing credits paid back duly till now,radio/television,1857,100 <= ... < 500 DM,1 <= ... < 4 years,3,male,co-applicant,4,"car or other, not in savings account",71,none,own,1,skilled employee / official,1,"yes, registered under customer's name",yes,1,single
no checking account,49,critical account / other credits existing (not at this bank),education,250,... < 100 DM,4 <= ... < 7 years,4,male,co-applicant,4,building society savings agreement / life insurance,64,bank,own,2,unskilled - resident,2,"yes, registered under customer's name",yes,1,single
... < 0 DM,4,critical account / other credits existing (not at this bank),car (used),15945,100 <= ... < 500 DM,... >= 7 years,3,male,none,3,"car or other, not in savings account",19,none,for free,1,management / self-employed / highly qualified employee / officer,1,"yes, registered under customer's name",yes,1,single
no checking account,4,critical account / other credits existing (not at this bank),radio/television,266,... < 100 DM,1 <= ... < 4 years,2,female,none,1,real estate,19,none,own,1,unskilled - resident,1,none,yes,1,divorced/separated
no checking account,4,critical account / other credits existing (not at this bank),business,250,... < 100 DM,4 <= ... < 7 years,2,male,none,3,real estate,57,none,own,2,skilled employee / official,1,none,yes,1,single
... < 0 DM,8,all credits at this bank paid back duly,furniture/equipment,1629,500 <= ... < 1000 DM,1 <= ... < 4 years,2,female,none,2,building society savings agreement / life insurance,29,none,own,1,skilled employee / official,1,"yes, registered under customer's name",no,1,divorced/separated
... < 0 DM,4,delay in paying off in the past,car (new),2997,... < 100 DM,1 <= ... < 4 years,4,male,none,2,real estate,29,none,own,2,skilled employee / official,2,none,yes,1,single
0 <= ... < 200 DM,18,existing credits paid back duly till now,business,3466,100 <= ... < 500 DM,... >= 7 years,4,male,none,4,unknown / no property,47,none,for free,1,management / self-employed / highly qualified employee / officer,1,"yes, registered under customer's name",yes,1,single
0 <= ... < 200 DM,32,delay in paying off in the past,radio/television,8822,... < 100 DM,... >= 7 years,2,male,none,3,unknown / no property,75,none,own,2,management / self-employed / highly qualified employee / officer,2,none,yes,1,single
no checking account,13,existing credits paid back duly till now,education,11352,... < 100 DM,1 <= ... < 4 years,4,male,none,4,"car or other, not in savings account",32,none,own,3,unskilled - resident,1,none,yes,1,single
0 <= ... < 200 DM,47,existing credits paid back duly till now,education,3057,unknown / no savings account,... >= 7 years,2,male,none,4,unknown / no property,40,bank,own,1,skilled employee / official,1,"yes, registered under customer's name",yes,1,divorced/separated
no checking account,7,delay in paying off in the past,radio/television,2571,... >= 1000 DM,1 <= ... < 4 years,4,male,none,3,building society savings agreement / life insurance,23,stores,own,2,unskilled - resident,1,none,no,1,single
0 <= ... < 200 DM,4,all credits at this bank paid back duly,radio/television,808,100 <= ... < 500 DM,4 <= ... < 7 years,2,male,none,3,real estate,31,none,own,1,skilled employee / official,1,none,yes,1,married/widowed
0 <= ... < 200 DM,4,existing credits paid back duly till now,car (new),1183,... < 100 DM,... < 1 year,1,male,none,3,"car or other, not in savings account",75,none,own,2,management / self-employed / highly qualified employee / officer,2,"yes, registered under customer's name",yes,2,single
0 <= ... < 200 DM,20,delay in paying off in the past,car (used),5592,unknown / no savings account,... < 1 year,4,male,none,4,real estate,22,none,own,2,management / self-employed / highly qualified employee / officer,1,"yes, registered under customer's name",yes,1,single
no checking account,4,no credits taken / all credits paid back duly,radio/television,885,... < 100 DM,1 <= ... < 4 years,2,male,none,4,real estate,52,none,own,2,skilled employee / official,2,none,yes,1,single
... >= 200 DM / salary assignments for at least 1 year,15,delay in paying off in the past,radio/television,250,unknown / no savings account,... >= 7 years,2,male,none,4,unknown / no property,66,bank,for free,1,management / self-employed / highly qualified employee / officer,2,"yes, registered under customer's name",no,1,single
no checking account,14,existing credits paid back duly till now,radio/television,3686,... < 100 DM,1 <= ... < 4 years,4,female,none,2,"car or other, not in savings account",37,none,own,1,unskilled - resident,1,none,yes,1,divorced/separated
... < 0 DM,72,delay in paying off in the past,radio/television,2347,... < 100 DM,... < 1 year,1,female,none,4,real estate,57,bank,own,1,management / self-employed / highly qualified employee / officer,1,"yes, registered under customer's name",yes,1,single
no checking account,12,critical account / other credits existing (not at this bank),radio/television,3589,... < 100 DM,1 <= ... < 4 years,4,male,none,2,building society savings agreement / life insurance,19,none,own,2,skilled employee / official,1,none,yes,1,single
... < 0 DM,31,critical account / other credits existing (not at this bank),radio/television,6626,... < 100 DM,... >= 7 years,2,male,none,3,"car or other, not in savings account",62,none,for free,1,unemployed / unskilled - non-resident,1,"yes, registered under customer's name",yes,2,single
no checking account,23,critical account / other credits existing (not at this bank),education,757,100 <= ... < 500 DM,... >= 7 years,1,female,none,3,"car or other, not in savings account",51,none,own,1,skilled employee / official,1,none,yes,1,divorced/separated
no checking account,4,existing credits paid back duly till now,radio/television,3355,500 <= ... < 1000 DM,... >= 7 years,2,male,none,3,building society savings agreement / life insurance,22,none,own,2,management / self-employed / highly qualified employee / officer,1,"yes, registered under customer's name",yes,1,single
... < 0 DM,21,delay in paying off in the past,furniture/equipment,5544,... >= 1000 DM,... >= 7 years,4,male,co-applicant,2,"car or other, not in savings account",44,none,own,1,skilled employee / official,1,none,yes,1,divorced/separated
0 <= ... < 200 DM,14,existing credits paid back duly till now,furniture/equipment,1707,unknown / no savings account,... < 1 year,3,female,none,2,real estate,37,none,rent,1,skilled employee / official,1,none,yes,1,divorced/separated
no checking account,11,critical account / other credits existing (not at this bank),education,250,... < 100 DM,... >= 7 years,4,male,none,2,real estate,75,none,own,1,skilled employee / official,1,none,yes,1,married/widowed
no checking account,4,critical account / other credits existing (not at this bank),radio/television,578,unknown / no savings account,1 <= ... < 4 years,3,male,co-applicant,4,unknown / no property,66,none,own,1,unskilled - resident,2,"yes, registered under customer's name",yes,1,single
no checking account,4,existing credits paid back duly till now,car (new),5033,... < 100 DM,1 <= ... < 4 years,2,female,none,2,real estate,43,none,own,1,skilled employee / official,1,none,yes,1,divorced/separated
0 <= ... < 200 DM,30,existing credits paid back duly till now,radio/television,1204,unknown / no savings account,... < 1 year,4,female,none,1,real estate,75,none,rent,1,unskilled - resident,1,"yes, registered under customer's name",yes,1,divorced/separated
0 <= ... < 200 DM,27,existing credits paid back duly till now,furniture/equipment,3593,... < 100 DM,... >= 7 years,2,male,none,4,unknown / no property,69,none,for free,1,skilled employee / official,1,"yes, registered under customer's name",yes,2,single
... >= 200 DM / salary assignments for at least 1 year,4,delay in paying off in the past,furniture/equipment,1075,500 <= ... < 1000 DM,1 <= ... < 4 years,2,male,none,2,real estate,28,none,own,1,unskilled - resident,1,none,yes,1,single
0 <= ... < 200 DM,6,existing credits paid back duly till now,car (used),4095,... < 100 DM,... < 1 year,3,male,none,4,"car or other, not in savings account",75,stores,for free,1,unemployed / unskilled - non-resident,1,"yes, registered under customer's name",yes,2,single
no checking account,4,critical account / other credits existing (not at this bank),car (new),250,... < 100 DM,4 <= ... < 7 years,4,male,none,3,building society savings agreement / life insurance,24,none,own,2,unskilled - resident,1,none,yes,1,single
... < 0 DM,19,critical account / other credits existing (not at this bank),radio/television,2938,... < 100 DM,1 <= ... < 4 years,4,male,none,2,building society savings agreement / life insurance,36,none,own,4,skilled employee / official,1,none,yes,1,divorced/separated
0 <= ... < 200 DM,18,existing credits paid back duly till now,car (used),596,... < 100 DM,1 <= ... < 4 years,1,male,none,4,unknown / no property,35,none,rent,1,skilled employee / official,1,"yes, registered under customer's name",yes,1,single
... < 0 DM,16,critical account / other credits existing (not at this bank),business,6393,500 <= ... < 1000 DM,1 <= ... < 4 years,2,male,none,4,"car or other, not in savings account",35,bank,own,1,skilled employee / official,1,"yes, registered under customer's name",yes,1,single
0 <= ... < 200 DM,24,all credits at this bank paid back duly,business,2415,... >= 1000 DM,unemployed,3,female,none,4,building society savings agreement / life insurance,59,stores,own,3,skilled employee / official,1,"yes, registered under customer's name",yes,1,single
... >= 200 DM / salary assignments for at least 1 year,27,existing credits paid back duly till now,radio/television,250,... < 100 DM,1 <= ... < 4 years,3,female,none,4,"car or other, not in savings account",75,none,rent,1,unskilled - resident,1,none,yes,2,divorced/separated
0 <= ... < 200 DM,66,delay in paying off in the past,radio/television,3629,... < 100 DM,... >= 7 years,4,male,none,2,building society savings agreement / life insurance,24,none,for free,1,skilled employee / official,1,"yes, registered under customer's name",yes,1,single
0 <= ... < 200 DM,19,existing credits paid back duly till now,car (new),250,... < 100 DM,... >= 7 years,2,male,none,4,real estate,37,none,own,1,skilled employee / official,1,"yes, registered under customer's name",no,1,single
... >= 200 DM / salary assignments for at least 1 year,71,existing credits paid back duly till now,radio/television,2820,100 <= ... < 500 DM,... < 1 year,2,male,none,2,"car or other, not in savings account",29,none,own,1,unskilled - resident,1,none,yes,2,divorced/separated
no checking account,12,critical account / other credits existing (not at this bank),radio/television,922,... < 100 DM,... >= 7 years,2,male,none,2,building society savings agreement / life insurance,31,none,own,2,unemployed / unskilled - non-resident,1,"yes, registered under customer's name",yes,1,single
... < 0 DM,38,existing credits paid back duly till now,car (used),548,... < 100 DM,... >= 7 years,2,male,none,4,unknown / no property,52,none,own,1,management / self-employed / highly qualified employee / officer,1,"yes, registered under customer's name",yes,1,single
no checking account,6,critical account / other credits existing (not at this bank),car (used),250,... < 100 DM,1 <= ... < 4 years,4,male,none,2,real estate,75,none,own,2,skilled employee / official,1,none,yes,1,single
... < 0 DM,29,existing credits paid back duly till now,furniture/equipment,5351,unknown / no savings account,... >= 7 years,4,male,none,4,building society savings agreement / life insurance,19,none,own,2,management / self-employed / highly qualified employee / officer,1,none,yes,1,single
no checking account,8,all credits at this bank paid back duly,radio/television,9531,... < 100 DM,1 <= ... < 4 years,4,male,none,4,real estate,39,none,own,4,skilled employee / official,1,none,yes,1,single
no checking account,12,existing credits paid back duly till now,radio/television,250,... < 100 DM,... < 1 year,4,female,none,2,real estate,34,none,rent,1,unskilled - resident,1,none,yes,1,divorced/separated
no checking account,5,existing credits paid back duly till now,radio/television,1326,unknown / no savings account,1 <= ... < 4 years,4,male,none,4,"car or other, not in savings account",27,none,own,2,unskilled - resident,1,none,yes,1,married/widowed
no checking account,34,existing credits paid back duly till now,car (new),5857,unknown / no savings account,... >= 7 years,4,male,none,2,unknown / no property,60,bank,for free,1,management / self-employed / highly qualified employee / officer,2,"yes, registered under customer's name",yes,1,single
no checking account,5,delay in paying off in the past,car (new),571,... < 100 DM,... >= 7 years,2,male,none,3,real estate,19,none,own,1,skilled employee / official,1,none,no,2,divorced/separated
0 <= ... < 200 DM,27,existing credits paid back duly till now,furniture/equipment,5081,... < 100 DM,4 <= ... < 7 years,2,female,none,2,"car or other, not in savings account",26,none,own,1,skilled employee / official,1,"yes, registered under customer's name",yes,1,divorced/separated
0 <= ... < 200 DM,11,all credits at this bank paid back duly,education,4230,... < 100 DM,1 <= ... < 4 years,3,male,none,2,unknown / no property,58,none,own,1,unskilled - resident,2,"yes, registered under customer's name",yes,1,single
... < 0 DM,21,delay in paying off in the past,education,2150,... < 100 DM,1 <= ... < 4 years,3,male,none,2,real estate,39,none,for free,2,skilled employee / official,1,none,yes,1,married/widowed
no checking account,4,critical account / other credits existing (not at this bank),car (new),2800,... >= 1000 DM,1 <= ... < 4 years,4,male,none,3,building society savings agreement / life insurance,36,none,own,2,unskilled - resident,1,none,yes,1,married/widowed
no checking account,23,existing credits paid back duly till now,furniture/equipment,6176,100 <= ... < 500 DM,1 <= ... < 4 years,1,female,none,2,building society savings agreement / life insurance,45,none,own,1,skilled employee / official,1,"yes, registered under customer's name",yes,2,divorced/separated
no checking account,17,existing credits paid back duly till now,furniture/equipment,2834,... < 100 DM,1 <= ... < 4 years,3,female,none,2,real estate,32,none,own,1,skilled employee / official,1,none,yes,1,divorced/separated
... < 0 DM,4,delay in paying off in the past,domestic appliances,991,... < 100 DM,... < 1 year,1,female,none,2,real estate,25,none,own,2,skilled employee / official,1,none,yes,1,divorced/separated
0 <= ... < 200 DM,27,existing credits paid back duly till now,education,522,... < 100 DM,1 <= ... < 4 years,2,male,none,2,"car or other, not in savings account",46,bank,own,1,unskilled - resident,1,none,yes,1,single
no checking account,4,critical account / other credits existing (not at this bank),radio/television,14308,... < 100 DM,1 <= ... < 4 years,4,male,none,2,real estate,25,none,own,1,unskilled - resident,1,none,no,1,single
... < 0 DM,24,critical account / other credits existing (not at this bank),car (new),4494,... < 100 DM,1 <= ... < 4 years,4,male,none,4,building society savings agreement / life insurance,22,none,own,1,skilled employee / official,1,none,yes,1,married/widowed
no checking account,4,critical account / other credits existing (not at this bank),car (new),250,100 <= ... < 500 DM,1 <= ... < 4 years,4,male,none,3,building society savings agreement / life insurance,58,none,own,2,skilled employee / official,1,none,yes,1,single
... < 0 DM,29,critical account / other credits existing (not at this bank),car (new),15945,... < 100 DM,... >= 7 years,2,male,none,4,"car or other, not in savings account",42,none,own,2,unskilled - resident,1,"yes, registered under customer's name",yes,1,single
... < 0 DM,20,delay in paying off in the past,car (new),3866,unknown / no savings account,1 <= ... < 4 years,2,male,none,4,"car or other, not in savings account",68,bank,own,2,skilled employee / official,1,none,yes,2,single
0 <= ... < 200 DM,28,existing credits paid back duly till now,furniture/equipment,1414,... < 100 DM,... < 1 year,4,female,none,2,building society savings agreement / life insurance,24,none,own,1,skilled employee / official,1,none,yes,2,divorced/separated
no checking account,22,existing credits paid back duly till now,radio/television,2360,100 <= ... < 500 DM,4 <= ... < 7 years,4,female,none,1,real estate,19,none,own,1,unskilled - resident,1,none,yes,1,divorced/separated
no checking account,4,delay in paying off in the past,radio/television,250,... < 100 DM,... >= 7 years,2,male,none,2,real estate,36,none,own,2,unskilled - resident,1,none,yes,1,divorced/separated
no checking account,20,existing credits paid back duly till now,radio/television,1924,unknown / no savings account,... < 1 year,2,male,none,1,"car or other, not in savings account",30,none,own,1,skilled employee / official,1,none,yes,1,divorced/separated
no checking account,4,existing credits paid back duly till now,radio/television,408,... < 100 DM,1 <= ... < 4 years,3,female,none,2,real estate,29,none,rent,2,unskilled - resident,1,none,yes,1,divorced/separated
... < 0 DM,39,existing credits paid back duly till now,domestic appliances,5105,... < 100 DM,unemployed,1,male,none,4,"car or other, not in savings account",38,none,rent,1,skilled employee / official,1,"yes, registered under customer's name",yes,2,married/widowed
0 <= ... < 200 DM,4,existing credits paid back duly till now,car (new),1868,... < 100 DM,... < 1 year,3,male,none,2,"car or other, not in savings account",19,none,own,1,skilled employee / official,1,none,yes,1,divorced/separated
0 <= ... < 200 DM,33,critical account / other credits existing (not at this bank),car (used),7801,100 <= ... < 500 DM,1 <= ... < 4 years,4,male,none,2,building society savings agreement / life insurance,29,bank,own,1,skilled employee / official,1,"yes, registered under customer's name",no,2,single
0 <= ... < 200 DM,8,all credits at this bank paid back duly,radio/television,2470,... < 100 DM,4 <= ... < 7 years,2,male,none,2,"car or other, not in savings account",25,none,own,3,management / self-employed / highly qualified employee / officer,1,"yes, registered under customer's name",yes,2,single
... < 0 DM,25,existing credits paid back duly till now,radio/television,1440,... < 100 DM,1 <= ... < 4 years,3,male,none,4,unknown / no property,65,none,for free,2,skilled employee / official,1,none,yes,2,divorced/separated
... < 0 DM,20,all credits at this bank paid back duly,radio/television,15945,unknown / no savings account,... >= 7 years,4,male,none,4,unknown / no property,48,none,for free,1,management / self-employed / highly qualified employee / officer,2,"yes, registered under customer's name",yes,1,single
no checking account,21,existing credits paid back duly till now,radio/television,1013,... < 100 DM,1 <= ... < 4 years,2,female,none,2,building society savings agreement / life insurance,37,none,own,1,unskilled - resident,1,"yes, registered under customer's name",yes,1,divorced/separated
0 <= ... < 200 DM,24,delay in paying off in the past,radio/television,2208,... < 100 DM,unemployed,4,male,none,2,"car or other, not in savings account",46,none,own,1,skilled employee / official,1,none,yes,1,divorced/separated
no checking account,15,existing credits paid back duly till now,radio/television,3506,... < 100 DM,... >= 7 years,2,male,none,2,"car or other, not in savings account",32,none,own,1,unskilled - resident,1,none,yes,1,single
no checking account,12,existing credits paid back duly till now,radio/television,818,unknown / no savings account,4 <= ... < 7 years,2,male,none,3,"car or other, not in savings account",36,none,own,2,unskilled - resident,1,none,yes,1,single
no checking account,51,all credits at this bank paid back duly,car (new),13621,... < 100 DM,... >= 7 years,2,male,none,4,building society savings agreement / life insurance,32,none,for free,1,management / self-employed / highly qualified employee / officer,1,"yes, registered under customer's name",yes,2,single
... < 0 DM,4,delay in paying off in the past,car (new),250,... < 100 DM,1 <= ... < 4 years,2,male,none,4,building society savings agreement / life insurance,27,none,own,2,unskilled - resident,2,"yes, registered under customer's name",yes,1,married/widowed
no checking account,15,critical account / other credits existing (not at this bank),car (new),250,100 <= ... < 500 DM,1 <= ... < 4 years,2,male,none,2,real estate,66,none,own,1,skilled employee / official,2,none,yes,1,single
... < 0 DM,20,delay in paying off in the past,domestic appliances,2820,... < 100 DM,unemployed,1,male,none,4,unknown / no property,23,none,rent,2,unskilled - resident,1,"yes, registered under customer's name",yes,2,single
... < 0 DM,4,existing credits paid back duly till now,car (new),302,... < 100 DM,... < 1 year,4,female,none,1,"car or other, not in savings account",32,none,own,1,skilled employee / official,1,none,yes,1,divorced/separated
0 <= ... < 200 DM,15,all credits at this bank paid back duly,radio/television,891,100 <= ... < 500 DM,... < 1 year,4,male,none,4,"car or other, not in savings account",24,none,own,1,unskilled - resident,1,"yes, registered under customer's name",yes,1,single
0 <= ... < 200 DM,40,existing credits paid back duly till now,business,15945,... < 100 DM,... < 1 year,3,male,none,4,"car or other, not in savings account",62,none,for free,1,management / self-employed / highly qualified employee / officer,1,"yes, registered under customer's name",yes,1,married/widowed
... < 0 DM,4,existing credits paid back duly till now,radio/television,2867,... >= 1000 DM,... < 1 year,4,female,none,2,real estate,40,none,rent,1,skilled employee / official,1,none,yes,2,divorced/separated
no checking account,12,critical account / other credits existing (not at this bank),radio/television,3707,unknown / no savings account,... >= 7 years,3,male,none,4,"car or other, not in savings account",37,none,rent,2,skilled employee / official,1,none,yes,1,divorced/separated
0 <= ... < 200 DM,23,existing credits paid back duly till now,car (used),1001,... < 100 DM,1 <= ... < 4 years,2,female,none,4,building society savings agreement / life insurance,22,none,rent,1,management / self-employed / highly qualified employee / officer,1,none,yes,2,divorced/separated
... < 0 DM,13,critical account / other credits existing (not at this bank),radio/television,250,... < 100 DM,... >= 7 years,4,male,none,4,"car or other, not in savings account",47,none,own,1,skilled employee / official,1,"yes, registered under customer's name",yes,1,married/widowed
0 <= ... < 200 DM,29,existing credits paid back duly till now,furniture/equipment,5409,100 <= ... < 500 DM,... >= 7 years,1,male,co-applicant,4,unknown / no property,41,bank,own,1,skilled employee / official,2,"yes, registered under customer's name",yes,1,single
no checking account,7,critical account / other credits existing (not at this bank),radio/television,2152,... < 100 DM,4 <= ... < 7 years,1,male,none,4,"car or other, not in savings account",32,none,rent,2,unskilled - resident,1,none,yes,1,single
... < 0 DM,4,critical account / other credits existing (not at this bank),radio/television,1962,... < 100 DM,1 <= ... < 4 years,4,male,none,2,"car or other, not in savings account",40,none,own,2,unskilled - resident,1,none,yes,2,single
0 <= ... < 200 DM,16,existing credits paid back duly till now,furniture/equipment,3010,... < 100 DM,... < 1 year,4,female,none,1,real estate,23,none,own,1,unskilled - resident,1,none,yes,1,married/widowed
no checking account,24,critical account / other credits existing (not at this bank),radio/television,3990,... < 100 DM,... >= 7 years,4,male,none,4,building society savings agreement / life insurance,58,none,own,2,unskilled - resident,1,"yes, registered under customer's name",yes,1,single
... < 0 DM,46,no credits taken / all credits paid back duly,repairs,6450,100 <= ... < 500 DM,... < 1 year,4,male,co-applicant,4,building society savings agreement / life insurance,75,none,own,2,skilled employee / official,1,none,yes,1,single
0 <= ... < 200 DM,4,existing credits paid back duly till now,furniture/equipment,250,... >= 1000 DM,... < 1 year,4,female,none,2,"car or other, not in savings account",35,none,own,2,unskilled - resident,1,none,yes,1,divorced/separated
... < 0 DM,25,critical account / other credits existing (not at this bank),education,9336,... < 100 DM,1 <= ... < 4 years,2,male,none,4,unknown / no property,49,none,for free,1,management / self-employed / highly qualified employee / officer,2,"yes, registered under customer's name",yes,2,single
no checking account,44,delay in paying off in the past,radio/television,1137,... < 100 DM,... >= 7 years,2,male,none,2,building society savings agreement / life insurance,46,none,own,2,skilled employee / official,1,"yes, registered under customer's name",no,1,single
no checking account,4,critical account / other credits existing (not at this bank),business,250,... < 100 DM,... >= 7 years,2,male,none,4,real estate,23,none,own,2,skilled employee / official,1,none,yes,1,single
0 <= ... < 200 DM,7,existing credits paid back duly till now,car (new),3355,unknown / no savings account,1 <= ... < 4 years,2,male,none,2,"car or other, not in savings account",20,none,own,1,unskilled - resident,1,none,yes,1,single
no checking account,4,critical account / other credits existing (not at this bank),radio/television,1468,... < 100 DM,1 <= ... < 4 years,2,male,none,2,real estate,36,none,own,2,unskilled - resident,1,none,yes,1,married/widowed
no checking account,4,critical account / other credits existing (not at this bank),radio/television,250,500 <= ... < 1000 DM,1 <= ... < 4 years,4,male,none,2,real estate,29,none,own,2,unskilled - resident,1,none,yes,1,married/widowed
... < 0 DM,24,critical account / other credits existing (not at this bank),radio/television,1647,... < 100 DM,1 <= ... < 4 years,2,male,none,4,real estate,25,none,own,1,management / self-employed / highly qualified employee / officer,1,none,yes,1,single
no checking account,14,existing credits paid back duly till now,radio/television,6741,... < 100 DM,1 <= ... < 4 years,4,male,none,1,"car or other, not in savings account",30,none,own,1,unskilled - resident,1,none,yes,1,divorced/separated
0 <= ... < 200 DM,4,delay in paying off in the past,car (used),4983,500 <= ... < 1000 DM,... >= 7 years,3,male,none,2,"car or other, not in savings account",67,none,rent,1,unskilled - resident,1,"yes, registered under customer's name",yes,1,divorced/separated
0 <= ... < 200 DM,27,delay in paying off in the past,furniture/equipment,8859,... < 100 DM,... >= 7 years,2,male,none,4,"car or other, not in savings account",38,none,for free,1,management / self-employed / highly qualified employee / officer,1,"yes, registered under customer's name",yes,1,single
no checking account,4,critical account / other credits existing (not at this bank),radio/television,2160,... < 100 DM,... >= 7 years,4,male,none,1,building society savings agreement / life insurance,19,none,own,2,unemployed / unskilled - non-resident,1,none,yes,1,single
no checking account,4,critical account / other credits existing (not at this bank),radio/television,250,... < 100 DM,... >= 7 years,2,male,co-applicant,3,building society savings agreement / life insurance,50,bank,own,2,skilled employee / official,1,"yes, registered under customer's name",yes,1,single
no checking account,4,existing credits paid back duly till now,business,250,... < 100 DM,... >= 7 years,2,male,none,2,building society savings agreement / life insurance,60,none,own,1,unskilled - resident,1,none,yes,1,single
... >= 200 DM / salary assignments for at least 1 year,4,delay in paying off in the past,car (new),1872,... < 100 DM,... >= 7 years,2,male,none,3,"car or other, not in savings account",62,none,own,2,skilled employee / official,1,"yes, registered under customer's name",yes,1,single
... < 0 DM,7,critical account / other credits existing (not at this bank),radio/television,2956,... < 100 DM,... < 1 year,2,male,none,4,real estate,38,none,rent,1,unskilled - resident,1,none,yes,1,single
... < 0 DM,17,delay in paying off in the past,car (used),6463,... < 100 DM,unemployed,3,female,none,4,"car or other, not in savings account",32,bank,own,1,skilled employee / official,1,none,yes,2,single
0 <= ... < 200 DM,27,all credits at this bank paid back duly,business,5522,unknown / no savings account,... >= 7 years,4,male,none,4,unknown / no property,22,bank,for free,1,management / self-employed / highly qualified employee / officer,2,"yes, registered under customer's name",yes,2,single
0 <= ... < 200 DM,4,existing credits paid back duly till now,radio/television,2048,... < 100 DM,... < 1 year,2,male,none,1,real estate,27,none,own,1,unskilled - resident,1,none,yes,1,single
no checking account,4,existing credits paid back duly till now,radio/television,3079,... < 100 DM,1 <= ... < 4 years,4,female,none,2,real estate,23,none,own,1,unskilled - resident,1,none,yes,1,divorced/separated
0 <= ... < 200 DM,18,critical account / other credits existing (not at this bank),business,641,100 <= ... < 500 DM,unemployed,4,male,none,2,building society savings agreement / life insurance,24,bank,own,1,unemployed / unskilled - non-resident,1,"yes, registered under customer's name",yes,2,single
0 <= ... < 200 DM,15,delay in paying off in the past,furniture/equipment,2670,... < 100 DM,... >= 7 years,1,male,none,4,unknown / no property,61,none,for free,1,skilled employee / official,1,"yes, registered under customer's name",yes,2,single
... < 0 DM,4,existing credits paid back duly till now,business,3323,... < 100 DM,1 <= ... < 4 years,4,female,none,4,"car or other, not in savings account",19,none,rent,4,unskilled - resident,1,"yes, registered under customer's name",yes,2,divorced/separated
... >= 200 DM / salary assignments for at least 1 year,21,delay in paying off in the past,car (new),1254,unknown / no savings account,4 <= ... < 7 years,2,male,none,2,real estate,47,none,own,1,skilled employee / official,1,none,yes,1,single
no checking account,11,critical account / other credits existing (not at this bank),business,2551,... < 100 DM,... >= 7 years,4,male,none,4,"car or other, not in savings account",34,stores,own,2,skilled employee / official,2,none,yes,1,single
... < 0 DM,21,no credits taken / all credits paid back duly,repairs,489,100 <= ... < 500 DM,1 <= ... < 4 years,2,male,none,4,real estate,47,bank,own,2,skilled employee / official,1,"yes, registered under customer's name",yes,1,single
0 <= ... < 200 DM,22,existing credits paid back duly till now,radio/television,1083,unknown / no savings account,1 <= ... < 4 years,3,female,co-applicant,2,"car or other, not in savings account",48,none,for free,2,unemployed / unskilled - non-resident,1,"yes, registered under customer's name",no,2,divorced/separated
... < 0 DM,4,critical account / other credits existing (not at this bank),car (new),3385,... < 100 DM,... >= 7 years,4,male,none,3,unknown / no property,53,none,own,2,skilled employee / official,2,"yes, registered under customer's name",yes,1,single
no checking account,51,no credits taken / all credits paid back duly,car (used),8966,unknown / no savings account,... >= 7 years,4,male,none,4,unknown / no property,58,stores,own,1,skilled employee / official,2,"yes, registered under customer's name",yes,1,single
0 <= ... < 200 DM,23,existing credits paid back duly till now,furniture/equipment,333,... < 100 DM,1 <= ... < 4 years,4,male,none,2,"car or other, not in savings account",28,none,own,1,unskilled - resident,1,none,yes,1,single
no checking account,21,critical account / other credits existing (not at this bank),business,6859,100 <= ... < 500 DM,1 <= ... < 4 years,4,male,none,3,real estate,19,none,rent,2,skilled employee / official,1,"yes, registered under customer's name",yes,1,married/widowed
no checking account,72,critical account / other credits existing (not at this bank),car (used),3108,... < 100 DM,... >= 7 years,1,male,none,4,unknown / no property,75,none,for free,2,skilled employee / official,1,"yes, registered under customer's name",yes,2,single
0 <= ... < 200 DM,21,delay in paying off in the past,radio/television,7129,... < 100 DM,1 <= ... < 4 years,3,female,none,4,"car or other, not in savings account",56,none,own,2,unskilled - resident,1,"yes, registered under customer's name",yes,1,divorced/separated
no checking account,4,existing credits paid back duly till now,radio/television,1320,... < 100 DM,... < 1 year,4,male,none,1,real estate,19,none,own,2,skilled employee / official,1,none,yes,1,married/widowed
0 <= ... < 200 DM,35,critical account / other credits existing (not at this bank),car (used),10135,... < 100 DM,1 <= ... < 4 years,3,male,none,4,"car or other, not in savings account",21,bank,rent,2,unskilled - resident,1,"yes, registered under customer's name",yes,1,divorced/separated
... < 0 DM,19,critical account / other credits existing (not at this bank),business,762,... < 100 DM,... >= 7 years,2,male,none,4,unknown / no property,44,bank,for free,2,skilled employee / official,2,none,yes,1,single
no checking account,4,critical account / other credits existing (not at this bank),car (new),2981,... < 100 DM,4 <= ... < 7 years,3,male,none,3,real estate,31,none,own,2,unskilled - resident,1,none,yes,1,single
no checking account,4,critical account / other credits existing (not at this bank),radio/television,1501,... < 100 DM,... < 1 year,4,male,none,2,real estate,66,none,own,2,unskilled - resident,1,none,yes,1,single
no checking account,11,critical account / other credits existing (not at this bank),radio/television,288,... < 100 DM,4 <= ... < 7 years,4,male,none,4,"car or other, not in savings account",45,none,own,2,skilled employee / official,1,none,yes,1,single
no checking account,18,existing credits paid back duly till now,furniture/equipment,2787,... < 100 DM,... < 1 year,4,female,none,1,building society savings agreement / life insurance,19,none,own,1,unskilled - resident,1,none,yes,1,divorced/separated
0 <= ... < 200 DM,15,critical account / other credits existing (not at this bank),radio/television,3266,... < 100 DM,... >= 7 years,4,male,none,4,"car or other, not in savings account",55,none,own,2,unskilled - resident,1,none,yes,2,single
0 <= ... < 200 DM,4,existing credits paid back duly till now,radio/television,15015,... < 100 DM,4 <= ... < 7 years,2,male,none,4,"car or other, not in savings account",29,none,rent,1,unskilled - resident,1,"yes, registered under customer's name",yes,2,divorced/separated
... < 0 DM,6,existing credits paid back duly till now,car (new),2082,... < 100 DM,1 <= ... < 4 years,4,male,none,3,real estate,54,none,own,1,unskilled - resident,1,none,yes,1,single
no checking account,58,existing credits paid back duly till now,business,3116,unknown / no savings account,... >= 7 years,4,male,none,4,"car or other, not in savings account",44,none,own,1,skilled employee / official,2,"yes, registered under customer's name",yes,1,single
0 <= ... < 200 DM,72,existing credits paid back duly till now,repairs,399,500 <= ... < 1000 DM,... >= 7 years,4,male,none,2,real estate,48,none,own,1,unskilled - resident,1,none,yes,1,married/widowed
no checking account,6,existing credits paid back duly till now,radio/television,1684,... < 100 DM,1 <= ... < 4 years,2,male,none,1,real estate,26,none,own,2,skilled employee / official,1,"yes, registered under customer's name",yes,1,divorced/separated
... >= 200 DM / salary assignments for at least 1 year,15,all credits at this bank paid back duly,car (used),7055,... < 100 DM,unemployed,2,male,none,4,"car or other, not in savings account",75,none,rent,1,unemployed / unskilled - non-resident,1,none,yes,1,divorced/separated
0 <= ... < 200 DM,12,existing credits paid back duly till now,furniture/equipment,3582,... < 100 DM,1 <= ... < 4 years,2,female,none,1,real estate,22,none,own,1,skilled employee / official,1,"yes, registered under customer's name",yes,2,divorced/separated
no checking account,53,critical account / other credits existing (not at this bank),radio/television,1255,500 <= ... < 1000 DM,4 <= ... < 7 years,2,male,co-applicant,2,"car or other, not in savings account",30,none,own,2,skilled employee / official,1,none,yes,1,single
no checking account,9,critical account / other credits existing (not at this bank),radio/television,1941,100 <= ... < 500 DM,... < 1 year,4,female,none,2,unknown / no property,19,none,own,2,skilled employee / official,1,none,yes,1,divorced/separated
no checking account,23,no credits taken / all credits paid back duly,car (new),2558,... >= 1000 DM,1 <= ... < 4 years,2,male,none,4,real estate,26,stores,own,2,unskilled - resident,1,none,yes,1,married/widowed
... < 0 DM,4,existing credits paid back duly till now,radio/television,713,unknown / no savings account,1 <= ... < 4 years,2,male,none,4,building society savings agreement / life insurance,43,bank,own,1,skilled employee / official,1,"yes, registered under customer's name",yes,2,single
no checking account,21,critical account / other credits existing (not at this bank),radio/television,292,... < 100 DM,... < 1 year,4,female,none,1,real estate,37,none,own,1,skilled employee / official,1,none,yes,1,divorced/separated
no checking account,20,existing credits paid back duly till now,radio/television,250,... < 100 DM,1 <= ... < 4 years,4,male,none,3,real estate,52,none,own,1,skilled employee / official,1,"yes, registered under customer's name",yes,1,divorced/separated
0 <= ... < 200 DM,58,critical account / other credits existing (not at this bank),radio/television,1533,... < 100 DM,1 <= ... < 4 years,3,male,none,2,building society savings agreement / life insurance,33,none,own,1,unskilled - resident,1,none,yes,1,single
no checking account,34,existing credits paid back duly till now,business,3219,unknown / no savings account,unemployed,2,male,none,4,unknown / no property,29,stores,rent,1,unemployed / unskilled - non-resident,1,"yes, registered under customer's name",no,1,single
no checking account,39,existing credits paid back duly till now,business,11277,unknown / no savings account,... >= 7 years,4,male,none,4,unknown / no property,57,bank,own,1,skilled employee / official,2,"yes, registered under customer's name",yes,2,single
... >= 200 DM / salary assignments for at least 1 year,24,existing credits paid back duly till now,furniture/equipment,250,... < 100 DM,... < 1 year,2,female,none,2,building society savings agreement / life insurance,22,none,own,2,skilled employee / official,1,none,yes,1,single
0 <= ... < 200 DM,8,critical account / other credits existing (not at this bank),business,771,... < 100 DM,1 <= ... < 4 years,4,male,none,4,"car or other, not in savings account",19,none,own,2,skilled employee / official,1,"yes, registered under customer's name",yes,1,single
0 <= ... < 200 DM,4,all credits at this bank paid back duly,business,4303,100 <= ... < 500 DM,1 <= ... < 4 years,2,male,none,3,"car or other, not in savings account",35,none,own,1,skilled employee / official,1,"yes, registered under customer's name",yes,1,divorced/separated
0 <= ... < 200 DM,27,critical account / other credits existing (not at this bank),radio/television,1663,unknown / no savings account,... >= 7 years,1,male,none,4,"car or other, not in savings account",44,bank,for free,1,management / self-employed / highly qualified employee / officer,1,"yes, registered under customer's name",yes,1,single
0 <= ... < 200 DM,4,existing credits paid back duly till now,radio/television,1172,... < 100 DM,1 <= ... < 4 years,2,female,none,2,building society savings agreement / life insurance,38,none,own,1,unskilled - resident,1,none,yes,1,divorced/separated
0 <= ... < 200 DM,11,existing credits paid back duly till now,education,6516,500 <= ... < 1000 DM,... < 1 year,2,male,none,4,unknown / no property,22,none,rent,2,management / self-employed / highly qualified employee / officer,1,"yes, registered under customer's name",yes,2,divorced/separated
0 <= ... < 200 DM,13,all credits at this bank paid back duly,radio/television,4710,... >= 1000 DM,1 <= ... < 4 years,2,male,guarantor,3,real estate,35,none,own,1,skilled employee / official,1,none,yes,1,divorced/separated
0 <= ... < 200 DM,38,existing credits paid back duly till now,radio/television,12816,... < 100 DM,1 <= ... < 4 years,4,male,none,4,building society savings agreement / life insurance,29,none,own,1,skilled employee / official,1,"yes, registered under customer's name",yes,2,single
0 <= ... < 200 DM,4,critical account / other credits existing (not at this bank),car (new),784,... < 100 DM,1 <= ... < 4 years,2,male,none,2,real estate,19,none,own,2,skilled employee / official,1,none,yes,1,divorced/separated
no checking account,4,existing credits paid back duly till now,car (new),250,... < 100 DM,1 <= ... < 4 years,3,male,none,2,real estate,54,none,own,1,unskilled - resident,1,none,yes,1,single
no checking account,17,critical account / other credits existing (not at this bank),education,250,100 <= ... < 500 DM,... >= 7 years,4,male,none,2,"car or other, not in savings account",25,none,own,2,unskilled - resident,1,none,yes,1,single
no checking account,6,critical account / other credits existing (not at this bank),radio/television,2642,unknown / no savings account,... >= 7 years,4,male,none,3,"car or other, not in savings account",42,none,own,2,management / self-employed / highly qualified employee / officer,1,none,yes,1,single
0 <= ... < 200 DM,72,delay in paying off in the past,business,12798,500 <= ... < 1000 DM,... >= 7 years,3,male,none,4,unknown / no property,31,bank,own,1,management / self-employed / highly qualified employee / officer,1,"yes, registered under customer's name",yes,1,single
no checking account,8,all credits at this bank paid back duly,others,583,500 <= ... < 1000 DM,... >= 7 years,2,male,none,4,building society savings agreement / life insurance,21,bank,for free,1,skilled employee / official,1,"yes, registered under customer's name",yes,1,single
no checking account,32,existing credits paid back duly till now,furniture/equipment,250,500 <= ... < 1000 DM,unemployed,4,male,none,2,building society savings agreement / life insurance,55,none,own,1,management / self-employed / highly qualified employee / officer,1,"yes, registered under customer's name",yes,2,single
... < 0 DM,7,existing credits paid back duly till now,radio/television,250,... < 100 DM,1 <= ... < 4 years,1,female,none,2,real estate,31,none,own,1,unskilled - resident,2,none,yes,2,married/widowed
... >= 200 DM / salary assignments for at least 1 year,13,no credits taken / all credits paid back duly,radio/television,3709,unknown / no savings account,4 <= ... < 7 years,2,male,guarantor,4,unknown / no property,65,none,for free,1,unskilled - resident,2,"yes, registered under customer's name",yes,2,single
no checking account,23,critical account / other credits existing (not at this bank),car (used),9586,... < 100 DM,... >= 7 years,2,male,none,4,"car or other, not in savings account",19,none,own,1,unskilled - resident,1,"yes, registered under customer's name",yes,1,single
no checking account,4,all credits at this bank paid back duly,car (new),4902,... < 100 DM,... < 1 year,4,female,guarantor,2,"car or other, not in savings account",70,stores,rent,1,skilled employee / official,1,none,yes,1,divorced/separated
no checking account,19,existing credits paid back duly till now,car (new),6472,... < 100 DM,... < 1 year,3,female,none,1,real estate,37,none,rent,1,skilled employee / official,1,none,yes,2,divorced/separated
no checking account,4,existing credits paid back duly till now,furniture/equipment,3513,... < 100 DM,... < 1 year,2,female,none,2,"car or other, not in savings account",26,none,rent,1,unskilled - resident,1,none,yes,2,divorced/separated
no checking account,13,delay in paying off in the past,radio/television,2331,... < 100 DM,1 <= ... < 4 years,4,female,none,1,real estate,33,none,own,1,unskilled - resident,1,none,yes,1,divorced/separated
0 <= ... < 200 DM,9,no credits taken / all credits paid back duly,furniture/equipment,6111,... < 100 DM,1 <= ... < 4 years,1,female,none,4,unknown / no property,37,none,rent,1,skilled employee / official,1,none,yes,2,divorced/separated
... < 0 DM,22,existing credits paid back duly till now,radio/television,6660,... < 100 DM,1 <= ... < 4 years,3,male,none,2,"car or other, not in savings account",45,none,own,1,skilled employee / official,1,"yes, registered under customer's name",yes,2,single
... < 0 DM,15,existing credits paid back duly till now,furniture/equipment,3826,... < 100 DM,... < 1 year,1,female,none,1,real estate,19,none,own,1,skilled employee / official,1,none,yes,1,divorced/separated
... < 0 DM,10,existing credits paid back duly till now,radio/television,5086,... < 100 DM,1 <= ... < 4 years,2,male,co-applicant,2,building society savings agreement / life insurance,75,bank,rent,1,skilled employee / official,1,none,no,2,divorced/separated
0 <= ... < 200 DM,24,existing credits paid back duly till now,furniture/equipment,1698,... < 100 DM,4 <= ... < 7 years,1,female,none,2,unknown / no property,29,none,rent,2,skilled employee / official,1,none,yes,2,divorced/separated
no checking account,4,existing credits paid back duly till now,radio/television,10171,500 <= ... < 1000 DM,4 <= ... < 7 years,3,male,co-applicant,2,"car or other, not in savings account",38,none,own,1,skilled employee / official,2,"yes, registered under customer's name",yes,2,divorced/separated
no checking account,12,delay in paying off in the past,radio/television,1948,100 <= ... < 500 DM,1 <= ... < 4 years,2,male,none,3,"car or other, not in savings account",29,none,own,1,skilled employee / official,1,none,yes,1,married/widowed
0 <= ... < 200 DM,13,existing credits paid back duly till now,radio/television,1254,unknown / no savings account,1 <= ... < 4 years,2,male,none,2,unknown / no property,27,none,own,2,unskilled - resident,1,"yes, registered under customer's name",yes,1,divorced/separated
0 <= ... < 200 DM,25,existing credits paid back duly till now,furniture/equipment,12738,... < 100 DM,... >= 7 years,3,male,none,3,"car or other, not in savings account",34,none,own,1,skilled employee / official,1,"yes, registered under customer's name",yes,1,married/widowed
0 <= ... < 200 DM,8,existing credits paid back duly till now,radio/television,1981,... < 100 DM,1 <= ... < 4 years,3,male,none,4,"car or other, not in savings account",60,none,own,2,unskilled - resident,1,none,yes,1,married/widowed
no checking account,4,critical account / other credits existing (not at this bank),radio/television,526,unknown / no savings account,1 <= ... < 4 years,4,male,none,2,real estate,23,none,own,2,skilled employee / official,2,none,yes,1,married/widowed
0 <= ... < 200 DM,21,existing credits paid back duly till now,car (new),1878,... >= 1000 DM,1 <= ... < 4 years,4,male,none,2,unknown / no property,36,none,rent,1,unskilled - resident,1,none,yes,1,divorced/separated
no checking account,4,existing credits paid back duly till now,repairs,250,... < 100 DM,... >= 7 years,4,male,none,3,real estate,19,none,for free,1,unskilled - resident,1,none,yes,1,divorced/separated
... < 0 DM,13,existing credits paid back duly till now,radio/television,1024,... < 100 DM,... < 1 year,2,male,none,2,building society savings agreement / life insurance,37,none,own,2,skilled employee / official,1,"yes, registered under customer's name",yes,2,single
no checking account,26,critical account / other credits existing (not at this bank),car (new),250,500 <= ... < 1000 DM,... >= 7 years,4,male,none,2,unknown / no property,19,bank,own,2,skilled employee / official,1,none,yes,2,single
no checking account,34,critical account / other credits existing (not at this bank),business,10173,unknown / no savings account,... >= 7 years,2,male,none,4,unknown / no property,24,none,for free,2,skilled employee / official,2,"yes, registered under customer's name",yes,1,single
... < 0 DM,20,existing credits paid back duly till now,car (used),1946,... < 100 DM,... < 1 year,2,male,none,2,building society savings agreement / life insurance,44,bank,for free,1,skilled employee / official,1,none,yes,1,divorced/separated
... < 0 DM,28,existing credits paid back duly till now,car (used),3471,100 <= ... < 500 DM,4 <= ... < 7 years,3,male,none,4,"car or other, not in savings account",32,none,own,1,skilled employee / official,1,none,yes,2,divorced/separated
0 <= ... < 200 DM,4,critical account / other credits existing (not at this bank),furniture/equipment,250,... < 100 DM,1 <= ... < 4 years,4,female,none,4,unknown / no property,44,none,own,3,unemployed / unskilled - non-resident,1,none,yes,2,divorced/separated
... < 0 DM,22,delay in paying off in the past,education,8607,100 <= ... < 500 DM,unemployed,1,male,none,2,building society savings agreement / life insurance,35,none,own,1,skilled employee / official,1,none,yes,1,single
0 <= ... < 200 DM,23,existing credits paid back duly till now,furniture/equipment,4938,... < 100 DM,1 <= ... < 4 years,1,female,none,2,real estate,29,none,rent,1,skilled employee / official,1,none,yes,2,divorced/separated
0 <= ... < 200 DM,16,existing credits paid back duly till now,furniture/equipment,2735,... < 100 DM,1 <= ... < 4 years,2,male,none,1,"car or other, not in savings account",24,stores,rent,1,unemployed / unskilled - non-resident,1,"yes, registered under customer's name",yes,1,divorced/separated
no checking account,12,critical account / other credits existing (not at this bank),car (used),2190,unknown / no savings account,... >= 7 years,2,male,none,4,building society savings agreement / life insurance,65,none,own,2,management / self-employed / highly qualified employee / officer,2,"yes, registered under customer's name",yes,1,single
... >= 200 DM / salary assignments for at least 1 year,21,existing credits paid back duly till now,domestic appliances,250,... >= 1000 DM,... < 1 year,1,female,co-applicant,2,"car or other, not in savings account",37,none,own,1,skilled employee / official,1,none,yes,1,married/widowed
no checking account,11,existing credits paid back duly till now,furniture/equipment,950,... < 100 DM,... < 1 year,2,female,none,4,"car or other, not in savings account",22,none,own,1,unskilled - resident,1,none,yes,2,married/widowed
no checking account,19,existing credits paid back duly till now,furniture/equipment,2680,unknown / no savings account,1 <= ... < 4 years,2,male,none,3,"car or other, not in savings account",29,none,own,1,skilled employee / official,1,none,yes,2,married/widowed
no checking account,6,all credits at this bank paid back duly,repairs,2323,... < 100 DM,unemployed,3,male,none,4,unknown / no property,51,none,own,1,unskilled - resident,1,none,yes,1,divorced/separated
no checking account,21,delay in paying off in the past,business,3104,... < 100 DM,... < 1 year,2,female,none,3,"car or other, not in savings account",33,none,rent,2,skilled employee / official,2,none,yes,1,single
0 <= ... < 200 DM,29,existing credits paid back duly till now,radio/television,5523,... < 100 DM,unemployed,4,male,none,4,unknown / no property,35,none,own,1,skilled employee / official,1,"yes, registered under customer's name",yes,1,divorced/separated
0 <= ... < 200 DM,19,existing credits paid back duly till now,education,3045,... < 100 DM,... < 1 year,1,male,none,4,"car or other, not in savings account",35,none,own,1,skilled employee / official,1,"yes, registered under customer's name",yes,1,divorced/separated
0 <= ... < 200 DM,29,critical account / other credits existing (not at this bank),car (new),6059,... < 100 DM,... >= 7 years,2,male,none,4,"car or other, not in savings account",40,none,own,1,management / self-employed / highly qualified employee / officer,1,"yes, registered under customer's name",yes,2,single
0 <= ... < 200 DM,37,critical account / other credits existing (not at this bank),radio/television,15945,... < 100 DM,1 <= ... < 4 years,2,male,none,3,"car or other, not in savings account",38,bank,own,2,skilled employee / official,1,none,yes,2,single
... < 0 DM,18,existing credits paid back duly till now,radio/television,6062,100 <= ... < 500 DM,... < 1 year,4,female,none,1,"car or other, not in savings account",29,none,rent,1,skilled employee / official,1,none,yes,2,divorced/separated
no checking account,15,critical account / other credits existing (not at this bank),car (new),3455,500 <= ... < 1000 DM,... >= 7 years,2,male,co-applicant,4,"car or other, not in savings account",30,none,own,1,skilled employee / official,2,"yes, registered under customer's name",no,1,single
... < 0 DM,16,existing credits paid back duly till now,business,2981,... < 100 DM,... >= 7 years,3,male,none,2,real estate,27,stores,own,2,management / self-employed / highly qualified employee / officer,2,"yes, registered under customer's name",yes,1,single
... < 0 DM,28,all credits at this bank paid back duly,radio/television,6662,... < 100 DM,1 <= ... < 4 years,3,male,none,4,building society savings agreement / life insurance,24,none,rent,1,skilled employee / official,1,none,yes,2,single
no checking account,4,critical account / other credits existing (not at this bank),radio/television,3589,... < 100 DM,... < 1 year,2,male,none,2,real estate,32,none,own,1,unskilled - resident,1,none,yes,1,single
0 <= ... < 200 DM,18,no credits taken / all credits paid back duly,car (new),10218,... < 100 DM,unemployed,2,male,none,4,unknown / no property,71,bank,rent,1,management / self-employed / highly qualified employee / officer,1,"yes, registered under customer's name",yes,1,single
no checking account,13,critical account / other credits existing (not at this bank),car (used),814,... < 100 DM,4 <= ... < 7 years,3,female,none,3,real estate,35,none,own,1,unskilled - resident,2,none,yes,1,married/widowed
... < 0 DM,36,critical account / other credits existing (not at this bank),radio/television,366,100 <= ... < 500 DM,4 <= ... < 7 years,1,male,none,2,"car or other, not in savings account",75,none,own,2,skilled employee / official,1,"yes, registered under customer's name",yes,1,single
0 <= ... < 200 DM,36,existing credits paid back duly till now,others,5958,... < 100 DM,unemployed,1,male,none,1,building society savings agreement / life insurance,30,none,own,1,skilled employee / official,1,"yes, registered under customer's name",no,1,single
no checking account,4,all credits at this bank paid back duly,business,250,... < 100 DM,1 <= ... < 4 years,2,male,none,2,building society savings agreement / life insurance,36,none,own,2,unskilled - resident,1,none,yes,1,single
... >= 200 DM / salary assignments for at least 1 year,33,delay in paying off in the past,radio/television,8642,100 <= ... < 500 DM,1 <= ... < 4 years,3,male,co-applicant,3,real estate,43,none,own,2,skilled employee / official,1,"yes, registered under customer's name",yes,2,single
no checking account,19,existing credits paid back duly till now,radio/television,3384,... < 100 DM,1 <= ... < 4 years,4,male,none,2,building society savings agreement / life insurance,35,none,own,2,skilled employee / official,1,none,yes,2,single
0 <= ... < 200 DM,13,all credits at this bank paid back duly,others,3791,100 <= ... < 500 DM,unemployed,2,male,none,4,"car or other, not in savings account",24,none,own,1,unskilled - resident,1,"yes, registered under customer's name",yes,1,single
no checking account,23,all credits at this bank paid back duly,furniture/equipment,10705,... < 100 DM,... >= 7 years,2,male,none,3,"car or other, not in savings account",20,none,own,2,skilled employee / official,1,"yes, registered under customer's name",yes,1,single
... >= 200 DM / salary assignments for at least 1 year,24,existing credits paid back duly till now,radio/television,2111,500 <= ... < 1000 DM,4 <= ... < 7 years,4,male,guarantor,3,"car or other, not in savings account",36,none,own,1,skilled employee / official,1,none,yes,1,married/widowed
0 <= ... < 200 DM,4,critical account / other credits existing (not at this bank),business,3670,100 <= ... < 500 DM,... >= 7 years,4,female,guarantor,4,unknown / no property,28,bank,own,1,unskilled - resident,2,none,yes,2,single
0 <= ... < 200 DM,6,existing credits paid back duly till now,business,15945,... >= 1000 DM,4 <= ... < 7 years,2,female,none,4,building society savings agreement / life insurance,41,none,own,1,skilled employee / official,1,none,yes,2,divorced/separated
0 <= ... < 200 DM,4,critical account / other credits existing (not at this bank),furniture/equipment,10442,100 <= ... < 500 DM,4 <= ... < 7 years,4,female,none,3,"car or other, not in savings account",23,none,rent,1,skilled employee / official,1,"yes, registered under customer's name",yes,1,divorced/separated
0 <= ... < 200 DM,22,delay in paying off in the past,business,6113,... >= 1000 DM,unemployed,2,male,none,4,building society savings agreement / life insurance,19,none,own,2,skilled employee / official,1,"yes, registered under customer's name",yes,1,single
... < 0 DM,4,delay in paying off in the past,radio/television,250,... >= 1000 DM,1 <= ... < 4 years,2,male,none,3,unknown / no property,55,none,own,2,skilled employee / official,1,"yes, registered under customer's name",yes,1,single
... < 0 DM,13,existing credits paid back duly till now,radio/television,2086,... < 100 DM,1 <= ... < 4 years,4,female,none,1,"car or other, not in savings account",32,none,rent,1,skilled employee / official,1,none,yes,1,divorced/separated
no checking account,71,critical account / other credits existing (not at this bank),radio/television,1241,... < 100 DM,... >= 7 years,2,male,none,4,"car or other, not in savings account",38,none,own,2,management / self-employed / highly qualified employee / officer,1,"yes, registered under customer's name",yes,1,single
no checking account,10,critical account / other credits existing (not at this bank),radio/television,2709,... < 100 DM,... >= 7 years,2,male,none,2,building society savings agreement / life insurance,71,none,own,1,unskilled - resident,1,none,yes,1,single
0 <= ... < 200 DM,28,delay in paying off in the past,business,3063,... < 100 DM,1 <= ... < 4 years,4,male,none,4,"car or other, not in savings account",42,none,rent,1,unskilled - resident,1,none,no,2,married/widowed
0 <= ... < 200 DM,42,delay in paying off in the past,car (used),6356,100 <= ... < 500 DM,4 <= ... < 7 years,2,male,guarantor,4,building society savings agreement / life insurance,62,stores,rent,1,unemployed / unskilled - non-resident,1,"yes, registered under customer's name",yes,1,single
... >= 200 DM / salary assignments for at least 1 year,13,critical account / other credits existing (not at this bank),business,250,100 <= ... < 500 DM,1 <= ... < 4 years,2,male,none,2,real estate,19,none,own,1,unskilled - resident,1,"yes, registered under customer's name",yes,1,single
no checking account,5,delay in paying off in the past,radio/television,1977,... < 100 DM,4 <= ... < 7 years,4,male,none,2,building society savings agreement / life insurance,29,none,own,2,unskilled - resident,1,"yes, registered under customer's name",yes,1,single
... < 0 DM,21,existing credits paid back duly till now,furniture/equipment,1681,... < 100 DM,... >= 7 years,4,male,none,4,real estate,70,none,for free,1,unskilled - resident,1,none,yes,1,single
no checking account,4,critical account / other credits existing (not at this bank),domestic appliances,671,unknown / no savings account,... >= 7 years,4,male,none,3,unknown / no property,56,none,own,2,skilled employee / official,2,none,yes,1,single
... < 0 DM,9,existing credits paid back duly till now,radio/television,3225,unknown / no savings account,... < 1 year,4,male,none,2,real estate,26,none,own,2,unskilled - resident,1,none,yes,1,divorced/separated
no checking account,20,no credits taken / all credits paid back duly,radio/television,1167,... < 100 DM,1 <= ... < 4 years,3,male,none,1,"car or other, not in savings account",29,none,own,2,skilled employee / official,1,"yes, registered under customer's name",yes,1,single
0 <= ... < 200 DM,25,delay in paying off in the past,car (used),8643,... < 100 DM,... >= 7 years,4,male,none,4,unknown / no property,75,none,own,1,unskilled - resident,2,"yes, registered under customer's name",yes,1,single
... < 0 DM,13,critical account / other credits existing (not at this bank),education,1469,... < 100 DM,... >= 7 years,4,male,none,4,unknown / no property,22,none,own,2,skilled employee / official,2,"yes, registered under customer's name",yes,1,single
no checking account,24,existing credits paid back duly till now,furniture/equipment,6548,... < 100 DM,1 <= ... < 4 years,2,male,none,3,unknown / no property,29,bank,for free,1,skilled employee / official,1,"yes, registered under customer's name",yes,2,single
no checking account,4,delay in paying off in the past,radio/television,402,unknown / no savings account,... >= 7 years,3,male,none,3,"car or other, not in savings account",75,bank,own,1,skilled employee / official,1,"yes, registered under customer's name",yes,1,single
0 <= ... < 200 DM,60,existing credits paid back duly till now,car (used),15945,100 <= ... < 500 DM,unemployed,1,female,none,1,"car or other, not in savings account",29,none,rent,1,management / self-employed / highly qualified employee / officer,1,"yes, registered under customer's name",yes,2,divorced/separated
no checking account,4,critical account / other credits existing (not at this bank),radio/television,250,... < 100 DM,1 <= ... < 4 years,4,male,none,3,real estate,38,none,own,1,unskilled - resident,1,none,yes,1,married/widowed
no checking account,40,delay in paying off in the past,car (used),4422,... < 100 DM,4 <= ... < 7 years,4,male,none,4,unknown / no property,28,none,for free,1,unemployed / unskilled - non-resident,1,"yes, registered under customer's name",yes,2,single
no checking account,16,critical account / other credits existing (not at this bank),furniture/equipment,10252,... < 100 DM,1 <= ... < 4 years,2,male,none,2,real estate,40,none,own,2,skilled employee / official,1,none,yes,1,single
... < 0 DM,25,existing credits paid back duly till now,car (used),15773,... < 100 DM,unemployed,2,male,none,4,"car or other, not in savings account",33,bank,for free,1,management / self-employed / highly qualified employee / officer,1,"yes, registered under customer's name",yes,1,divorced/separated
no checking account,27,existing credits paid back duly till now,radio/television,3126,100 <= ... < 500 DM,1 <= ... < 4 years,4,male,none,2,building society savings agreement / life insurance,23,none,own,2,skilled employee / official,1,"yes, registered under customer's name",yes,1,divorced/separated
... < 0 DM,25,critical account / other credits existing (not at this bank),radio/television,3499,... < 100 DM,1 <= ... < 4 years,2,male,none,4,"car or other, not in savings account",71,none,own,1,skilled employee / official,1,"yes, registered under customer's name",yes,2,single
... < 0 DM,10,existing credits paid back duly till now,car (used),1311,... < 100 DM,1 <= ... < 4 years,4,male,none,4,building society savings agreement / life insurance,57,none,own,2,unskilled - resident,1,"yes, registered under customer's name",yes,1,single
0 <= ... < 200 DM,26,existing credits paid back duly till now,radio/television,2458,... < 100 DM,... < 1 year,4,male,co-applicant,2,real estate,19,none,own,2,skilled employee / official,1,none,yes,1,divorced/separated
... < 0 DM,70,critical account / other credits existing (not at this bank),radio/television,8487,... < 100 DM,... >= 7 years,4,male,co-applicant,4,building society savings agreement / life insurance,52,none,own,2,management / self-employed / highly qualified employee / officer,1,"yes, registered under customer's name",yes,1,single
no checking account,4,critical account / other credits existing (not at this bank),repairs,599,... < 100 DM,unemployed,4,female,none,2,real estate,75,none,own,2,skilled employee / official,2,none,yes,1,single
no checking account,26,existing credits paid back duly till now,car (new),1232,... >= 1000 DM,... >= 7 years,2,male,none,4,unknown / no property,51,none,rent,1,unskilled - resident,1,"yes, registered under customer's name",yes,1,single
no checking account,4,existing credits paid back duly till now,car (new),250,... >= 1000 DM,4 <= ... < 7 years,2,male,none,2,"car or other, not in savings account",30,none,own,2,skilled employee / official,1,none,yes,1,divorced/separated
0 <= ... < 200 DM,41,critical account / other credits existing (not at this bank),car (new),1969,100 <= ... < 500 DM,1 <= ... < 4 years,2,female,none,4,building society savings agreement / life insurance,36,none,own,1,skilled employee / official,1,none,no,1,divorced/separated
0 <= ... < 200 DM,4,existing credits paid back duly till now,radio/television,250,... < 100 DM,4 <= ... < 7 years,4,female,none,2,real estate,29,none,own,1,skilled employee / official,1,none,yes,1,divorced/separated
... >= 200 DM / salary assignments for at least 1 year,4,existing credits paid back duly till now,radio/television,250,100 <= ... < 500 DM,1 <= ... < 4 years,1,female,guarantor,2,real estate,45,none,own,3,unskilled - resident,1,none,yes,1,divorced/separated
... < 0 DM,28,existing credits paid back duly till now,car (new),2758,... < 100 DM,4 <= ... < 7 years,2,female,none,1,"car or other, not in savings account",25,none,rent,4,skilled employee / official,1,none,yes,2,divorced/separated
no checking account,6,existing credits paid back duly till now,radio/television,1123,100 <= ... < 500 DM,... < 1 year,2,female,none,3,"car or other, not in savings account",28,none,own,1,unskilled - resident,1,none,no,1,divorced/separated
no checking account,19,existing credits paid back duly till now,car (new),1221,... < 100 DM,1 <= ... < 4 years,2,male,none,3,building society savings agreement / life insurance,30,none,own,1,unskilled - resident,1,none,yes,2,single
no checking account,72,critical account / other credits existing (not at this bank),business,7853,500 <= ... < 1000 DM,1 <= ... < 4 years,2,male,none,4,"car or other, not in savings account",40,none,own,1,unskilled - resident,2,"yes, registered under customer's name",yes,1,single
no checking account,19,existing credits paid back duly till now,radio/television,402,... < 100 DM,4 <= ... < 7 years,2,male,none,4,building society savings agreement / life insurance,41,none,for free,1,skilled employee / official,1,"yes, registered under customer's name",yes,2,single
0 <= ... < 200 DM,35,all credits at this bank paid back duly,business,3373,100 <= ... < 500 DM,1 <= ... < 4 years,2,male,none,2,building society savings agreement / life insurance,38,none,rent,1,skilled employee / official,1,none,yes,1,single
... >= 200 DM / salary assignments for at least 1 year,27,existing credits paid back duly till now,radio/television,250,... < 100 DM,4 <= ... < 7 years,4,male,none,3,real estate,38,none,own,2,unskilled - resident,1,none,yes,1,divorced/separated
no checking account,8,critical account / other credits existing (not at this bank),radio/television,1505,... < 100 DM,... >= 7 years,4,female,none,4,real estate,35,bank,own,2,skilled employee / official,1,none,yes,1,divorced/separated
... >= 200 DM / salary assignments for at least 1 year,8,critical account / other credits existing (not at this bank),radio/television,1454,100 <= ... < 500 DM,1 <= ... < 4 years,2,female,none,4,"car or other, not in savings account",32,none,own,1,skilled employee / official,2,none,yes,1,divorced/separated
no checking account,4,existing credits paid back duly till now,radio/television,636,... < 100 DM,1 <= ... < 4 years,4,female,none,1,real estate,20,none,own,1,unskilled - resident,1,none,yes,1,married/widowed
0 <= ... < 200 DM,4,existing credits paid back duly till now,radio/television,3699,... < 100 DM,... < 1 year,1,female,none,1,"car or other, not in savings account",26,none,rent,1,unskilled - resident,1,none,yes,2,divorced/separated
0 <= ... < 200 DM,15,delay in paying off in the past,car (new),13279,... < 100 DM,4 <= ... < 7 years,2,male,none,2,"car or other, not in savings account",23,bank,own,1,unskilled - resident,1,none,yes,1,divorced/separated
0 <= ... < 200 DM,72,existing credits paid back duly till now,car (used),12861,... < 100 DM,... >= 7 years,1,female,none,4,building society savings agreement / life insurance,43,bank,own,1,management / self-employed / highly qualified employee / officer,1,"yes, registered under customer's name",yes,2,divorced/separated
no checking account,4,critical account / other credits existing (not at this bank),retraining,250,... < 100 DM,... >= 7 years,4,male,none,3,building society savings agreement / life insurance,75,none,own,2,management / self-employed / highly qualified employee / officer,1,"yes, registered under customer's name",yes,1,single
0 <= ... < 200 DM,71,existing credits paid back duly till now,radio/television,6419,... < 100 DM,1 <= ... < 4 years,4,female,none,4,"car or other, not in savings account",42,none,for free,1,skilled employee / official,1,"yes, registered under customer's name",yes,2,divorced/separated
no checking account,17,existing credits paid back duly till now,business,2391,... < 100 DM,4 <= ... < 7 years,3,male,none,4,unknown / no property,32,none,own,1,unemployed / unskilled - non-resident,1,none,yes,1,divorced/separated
no checking account,4,existing credits paid back duly till now,radio/television,2017,... < 100 DM,1 <= ... < 4 years,2,male,none,4,"car or other, not in savings account",47,none,rent,1,management / self-employed / highly qualified employee / officer,1,none,yes,1,divorced/separated
no checking account,27,critical account / other credits existing (not at this bank),furniture/equipment,3024,... < 100 DM,1 <= ... < 4 years,4,female,none,2,real estate,28,none,own,3,skilled employee / official,1,none,no,1,divorced/separated
no checking account,9,existing credits paid back duly till now,others,3496,100 <= ... < 500 DM,1 <= ... < 4 years,4,male,none,4,real estate,29,none,own,2,skilled employee / official,1,none,yes,2,single
no checking account,23,existing credits paid back duly till now,radio/television,3301,... < 100 DM,... < 1 year,2,female,none,2,real estate,36,none,own,1,unskilled - resident,1,none,yes,1,divorced/separated
... < 0 DM,50,delay in paying off in the past,car (used),12574,... < 100 DM,... >= 7 years,2,male,none,4,building society savings agreement / life insurance,46,bank,for free,1,management / self-employed / highly qualified employee / officer,1,"yes, registered under customer's name",yes,2,single
no checking account,4,critical account / other credits existing (not at this bank),others,2342,100 <= ... < 500 DM,1 <= ... < 4 years,3,female,none,2,building society savings agreement / life insurance,29,none,rent,1,unskilled - resident,1,"yes, registered under customer's name",yes,1,single
no checking account,4,critical account / other credits existing (not at this bank),radio/television,250,... < 100 DM,1 <= ... < 4 years,2,male,none,2,real estate,36,none,own,2,unskilled - resident,1,none,yes,1,divorced/separated
no checking account,29,existing credits paid back duly till now,radio/television,12718,... < 100 DM,1 <= ... < 4 years,2,male,none,1,"car or other, not in savings account",53,none,own,1,skilled employee / official,1,"yes, registered under customer's name",yes,1,married/widowed
no checking account,11,critical account / other credits existing (not at this bank),business,250,... < 100 DM,... >= 7 years,4,male,none,2,real estate,75,none,own,2,unskilled - resident,1,none,yes,1,single
0 <= ... < 200 DM,17,existing credits paid back duly till now,radio/television,6587,... < 100 DM,1 <= ... < 4 years,4,female,co-applicant,1,building society savings agreement / life insurance,36,none,rent,4,skilled employee / official,1,none,yes,1,divorced/separated
no checking account,22,existing credits paid back duly till now,radio/television,1874,... < 100 DM,1 <= ... < 4 years,1,female,none,1,real estate,35,none,own,2,skilled employee / official,1,none,yes,1,divorced/separated
no checking account,4,critical account / other credits existing (not at this bank),radio/television,250,... < 100 DM,1 <= ... < 4 years,2,male,none,3,real estate,33,none,own,1,unskilled - resident,1,none,yes,1,single
no checking account,4,existing credits paid back duly till now,domestic appliances,710,... < 100 DM,1 <= ... < 4 years,2,female,none,1,unknown / no property,27,stores,rent,1,skilled employee / official,1,"yes, registered under customer's name",yes,1,married/widowed
no checking account,4,critical account / other credits existing (not at this bank),radio/television,2429,unknown / no savings account,... >= 7 years,4,male,none,3,real estate,25,none,own,2,skilled employee / official,2,"yes, registered under customer's name",yes,1,single
0 <= ... < 200 DM,4,existing credits paid back duly till now,car (new),4908,100 <= ... < 500 DM,... < 1 year,2,female,none,4,real estate,35,none,rent,1,unskilled - resident,1,"yes, registered under customer's name",yes,1,single
no checking account,4,existing credits paid back duly till now,car (new),1037,... < 100 DM,1 <= ... < 4 years,4,male,none,3,real estate,75,none,own,1,unskilled - resident,1,none,yes,1,married/widowed
no checking account,4,existing credits paid back duly till now,education,353,... < 100 DM,1 <= ... < 4 years,1,female,none,2,"car or other, not in savings account",30,none,own,1,skilled employee / official,1,none,no,1,divorced/separated
no checking account,20,existing credits paid back duly till now,car (new),776,... < 100 DM,1 <= ... < 4 years,4,male,none,4,real estate,28,none,own,2,skilled employee / official,2,"yes, registered under customer's name",yes,1,single
0 <= ... < 200 DM,43,critical account / other credits existing (not at this bank),car (used),11501,... >= 1000 DM,1 <= ... < 4 years,4,male,guarantor,1,"car or other, not in savings account",38,stores,own,1,skilled employee / official,1,"yes, registered under customer's name",yes,1,single
0 <= ... < 200 DM,37,critical account / other credits existing (not at this bank),car (used),4728,... < 100 DM,... >= 7 years,3,male,none,4,unknown / no property,61,none,own,1,management / self-employed / highly qualified employee / officer,1,"yes, registered under customer's name",yes,2,single
no checking account,4,delay in paying off in the past,car (new),250,... < 100 DM,1 <= ... < 4 years,3,male,none,2,real estate,25,none,own,2,skilled employee / official,1,none,yes,1,single
no checking account,4,existing credits paid back duly till now,car (new),2117,... < 100 DM,4 <= ... < 7 years,1,female,none,2,"car or other, not in savings account",26,none,own,1,unskilled - resident,1,none,yes,1,divorced/separated
0 <= ... < 200 DM,21,critical account / other credits existing (not at this bank),radio/television,3787,... < 100 DM,1 <= ... < 4 years,1,female,none,1,"car or other, not in savings account",29,none,rent,1,skilled employee / official,1,"yes, registered under customer's name",yes,1,divorced/separated
no checking account,4,critical account / other credits existing (not at this bank),car (new),250,... >= 1000 DM,4 <= ... < 7 years,3,male,none,3,building society savings agreement / life insurance,40,none,own,2,skilled employee / official,2,none,yes,1,single
... >= 200 DM / salary assignments for at least 1 year,5,existing credits paid back duly till now,radio/television,250,... < 100 DM,1 <= ... < 4 years,1,female,none,2,"car or other, not in savings account",19,none,own,1,unskilled - resident,1,none,yes,2,divorced/separated
0 <= ... < 200 DM,22,critical account / other credits existing (not at this bank),car (new),5758,... < 100 DM,... >= 7 years,2,male,none,4,building society savings agreement / life insurance,61,none,own,2,skilled employee / official,1,none,yes,1,single
0 <= ... < 200 DM,5,critical account / other credits existing (not at this bank),radio/television,250,... < 100 DM,4 <= ... < 7 years,1,male,none,3,unknown / no property,19,none,own,2,unskilled - resident,1,none,yes,1,single
no checking account,4,all credits at this bank paid back duly,radio/television,2300,... < 100 DM,1 <= ... < 4 years,4,male,none,2,real estate,50,none,own,2,unskilled - resident,1,"yes, registered under customer's name",yes,1,single
0 <= ... < 200 DM,8,existing credits paid back duly till now,furniture/equipment,3279,500 <= ... < 1000 DM,... < 1 year,1,female,none,1,building society savings agreement / life insurance,19,none,rent,1,skilled employee / official,1,none,yes,2,divorced/separated
no checking account,4,critical account / other credits existing (not at this bank),radio/television,3476,unknown / no savings account,1 <= ... < 4 years,2,male,none,2,"car or other, not in savings account",47,none,own,1,skilled employee / official,1,none,yes,2,divorced/separated
0 <= ... < 200 DM,28,existing credits paid back duly till now,car (new),1211,... < 100 DM,... >= 7 years,4,male,co-applicant,3,building society savings agreement / life insurance,20,none,own,1,management / self-employed / highly qualified employee / officer,1,"yes, registered under customer's name",yes,1,single
... < 0 DM,4,delay in paying off in the past,radio/television,6557,... < 100 DM,... < 1 year,1,female,none,4,"car or other, not in savings account",59,none,own,1,unskilled - resident,1,none,yes,1,married/widowed
0 <= ... < 200 DM,14,delay in paying off in the past,business,3008,unknown / no savings account,unemployed,1,male,none,2,"car or other, not in savings account",34,none,rent,1,skilled employee / official,1,none,yes,2,married/widowed
0 <= ... < 200 DM,50,delay in paying off in the past,furniture/equipment,6374,unknown / no savings account,1 <= ... < 4 years,1,male,none,4,unknown / no property,75,none,rent,1,management / self-employed / highly qualified employee / officer,1,"yes, registered under customer's name",yes,2,single
0 <= ... < 200 DM,21,existing credits paid back duly till now,radio/television,4504,... < 100 DM,... < 1 year,2,female,none,4,"car or other, not in savings account",35,bank,rent,1,skilled employee / official,1,none,yes,2,divorced/separated
no checking account,27,delay in paying off in the past,domestic appliances,10405,... < 100 DM,... >= 7 years,4,male,co-applicant,4,"car or other, not in savings account",40,stores,own,2,unskilled - resident,1,none,yes,1,single
0 <= ... < 200 DM,4,critical account / other credits existing (not at this bank),radio/television,5652,100 <= ... < 500 DM,... >= 7 years,2,male,none,4,unknown / no property,64,none,for free,2,skilled employee / official,2,"yes, registered under customer's name",yes,2,single
0 <= ... < 200 DM,4,all credits at this bank paid back duly,business,15195,500 <= ... < 1000 DM,... >= 7 years,1,male,none,4,unknown / no property,75,bank,for free,1,skilled employee / official,1,"yes, registered under customer's name",yes,1,single
... < 0 DM,22,existing credits paid back duly till now,radio/television,2335,500 <= ... < 1000 DM,1 <= ... < 4 years,3,male,none,2,real estate,29,none,own,1,skilled employee / official,1,none,yes,1,divorced/separated
no checking account,6,existing credits paid back duly till now,car (new),2704,unknown / no savings account,... >= 7 years,2,male,none,4,real estate,33,none,own,1,unskilled - resident,1,none,yes,1,divorced/separated
no checking account,4,existing credits paid back duly till now,radio/television,3044,unknown / no savings account,unemployed,1,male,none,2,real estate,29,none,own,1,unskilled - resident,1,none,yes,1,married/widowed
0 <= ... < 200 DM,16,existing credits paid back duly till now,radio/television,2817,500 <= ... < 1000 DM,... < 1 year,2,female,none,1,building society savings agreement / life insurance,28,none,rent,1,skilled employee / official,1,none,yes,2,divorced/separated
... >= 200 DM / salary assignments for at least 1 year,20,existing credits paid back duly till now,education,2056,unknown / no savings account,... >= 7 years,4,male,none,2,building society savings agreement / life insurance,19,none,own,1,skilled employee / official,2,none,yes,1,single
no checking account,4,existing credits paid back duly till now,radio/television,353,... < 100 DM,1 <= ... < 4 years,2,male,none,2,real estate,55,none,own,2,skilled employee / official,1,none,yes,1,single
0 <= ... < 200 DM,21,delay in paying off in the past,car (new),3884,unknown / no savings account,1 <= ... < 4 years,2,male,none,2,"car or other, not in savings account",31,none,own,1,unskilled - resident,2,"yes, registered under customer's name",no,1,married/widowed
0 <= ... < 200 DM,60,no credits taken / all credits paid back duly,furniture/equipment,1265,unknown / no savings account,... < 1 year,3,female,none,2,"car or other, not in savings account",20,none,rent,1,skilled employee / official,1,none,yes,1,divorced/separated
0 <= ... < 200 DM,66,no credits taken / all credits paid back duly,repairs,11666,100 <= ... < 500 DM,4 <= ... < 7 years,2,male,none,4,building society savings agreement / life insurance,19,none,own,2,management / self-employed / highly qualified employee / officer,2,"yes, registered under customer's name",yes,1,single
0 <= ... < 200 DM,27,existing credits paid back duly till now,car (used),4442,... < 100 DM,... < 1 year,2,female,none,4,building society savings agreement / life insurance,42,none,for free,1,unskilled - resident,1,"yes, registered under customer's name",yes,2,single
0 <= ... < 200 DM,43,existing credits paid back duly till now,furniture/equipment,12217,... < 100 DM,... >= 7 years,3,male,none,3,unknown / no property,60,bank,for free,2,management / self-employed / highly qualified employee / officer,2,"yes, registered under customer's name",yes,1,single
no checking account,54,all credits at this bank paid back duly,radio/television,1598,unknown / no savings account,... >= 7 years,2,male,none,4,unknown / no property,35,none,own,2,management / self-employed / highly qualified employee / officer,1,"yes, registered under customer's name",yes,1,single
no checking account,9,critical account / other credits existing (not at this bank),car (used),11440,... < 100 DM,4 <= ... < 7 years,2,male,none,2,building society savings agreement / life insurance,50,none,rent,1,skilled employee / official,1,none,no,2,single
no checking account,4,critical account / other credits existing (not at this bank),radio/television,927,... < 100 DM,1 <= ... < 4 years,4,female,none,3,real estate,28,none,own,2,skilled employee / official,1,none,yes,1,married/widowed
... < 0 DM,11,all credits at this bank paid back duly,car (used),2810,... < 100 DM,... >= 7 years,1,male,none,4,real estate,24,none,own,1,unskilled - resident,1,none,yes,2,single
no checking account,51,delay in paying off in the past,car (new),10399,unknown / no savings account,... >= 7 years,1,male,none,4,unknown / no property,43,none,for free,2,unskilled - resident,1,"yes, registered under customer's name",yes,1,single
no checking account,4,delay in paying off in the past,education,3073,... < 100 DM,... < 1 year,2,male,none,4,"car or other, not in savings account",26,none,own,1,skilled employee / official,1,none,yes,1,single
... < 0 DM,4,existing credits paid back duly till now,car (used),6837,... < 100 DM,... >= 7 years,4,male,none,4,building society savings agreement / life insurance,35,bank,own,1,management / self-employed / highly qualified employee / officer,1,"yes, registered under customer's name",yes,2,single
0 <= ... < 200 DM,4,existing credits paid back duly till now,others,2321,... < 100 DM,... < 1 year,2,female,co-applicant,4,"car or other, not in savings account",29,none,rent,1,skilled employee / official,1,none,yes,2,divorced/separated
no checking account,32,existing credits paid back duly till now,education,12538,... < 100 DM,... >= 7 years,4,male,none,4,unknown / no property,26,none,own,2,skilled employee / official,1,"yes, registered under customer's name",yes,2,single
0 <= ... < 200 DM,27,existing credits paid back duly till now,radio/television,7250,500 <= ... < 1000 DM,... >= 7 years,1,male,guarantor,4,building society savings agreement / life insurance,23,none,for free,2,unskilled - resident,1,"yes, registered under customer's name",yes,2,divorced/separated
0 <= ... < 200 DM,25,existing credits paid back duly till now,car (new),15945,... < 100 DM,... >= 7 years,2,male,none,4,"car or other, not in savings account",24,none,rent,2,skilled employee / official,1,"yes, registered under customer's name",yes,2,single
no checking account,4,critical account / other credits existing (not at this bank),radio/television,412,... < 100 DM,1 <= ... < 4 years,4,male,none,2,building society savings agreement / life insurance,53,none,own,2,skilled employee / official,1,none,yes,1,single
0 <= ... < 200 DM,8,existing credits paid back duly till now,radio/television,2653,... < 100 DM,4 <= ... < 7 years,2,male,none,3,"car or other, not in savings account",52,none,own,1,skilled employee / official,1,"yes, registered under customer's name",yes,1,divorced/separated
0 <= ... < 200 DM,30,no credits taken / all credits paid back duly,car (new),2401,... < 100 DM,unemployed,3,male,none,4,building society savings agreement / life insurance,34,none,own,1,skilled employee / official,1,"yes, registered under customer's name",yes,1,married/widowed
0 <= ... < 200 DM,51,critical account / other credits existing (not at this bank),radio/television,15945,... < 100 DM,1 <= ... < 4 years,4,male,none,4,unknown / no property,63,none,own,2,skilled employee / official,1,none,yes,1,single
no checking account,4,critical account / other credits existing (not at this bank),furniture/equipment,1817,... < 100 DM,1 <= ... < 4 years,2,female,none,4,real estate,19,none,own,1,skilled employee / official,1,none,yes,1,divorced/separated
... >= 200 DM / salary assignments for at least 1 year,17,existing credits paid back duly till now,radio/television,8330,... < 100 DM,unemployed,1,male,none,2,"car or other, not in savings account",43,none,own,1,unskilled - resident,1,none,yes,1,single
no checking account,9,critical account / other credits existing (not at this bank),car (new),735,... < 100 DM,1 <= ... < 4 years,2,male,guarantor,4,real estate,75,none,rent,4,skilled employee / official,1,"yes, registered under customer's name",yes,1,single
0 <= ... < 200 DM,10,existing credits paid back duly till now,furniture/equipment,250,... < 100 DM,4 <= ... < 7 years,2,male,none,2,unknown / no property,27,none,own,2,skilled employee / official,1,none,yes,2,single
... >= 200 DM / salary assignments for at least 1 year,24,existing credits paid back duly till now,furniture/equipment,356,... < 100 DM,... < 1 year,1,male,none,2,unknown / no property,60,bank,for free,1,management / self-employed / highly qualified employee / officer,1,"yes, registered under customer's name",yes,2,single
no checking account,4,critical account / other credits existing (not at this bank),car (new),321,unknown / no savings account,... >= 7 years,4,male,none,2,unknown / no property,25,none,own,2,skilled employee / official,2,"yes, registered under customer's name",yes,1,single
no checking account,4,existing credits paid back duly till now,education,3229,... >= 1000 DM,1 <= ... < 4 years,4,female,guarantor,2,"car or other, not in savings account",31,none,own,1,skilled employee / official,1,none,yes,1,divorced/separated
... < 0 DM,22,all credits at this bank paid back duly,furniture/equipment,2960,... < 100 DM,... < 1 year,2,male,none,2,"car or other, not in savings account",33,none,own,1,unskilled - resident,1,none,yes,2,divorced/separated
no checking account,4,existing credits paid back duly till now,radio/television,428,... < 100 DM,1 <= ... < 4 years,2,male,none,2,"car or other, not in savings account",33,none,own,2,skilled employee / official,1,none,yes,1,married/widowed
0 <= ... < 200 DM,35,critical account / other credits existing (not at this bank),car (new),2823,500 <= ... < 1000 DM,4 <= ... < 7 years,2,female,none,2,"car or other, not in savings account",26,none,own,1,unskilled - resident,1,"yes, registered under customer's name",yes,2,married/widowed
0 <= ... < 200 DM,15,critical account / other credits existing (not at this bank),car (used),1065,unknown / no savings account,1 <= ... < 4 years,2,male,none,2,"car or other, not in savings account",55,none,own,2,skilled employee / official,2,none,yes,1,single
... >= 200 DM / salary assignments for at least 1 year,21,existing credits paid back duly till now,car (new),3531,... < 100 DM,1 <= ... < 4 years,3,female,none,2,"car or other, not in savings account",30,none,rent,1,skilled employee / official,1,none,yes,1,single
0 <= ... < 200 DM,24,existing credits paid back duly till now,business,2655,100 <= ... < 500 DM,1 <= ... < 4 years,1,female,none,2,building society savings agreement / life insurance,27,none,own,1,skilled employee / official,1,none,yes,1,divorced/separated
no checking account,4,critical account / other credits existing (not at this bank),car (used),5361,500 <= ... < 1000 DM,1 <= ... < 4 years,3,female,guarantor,2,real estate,27,none,own,1,skilled employee / official,1,none,yes,1,divorced/separated
... < 0 DM,27,all credits at this bank paid back duly,business,1012,... < 100 DM,1 <= ... < 4 years,2,male,none,3,building society savings agreement / life insurance,75,none,for free,1,unemployed / unskilled - non-resident,1,"yes, registered under customer's name",yes,2,single
0 <= ... < 200 DM,25,existing credits paid back duly till now,car (new),3245,... >= 1000 DM,1 <= ... < 4 years,2,male,none,1,building society savings agreement / life insurance,34,none,own,1,skilled employee / official,1,none,yes,2,divorced/separated
... < 0 DM,23,existing credits paid back duly till now,furniture/equipment,1020,... < 100 DM,unemployed,4,female,none,4,unknown / no property,29,bank,rent,2,unskilled - resident,1,none,yes,2,divorced/separated
0 <= ... < 200 DM,27,no credits taken / all credits paid back duly,furniture/equipment,1486,... < 100 DM,4 <= ... < 7 years,3,male,none,4,unknown / no property,36,none,for free,2,unskilled - resident,1,none,yes,2,single
0 <= ... < 200 DM,24,no credits taken / all credits paid back duly,business,6239,500 <= ... < 1000 DM,... >= 7 years,2,male,none,4,unknown / no property,43,none,own,1,management / self-employed / highly qualified employee / officer,1,"yes, registered under customer's name",yes,1,divorced/separated
... >= 200 DM / salary assignments for at least 1 year,4,all credits at this bank paid back duly,radio/television,2634,100 <= ... < 500 DM,... >= 7 years,2,male,none,4,unknown / no property,22,none,own,1,skilled employee / official,1,"yes, registered under customer's name",yes,2,single
0 <= ... < 200 DM,4,existing credits paid back duly till now,car (used),1772,unknown / no savings account,... >= 7 years,1,male,co-applicant,4,unknown / no property,25,none,own,1,skilled employee / official,1,none,yes,1,single
no checking account,26,existing credits paid back duly till now,car (new),3691,... < 100 DM,... < 1 year,4,female,none,4,"car or other, not in savings account",22,stores,own,1,management / self-employed / highly qualified employee / officer,1,"yes, registered under customer's name",yes,1,divorced/separated
... < 0 DM,4,critical account / other credits existing (not at this bank),business,15945,100 <= ... < 500 DM,1 <= ... < 4 years,4,male,none,3,building society savings agreement / life insurance,19,none,own,2,management / self-employed / highly qualified employee / officer,1,"yes, registered under customer's name",yes,1,single
0 <= ... < 200 DM,27,existing credits paid back duly till now,radio/television,5192,unknown / no savings account,unemployed,2,female,none,2,real estate,26,none,for free,1,unskilled - resident,1,none,yes,2,divorced/separated
no checking account,36,critical account / other credits existing (not at this bank),radio/television,762,... < 100 DM,1 <= ... < 4 years,4,male,none,2,building society savings agreement / life insurance,20,none,own,2,skilled employee / official,1,"yes, registered under customer's name",yes,1,single
no checking account,13,critical account / other credits existing (not at this bank),car (used),250,... < 100 DM,4 <= ... < 7 years,2,male,none,4,"car or other, not in savings account",47,stores,own,2,skilled employee / official,2,none,yes,1,single
0 <= ... < 200 DM,13,existing credits paid back duly till now,radio/television,4110,100 <= ... < 500 DM,... >= 7 years,2,male,none,4,real estate,32,none,rent,1,unskilled - resident,1,"yes, registered under customer's name",yes,1,divorced/separated
no checking account,31,critical account / other credits existing (not at this bank),car (new),250,... < 100 DM,1 <= ... < 4 years,2,male,none,4,building society savings agreement / life insurance,19,none,own,2,unskilled - resident,2,none,yes,1,single
no checking account,45,critical account / other credits existing (not at this bank),car (used),9194,unknown / no savings account,... >= 7 years,1,male,none,3,"car or other, not in savings account",19,none,own,2,skilled employee / official,1,"yes, registered under customer's name",no,1,single
0 <= ... < 200 DM,43,delay in paying off in the past,car (used),2561,unknown / no savings account,... >= 7 years,4,male,none,4,unknown / no property,22,bank,for free,1,skilled employee / official,2,"yes, registered under customer's name",yes,2,single
0 <= ... < 200 DM,4,existing credits paid back duly till now,furniture/equipment,2533,... < 100 DM,4 <= ... < 7 years,2,female,none,2,"car or other, not in savings account",33,none,own,1,unskilled - resident,1,none,yes,1,single
no checking account,14,existing credits paid back duly till now,furniture/equipment,250,... < 100 DM,unemployed,3,male,none,2,building society savings agreement / life insurance,51,none,own,1,unskilled - resident,1,none,yes,1,single
0 <= ... < 200 DM,10,critical account / other credits existing (not at this bank),business,3712,100 <= ... < 500 DM,1 <= ... < 4 years,4,male,none,2,real estate,28,none,own,2,unskilled - resident,2,none,yes,1,single
0 <= ... < 200 DM,27,existing credits paid back duly till now,car (used),12601,100 <= ... < 500 DM,unemployed,4,male,none,2,"car or other, not in savings account",37,bank,for free,1,skilled employee / official,1,"yes, registered under customer's name",yes,2,single
0 <= ... < 200 DM,11,critical account / other credits existing (not at this bank),education,7733,unknown / no savings account,... >= 7 years,4,male,co-applicant,4,unknown / no property,40,bank,for free,1,skilled employee / official,2,"yes, registered under customer's name",yes,1,single
no checking account,4,critical account / other credits existing (not at this bank),radio/television,250,... < 100 DM,unemployed,4,male,none,3,real estate,38,none,own,2,skilled employee / official,1,none,yes,1,single
... < 0 DM,11,existing credits paid back duly till now,furniture/equipment,4819,100 <= ... < 500 DM,... < 1 year,1,female,none,4,"car or other, not in savings account",36,none,rent,1,skilled employee / official,1,none,yes,2,divorced/separated
... < 0 DM,4,existing credits paid back duly till now,radio/television,1685,... < 100 DM,1 <= ... < 4 years,2,female,none,2,real estate,38,none,rent,1,unskilled - resident,1,none,yes,1,divorced/separated
... < 0 DM,15,delay in paying off in the past,furniture/equipment,15945,... < 100 DM,... >= 7 years,3,male,none,3,building society savings agreement / life insurance,75,none,rent,1,skilled employee / official,1,"yes, registered under customer's name",yes,1,single
0 <= ... < 200 DM,27,existing credits paid back duly till now,radio/television,12428,500 <= ... < 1000 DM,unemployed,2,male,none,4,unknown / no property,41,none,for free,2,management / self-employed / highly qualified employee / officer,1,"yes, registered under customer's name",yes,1,single
0 <= ... < 200 DM,4,existing credits paid back duly till now,radio/television,250,... < 100 DM,1 <= ... < 4 years,4,male,none,3,real estate,31,none,own,1,unskilled - resident,1,none,yes,1,married/widowed
0 <= ... < 200 DM,29,critical account / other credits existing (not at this bank),radio/television,5929,unknown / no savings account,4 <= ... < 7 years,1,female,none,2,unknown / no property,38,bank,rent,2,unskilled - resident,1,none,no,2,single
... < 0 DM,22,critical account / other credits existing (not at this bank),radio/television,6213,... < 100 DM,4 <= ... < 7 years,2,male,none,4,real estate,31,none,rent,1,management / self-employed / highly qualified employee / officer,1,none,yes,2,divorced/separated
0 <= ... < 200 DM,6,delay in paying off in the past,car (new),5624,unknown / no savings account,... >= 7 years,4,male,none,4,unknown / no property,63,none,own,2,skilled employee / official,1,"yes, registered under customer's name",yes,1,divorced/separated
... >= 200 DM / salary assignments for at least 1 year,15,critical account / other credits existing (not at this bank),business,3740,... < 100 DM,... >= 7 years,2,male,none,4,building society savings agreement / life insurance,47,bank,own,2,management / self-employed / highly qualified employee / officer,2,none,yes,1,single
0 <= ... < 200 DM,13,existing credits paid back duly till now,repairs,2535,... < 100 DM,1 <= ... < 4 years,2,female,none,2,"car or other, not in savings account",52,none,own,2,skilled employee / official,1,"yes, registered under customer's name",yes,2,married/widowed
no checking account,17,critical account / other credits existing (not at this bank),car (new),250,500 <= ... < 1000 DM,1 <= ... < 4 years,2,male,none,4,building society savings agreement / life insurance,33,none,own,2,skilled employee / official,1,"yes, registered under customer's name",yes,1,single
no checking account,22,critical account / other credits existing (not at this bank),radio/television,15945,unknown / no savings account,... >= 7 years,4,male,none,3,real estate,65,none,for free,2,skilled employee / official,1,"yes, registered under customer's name",yes,2,single
no checking account,4,existing credits paid back duly till now,car (new),892,... < 100 DM,... < 1 year,1,male,none,3,real estate,63,none,own,1,management / self-employed / highly qualified employee / officer,1,none,yes,1,married/widowed
... < 0 DM,48,delay in paying off in the past,education,15945,... >= 1000 DM,... >= 7 years,2,male,co-applicant,4,unknown / no property,63,none,own,1,management / self-employed / highly qualified employee / officer,1,"yes, registered under customer's name",yes,2,single
0 <= ... < 200 DM,41,delay in paying off in the past,furniture/equipment,15945,... < 100 DM,unemployed,2,male,none,3,building society savings agreement / life insurance,19,none,own,1,skilled employee / official,1,none,yes,2,divorced/separated
0 <= ... < 200 DM,21,critical account / other credits existing (not at this bank),radio/television,10178,... < 100 DM,... < 1 year,4,male,guarantor,4,building society savings agreement / life insurance,26,none,own,2,unskilled - resident,1,none,yes,1,divorced/separated
no checking account,4,critical account / other credits existing (not at this bank),radio/television,250,... < 100 DM,1 <= ... < 4 years,4,male,none,3,real estate,23,none,own,1,skilled employee / official,1,none,yes,1,single
no checking account,26,delay in paying off in the past,radio/television,1417,... < 100 DM,1 <= ... < 4 years,4,female,none,2,"car or other, not in savings account",36,none,own,1,skilled employee / official,1,none,yes,1,single
0 <= ... < 200 DM,21,existing credits paid back duly till now,business,2956,... < 100 DM,unemployed,2,male,none,4,unknown / no property,29,bank,for free,1,management / self-employed / highly qualified employee / officer,1,"yes, registered under customer's name",yes,2,single
no checking account,12,existing credits paid back duly till now,radio/television,1356,... < 100 DM,1 <= ... < 4 years,1,female,none,1,real estate,36,none,own,1,unskilled - resident,1,none,yes,1,divorced/separated
0 <= ... < 200 DM,4,existing credits paid back duly till now,radio/television,4510,... < 100 DM,... >= 7 years,2,male,none,4,unknown / no property,27,stores,for free,1,skilled employee / official,1,"yes, registered under customer's name",yes,1,divorced/separated
... < 0 DM,20,existing credits paid back duly till now,radio/television,2605,... < 100 DM,1 <= ... < 4 years,4,female,none,4,building society savings agreement / life insurance,37,none,rent,4,skilled employee / official,1,none,yes,2,divorced/separated
no checking account,4,existing credits paid back duly till now,radio/television,1872,... >= 1000 DM,... >= 7 years,2,male,none,4,"car or other, not in savings account",26,stores,rent,1,skilled employee / official,1,none,yes,1,single
0 <= ... < 200 DM,20,existing credits paid back duly till now,furniture/equipment,2797,... < 100 DM,... < 1 year,4,male,none,4,real estate,24,stores,rent,1,skilled employee / official,1,"yes, registered under customer's name",yes,1,divorced/separated
no checking account,4,critical account / other credits existing (not at this bank),radio/television,250,... < 100 DM,1 <= ... < 4 years,4,male,none,3,real estate,39,none,own,2,unskilled - resident,1,none,yes,1,single
no checking account,4,critical account / other credits existing (not at this bank),car (new),250,unknown / no savings account,1 <= ... < 4 years,4,male,none,2,real estate,42,none,own,2,skilled employee / official,1,none,yes,1,married/widowed
no checking account,22,existing credits paid back duly till now,radio/television,9462,... < 100 DM,... < 1 year,2,male,none,4,unknown / no property,43,none,own,2,skilled employee / official,1,"yes, registered under customer's name",yes,1,single
no checking account,4,critical account / other credits existing (not at this bank),radio/television,250,100 <= ... < 500 DM,... < 1 year,2,male,none,1,real estate,58,none,own,1,skilled employee / official,1,none,yes,1,divorced/separated
0 <= ... < 200 DM,14,existing credits paid back duly till now,radio/television,2827,... < 100 DM,... < 1 year,2,female,none,4,"car or other, not in savings account",47,none,rent,1,skilled employee / official,1,"yes, registered under customer's name",yes,1,divorced/separated
0 <= ... < 200 DM,6,existing credits paid back duly till now,radio/television,1248,100 <= ... < 500 DM,1 <= ... < 4 years,4,female,none,3,real estate,21,none,own,1,skilled employee / official,1,none,yes,1,divorced/separated
0 <= ... < 200 DM,24,delay in paying off in the past,business,11162,... < 100 DM,1 <= ... < 4 years,1,male,none,4,building society savings agreement / life insurance,66,bank,rent,1,skilled employee / official,1,"yes, registered under customer's name",yes,2,single
0 <= ... < 200 DM,27,existing credits paid back duly till now,radio/television,3084,100 <= ... < 500 DM,... < 1 year,2,female,none,1,building society savings agreement / life insurance,37,none,own,1,skilled employee / official,1,none,no,1,divorced/separated
no checking account,4,existing credits paid back duly till now,car (new),250,unknown / no savings account,1 <= ... < 4 years,4,male,none,2,building society savings agreement / life insurance,37,none,own,2,unskilled - resident,1,none,yes,2,married/widowed
0 <= ... < 200 DM,14,delay in paying off in the past,furniture/equipment,1081,... < 100 DM,... >= 7 years,2,male,guarantor,2,"car or other, not in savings account",23,none,own,2,skilled employee / official,1,none,yes,1,single
0 <= ... < 200 DM,25,delay in paying off in the past,car (used),6364,unknown / no savings account,... >= 7 years,2,female,none,1,unknown / no property,19,bank,for free,1,unemployed / unskilled - non-resident,1,"yes, registered under customer's name",yes,2,single
0 <= ... < 200 DM,17,critical account / other credits existing (not at this bank),education,250,... < 100 DM,1 <= ... < 4 years,2,male,none,1,building society savings agreement / life insurance,49,none,own,2,skilled employee / official,2,none,yes,1,single
no checking account,4,critical account / other credits existing (not at this bank),car (new),352,... < 100 DM,4 <= ... < 7 years,4,male,none,2,"car or other, not in savings account",47,stores,own,2,unskilled - resident,1,none,yes,1,married/widowed
0 <= ... < 200 DM,5,critical account / other credits existing (not at this bank),education,1693,... < 100 DM,1 <= ... < 4 years,4,male,none,3,"car or other, not in savings account",37,none,own,2,unskilled - resident,1,none,yes,1,married/widowed
0 <= ... < 200 DM,21,critical account / other credits existing (not at this bank),education,2698,... < 100 DM,... >= 7 years,2,male,none,1,unknown / no property,43,none,own,2,unskilled - resident,1,"yes, registered under customer's name",yes,1,single
0 <= ... < 200 DM,4,existing credits paid back duly till now,furniture/equipment,5991,... < 100 DM,... < 1 year,1,female,none,2,building society savings agreement / life insurance,33,none,rent,2,unskilled - resident,1,none,yes,2,divorced/separated
0 <= ... < 200 DM,22,existing credits paid back duly till now,furniture/equipment,15526,... < 100 DM,... < 1 year,1,female,none,1,building society savings agreement / life insurance,37,bank,rent,1,unskilled - resident,1,none,yes,2,divorced/separated
no checking account,60,critical account / other credits existing (not at this bank),furniture/equipment,250,... < 100 DM,... >= 7 years,4,male,none,2,real estate,22,none,own,2,skilled employee / official,1,none,yes,1,single
0 <= ... < 200 DM,4,all credits at this bank paid back duly,car (new),3542,... < 100 DM,4 <= ... < 7 years,1,female,none,2,real estate,19,none,rent,1,skilled employee / official,1,none,yes,2,divorced/separated
0 <= ... < 200 DM,16,existing credits paid back duly till now,radio/television,4834,... < 100 DM,1 <= ... < 4 years,1,male,none,3,building society savings agreement / life insurance,19,none,own,1,unskilled - resident,1,none,yes,1,divorced/separated
no checking account,4,all credits at this bank paid back duly,radio/television,4007,100 <= ... < 500 DM,1 <= ... < 4 years,2,male,none,3,real estate,25,none,own,1,skilled employee / official,1,"yes, registered under customer's name",yes,1,divorced/separated
no checking account,23,delay in paying off in the past,car (used),2735,unknown / no savings account,... >= 7 years,4,male,none,4,unknown / no property,56,none,for free,3,skilled employee / official,2,"yes, registered under customer's name",yes,1,single
no checking account,4,critical account / other credits existing (not at this bank),radio/television,2886,... < 100 DM,4 <= ... < 7 years,2,female,none,2,real estate,28,none,own,2,skilled employee / official,1,none,yes,1,divorced/separated
no checking account,6,critical account / other credits existing (not at this bank),radio/television,2198,... < 100 DM,... < 1 year,1,male,none,2,real estate,21,stores,own,2,unskilled - resident,1,none,yes,1,single
... < 0 DM,4,existing credits paid back duly till now,radio/television,397,500 <= ... < 1000 DM,4 <= ... < 7 years,4,male,none,3,building society savings agreement / life insurance,27,none,own,1,unskilled - resident,1,none,yes,1,divorced/separated
no checking account,20,no credits taken / all credits paid back duly,radio/television,12978,... < 100 DM,... >= 7 years,3,male,none,4,building society savings agreement / life insurance,27,none,own,1,skilled employee / official,1,none,yes,1,single
... < 0 DM,52,existing credits paid back duly till now,radio/television,4485,... < 100 DM,1 <= ... < 4 years,1,male,none,2,real estate,61,none,own,1,skilled employee / official,1,none,yes,1,single
0 <= ... < 200 DM,16,existing credits paid back duly till now,radio/television,5623,... < 100 DM,1 <= ... < 4 years,4,male,co-applicant,2,"car or other, not in savings account",28,none,own,1,skilled employee / official,1,none,yes,2,divorced/separated
0 <= ... < 200 DM,4,existing credits paid back duly till now,radio/television,1238,... < 100 DM,... < 1 year,2,female,none,4,"car or other, not in savings account",59,none,own,1,unemployed / unskilled - non-resident,1,none,yes,1,divorced/separated
0 <= ... < 200 DM,7,critical account / other credits existing (not at this bank),radio/television,5555,100 <= ... < 500 DM,... >= 7 years,3,male,none,3,unknown / no property,24,none,own,1,skilled employee / official,1,"yes, registered under customer's name",yes,1,single
no checking account,15,existing credits paid back duly till now,car (used),4358,... < 100 DM,1 <= ... < 4 years,2,female,none,4,"car or other, not in savings account",21,none,rent,1,skilled employee / official,1,none,no,1,divorced/separated
no checking account,21,critical account / other credits existing (not at this bank),car (used),1585,... < 100 DM,... >= 7 years,2,male,none,2,building society savings agreement / life insurance,74,none,own,1,unskilled - resident,1,"yes, registered under customer's name",yes,1,single
0 <= ... < 200 DM,18,existing credits paid back duly till now,radio/television,2038,unknown / no savings account,1 <= ... < 4 years,1,male,none,2,real estate,58,none,own,1,unskilled - resident,1,none,yes,1,married/widowed
0 <= ... < 200 DM,4,critical account / other credits existing (not at this bank),car (new),3259,... < 100 DM,4 <= ... < 7 years,4,male,co-applicant,3,real estate,25,none,own,1,unskilled - resident,1,none,yes,1,single
... < 0 DM,4,critical account / other credits existing (not at this bank),radio/television,250,unknown / no savings account,4 <= ... < 7 years,2,male,none,4,unknown / no property,26,none,own,2,unskilled - resident,2,none,yes,1,single
... < 0 DM,42,existing credits paid back duly till now,education,3058,... < 100 DM,... < 1 year,1,female,none,4,building society savings agreement / life insurance,31,bank,own,1,management / self-employed / highly qualified employee / officer,1,"yes, registered under customer's name",yes,2,single
... < 0 DM,72,delay in paying off in the past,furniture/equipment,4337,... < 100 DM,... >= 7 years,3,male,none,4,unknown / no property,62,none,for free,1,unemployed / unskilled - non-resident,1,"yes, registered under customer's name",yes,1,single
no checking account,4,critical account / other credits existing (not at this bank),radio/television,3383,... < 100 DM,... < 1 year,4,male,none,2,real estate,28,none,own,2,unskilled - resident,1,none,yes,1,divorced/separated
0 <= ... < 200 DM,42,existing credits paid back duly till now,car (used),10395,100 <= ... < 500 DM,... >= 7 years,2,male,none,4,unknown / no property,33,bank,for free,1,management / self-employed / highly qualified employee / officer,1,"yes, registered under customer's name",yes,2,single
... >= 200 DM / salary assignments for at least 1 year,22,critical account / other credits existing (not at this bank),radio/television,1521,... < 100 DM,4 <= ... < 7 years,2,male,none,4,"car or other, not in savings account",53,none,own,2,unskilled - resident,1,none,yes,1,single
no checking account,20,critical account / other credits existing (not at this bank),domestic appliances,733,unknown / no savings account,... >= 7 years,4,male,none,4,"car or other, not in savings account",23,none,own,2,skilled employee / official,1,"yes, registered under customer's name",yes,2,married/widowed
no checking account,4,existing credits paid back duly till now,radio/television,2541,... < 100 DM,unemployed,4,male,guarantor,2,real estate,27,none,own,1,skilled employee / official,1,none,yes,1,married/widowed
... >= 200 DM / salary assignments for at least 1 year,8,all credits at this bank paid back duly,radio/television,2726,unknown / no savings account,1 <= ... < 4 years,2,male,none,2,"car or other, not in savings account",33,none,rent,4,unskilled - resident,1,none,yes,1,single
0 <= ... < 200 DM,28,all credits at this bank paid back duly,car (new),11426,unknown / no savings account,4 <= ... < 7 years,2,male,none,4,"car or other, not in savings account",40,none,own,2,management / self-employed / highly qualified employee / officer,1,"yes, registered under customer's name",yes,1,single
... < 0 DM,5,critical account / other credits existing (not at this bank),car (new),1409,unknown / no savings account,1 <= ... < 4 years,2,male,guarantor,2,unknown / no property,43,none,own,2,unskilled - resident,1,none,yes,1,single
... < 0 DM,4,all credits at this bank paid back duly,radio/television,250,... >= 1000 DM,1 <= ... < 4 years,2,male,none,2,"car or other, not in savings account",46,none,own,2,skilled employee / official,1,none,yes,1,married/widowed
... < 0 DM,4,existing credits paid back duly till now,furniture/equipment,250,... < 100 DM,... >= 7 years,3,male,none,2,building society savings agreement / life insurance,47,none,own,1,skilled employee / official,1,"yes, registered under customer's name",yes,2,divorced/separated
0 <= ... < 200 DM,19,existing credits paid back duly till now,furniture/equipment,481,... < 100 DM,... < 1 year,4,female,none,2,"car or other, not in savings account",30,none,rent,1,skilled employee / official,1,none,yes,1,divorced/separated
0 <= ... < 200 DM,29,existing credits paid back duly till now,furniture/equipment,6513,... < 100 DM,unemployed,1,female,none,1,unknown / no property,28,none,rent,1,skilled employee / official,2,"yes, registered under customer's name",yes,2,divorced/separated
no checking account,5,delay in paying off in the past,car (new),1308,... < 100 DM,4 <= ... < 7 years,2,male,none,3,"car or other, not in savings account",28,none,rent,2,management / self-employed / highly qualified employee / officer,1,none,yes,1,married/widowed
... >= 200 DM / salary assignments for at least 1 year,7,existing credits paid back duly till now,radio/television,2648,... < 100 DM,... >= 7 years,4,male,none,3,building society savings agreement / life insurance,21,none,own,1,unskilled - resident,1,none,yes,1,single
no checking account,4,critical account / other credits existing (not at this bank),furniture/equipment,250,500 <= ... < 1000 DM,1 <= ... < 4 years,4,male,none,1,building society savings agreement / life insurance,34,stores,own,2,unskilled - resident,2,none,yes,1,single
no checking account,4,no credits taken / all credits paid back duly,repairs,262,unknown / no savings account,unemployed,4,female,none,2,real estate,35,none,own,1,unskilled - resident,1,none,yes,1,single
0 <= ... < 200 DM,4,existing credits paid back duly till now,radio/television,2352,100 <= ... < 500 DM,... < 1 year,2,female,none,4,"car or other, not in savings account",29,none,rent,1,skilled employee / official,1,none,yes,1,divorced/separated
0 <= ... < 200 DM,10,existing credits paid back duly till now,furniture/equipment,269,... < 100 DM,1 <= ... < 4 years,2,female,none,1,"car or other, not in savings account",34,none,rent,1,skilled employee / official,1,none,yes,1,divorced/separated
... >= 200 DM / salary assignments for at least 1 year,21,delay in paying off in the past,business,2136,unknown / no savings account,... >= 7 years,3,male,none,4,unknown / no property,75,none,own,2,skilled employee / official,1,"yes, registered under customer's name",yes,1,single
no checking account,4,critical account / other credits existing (not at this bank),radio/television,4528,... < 100 DM,... >= 7 years,2,male,none,3,"car or other, not in savings account",33,none,own,2,management / self-employed / highly qualified employee / officer,1,"yes, registered under customer's name",yes,2,single
0 <= ... < 200 DM,25,existing credits paid back duly till now,education,12445,... < 100 DM,... >= 7 years,1,male,none,4,unknown / no property,63,none,rent,2,management / self-employed / highly qualified employee / officer,1,"yes, registered under customer's name",yes,2,divorced/separated
no checking account,15,no credits taken / all credits paid back duly,car (new),2283,... < 100 DM,... >= 7 years,4,male,none,1,real estate,21,none,own,2,management / self-employed / highly qualified employee / officer,1,none,yes,1,divorced/separated
no checking account,4,critical account / other credits existing (not at this bank),radio/television,2866,... < 100 DM,1 <= ... < 4 years,3,male,none,3,"car or other, not in savings account",65,none,own,1,unskilled - resident,1,none,yes,1,single
no checking account,10,delay in paying off in the past,radio/television,1115,... < 100 DM,1 <= ... < 4 years,4,male,none,4,real estate,30,bank,own,2,skilled employee / official,1,"yes, registered under customer's name",yes,1,single
0 <= ... < 200 DM,12,all credits at this bank paid back duly,car (used),840,500 <= ... < 1000 DM,1 <= ... < 4 years,4,male,none,3,"car or other, not in savings account",35,none,own,2,unskilled - resident,2,"yes, registered under customer's name",yes,1,single
no checking account,6,existing credits paid back duly till now,education,1010,... < 100 DM,1 <= ... < 4 years,2,female,none,4,"car or other, not in savings account",75,none,own,1,skilled employee / official,1,none,yes,1,married/widowed
no checking account,72,delay in paying off in the past,car (new),250,... < 100 DM,... >= 7 years,2,male,none,4,building society savings agreement / life insurance,29,bank,own,3,skilled employee / official,1,"yes, registered under customer's name",yes,1,single
no checking account,22,critical account / other credits existing (not at this bank),radio/television,11387,... < 100 DM,1 <= ... < 4 years,4,male,none,3,building society savings agreement / life insurance,28,none,own,2,skilled employee / official,1,"yes, registered under customer's name",yes,1,single
0 <= ... < 200 DM,12,existing credits paid back duly till now,repairs,2479,... < 100 DM,1 <= ... < 4 years,4,male,none,1,building society savings agreement / life insurance,45,none,own,1,unskilled - resident,1,none,yes,1,divorced/separated
no checking account,27,critical account / other credits existing (not at this bank),business,566,... < 100 DM,... >= 7 years,4,male,none,4,building society savings agreement / life insurance,27,none,own,2,skilled employee / official,1,"yes, registered under customer's name",yes,1,single
... < 0 DM,25,all credits at this bank paid back duly,car (used),1351,unknown / no savings account,... >= 7 years,3,male,none,2,"car or other, not in savings account",51,none,own,2,skilled employee / official,2,"yes, registered under customer's name",yes,1,single
... < 0 DM,4,existing credits paid back duly till now,retraining,5710,100 <= ... < 500 DM,4 <= ... < 7 years,4,male,none,4,building society savings agreement / life insurance,23,none,own,4,unskilled - resident,1,"yes, registered under customer's name",no,1,married/widowed
no checking account,4,all credits at this bank paid back duly,car (new),6333,... < 100 DM,... < 1 year,1,female,co-applicant,1,real estate,33,none,own,2,skilled employee / official,1,none,yes,1,divorced/separated
no checking account,4,existing credits paid back duly till now,radio/television,3245,... < 100 DM,1 <= ... < 4 years,1,female,none,2,real estate,32,none,own,1,skilled employee / official,1,none,yes,1,divorced/separated
no checking account,4,critical account / other credits existing (not at this bank),car (new),1363,... < 100 DM,1 <= ... < 4 years,1,male,none,3,building society savings agreement / life insurance,40,none,own,2,skilled employee / official,1,none,yes,2,married/widowed
0 <= ... < 200 DM,10,existing credits paid back duly till now,radio/television,1588,... < 100 DM,... < 1 year,2,male,none,2,"car or other, not in savings account",34,none,own,1,skilled employee / official,1,none,yes,1,divorced/separated
no checking account,4,critical account / other credits existing (not at this bank),car (new),878,... < 100 DM,... >= 7 years,2,male,none,3,"car or other, not in savings account",31,none,own,2,unskilled - resident,1,none,yes,1,single
no checking account,32,delay in paying off in the past,car (used),4980,... < 100 DM,... >= 7 years,4,male,none,3,building society savings agreement / life insurance,75,none,own,2,skilled employee / official,1,"yes, registered under customer's name",yes,1,single
no checking account,4,delay in paying off in the past,radio/television,269,... < 100 DM,... < 1 year,1,male,none,2,building society savings agreement / life insurance,35,none,own,2,skilled employee / official,1,"yes, registered under customer's name",yes,1,divorced/separated
no checking account,21,delay in paying off in the past,business,3305,... < 100 DM,1 <= ... < 4 years,4,male,none,2,real estate,19,none,own,2,skilled employee / official,1,none,yes,1,married/widowed
no checking account,14,critical account / other credits existing (not at this bank),car (new),250,... < 100 DM,1 <= ... < 4 years,2,male,none,3,"car or other, not in savings account",35,none,rent,1,skilled employee / official,1,"yes, registered under customer's name",yes,1,single
0 <= ... < 200 DM,9,existing credits paid back duly till now,repairs,2134,100 <= ... < 500 DM,... < 1 year,1,female,none,4,"car or other, not in savings account",38,none,own,1,unskilled - resident,1,none,yes,1,divorced/separated
... < 0 DM,18,critical account / other credits existing (not at this bank),education,454,500 <= ... < 1000 DM,unemployed,2,male,none,4,"car or other, not in savings account",19,none,own,1,skilled employee / official,1,"yes, registered under customer's name",yes,2,single
0 <= ... < 200 DM,35,existing credits paid back duly till now,car (new),6577,... < 100 DM,4 <= ... < 7 years,4,male,none,2,building society savings agreement / life insurance,39,none,own,2,skilled employee / official,2,"yes, registered under customer's name",yes,2,single
... >= 200 DM / salary assignments for at least 1 year,19,critical account / other credits existing (not at this bank),radio/television,3242,... < 100 DM,... >= 7 years,4,male,none,1,"car or other, not in savings account",40,none,own,1,skilled employee / official,1,none,yes,1,divorced/separated
0 <= ... < 200 DM,18,existing credits paid back duly till now,car (used),13006,... >= 1000 DM,unemployed,2,male,co-applicant,2,"car or other, not in savings account",28,none,for free,1,management / self-employed / highly qualified employee / officer,1,"yes, registered under customer's name",yes,1,single
0 <= ... < 200 DM,19,delay in paying off in the past,business,250,unknown / no savings account,... >= 7 years,2,male,none,3,building society savings agreement / life insurance,25,none,own,3,unskilled - resident,2,none,yes,1,single
no checking account,42,existing credits paid back duly till now,car (used),2748,... < 100 DM,1 <= ... < 4 years,3,male,none,4,"car or other, not in savings account",60,none,own,1,unskilled - resident,1,"yes, registered under customer's name",yes,1,single
no checking account,21,existing credits paid back duly till now,car (new),2419,... < 100 DM,1 <= ... < 4 years,2,male,none,2,"car or other, not in savings account",22,none,own,2,skilled employee / official,1,none,yes,1,divorced/separated
0 <= ... < 200 DM,4,existing credits paid back duly till now,radio/television,1114,100 <= ... < 500 DM,4 <= ... < 7 years,1,female,none,1,building society savings agreement / life insurance,27,none,own,1,unskilled - resident,1,none,yes,1,divorced/separated
0 <= ... < 200 DM,4,existing credits paid back duly till now,repairs,3664,... < 100 DM,unemployed,4,male,none,2,"car or other, not in savings account",60,bank,for free,3,skilled employee / official,1,none,yes,1,single
0 <= ... < 200 DM,19,critical account / other credits existing (not at this bank),car (new),2892,... < 100 DM,1 <= ... < 4 years,4,male,none,2,building society savings agreement / life insurance,25,none,own,2,skilled employee / official,1,"yes, registered under customer's name",yes,2,single
no checking account,4,critical account / other credits existing (not at this bank),radio/television,250,500 <= ... < 1000 DM,... >= 7 years,2,male,none,2,real estate,46,none,own,2,skilled employee / official,2,none,yes,1,single
0 <= ... < 200 DM,4,critical account / other credits existing (not at this bank),radio/television,1200,... < 100 DM,... < 1 year,3,male,none,4,unknown / no property,20,none,own,1,skilled employee / official,1,none,no,1,single
... >= 200 DM / salary assignments for at least 1 year,22,critical account / other credits existing (not at this bank),business,15806,... >= 1000 DM,4 <= ... < 7 years,3,male,none,1,"car or other, not in savings account",44,none,own,1,unskilled - resident,1,none,yes,1,married/widowed
0 <= ... < 200 DM,28,critical account / other credits existing (not at this bank),car (used),12747,... < 100 DM,... >= 7 years,1,male,none,2,"car or other, not in savings account",33,none,own,1,management / self-employed / highly qualified employee / officer,1,"yes, registered under customer's name",yes,2,single
0 <= ... < 200 DM,63,no credits taken / all credits paid back duly,car (used),5027,100 <= ... < 500 DM,1 <= ... < 4 years,2,male,none,4,"car or other, not in savings account",38,none,for free,1,management / self-employed / highly qualified employee / officer,1,"yes, registered under customer's name",yes,2,divorced/separated
... < 0 DM,27,all credits at this bank paid back duly,car (used),11484,... < 100 DM,... >= 7 years,2,male,none,4,unknown / no property,54,none,for free,1,management / self-employed / highly qualified employee / officer,2,"yes, registered under customer's name",yes,2,single
no checking account,22,existing credits paid back duly till now,car (new),2023,... < 100 DM,1 <= ... < 4 years,2,male,none,3,real estate,27,none,own,1,skilled employee / official,1,none,yes,1,single
no checking account,23,existing credits paid back duly till now,radio/television,1757,... < 100 DM,unemployed,3,male,co-applicant,2,building society savings agreement / life insurance,27,none,rent,1,skilled employee / official,1,none,yes,1,single
0 <= ... < 200 DM,4,existing credits paid back duly till now,others,250,... < 100 DM,1 <= ... < 4 years,1,female,none,4,real estate,36,none,rent,1,unskilled - resident,1,none,yes,1,single
0 <= ... < 200 DM,4,all credits at this bank paid back duly,car (new),250,... < 100 DM,1 <= ... < 4 years,1,male,none,3,"car or other, not in savings account",75,none,own,2,unskilled - resident,1,none,yes,1,divorced/separated
0 <= ... < 200 DM,14,existing credits paid back duly till now,business,6318,... < 100 DM,... >= 7 years,4,male,none,4,building society savings agreement / life insurance,46,none,for free,1,management / self-employed / highly qualified employee / officer,2,"yes, registered under customer's name",yes,1,single
0 <= ... < 200 DM,4,existing credits paid back duly till now,car (new),4604,... < 100 DM,1 <= ... < 4 years,2,female,none,4,building society savings agreement / life insurance,52,none,own,2,management / self-employed / highly qualified employee / officer,1,none,yes,2,single
0 <= ... < 200 DM,20,existing credits paid back duly till now,car (new),2299,... < 100 DM,... >= 7 years,3,female,none,4,building society savings agreement / life insurance,49,none,rent,1,skilled employee / official,1,"yes, registered under customer's name",yes,2,single
no checking account,4,existing credits paid back duly till now,radio/television,1402,... < 100 DM,1 <= ... < 4 years,4,female,none,2,real estate,31,none,rent,2,skilled employee / official,1,none,yes,1,divorced/separated
no checking account,8,existing credits paid back duly till now,car (new),787,... < 100 DM,1 <= ... < 4 years,2,male,none,2,real estate,20,none,own,1,skilled employee / official,1,none,yes,1,married/widowed
0 <= ... < 200 DM,7,critical account / other credits existing (not at this bank),domestic appliances,9143,... >= 1000 DM,... >= 7 years,3,male,none,4,"car or other, not in savings account",57,stores,own,3,skilled employee / official,1,"yes, registered under customer's name",no,2,single
no checking account,39,all credits at this bank paid back duly,car (new),6108,100 <= ... < 500 DM,unemployed,2,male,none,2,unknown / no property,21,none,for free,1,skilled employee / official,1,"yes, registered under customer's name",yes,1,single
no checking account,21,critical account / other credits existing (not at this bank),repairs,3228,unknown / no savings account,4 <= ... < 7 years,2,male,none,2,building society savings agreement / life insurance,60,bank,own,1,skilled employee / official,2,none,yes,1,single
0 <= ... < 200 DM,24,existing credits paid back duly till now,business,3008,... < 100 DM,4 <= ... < 7 years,2,female,none,4,"car or other, not in savings account",58,none,own,1,skilled employee / official,1,"yes, registered under customer's name",yes,1,divorced/separated
0 <= ... < 200 DM,67,delay in paying off in the past,repairs,8805,... < 100 DM,... < 1 year,3,female,none,4,"car or other, not in savings account",33,none,own,1,unskilled - resident,1,"yes, registered under customer's name",yes,2,divorced/separated
0 <= ... < 200 DM,22,no credits taken / all credits paid back duly,business,15945,... < 100 DM,... >= 7 years,4,male,co-applicant,4,"car or other, not in savings account",53,none,own,1,skilled employee / official,1,"yes, registered under customer's name",yes,1,single
no checking account,31,existing credits paid back duly till now,business,2506,... < 100 DM,... >= 7 years,4,male,co-applicant,2,real estate,36,none,own,1,unskilled - resident,2,none,yes,1,single
no checking account,7,critical account / other credits existing (not at this bank),radio/television,250,... < 100 DM,... >= 7 years,4,male,none,2,building society savings agreement / life insurance,57,none,own,2,skilled employee / official,1,none,yes,1,married/widowed
... < 0 DM,4,critical account / other credits existing (not at this bank),education,620,100 <= ... < 500 DM,1 <= ... < 4 years,4,male,none,2,real estate,35,none,own,2,unskilled - resident,2,"yes, registered under customer's name",yes,1,single
0 <= ... < 200 DM,19,no credits taken / all credits paid back duly,repairs,3466,... < 100 DM,... >= 7 years,3,male,none,4,real estate,20,none,own,3,skilled employee / official,1,none,no,2,married/widowed
... < 0 DM,4,critical account / other credits existing (not at this bank),business,3603,... < 100 DM,... >= 7 years,1,male,none,2,"car or other, not in savings account",36,none,own,2,unskilled - resident,1,none,yes,1,divorced/separated
0 <= ... < 200 DM,24,all credits at this bank paid back duly,radio/television,3670,... < 100 DM,1 <= ... < 4 years,1,male,none,2,"car or other, not in savings account",26,none,own,2,unskilled - resident,1,"yes, registered under customer's name",yes,1,married/widowed
0 <= ... < 200 DM,20,existing credits paid back duly till now,radio/television,2109,... < 100 DM,... < 1 year,2,female,none,2,real estate,32,bank,rent,1,skilled employee / official,1,"yes, registered under customer's name",yes,2,divorced/separated
0 <= ... < 200 DM,23,existing credits paid back duly till now,radio/television,2234,100 <= ... < 500 DM,1 <= ... < 4 years,2,male,co-applicant,2,"car or other, not in savings account",40,none,own,1,skilled employee / official,1,none,yes,1,divorced/separated
0 <= ... < 200 DM,4,existing credits paid back duly till now,furniture/equipment,250,... >= 1000 DM,1 <= ... < 4 years,2,male,none,2,"car or other, not in savings account",75,none,own,1,unskilled - resident,1,none,yes,1,single
no checking account,4,critical account / other credits existing (not at this bank),radio/television,301,100 <= ... < 500 DM,1 <= ... < 4 years,4,male,none,2,real estate,27,none,own,2,management / self-employed / highly qualified employee / officer,1,"yes, registered under customer's name",yes,1,single
0 <= ... < 200 DM,72,critical account / other credits existing (not at this bank),car (used),2726,... < 100 DM,... >= 7 years,3,male,none,4,"car or other, not in savings account",75,none,own,1,management / self-employed / highly qualified employee / officer,1,"yes, registered under customer's name",yes,1,single
0 <= ... < 200 DM,4,all credits at this bank paid back duly,radio/television,7994,... < 100 DM,... >= 7 years,2,male,none,1,"car or other, not in savings account",35,bank,own,3,skilled employee / official,1,"yes, registered under customer's name",yes,1,single
0 <= ... < 200 DM,15,existing credits paid back duly till now,radio/television,15945,... < 100 DM,unemployed,4,male,none,4,real estate,19,none,rent,1,unskilled - resident,1,"yes, registered under customer's name",yes,2,single
no checking account,4,existing credits paid back duly till now,radio/television,15945,... < 100 DM,... < 1 year,1,female,none,2,building society savings agreement / life insurance,31,none,own,2,skilled employee / official,1,none,yes,2,divorced/separated
no checking account,25,critical account / other credits existing (not at this bank),radio/television,5977,... < 100 DM,1 <= ... < 4 years,2,male,none,4,building society savings agreement / life insurance,38,none,own,2,unskilled - resident,1,none,yes,1,single
0 <= ... < 200 DM,23,existing credits paid back duly till now,radio/television,15945,unknown / no savings account,... >= 7 years,4,male,none,4,unknown / no property,36,bank,for free,1,management / self-employed / highly qualified employee / officer,1,"yes, registered under customer's name",yes,2,single
0 <= ... < 200 DM,28,no credits taken / all credits paid back duly,car (new),15945,... < 100 DM,... >= 7 years,2,male,none,4,unknown / no property,49,none,for free,1,management / self-employed / highly qualified employee / officer,2,"yes, registered under customer's name",yes,2,single
no checking account,4,existing credits paid back duly till now,radio/television,250,... < 100 DM,1 <= ... < 4 years,2,male,none,4,"car or other, not in savings account",75,none,own,2,skilled employee / official,1,"yes, registered under customer's name",yes,1,single
0 <= ... < 200 DM,67,existing credits paid back duly till now,furniture/equipment,3255,... < 100 DM,unemployed,1,female,none,4,unknown / no property,74,none,rent,1,unskilled - resident,1,none,yes,2,single
no checking account,35,existing credits paid back duly till now,radio/television,1625,100 <= ... < 500 DM,1 <= ... < 4 years,1,male,none,2,"car or other, not in savings account",75,none,own,1,unskilled - resident,1,"yes, registered under customer's name",yes,1,divorced/separated
0 <= ... < 200 DM,19,existing credits paid back duly till now,car (new),6188,... < 100 DM,1 <= ... < 4 years,3,male,none,4,unknown / no property,27,stores,for free,2,management / self-employed / highly qualified employee / officer,1,"yes, registered under customer's name",yes,2,single
no checking account,30,delay in paying off in the past,others,3626,... < 100 DM,unemployed,4,male,none,2,building society savings agreement / life insurance,28,bank,rent,2,management / self-employed / highly qualified employee / officer,1,"yes, registered under customer's name",yes,1,divorced/separated
no checking account,24,critical account / other credits existing (not at this bank),furniture/equipment,15945,... < 100 DM,4 <= ... < 7 years,2,male,none,4,building society savings agreement / life insurance,29,none,own,2,skilled employee / official,1,none,yes,1,single
0 <= ... < 200 DM,72,delay in paying off in the past,car (new),4820,... < 100 DM,... >= 7 years,3,male,none,2,unknown / no property,26,none,for free,2,skilled employee / official,1,"yes, registered under customer's name",yes,1,single
0 <= ... < 200 DM,50,existing credits paid back duly till now,radio/television,12654,... < 100 DM,1 <= ... < 4 years,2,female,co-applicant,2,building society savings agreement / life insurance,19,stores,rent,1,skilled employee / official,1,none,yes,2,divorced/separated
0 <= ... < 200 DM,17,existing credits paid back duly till now,car (new),250,unknown / no savings account,... >= 7 years,2,male,none,4,unknown / no property,46,stores,for free,1,management / self-employed / highly qualified employee / officer,1,"yes, registered under customer's name",yes,2,single
no checking account,17,existing credits paid back duly till now,car (new),2313,... < 100 DM,1 <= ... < 4 years,2,female,none,1,building society savings agreement / life insurance,27,bank,own,1,skilled employee / official,1,none,yes,1,divorced/separated
no checking account,11,existing credits paid back duly till now,radio/television,2838,100 <= ... < 500 DM,1 <= ... < 4 years,3,male,none,2,real estate,57,none,own,1,unskilled - resident,1,none,yes,1,divorced/separated
no checking account,25,critical account / other credits existing (not at this bank),radio/television,250,unknown / no savings account,... >= 7 years,3,male,none,4,unknown / no property,75,stores,for free,1,management / self-employed / highly qualified employee / officer,1,"yes, registered under customer's name",yes,1,single
no checking account,22,existing credits paid back duly till now,radio/television,3642,... < 100 DM,4 <= ... < 7 years,4,female,none,2,real estate,25,none,own,1,skilled employee / official,1,"yes, registered under customer's name",yes,1,divorced/separated
0 <= ... < 200 DM,21,existing credits paid back duly till now,car (used),15945,unknown / no savings account,... < 1 year,3,male,none,3,unknown / no property,43,none,own,1,unemployed / unskilled - non-resident,1,"yes, registered under customer's name",yes,1,single
no checking account,25,existing credits paid back duly till now,radio/television,250,unknown / no savings account,... < 1 year,4,female,none,4,real estate,63,none,own,2,skilled employee / official,1,none,yes,1,divorced/separated
no checking account,22,delay in paying off in the past,domestic appliances,15945,100 <= ... < 500 DM,1 <= ... < 4 years,2,female,none,2,"car or other, not in savings account",19,none,own,1,management / self-employed / highly qualified employee / officer,1,none,yes,2,married/widowed
0 <= ... < 200 DM,20,existing credits paid back duly till now,radio/television,4024,... < 100 DM,1 <= ... < 4 years,3,male,none,1,unknown / no property,30,none,own,1,unskilled - resident,1,none,yes,2,single
no checking account,14,critical account / other credits existing (not at this bank),radio/television,3880,... < 100 DM,1 <= ... < 4 years,2,male,guarantor,4,unknown / no property,28,none,own,2,unskilled - resident,2,none,yes,1,single
no checking account,4,existing credits paid back duly till now,radio/television,1809,... < 100 DM,1 <= ... < 4 years,4,female,none,3,real estate,28,none,own,1,skilled employee / official,1,none,yes,1,married/widowed
no checking account,34,delay in paying off in the past,car (used),8158,500 <= ... < 1000 DM,... >= 7 years,2,male,none,4,unknown / no property,34,none,own,1,management / self-employed / highly qualified employee / officer,1,"yes, registered under customer's name",yes,1,single
0 <= ... < 200 DM,19,existing credits paid back duly till now,furniture/equipment,6751,... < 100 DM,unemployed,2,male,none,3,"car or other, not in savings account",20,bank,rent,1,management / self-employed / highly qualified employee / officer,1,none,yes,2,married/widowed
0 <= ... < 200 DM,16,existing credits paid back duly till now,furniture/equipment,2929,... < 100 DM,4 <= ... < 7 years,4,female,none,2,building society savings agreement / life insurance,35,none,rent,1,skilled employee / official,1,none,yes,1,divorced/separated
no checking account,21,critical account / other credits existing (not at this bank),radio/television,1529,... < 100 DM,4 <= ... < 7 years,2,male,guarantor,3,real estate,30,none,own,2,unskilled - resident,1,"yes, registered under customer's name",yes,1,single
... < 0 DM,4,critical account / other credits existing (not at this bank),car (new),1965,... < 100 DM,1 <= ... < 4 years,4,female,none,3,unknown / no property,50,none,own,2,skilled employee / official,1,"yes, registered under customer's name",yes,1,single
... >= 200 DM / salary assignments for at least 1 year,19,all credits at this bank paid back duly,radio/television,3666,... < 100 DM,1 <= ... < 4 years,4,female,none,4,real estate,32,none,own,2,unskilled - resident,1,none,yes,1,divorced/separated
no checking account,9,existing credits paid back duly till now,furniture/equipment,250,... < 100 DM,1 <= ... < 4 years,4,male,none,2,real estate,23,none,own,2,unskilled - resident,1,none,yes,2,divorced/separated
no checking account,8,critical account / other credits existing (not at this bank),radio/television,795,... < 100 DM,4 <= ... < 7 years,4,male,none,3,real estate,32,none,own,2,unskilled - resident,1,none,yes,1,married/widowed
0 <= ... < 200 DM,4,existing credits paid back duly till now,furniture/equipment,5564,... < 100 DM,... < 1 year,1,female,none,1,"car or other, not in savings account",33,none,rent,1,unskilled - resident,1,none,no,2,divorced/separated
... < 0 DM,21,existing credits paid back duly till now,furniture/equipment,3444,... < 100 DM,... < 1 year,3,male,co-applicant,4,building society savings agreement / life insurance,39,none,for free,1,unskilled - resident,1,none,yes,2,divorced/separated
0 <= ... < 200 DM,22,all credits at this bank paid back duly,car (new),4843,... < 100 DM,... >= 7 years,3,male,none,2,unknown / no property,75,bank,for free,1,skilled employee / official,1,"yes, registered under customer's name",yes,2,single
no checking account,21,existing credits paid back duly till now,car (new),3122,... < 100 DM,1 <= ... < 4 years,3,male,none,2,building society savings agreement / life insurance,28,none,own,1,skilled employee / official,1,none,yes,1,single
0 <= ... < 200 DM,15,existing credits paid back duly till now,radio/television,4016,... < 100 DM,1 <= ... < 4 years,3,female,none,2,real estate,25,none,rent,1,skilled employee / official,1,none,yes,1,divorced/separated
0 <= ... < 200 DM,4,critical account / other credits existing (not at this bank),business,306,... >= 1000 DM,1 <= ... < 4 years,1,male,none,2,real estate,29,none,for free,2,management / self-employed / highly qualified employee / officer,1,"yes, registered under customer's name",yes,1,married/widowed
0 <= ... < 200 DM,4,critical account / other credits existing (not at this bank),radio/television,250,... < 100 DM,1 <= ... < 4 years,1,female,none,4,real estate,36,none,rent,2,skilled employee / official,1,none,yes,1,married/widowed
0 <= ... < 200 DM,23,delay in paying off in the past,domestic appliances,7180,100 <= ... < 500 DM,4 <= ... < 7 years,2,male,none,4,"car or other, not in savings account",47,none,own,2,unskilled - resident,1,"yes, registered under customer's name",yes,1,single
... >= 200 DM / salary assignments for at least 1 year,15,existing credits paid back duly till now,business,3175,... < 100 DM,... < 1 year,4,female,none,2,"car or other, not in savings account",39,none,own,2,unskilled - resident,1,none,yes,2,single
no checking account,4,delay in paying off in the past,car (new),250,... < 100 DM,unemployed,2,male,none,4,real estate,32,none,own,1,unskilled - resident,1,none,no,1,single
no checking account,4,existing credits paid back duly till now,radio/television,3737,... < 100 DM,1 <= ... < 4 years,1,female,none,4,"car or other, not in savings account",28,stores,rent,2,unskilled - resident,1,none,yes,1,divorced/separated
0 <= ... < 200 DM,15,existing credits paid back duly till now,repairs,3543,... < 100 DM,... < 1 year,2,female,none,4,real estate,20,stores,rent,1,skilled employee / official,1,none,no,2,divorced/separated
no checking account,4,critical account / other credits existing (not at this bank),radio/television,250,... < 100 DM,... >= 7 years,4,male,none,2,building society savings agreement / life insurance,34,none,own,2,unskilled - resident,1,none,yes,1,single
... < 0 DM,12,existing credits paid back duly till now,repairs,1698,... < 100 DM,1 <= ... < 4 years,4,female,none,4,real estate,48,none,own,2,unskilled - resident,1,none,yes,1,single
... < 0 DM,27,existing credits paid back duly till now,car (used),3646,... < 100 DM,4 <= ... < 7 years,1,male,none,2,real estate,64,none,for free,1,skilled employee / official,1,"yes, registered under customer's name",yes,1,single
no checking account,10,existing credits paid back duly till now,radio/television,1859,... < 100 DM,... >= 7 years,4,male,none,2,building society savings agreement / life insurance,19,none,own,2,skilled employee / official,1,none,yes,2,divorced/separated
0 <= ... < 200 DM,22,existing credits paid back duly till now,car (new),4213,100 <= ... < 500 DM,4 <= ... < 7 years,2,female,none,2,"car or other, not in savings account",33,none,own,2,unskilled - resident,1,"yes, registered under customer's name",yes,1,divorced/separated
no checking account,4,critical account / other credits existing (not at this bank),radio/television,960,unknown / no savings account,... >= 7 years,4,male,none,4,unknown / no property,52,none,own,2,unskilled - resident,2,"yes, registered under customer's name",yes,1,single
0 <= ... < 200 DM,53,existing credits paid back duly till now,business,11330,... < 100 DM,1 <= ... < 4 years,4,male,none,4,unknown / no property,59,none,for free,1,management / self-employed / highly qualified employee / officer,1,"yes, registered under customer's name",no,2,single
no checking account,4,all credits at this bank paid back duly,radio/television,3456,500 <= ... < 1000 DM,... >= 7 years,4,male,guarantor,2,building society savings agreement / life insurance,19,stores,own,2,skilled employee / official,2,"yes, registered under customer's name",yes,1,single
0 <= ... < 200 DM,7,critical account / other credits existing (not at this bank),others,6046,unknown / no savings account,1 <= ... < 4 years,3,male,none,4,"car or other, not in savings account",58,none,own,1,unskilled - resident,2,none,no,1,single
no checking account,4,existing credits paid back duly till now,radio/television,1442,... < 100 DM,unemployed,1,female,guarantor,1,real estate,26,none,own,3,unskilled - resident,1,none,yes,1,divorced/separated
... < 0 DM,4,all credits at this bank paid back duly,radio/television,2736,... < 100 DM,1 <= ... < 4 years,2,male,none,2,real estate,20,none,own,1,skilled employee / official,1,none,yes,1,divorced/separated
0 <= ... < 200 DM,16,delay in paying off in the past,radio/television,6338,100 <= ... < 500 DM,... >= 7 years,2,male,none,4,building society savings agreement / life insurance,25,none,own,2,unskilled - resident,1,"yes, registered under customer's name",yes,1,married/widowed
... >= 200 DM / salary assignments for at least 1 year,4,delay in paying off in the past,radio/television,1921,... < 100 DM,... < 1 year,4,male,none,2,building society savings agreement / life insurance,46,none,own,2,unskilled - resident,1,"yes, registered under customer's name",no,1,single
0 <= ... < 200 DM,22,existing credits paid back duly till now,education,4952,... < 100 DM,4 <= ... < 7 years,2,male,none,4,building society savings agreement / life insurance,36,bank,for free,1,management / self-employed / highly qualified employee / officer,1,"yes, registered under customer's name",yes,2,single
0 <= ... < 200 DM,24,existing credits paid back duly till now,business,4171,... < 100 DM,... >= 7 years,1,male,none,2,"car or other, not in savings account",43,bank,own,2,skilled employee / official,1,"yes, registered under customer's name",yes,2,single
0 <= ... < 200 DM,40,existing credits paid back duly till now,car (used),10396,... < 100 DM,1 <= ... < 4 years,2,male,none,3,real estate,71,none,rent,1,management / self-employed / highly qualified employee / officer,1,"yes, registered under customer's name",yes,2,single
no checking account,24,critical account / other credits existing (not at this bank),car (used),9025,unknown / no savings account,... >= 7 years,4,male,none,4,unknown / no property,25,none,for free,2,skilled employee / official,2,"yes, registered under customer's name",yes,1,single
0 <= ... < 200 DM,4,critical account / other credits existing (not at this bank),car (used),1772,unknown / no savings account,1 <= ... < 4 years,2,male,none,1,real estate,62,stores,own,2,skilled employee / official,1,"yes, registered under customer's name",yes,1,single
0 <= ... < 200 DM,35,existing credits paid back duly till now,radio/television,15945,... < 100 DM,... >= 7 years,1,male,none,2,"car or other, not in savings account",32,none,own,1,skilled employee / official,1,none,yes,1,single
... < 0 DM,46,critical account / other credits existing (not at this bank),car (new),2454,... < 100 DM,1 <= ... < 4 years,4,male,none,4,"car or other, not in savings account",29,none,own,4,unskilled - resident,1,"yes, registered under customer's name",yes,2,single
... < 0 DM,19,critical account / other credits existing (not at this bank),radio/television,2040,500 <= ... < 1000 DM,1 <= ... < 4 years,2,male,none,1,real estate,65,none,own,1,unskilled - resident,1,none,yes,1,married/widowed
no checking account,14,critical account / other credits existing (not at this bank),car (new),785,... < 100 DM,1 <= ... < 4 years,4,male,none,2,real estate,50,none,own,2,unskilled - resident,2,none,yes,1,single
no checking account,10,existing credits paid back duly till now,furniture/equipment,5197,unknown / no savings account,... < 1 year,2,female,none,4,real estate,25,none,own,1,unskilled - resident,1,none,yes,1,married/widowed
0 <= ... < 200 DM,23,existing credits paid back duly till now,radio/television,2362,100 <= ... < 500 DM,... >= 7 years,4,male,none,2,building society savings agreement / life insurance,29,bank,own,1,skilled employee / official,1,none,yes,1,divorced/separated
... < 0 DM,18,existing credits paid back duly till now,car (used),4983,... < 100 DM,unemployed,2,female,guarantor,4,building society savings agreement / life insurance,28,none,own,1,management / self-employed / highly qualified employee / officer,1,none,yes,2,single
no checking account,12,critical account / other credits existing (not at this bank),radio/television,5906,... < 100 DM,4 <= ... < 7 years,3,male,co-applicant,3,"car or other, not in savings account",26,none,rent,1,unskilled - resident,1,none,yes,1,divorced/separated
no checking account,42,critical account / other credits existing (not at this bank),car (used),7319,... >= 1000 DM,... >= 7 years,2,male,none,4,"car or other, not in savings account",26,none,own,4,management / self-employed / highly qualified employee / officer,1,"yes, registered under customer's name",yes,2,single
no checking account,18,critical account / other credits existing (not at this bank),radio/television,1779,100 <= ... < 500 DM,1 <= ... < 4 years,4,male,none,4,real estate,34,stores,own,2,unskilled - resident,1,"yes, registered under customer's name",yes,1,single
no checking account,28,delay in paying off in the past,car (new),2508,100 <= ... < 500 DM,unemployed,3,male,none,2,unknown / no property,47,none,for free,1,skilled employee / official,1,"yes, registered under customer's name",yes,1,single
0 <= ... < 200 DM,11,no credits taken / all credits paid back duly,radio/television,5244,100 <= ... < 500 DM,1 <= ... < 4 years,2,female,none,4,real estate,30,none,rent,1,skilled employee / official,1,none,yes,2,divorced/separated
no checking account,22,critical account / other credits existing (not at this bank),others,1730,100 <= ... < 500 DM,1 <= ... < 4 years,2,male,none,2,"car or other, not in savings account",34,none,own,1,unskilled - resident,1,none,no,1,single
0 <= ... < 200 DM,4,existing credits paid back duly till now,business,2744,... < 100 DM,1 <= ... < 4 years,4,male,none,2,"car or other, not in savings account",28,none,own,2,unskilled - resident,1,none,yes,2,single
0 <= ... < 200 DM,22,existing credits paid back duly till now,radio/television,3051,... < 100 DM,... < 1 year,4,male,none,4,building society savings agreement / life insurance,33,none,rent,1,unskilled - resident,1,none,yes,1,divorced/separated
no checking account,4,critical account / other credits existing (not at this bank),furniture/equipment,3034,... < 100 DM,unemployed,1,male,none,4,building society savings agreement / life insurance,25,none,own,1,management / self-employed / highly qualified employee / officer,2,none,yes,1,divorced/separated
... < 0 DM,4,all credits at this bank paid back duly,car (new),608,... < 100 DM,... >= 7 years,4,male,none,4,"car or other, not in savings account",43,none,own,2,skilled employee / official,2,none,yes,1,single
... < 0 DM,4,critical account / other credits existing (not at this bank),radio/television,1278,... < 100 DM,1 <= ... < 4 years,4,female,none,3,real estate,32,none,own,2,skilled employee / official,1,none,yes,1,married/widowed
0 <= ... < 200 DM,4,critical account / other credits existing (not at this bank),car (used),3063,unknown / no savings account,4 <= ... < 7 years,4,male,none,2,building society savings agreement / life insurance,53,none,own,2,unskilled - resident,1,"yes, registered under customer's name",yes,1,single
0 <= ... < 200 DM,15,existing credits paid back duly till now,radio/television,1720,... < 100 DM,... < 1 year,3,female,none,1,"car or other, not in savings account",32,none,rent,1,skilled employee / official,1,none,yes,2,divorced/separated
0 <= ... < 200 DM,45,critical account / other credits existing (not at this bank),car (new),8327,... >= 1000 DM,... >= 7 years,4,male,guarantor,2,building society savings agreement / life insurance,32,none,rent,2,skilled employee / official,1,none,yes,1,single
