checking_account_status,duration_months,credit_history,purpose,credit_amount,savings_account,employment_duration,installment_rate,sex,other_debtors,residence_duration,property,age,other_installment_plans,housing,existing_credits,job,num_dependents,telephone,foreign_worker,target,relationship_status
0 <= ... < 200 DM,25,no credits taken / all credits paid back duly,car (new),3099,... < 100 DM,... >= 7 years,4,female,none,4,"car or other, not in savings account",31,none,own,1,management / self-employed / highly qualified employee / officer,2,none,yes,2,single
0 <= ... < 200 DM,23,delay in paying off in the past,car (new),250,100 <= ... < 500 DM,1 <= ... < 4 years,2,female,none,1,"car or other, not in savings account",25,none,for free,1,unskilled - resident,1,"yes, registered under customer's name",yes,2,single
0 <= ... < 200 DM,19,existing credits paid back duly till now,business,3043,500 <= ... < 1000 DM,4 <= ... < 7 years,2,female,none,3,building society savings agreement / life insurance,36,none,own,1,skilled employee / official,1,"yes, registered under customer's name",yes,2,divorced/separated
... >= 200 DM / salary assignments for at least 1 year,4,no credits taken / all credits paid back duly,radio/television,1314,500 <= ... < 1000 DM,... < 1 year,3,male,none,4,real estate,19,bank,own,1,skilled employee / official,1,none,yes,2,divorced/separated
... < 0 DM,4,all credits at this bank paid back duly,car (new),1721,... < 100 DM,... >= 7 years,4,female,none,4,building society savings agreement / life insurance,19,none,own,2,unskilled - resident,1,"yes, registered under customer's name",yes,2,divorced/separated
... < 0 DM,62,existing credits paid back duly till now,furniture/equipment,1372,unknown / no savings account,4 <= ... < 7 years,2,female,none,2,unknown / no property,22,none,own,2,skilled employee / official,1,none,yes,1,divorced/separated
... < 0 DM,24,critical account / other credits existing (not at this bank),car (new),9250,... < 100 DM,1 <= ... < 4 years,4,male,guarantor,4,"car or other, not in savings account",19,none,for free,1,unskilled - resident,1,none,no,1,single
no checking account,31,existing credits paid back duly till now,car (new),3260,100 <= ... < 500 DM,... < 1 year,4,male,none,4,"car or other, not in savings account",20,none,own,1,skilled employee / official,1,none,yes,1,single
0 <= ... < 200 DM,53,critical account / other credits existing (not at this bank),furniture/equipment,2605,... < 100 DM,unemployed,2,female,none,4,real estate,47,none,own,1,skilled employee / official,1,"yes, registered under customer's name",yes,2,married/widowed
no checking account,17,existing credits paid back duly till now,car (new),1141,... < 100 DM,1 <= ... < 4 years,1,female,none,4,"car or other, not in savings account",75,stores,rent,3,skilled employee / official,1,none,yes,2,divorced/separated
... < 0 DM,21,existing credits paid back duly till now,radio/television,6934,... < 100 DM,... < 1 year,4,female,none,2,real estate,20,none,own,1,skilled employee / official,1,none,yes,1,divorced/separated
0 <= ... < 200 DM,4,existing credits paid back duly till now,radio/television,3524,... < 100 DM,1 <= ... < 4 years,2,male,none,4,real estate,27,none,rent,1,skilled employee / official,1,"yes, registered under customer's name",no,1,divorced/separated
no checking account,4,existing credits paid back duly till now,radio/television,6355,... < 100 DM,1 <= ... < 4 years,3,female,none,4,"car or other, not in savings account",38,none,own,1,unskilled - resident,1,none,yes,2,divorced/separated
... < 0 DM,14,existing credits paid back duly till now,radio/television,15945,... < 100 DM,unemployed,4,female,none,2,building society savings agreement / life insurance,29,none,own,1,skilled employee / official,1,"yes, registered under customer's name",yes,1,divorced/separated
no checking account,21,existing credits paid back duly till now,radio/television,250,unknown / no savings account,1 <= ... < 4 years,2,male,none,4,unknown / no property,25,none,for free,2,unskilled - resident,1,"yes, registered under customer's name",yes,1,single
no checking account,30,critical account / other credits existing (not at this bank),car (new),1176,... < 100 DM,unemployed,2,male,none,4,"car or other, not in savings account",33,none,own,2,skilled employee / official,1,"yes, registered under customer's name",yes,1,divorced/separated
... < 0 DM,4,existing credits paid back duly till now,car (new),6569,... < 100 DM,1 <= ... < 4 years,3,female,none,2,real estate,19,none,own,1,unskilled - resident,1,"yes, registered under customer's name",yes,2,divorced/separated
... < 0 DM,27,all credits at this bank paid back duly,car (new),6418,... < 100 DM,... < 1 year,2,female,none,1,"car or other, not in savings account",70,bank,rent,2,management / self-employed / highly qualified employee / officer,1,"yes, registered under customer's name",yes,1,divorced/separated
0 <= ... < 200 DM,25,existing credits paid back duly till now,furniture/equipment,1973,... < 100 DM,... < 1 year,1,male,none,4,"car or other, not in savings account",19,none,rent,2,unskilled - resident,1,"yes, registered under customer's name",yes,1,single
0 <= ... < 200 DM,21,critical account / other credits existing (not at this bank),business,3332,... < 100 DM,... < 1 year,2,male,none,3,"car or other, not in savings account",55,none,for free,2,skilled employee / official,1,"yes, registered under customer's name",yes,1,divorced/separated
... < 0 DM,22,existing credits paid back duly till now,furniture/equipment,12364,100 <= ... < 500 DM,... < 1 year,4,male,none,1,"car or other, not in savings account",34,none,rent,1,skilled employee / official,2,"yes, registered under customer's name",yes,2,divorced/separated
no checking account,64,existing credits paid back duly till now,education,4375,500 <= ... < 1000 DM,4 <= ... < 7 years,2,male,none,4,"car or other, not in savings account",75,none,rent,2,unskilled - resident,1,"yes, registered under customer's name",yes,2,married/widowed
... < 0 DM,22,existing credits paid back duly till now,car (used),2151,... < 100 DM,4 <= ... < 7 years,3,female,none,1,"car or other, not in savings account",30,none,own,2,management / self-employed / highly qualified employee / officer,1,none,yes,2,divorced/separated
... < 0 DM,16,existing credits paid back duly till now,furniture/equipment,2401,... < 100 DM,... < 1 year,2,male,guarantor,3,building society savings agreement / life insurance,19,none,rent,2,unskilled - resident,1,"yes, registered under customer's name",yes,1,single
... < 0 DM,12,existing credits paid back duly till now,radio/television,2290,unknown / no savings account,1 <= ... < 4 years,1,female,none,4,unknown / no property,27,bank,own,1,skilled employee / official,1,none,yes,2,divorced/separated
... >= 200 DM / salary assignments for at least 1 year,7,existing credits paid back duly till now,furniture/equipment,11297,... < 100 DM,... >= 7 years,4,female,guarantor,4,"car or other, not in savings account",24,none,own,1,unskilled - resident,1,none,yes,2,divorced/separated
0 <= ... < 200 DM,9,existing credits paid back duly till now,business,3656,500 <= ... < 1000 DM,4 <= ... < 7 years,4,male,none,2,"car or other, not in savings account",35,stores,own,1,unskilled - resident,1,none,yes,2,divorced/separated
0 <= ... < 200 DM,16,existing credits paid back duly till now,car (new),8535,500 <= ... < 1000 DM,... >= 7 years,3,female,none,4,real estate,47,bank,rent,1,management / self-employed / highly qualified employee / officer,1,"yes, registered under customer's name",yes,2,single
0 <= ... < 200 DM,21,existing credits paid back duly till now,furniture/equipment,2955,... < 100 DM,... < 1 year,2,female,none,1,real estate,24,none,for free,1,management / self-employed / highly qualified employee / officer,1,none,yes,1,single
... < 0 DM,28,existing credits paid back duly till now,radio/television,6272,... < 100 DM,... < 1 year,2,male,none,3,unknown / no property,31,none,own,2,unskilled - resident,1,"yes, registered under customer's name",yes,1,single
... < 0 DM,23,existing credits paid back duly till now,radio/television,3107,unknown / no savings account,1 <= ... < 4 years,2,male,none,4,real estate,32,none,own,3,unskilled - resident,1,none,yes,2,divorced/separated
no checking account,12,existing credits paid back duly till now,car (new),3691,unknown / no savings account,4 <= ... < 7 years,1,male,none,4,"car or other, not in savings account",23,none,own,2,unskilled - resident,2,"yes, registered under customer's name",yes,2,divorced/separated
... < 0 DM,4,existing credits paid back duly till now,car (new),300,... < 100 DM,1 <= ... < 4 years,2,female,none,4,"car or other, not in savings account",36,none,own,1,skilled employee / official,1,"yes, registered under customer's name",yes,1,single
0 <= ... < 200 DM,45,existing credits paid back duly till now,business,250,... < 100 DM,4 <= ... < 7 years,4,female,none,1,"car or other, not in savings account",24,none,own,2,skilled employee / official,1,"yes, registered under customer's name",yes,1,single
0 <= ... < 200 DM,5,existing credits paid back duly till now,radio/television,15945,... < 100 DM,... < 1 year,2,male,none,4,building society savings agreement / life insurance,34,none,own,2,unskilled - resident,1,"yes, registered under customer's name",yes,2,divorced/separated
0 <= ... < 200 DM,59,existing credits paid back duly till now,radio/television,3641,... < 100 DM,1 <= ... < 4 years,3,male,guarantor,2,"car or other, not in savings account",35,none,own,1,unskilled - resident,1,"yes, registered under customer's name",yes,1,divorced/separated
0 <= ... < 200 DM,46,existing credits paid back duly till now,car (new),635,... < 100 DM,unemployed,4,male,none,4,unknown / no property,19,none,own,2,unskilled - resident,1,"yes, registered under customer's name",yes,1,divorced/separated
no checking account,43,critical account / other credits existing (not at this bank),radio/television,6845,... < 100 DM,... >= 7 years,2,female,guarantor,1,building society savings agreement / life insurance,48,none,for free,2,skilled employee / official,1,none,yes,1,single
... < 0 DM,36,existing credits paid back duly till now,car (new),5593,... < 100 DM,... < 1 year,2,female,none,1,unknown / no property,19,none,for free,1,unskilled - resident,1,"yes, registered under customer's name",no,2,single
... >= 200 DM / salary assignments for at least 1 year,19,no credits taken / all credits paid back duly,car (used),2710,unknown / no savings account,1 <= ... < 4 years,3,female,none,4,"car or other, not in savings account",19,none,rent,1,skilled employee / official,1,none,yes,2,single
... >= 200 DM / salary assignments for at least 1 year,24,existing credits paid back duly till now,car (new),1858,... < 100 DM,unemployed,1,male,none,4,real estate,35,none,rent,2,management / self-employed / highly qualified employee / officer,1,"yes, registered under customer's name",yes,2,divorced/separated
0 <= ... < 200 DM,10,existing credits paid back duly till now,car (new),2521,... < 100 DM,unemployed,4,male,none,2,real estate,28,none,for free,2,skilled employee / official,1,"yes, registered under customer's name",yes,2,single
... < 0 DM,10,existing credits paid back duly till now,car (new),3404,... >= 1000 DM,... < 1 year,3,female,guarantor,1,unknown / no property,34,none,own,1,management / self-employed / highly qualified employee / officer,2,"yes, registered under customer's name",yes,1,divorced/separated
0 <= ... < 200 DM,23,existing credits paid back duly till now,car (new),11566,unknown / no savings account,4 <= ... < 7 years,2,male,none,4,real estate,24,none,own,1,unskilled - resident,1,none,yes,1,single
no checking account,71,existing credits paid back duly till now,furniture/equipment,2827,... < 100 DM,... < 1 year,1,female,none,4,real estate,28,none,own,2,skilled employee / official,1,"yes, registered under customer's name",yes,1,married/widowed
... < 0 DM,19,critical account / other credits existing (not at this bank),car (new),1049,unknown / no savings account,... < 1 year,3,male,none,4,building society savings agreement / life insurance,19,none,own,1,unskilled - resident,1,"yes, registered under customer's name",yes,1,divorced/separated
0 <= ... < 200 DM,55,critical account / other credits existing (not at this bank),others,2591,... < 100 DM,... < 1 year,2,male,none,4,"car or other, not in savings account",26,none,own,1,skilled employee / official,1,"yes, registered under customer's name",yes,1,divorced/separated
no checking account,40,existing credits paid back duly till now,car (new),9423,... < 100 DM,4 <= ... < 7 years,4,male,none,4,"car or other, not in savings account",58,none,rent,1,skilled employee / official,2,"yes, registered under customer's name",yes,1,single
0 <= ... < 200 DM,23,existing credits paid back duly till now,radio/television,3592,... < 100 DM,1 <= ... < 4 years,2,female,none,1,"car or other, not in savings account",69,none,for free,1,management / self-employed / highly qualified employee / officer,1,none,yes,1,divorced/separated
... < 0 DM,28,existing credits paid back duly till now,car (new),9870,100 <= ... < 500 DM,1 <= ... < 4 years,4,female,none,4,unknown / no property,27,none,own,1,skilled employee / official,1,none,yes,2,divorced/separated
... < 0 DM,23,existing credits paid back duly till now,car (new),2826,... < 100 DM,1 <= ... < 4 years,4,male,none,1,"car or other, not in savings account",63,none,own,1,skilled employee / official,1,"yes, registered under customer's name",yes,2,single
... < 0 DM,37,existing credits paid back duly till now,radio/television,2595,... < 100 DM,4 <= ... < 7 years,2,female,none,4,building society savings agreement / life insurance,53,none,own,2,skilled employee / official,1,"yes, registered under customer's name",yes,1,single
... < 0 DM,56,critical account / other credits existing (not at this bank),car (new),1608,... < 100 DM,4 <= ... < 7 years,2,female,none,4,"car or other, not in savings account",24,none,for free,1,management / self-employed / highly qualified employee / officer,1,none,yes,1,divorced/separated
0 <= ... < 200 DM,10,all credits at this bank paid back duly,furniture/equipment,3268,... < 100 DM,... < 1 year,2,female,none,4,"car or other, not in savings account",20,none,own,1,skilled employee / official,1,none,yes,1,divorced/separated
... < 0 DM,18,existing credits paid back duly till now,furniture/equipment,4331,... < 100 DM,... < 1 year,1,female,none,2,"car or other, not in savings account",21,none,own,1,skilled employee / official,1,none,yes,2,married/widowed
... < 0 DM,51,critical account / other credits existing (not at this bank),education,2868,unknown / no savings account,1 <= ... < 4 years,4,male,none,4,building society savings agreement / life insurance,75,none,for free,1,unskilled - resident,1,"yes, registered under customer's name",yes,2,married/widowed
no checking account,26,existing credits paid back duly till now,car (new),2662,... < 100 DM,1 <= ... < 4 years,1,female,none,4,"car or other, not in savings account",19,none,for free,1,management / self-employed / highly qualified employee / officer,1,"yes, registered under customer's name",yes,1,divorced/separated
... < 0 DM,10,existing credits paid back duly till now,car (new),1724,100 <= ... < 500 DM,1 <= ... < 4 years,3,male,none,4,real estate,52,none,own,1,unskilled - resident,1,none,yes,1,single
... >= 200 DM / salary assignments for at least 1 year,21,existing credits paid back duly till now,car (new),9866,... < 100 DM,1 <= ... < 4 years,4,male,none,4,real estate,34,none,rent,1,management / self-employed / highly qualified employee / officer,1,"yes, registered under customer's name",yes,1,divorced/separated
no checking account,4,all credits at this bank paid back duly,radio/television,8224,... < 100 DM,... >= 7 years,1,female,none,4,"car or other, not in savings account",22,none,own,2,unskilled - resident,1,"yes, registered under customer's name",yes,2,divorced/separated
... < 0 DM,22,critical account / other credits existing (not at this bank),radio/television,7396,... < 100 DM,... < 1 year,4,male,none,1,building society savings agreement / life insurance,27,none,for free,1,unskilled - resident,1,"yes, registered under customer's name",yes,1,single
0 <= ... < 200 DM,26,existing credits paid back duly till now,radio/television,2888,100 <= ... < 500 DM,1 <= ... < 4 years,2,female,none,1,"car or other, not in savings account",35,none,for free,1,skilled employee / official,1,none,yes,2,divorced/separated
... < 0 DM,14,delay in paying off in the past,radio/television,1887,... < 100 DM,1 <= ... < 4 years,3,male,none,4,"car or other, not in savings account",19,none,own,1,skilled employee / official,1,"yes, registered under customer's name",yes,2,divorced/separated
0 <= ... < 200 DM,29,critical account / other credits existing (not at this bank),car (new),1547,... < 100 DM,1 <= ... < 4 years,4,male,none,4,building society savings agreement / life insurance,46,none,own,2,unskilled - resident,1,none,yes,1,divorced/separated
no checking account,26,existing credits paid back duly till now,furniture/equipment,7480,... < 100 DM,4 <= ... < 7 years,1,female,none,2,real estate,19,none,for free,2,management / self-employed / highly qualified employee / officer,1,"yes, registered under customer's name",yes,1,single
... < 0 DM,4,critical account / other credits existing (not at this bank),car (new),1511,... < 100 DM,1 <= ... < 4 years,2,male,none,4,real estate,24,bank,for free,1,unskilled - resident,1,none,no,2,divorced/separated
... < 0 DM,20,existing credits paid back duly till now,furniture/equipment,3911,... < 100 DM,4 <= ... < 7 years,1,male,none,4,real estate,25,none,rent,2,unskilled - resident,1,"yes, registered under customer's name",yes,1,single
... < 0 DM,13,critical account / other credits existing (not at this bank),education,12333,... < 100 DM,1 <= ... < 4 years,4,female,none,3,"car or other, not in savings account",58,none,own,1,unskilled - resident,1,none,yes,2,divorced/separated
0 <= ... < 200 DM,28,delay in paying off in the past,furniture/equipment,3111,... < 100 DM,1 <= ... < 4 years,2,male,none,4,"car or other, not in savings account",36,none,own,1,management / self-employed / highly qualified employee / officer,1,"yes, registered under customer's name",yes,1,single
0 <= ... < 200 DM,11,existing credits paid back duly till now,education,10391,... < 100 DM,... < 1 year,4,female,none,4,real estate,24,none,own,2,skilled employee / official,1,"yes, registered under customer's name",yes,1,divorced/separated
no checking account,60,existing credits paid back duly till now,business,12002,... < 100 DM,unemployed,3,male,none,4,"car or other, not in savings account",26,none,own,1,skilled employee / official,1,none,yes,2,single
... < 0 DM,12,critical account / other credits existing (not at this bank),business,5852,... >= 1000 DM,1 <= ... < 4 years,2,female,none,1,"car or other, not in savings account",26,stores,own,1,unskilled - resident,1,none,yes,2,divorced/separated
0 <= ... < 200 DM,23,existing credits paid back duly till now,car (new),5759,500 <= ... < 1000 DM,1 <= ... < 4 years,2,male,none,4,unknown / no property,69,none,own,1,skilled employee / official,1,"yes, registered under customer's name",yes,2,divorced/separated
... < 0 DM,42,existing credits paid back duly till now,car (new),3447,... < 100 DM,4 <= ... < 7 years,3,female,none,4,real estate,19,none,for free,2,unskilled - resident,1,"yes, registered under customer's name",yes,1,divorced/separated
0 <= ... < 200 DM,15,critical account / other credits existing (not at this bank),others,6460,... < 100 DM,4 <= ... < 7 years,4,male,guarantor,4,"car or other, not in savings account",30,none,for free,1,skilled employee / official,1,"yes, registered under customer's name",yes,2,divorced/separated
... < 0 DM,61,critical account / other credits existing (not at this bank),others,2719,... < 100 DM,1 <= ... < 4 years,2,female,co-applicant,4,real estate,56,none,for free,2,unskilled - resident,2,"yes, registered under customer's name",yes,2,single
... < 0 DM,44,all credits at this bank paid back duly,others,12917,... < 100 DM,4 <= ... < 7 years,3,male,none,2,real estate,38,none,own,1,unskilled - resident,1,none,no,2,single
... < 0 DM,23,existing credits paid back duly till now,car (new),6195,... < 100 DM,4 <= ... < 7 years,4,male,none,4,real estate,19,none,rent,2,skilled employee / official,1,"yes, registered under customer's name",yes,2,divorced/separated
... < 0 DM,25,existing credits paid back duly till now,furniture/equipment,1490,unknown / no savings account,... < 1 year,4,male,none,4,"car or other, not in savings account",45,none,rent,1,skilled employee / official,1,none,yes,2,divorced/separated
... < 0 DM,42,existing credits paid back duly till now,furniture/equipment,1201,... < 100 DM,1 <= ... < 4 years,1,female,none,4,building society savings agreement / life insurance,28,none,own,1,management / self-employed / highly qualified employee / officer,1,none,yes,2,divorced/separated
0 <= ... < 200 DM,8,existing credits paid back duly till now,radio/television,12395,... < 100 DM,4 <= ... < 7 years,2,male,none,4,"car or other, not in savings account",34,none,for free,2,management / self-employed / highly qualified employee / officer,2,none,yes,2,divorced/separated
... < 0 DM,72,existing credits paid back duly till now,domestic appliances,3346,... < 100 DM,1 <= ... < 4 years,4,male,none,4,"car or other, not in savings account",41,none,for free,2,unskilled - resident,1,none,yes,2,married/widowed
0 <= ... < 200 DM,12,critical account / other credits existing (not at this bank),furniture/equipment,2908,... < 100 DM,... < 1 year,4,female,co-applicant,4,unknown / no property,19,bank,rent,2,management / self-employed / highly qualified employee / officer,1,none,yes,2,divorced/separated
0 <= ... < 200 DM,6,critical account / other credits existing (not at this bank),car (new),4357,... < 100 DM,1 <= ... < 4 years,3,female,none,4,"car or other, not in savings account",30,none,rent,1,unskilled - resident,1,"yes, registered under customer's name",yes,1,single
no checking account,29,existing credits paid back duly till now,car (new),1334,unknown / no savings account,... >= 7 years,4,female,none,1,building society savings agreement / life insurance,25,none,rent,1,unskilled - resident,1,none,yes,1,single
no checking account,23,delay in paying off in the past,repairs,1450,... < 100 DM,... < 1 year,2,female,none,2,real estate,19,none,own,1,unskilled - resident,1,none,yes,2,single
... < 0 DM,26,existing credits paid back duly till now,furniture/equipment,15945,... < 100 DM,4 <= ... < 7 years,1,female,none,1,"car or other, not in savings account",25,none,own,1,unskilled - resident,1,none,yes,2,married/widowed
... < 0 DM,6,critical account / other credits existing (not at this bank),radio/television,2214,... < 100 DM,... < 1 year,2,male,none,4,"car or other, not in savings account",19,none,own,2,skilled employee / official,1,"yes, registered under customer's name",yes,1,single
... < 0 DM,16,existing credits paid back duly till now,radio/television,3363,... < 100 DM,1 <= ... < 4 years,3,male,none,4,"car or other, not in savings account",23,none,own,1,skilled employee / official,1,none,yes,1,single
... < 0 DM,26,critical account / other credits existing (not at this bank),furniture/equipment,3630,500 <= ... < 1000 DM,1 <= ... < 4 years,4,female,none,4,real estate,26,none,rent,2,unskilled - resident,1,none,yes,1,single
... < 0 DM,28,existing credits paid back duly till now,radio/television,2625,... < 100 DM,... < 1 year,2,female,none,4,real estate,20,none,own,2,skilled employee / official,1,none,yes,2,divorced/separated
no checking account,29,existing credits paid back duly till now,car (new),12938,... < 100 DM,1 <= ... < 4 years,3,female,none,4,building society savings agreement / life insurance,30,none,own,1,unskilled - resident,1,"yes, registered under customer's name",yes,2,married/widowed
... >= 200 DM / salary assignments for at least 1 year,8,existing credits paid back duly till now,radio/television,10353,... < 100 DM,... >= 7 years,4,male,none,4,"car or other, not in savings account",31,none,rent,2,management / self-employed / highly qualified employee / officer,1,none,yes,1,divorced/separated
... < 0 DM,5,existing credits paid back duly till now,education,1904,... < 100 DM,1 <= ... < 4 years,2,male,none,1,"car or other, not in savings account",19,none,own,1,skilled employee / official,1,none,yes,1,single
... < 0 DM,41,existing credits paid back duly till now,car (new),729,... < 100 DM,4 <= ... < 7 years,4,female,none,4,"car or other, not in savings account",28,none,for free,2,unskilled - resident,1,none,yes,1,single
no checking account,4,existing credits paid back duly till now,furniture/equipment,2282,... < 100 DM,... < 1 year,4,female,none,3,"car or other, not in savings account",25,bank,own,2,skilled employee / official,1,none,yes,1,single
... < 0 DM,59,no credits taken / all credits paid back duly,business,2027,... < 100 DM,... < 1 year,2,female,none,4,"car or other, not in savings account",49,none,own,2,unskilled - resident,1,"yes, registered under customer's name",yes,1,divorced/separated
0 <= ... < 200 DM,10,existing credits paid back duly till now,car (new),3293,... < 100 DM,4 <= ... < 7 years,2,male,none,3,"car or other, not in savings account",19,none,own,2,skilled employee / official,1,none,yes,1,divorced/separated
0 <= ... < 200 DM,60,existing credits paid back duly till now,car (new),2085,... < 100 DM,... < 1 year,3,female,none,4,unknown / no property,34,none,rent,2,unskilled - resident,1,"yes, registered under customer's name",yes,2,single
... < 0 DM,24,existing credits paid back duly till now,domestic appliances,6707,... < 100 DM,... >= 7 years,2,male,none,4,real estate,19,stores,rent,1,skilled employee / official,2,none,yes,2,divorced/separated
... < 0 DM,4,existing credits paid back duly till now,car (used),1177,... < 100 DM,unemployed,1,female,none,4,"car or other, not in savings account",19,none,own,2,unskilled - resident,1,"yes, registered under customer's name",yes,1,divorced/separated
... < 0 DM,24,existing credits paid back duly till now,radio/television,1622,... < 100 DM,1 <= ... < 4 years,4,female,none,4,"car or other, not in savings account",25,none,own,1,unskilled - resident,1,"yes, registered under customer's name",yes,1,single
... < 0 DM,27,existing credits paid back duly till now,car (new),1857,... >= 1000 DM,... < 1 year,1,female,none,2,real estate,27,stores,own,1,skilled employee / official,1,none,yes,1,single
... < 0 DM,18,all credits at this bank paid back duly,car (new),8157,100 <= ... < 500 DM,4 <= ... < 7 years,2,female,none,4,real estate,23,none,own,1,management / self-employed / highly qualified employee / officer,1,none,yes,1,married/widowed
no checking account,20,existing credits paid back duly till now,furniture/equipment,3646,... < 100 DM,... < 1 year,4,male,co-applicant,4,"car or other, not in savings account",20,none,own,1,management / self-employed / highly qualified employee / officer,1,none,yes,1,divorced/separated
0 <= ... < 200 DM,23,existing credits paid back duly till now,radio/television,1103,... < 100 DM,1 <= ... < 4 years,4,male,none,1,real estate,47,none,rent,1,unskilled - resident,1,"yes, registered under customer's name",yes,1,divorced/separated
... >= 200 DM / salary assignments for at least 1 year,9,existing credits paid back duly till now,car (new),3114,... < 100 DM,1 <= ... < 4 years,3,female,none,1,real estate,32,none,for free,2,unskilled - resident,1,none,yes,2,single
... < 0 DM,36,critical account / other credits existing (not at this bank),furniture/equipment,2079,... < 100 DM,... >= 7 years,4,female,none,1,"car or other, not in savings account",24,none,for free,1,skilled employee / official,1,none,yes,1,divorced/separated
... < 0 DM,14,existing credits paid back duly till now,car (new),2552,unknown / no savings account,4 <= ... < 7 years,2,female,none,3,"car or other, not in savings account",24,none,for free,1,unskilled - resident,1,"yes, registered under customer's name",yes,2,divorced/separated
0 <= ... < 200 DM,8,existing credits paid back duly till now,radio/television,3581,... < 100 DM,... >= 7 years,2,male,none,1,unknown / no property,25,none,rent,1,unskilled - resident,1,none,yes,2,single
0 <= ... < 200 DM,11,critical account / other credits existing (not at this bank),radio/television,7479,... < 100 DM,unemployed,2,male,none,4,"car or other, not in savings account",25,none,rent,2,management / self-employed / highly qualified employee / officer,1,"yes, registered under customer's name",yes,1,divorced/separated
0 <= ... < 200 DM,24,existing credits paid back duly till now,repairs,5874,... < 100 DM,unemployed,2,male,none,4,"car or other, not in savings account",24,none,for free,1,unskilled - resident,1,"yes, registered under customer's name",yes,1,single
... >= 200 DM / salary assignments for at least 1 year,5,existing credits paid back duly till now,car (new),2684,... < 100 DM,... < 1 year,4,male,co-applicant,4,building society savings agreement / life insurance,36,none,own,1,unskilled - resident,1,none,yes,2,married/widowed
0 <= ... < 200 DM,17,existing credits paid back duly till now,business,3752,... < 100 DM,1 <= ... < 4 years,4,female,none,2,building society savings agreement / life insurance,22,bank,rent,1,unskilled - resident,1,"yes, registered under customer's name",no,2,single
0 <= ... < 200 DM,4,existing credits paid back duly till now,car (used),3592,... < 100 DM,... < 1 year,1,male,none,4,real estate,36,bank,rent,2,management / self-employed / highly qualified employee / officer,1,"yes, registered under customer's name",yes,1,single
... < 0 DM,60,existing credits paid back duly till now,radio/television,2446,... < 100 DM,4 <= ... < 7 years,1,male,none,4,building society savings agreement / life insurance,20,none,for free,1,skilled employee / official,1,none,yes,2,single
no checking account,15,existing credits paid back duly till now,radio/television,4537,... < 100 DM,4 <= ... < 7 years,1,female,none,4,"car or other, not in savings account",19,none,rent,1,skilled employee / official,1,none,yes,2,single
... < 0 DM,26,critical account / other credits existing (not at this bank),business,12476,500 <= ... < 1000 DM,1 <= ... < 4 years,1,male,none,4,"car or other, not in savings account",72,none,for free,2,unskilled - resident,1,none,yes,1,married/widowed
no checking account,72,existing credits paid back duly till now,business,1078,500 <= ... < 1000 DM,... >= 7 years,4,male,none,2,real estate,20,none,own,2,unskilled - resident,1,none,yes,1,divorced/separated
0 <= ... < 200 DM,40,critical account / other credits existing (not at this bank),radio/television,9699,... < 100 DM,4 <= ... < 7 years,2,female,none,4,"car or other, not in savings account",19,none,own,3,skilled employee / official,1,"yes, registered under customer's name",yes,2,divorced/separated
0 <= ... < 200 DM,7,existing credits paid back duly till now,radio/television,8765,... < 100 DM,4 <= ... < 7 years,4,male,guarantor,4,real estate,19,bank,own,2,skilled employee / official,1,none,yes,2,married/widowed
0 <= ... < 200 DM,61,all credits at this bank paid back duly,radio/television,2922,... < 100 DM,4 <= ... < 7 years,1,male,none,4,"car or other, not in savings account",33,bank,rent,1,unskilled - resident,1,"yes, registered under customer's name",yes,1,divorced/separated
... < 0 DM,19,existing credits paid back duly till now,radio/television,1552,... < 100 DM,1 <= ... < 4 years,4,female,none,2,building society savings agreement / life insurance,35,stores,for free,1,unskilled - resident,1,none,yes,2,divorced/separated
... < 0 DM,20,existing credits paid back duly till now,radio/television,1736,unknown / no savings account,... < 1 year,2,female,none,3,"car or other, not in savings account",27,none,own,2,unskilled - resident,1,"yes, registered under customer's name",yes,2,divorced/separated
... < 0 DM,25,existing credits paid back duly till now,car (used),708,... < 100 DM,... < 1 year,1,female,none,4,real estate,50,none,for free,1,skilled employee / official,1,"yes, registered under customer's name",yes,1,single
... < 0 DM,24,no credits taken / all credits paid back duly,furniture/equipment,9070,... < 100 DM,... < 1 year,3,female,none,4,real estate,20,bank,own,1,unskilled - resident,1,none,yes,1,single
no checking account,8,existing credits paid back duly till now,retraining,2537,... < 100 DM,1 <= ... < 4 years,2,male,none,4,building society savings agreement / life insurance,33,none,own,1,skilled employee / official,1,none,no,1,single
0 <= ... < 200 DM,44,critical account / other credits existing (not at this bank),car (new),2625,... < 100 DM,... >= 7 years,2,male,none,4,real estate,19,bank,own,2,unskilled - resident,1,"yes, registered under customer's name",yes,2,single
... < 0 DM,16,critical account / other credits existing (not at this bank),repairs,5829,100 <= ... < 500 DM,1 <= ... < 4 years,4,female,none,4,"car or other, not in savings account",41,stores,own,1,unskilled - resident,1,none,yes,2,divorced/separated
0 <= ... < 200 DM,9,existing credits paid back duly till now,furniture/equipment,2866,... >= 1000 DM,... < 1 year,2,female,none,4,real estate,31,none,own,1,unemployed / unskilled - non-resident,1,none,yes,2,married/widowed
... < 0 DM,12,all credits at this bank paid back duly,radio/television,2702,... < 100 DM,... < 1 year,1,male,none,4,real estate,24,none,rent,1,management / self-employed / highly qualified employee / officer,1,"yes, registered under customer's name",yes,2,divorced/separated
0 <= ... < 200 DM,17,critical account / other credits existing (not at this bank),car (new),5293,... < 100 DM,1 <= ... < 4 years,4,female,none,4,real estate,29,stores,rent,2,management / self-employed / highly qualified employee / officer,1,none,yes,1,divorced/separated
... >= 200 DM / salary assignments for at least 1 year,18,all credits at this bank paid back duly,furniture/equipment,2650,... < 100 DM,... >= 7 years,3,male,co-applicant,4,building society savings agreement / life insurance,19,none,own,3,skilled employee / official,1,"yes, registered under customer's name",yes,1,single
0 <= ... < 200 DM,25,all credits at this bank paid back duly,furniture/equipment,12754,... < 100 DM,... >= 7 years,4,male,none,4,unknown / no property,21,stores,own,1,skilled employee / official,1,"yes, registered under customer's name",yes,1,married/widowed
0 <= ... < 200 DM,25,existing credits paid back duly till now,car (new),4019,... >= 1000 DM,... < 1 year,3,female,co-applicant,4,"car or other, not in savings account",19,none,own,2,skilled employee / official,1,"yes, registered under customer's name",yes,2,single
... < 0 DM,11,existing credits paid back duly till now,education,3492,... < 100 DM,... >= 7 years,1,male,none,2,"car or other, not in savings account",23,none,rent,1,management / self-employed / highly qualified employee / officer,1,none,yes,1,single
... < 0 DM,16,existing credits paid back duly till now,radio/television,3215,... >= 1000 DM,1 <= ... < 4 years,2,female,none,4,building society savings agreement / life insurance,59,stores,own,2,skilled employee / official,1,"yes, registered under customer's name",yes,2,single
0 <= ... < 200 DM,17,delay in paying off in the past,radio/television,8304,... >= 1000 DM,... < 1 year,1,female,none,4,"car or other, not in savings account",41,none,rent,1,skilled employee / official,1,none,yes,2,single
no checking account,57,existing credits paid back duly till now,car (new),1735,... < 100 DM,... < 1 year,1,female,guarantor,2,building society savings agreement / life insurance,42,none,own,2,management / self-employed / highly qualified employee / officer,2,none,no,2,divorced/separated
0 <= ... < 200 DM,5,existing credits paid back duly till now,furniture/equipment,12283,... < 100 DM,... >= 7 years,2,female,none,4,"car or other, not in savings account",25,none,own,1,skilled employee / official,1,none,yes,2,divorced/separated
... < 0 DM,40,existing credits paid back duly till now,furniture/equipment,2280,... < 100 DM,1 <= ... < 4 years,2,male,none,4,building society savings agreement / life insurance,29,none,own,2,unskilled - resident,1,"yes, registered under customer's name",yes,2,divorced/separated
0 <= ... < 200 DM,72,all credits at this bank paid back duly,car (new),2561,unknown / no savings account,4 <= ... < 7 years,1,female,none,4,real estate,43,none,for free,1,unskilled - resident,1,none,yes,2,single
no checking account,14,delay in paying off in the past,radio/television,2956,... < 100 DM,1 <= ... < 4 years,2,male,none,4,real estate,60,none,rent,1,unskilled - resident,2,"yes, registered under customer's name",yes,2,married/widowed
... < 0 DM,13,existing credits paid back duly till now,car (new),5062,... < 100 DM,... < 1 year,1,female,none,4,"car or other, not in savings account",19,bank,own,1,unskilled - resident,1,"yes, registered under customer's name",no,2,single
no checking account,21,existing credits paid back duly till now,furniture/equipment,15945,... < 100 DM,... < 1 year,1,female,none,4,"car or other, not in savings account",35,none,own,1,skilled employee / official,1,none,yes,1,married/widowed
... < 0 DM,25,existing credits paid back duly till now,business,11283,... < 100 DM,... < 1 year,1,female,none,4,building society savings agreement / life insurance,33,none,own,1,unskilled - resident,1,"yes, registered under customer's name",yes,2,married/widowed
0 <= ... < 200 DM,62,existing credits paid back duly till now,others,12063,... < 100 DM,... < 1 year,2,female,none,2,"car or other, not in savings account",19,stores,own,1,unemployed / unskilled - non-resident,1,none,yes,1,divorced/separated
no checking account,5,existing credits paid back duly till now,car (new),3623,... < 100 DM,... >= 7 years,1,male,none,2,"car or other, not in savings account",34,bank,own,2,management / self-employed / highly qualified employee / officer,1,"yes, registered under customer's name",yes,2,single
... < 0 DM,16,all credits at this bank paid back duly,radio/television,5084,... < 100 DM,4 <= ... < 7 years,4,female,none,2,"car or other, not in savings account",39,none,own,1,skilled employee / official,1,"yes, registered under customer's name",yes,1,single
... < 0 DM,22,critical account / other credits existing (not at this bank),radio/television,5655,... < 100 DM,1 <= ... < 4 years,2,male,none,2,"car or other, not in savings account",24,none,for free,2,skilled employee / official,1,none,yes,1,divorced/separated
... >= 200 DM / salary assignments for at least 1 year,27,existing credits paid back duly till now,furniture/equipment,744,... < 100 DM,4 <= ... < 7 years,2,male,none,4,"car or other, not in savings account",19,none,rent,1,unskilled - resident,1,"yes, registered under customer's name",yes,2,divorced/separated
... < 0 DM,23,existing credits paid back duly till now,radio/television,1080,... < 100 DM,... >= 7 years,1,female,none,4,"car or other, not in savings account",49,none,rent,1,unskilled - resident,1,"yes, registered under customer's name",yes,1,divorced/separated
... < 0 DM,17,critical account / other credits existing (not at this bank),car (used),2448,... < 100 DM,... < 1 year,2,male,none,4,real estate,19,none,rent,1,unskilled - resident,1,none,yes,1,divorced/separated
... < 0 DM,11,existing credits paid back duly till now,car (new),5254,... < 100 DM,4 <= ... < 7 years,2,male,none,4,"car or other, not in savings account",19,none,rent,1,skilled employee / official,1,none,yes,1,divorced/separated
... < 0 DM,18,existing credits paid back duly till now,car (new),1740,500 <= ... < 1000 DM,1 <= ... < 4 years,2,female,none,4,real estate,23,none,rent,3,skilled employee / official,1,none,yes,2,single
... < 0 DM,13,existing credits paid back duly till now,car (new),7681,100 <= ... < 500 DM,... < 1 year,2,female,none,2,real estate,43,none,own,2,skilled employee / official,1,"yes, registered under customer's name",yes,2,divorced/separated
... < 0 DM,43,existing credits paid back duly till now,furniture/equipment,3739,... < 100 DM,1 <= ... < 4 years,1,female,none,4,"car or other, not in savings account",19,none,own,1,skilled employee / official,2,none,yes,2,divorced/separated
0 <= ... < 200 DM,49,existing credits paid back duly till now,furniture/equipment,2856,unknown / no savings account,... < 1 year,4,female,none,1,real estate,24,none,own,1,management / self-employed / highly qualified employee / officer,1,"yes, registered under customer's name",yes,1,divorced/separated
... < 0 DM,4,existing credits paid back duly till now,car (new),3416,500 <= ... < 1000 DM,... < 1 year,2,male,none,4,"car or other, not in savings account",26,none,for free,2,unskilled - resident,1,none,yes,1,single
no checking account,59,existing credits paid back duly till now,furniture/equipment,10607,100 <= ... < 500 DM,1 <= ... < 4 years,1,male,none,4,"car or other, not in savings account",19,none,own,1,unemployed / unskilled - non-resident,1,none,yes,1,divorced/separated
no checking account,25,existing credits paid back duly till now,car (new),13013,... >= 1000 DM,... < 1 year,2,female,none,4,"car or other, not in savings account",31,none,for free,1,unemployed / unskilled - non-resident,1,none,yes,2,divorced/separated
... < 0 DM,54,critical account / other credits existing (not at this bank),domestic appliances,1097,500 <= ... < 1000 DM,4 <= ... < 7 years,2,female,co-applicant,4,real estate,62,none,rent,2,unskilled - resident,1,"yes, registered under customer's name",no,1,divorced/separated
... < 0 DM,25,existing credits paid back duly till now,car (new),1704,... < 100 DM,1 <= ... < 4 years,3,female,none,4,unknown / no property,23,none,rent,1,skilled employee / official,1,none,yes,1,single
... < 0 DM,18,all credits at this bank paid back duly,furniture/equipment,3874,... < 100 DM,... < 1 year,2,male,guarantor,4,"car or other, not in savings account",19,none,own,1,management / self-employed / highly qualified employee / officer,1,none,yes,2,divorced/separated
no checking account,61,existing credits paid back duly till now,business,15945,... < 100 DM,1 <= ... < 4 years,3,male,none,4,building society savings agreement / life insurance,35,none,rent,1,skilled employee / official,1,none,yes,2,single
0 <= ... < 200 DM,19,existing credits paid back duly till now,retraining,7715,100 <= ... < 500 DM,1 <= ... < 4 years,4,male,none,3,real estate,53,none,rent,2,unskilled - resident,1,"yes, registered under customer's name",yes,1,married/widowed
... < 0 DM,5,existing credits paid back duly till now,car (used),3504,... < 100 DM,unemployed,2,male,none,4,"car or other, not in savings account",31,none,rent,2,skilled employee / official,1,"yes, registered under customer's name",yes,1,divorced/separated
no checking account,36,existing credits paid back duly till now,furniture/equipment,4241,... < 100 DM,unemployed,4,male,none,4,unknown / no property,29,none,rent,1,unskilled - resident,1,"yes, registered under customer's name",yes,2,single
no checking account,24,existing credits paid back duly till now,car (new),6124,... < 100 DM,1 <= ... < 4 years,4,male,none,4,"car or other, not in savings account",35,bank,rent,1,unskilled - resident,1,"yes, registered under customer's name",yes,1,divorced/separated
0 <= ... < 200 DM,55,existing credits paid back duly till now,furniture/equipment,12384,... < 100 DM,1 <= ... < 4 years,4,female,none,4,"car or other, not in savings account",19,none,own,1,skilled employee / official,1,none,yes,1,divorced/separated
... >= 200 DM / salary assignments for at least 1 year,68,existing credits paid back duly till now,car (new),11094,... < 100 DM,1 <= ... < 4 years,4,male,none,1,"car or other, not in savings account",35,none,own,2,skilled employee / official,1,"yes, registered under customer's name",yes,2,married/widowed
0 <= ... < 200 DM,18,critical account / other credits existing (not at this bank),business,9461,... < 100 DM,1 <= ... < 4 years,4,female,co-applicant,4,"car or other, not in savings account",19,none,for free,1,unemployed / unskilled - non-resident,1,none,yes,2,married/widowed
... < 0 DM,4,existing credits paid back duly till now,furniture/equipment,6469,... < 100 DM,4 <= ... < 7 years,1,female,none,4,"car or other, not in savings account",28,none,own,2,skilled employee / official,1,"yes, registered under customer's name",yes,1,married/widowed
no checking account,44,existing credits paid back duly till now,radio/television,3194,... < 100 DM,1 <= ... < 4 years,2,male,none,4,real estate,21,none,own,2,unskilled - resident,1,"yes, registered under customer's name",yes,2,divorced/separated
... < 0 DM,49,delay in paying off in the past,car (new),12261,... < 100 DM,4 <= ... < 7 years,4,female,none,4,"car or other, not in savings account",22,none,rent,2,management / self-employed / highly qualified employee / officer,1,"yes, registered under customer's name",yes,1,divorced/separated
no checking account,12,existing credits paid back duly till now,car (new),5073,... < 100 DM,1 <= ... < 4 years,1,male,none,3,real estate,20,none,rent,1,unskilled - resident,1,"yes, registered under customer's name",yes,1,single
... < 0 DM,21,existing credits paid back duly till now,car (new),2243,... < 100 DM,1 <= ... < 4 years,2,male,none,2,building society savings agreement / life insurance,25,none,rent,2,unskilled - resident,1,"yes, registered under customer's name",yes,1,divorced/separated
... < 0 DM,4,existing credits paid back duly till now,car (new),2249,... < 100 DM,1 <= ... < 4 years,1,female,none,4,real estate,19,none,rent,2,unskilled - resident,1,"yes, registered under customer's name",yes,2,single
0 <= ... < 200 DM,46,existing credits paid back duly till now,car (new),3130,... < 100 DM,... < 1 year,4,female,none,4,building society savings agreement / life insurance,20,none,for free,3,skilled employee / official,1,"yes, registered under customer's name",yes,2,married/widowed
... < 0 DM,37,delay in paying off in the past,radio/television,2807,... < 100 DM,... < 1 year,1,female,none,1,real estate,59,none,own,4,skilled employee / official,1,none,yes,1,single
... < 0 DM,13,existing credits paid back duly till now,car (new),11539,... < 100 DM,... < 1 year,1,female,none,4,"car or other, not in savings account",19,none,rent,1,skilled employee / official,1,none,yes,1,divorced/separated
... < 0 DM,22,existing credits paid back duly till now,education,5827,500 <= ... < 1000 DM,... < 1 year,2,female,none,4,building society savings agreement / life insurance,40,none,own,2,skilled employee / official,1,"yes, registered under customer's name",yes,2,single
... < 0 DM,23,existing credits paid back duly till now,radio/television,5245,... < 100 DM,... < 1 year,2,female,none,4,unknown / no property,30,none,rent,2,unskilled - resident,1,"yes, registered under customer's name",yes,2,married/widowed
0 <= ... < 200 DM,10,all credits at this bank paid back duly,car (new),2022,... < 100 DM,4 <= ... < 7 years,2,female,none,4,building society savings agreement / life insurance,23,none,rent,3,skilled employee / official,1,"yes, registered under customer's name",yes,2,single
... < 0 DM,23,all credits at this bank paid back duly,car (new),3369,... < 100 DM,... >= 7 years,4,female,none,1,building society savings agreement / life insurance,24,none,own,2,unskilled - resident,1,"yes, registered under customer's name",yes,2,single
... < 0 DM,38,existing credits paid back duly till now,furniture/equipment,1126,unknown / no savings account,4 <= ... < 7 years,4,female,none,4,building society savings agreement / life insurance,57,none,for free,1,skilled employee / official,1,none,yes,1,divorced/separated
0 <= ... < 200 DM,8,existing credits paid back duly till now,furniture/equipment,4925,... < 100 DM,4 <= ... < 7 years,3,female,none,4,"car or other, not in savings account",49,none,rent,2,management / self-employed / highly qualified employee / officer,1,none,yes,2,divorced/separated
0 <= ... < 200 DM,18,existing credits paid back duly till now,car (new),2519,... < 100 DM,1 <= ... < 4 years,4,male,none,4,"car or other, not in savings account",27,none,rent,1,management / self-employed / highly qualified employee / officer,1,none,yes,1,married/widowed
... < 0 DM,39,existing credits paid back duly till now,radio/television,15945,... < 100 DM,4 <= ... < 7 years,2,male,none,1,"car or other, not in savings account",19,bank,own,2,unskilled - resident,1,"yes, registered under customer's name",yes,1,single
... < 0 DM,9,existing credits paid back duly till now,radio/television,6635,... < 100 DM,1 <= ... < 4 years,2,male,none,4,"car or other, not in savings account",27,none,own,1,skilled employee / official,1,"yes, registered under customer's name",yes,2,single
0 <= ... < 200 DM,24,existing credits paid back duly till now,car (used),2632,... < 100 DM,... >= 7 years,4,male,none,4,"car or other, not in savings account",69,none,rent,1,skilled employee / official,1,"yes, registered under customer's name",yes,2,divorced/separated
... < 0 DM,17,all credits at this bank paid back duly,car (new),6085,... < 100 DM,... >= 7 years,1,female,none,3,real estate,41,none,rent,1,unskilled - resident,1,"yes, registered under customer's name",yes,1,single
... < 0 DM,12,existing credits paid back duly till now,furniture/equipment,11273,unknown / no savings account,1 <= ... < 4 years,2,male,none,4,real estate,29,none,own,2,unskilled - resident,1,"yes, registered under customer's name",yes,2,single
... >= 200 DM / salary assignments for at least 1 year,12,critical account / other credits existing (not at this bank),radio/television,4994,... < 100 DM,unemployed,4,male,none,4,"car or other, not in savings account",19,none,own,2,skilled employee / official,1,"yes, registered under customer's name",yes,2,divorced/separated
... < 0 DM,4,existing credits paid back duly till now,business,15945,... < 100 DM,1 <= ... < 4 years,3,male,none,3,unknown / no property,32,none,rent,1,unskilled - resident,2,"yes, registered under customer's name",yes,2,single
... < 0 DM,24,existing credits paid back duly till now,car (new),8762,unknown / no savings account,4 <= ... < 7 years,4,male,none,4,"car or other, not in savings account",24,none,own,2,skilled employee / official,1,"yes, registered under customer's name",yes,1,divorced/separated
... < 0 DM,25,existing credits paid back duly till now,furniture/equipment,7756,... < 100 DM,1 <= ... < 4 years,1,male,none,4,"car or other, not in savings account",71,none,for free,1,management / self-employed / highly qualified employee / officer,1,"yes, registered under customer's name",yes,2,divorced/separated
... < 0 DM,56,existing credits paid back duly till now,car (new),5769,... < 100 DM,1 <= ... < 4 years,4,male,none,1,unknown / no property,40,none,rent,1,unskilled - resident,1,"yes, registered under customer's name",yes,2,single
0 <= ... < 200 DM,12,critical account / other credits existing (not at this bank),car (new),5597,... < 100 DM,... < 1 year,4,male,none,4,unknown / no property,53,bank,own,3,skilled employee / official,1,"yes, registered under customer's name",yes,2,divorced/separated
... < 0 DM,22,existing credits paid back duly till now,car (new),4101,... < 100 DM,1 <= ... < 4 years,1,female,none,4,"car or other, not in savings account",19,none,own,1,skilled employee / official,1,none,yes,2,divorced/separated
0 <= ... < 200 DM,4,existing credits paid back duly till now,education,6214,... < 100 DM,1 <= ... < 4 years,2,female,none,4,building society savings agreement / life insurance,55,none,own,2,management / self-employed / highly qualified employee / officer,1,"yes, registered under customer's name",yes,2,divorced/separated
... >= 200 DM / salary assignments for at least 1 year,65,existing credits paid back duly till now,repairs,4704,... < 100 DM,1 <= ... < 4 years,2,male,none,4,building society savings agreement / life insurance,75,none,for free,2,management / self-employed / highly qualified employee / officer,1,none,yes,1,married/widowed
no checking account,47,existing credits paid back duly till now,car (new),3094,... < 100 DM,unemployed,4,male,none,4,real estate,19,bank,for free,1,skilled employee / official,1,"yes, registered under customer's name",yes,1,divorced/separated
... < 0 DM,8,existing credits paid back duly till now,furniture/equipment,4939,... < 100 DM,... >= 7 years,2,female,none,2,real estate,19,none,for free,1,unemployed / unskilled - non-resident,1,none,yes,2,divorced/separated
... < 0 DM,48,existing credits paid back duly till now,car (new),2998,... < 100 DM,... < 1 year,4,female,none,4,"car or other, not in savings account",19,none,own,2,skilled employee / official,1,none,yes,2,divorced/separated
... < 0 DM,25,all credits at this bank paid back duly,car (new),1258,100 <= ... < 500 DM,... >= 7 years,4,male,none,2,unknown / no property,22,none,own,2,management / self-employed / highly qualified employee / officer,1,"yes, registered under customer's name",yes,2,single
no checking account,7,existing credits paid back duly till now,furniture/equipment,13017,... < 100 DM,1 <= ... < 4 years,2,male,none,4,real estate,57,none,rent,1,skilled employee / official,1,"yes, registered under customer's name",yes,1,single
... < 0 DM,23,existing credits paid back duly till now,radio/television,1118,... < 100 DM,1 <= ... < 4 years,2,male,guarantor,4,"car or other, not in savings account",43,none,own,2,unskilled - resident,2,"yes, registered under customer's name",yes,2,single
0 <= ... < 200 DM,72,existing credits paid back duly till now,car (new),6475,... < 100 DM,... >= 7 years,2,female,none,4,"car or other, not in savings account",69,none,own,1,skilled employee / official,1,"yes, registered under customer's name",yes,2,married/widowed
... < 0 DM,27,existing credits paid back duly till now,car (new),4110,... < 100 DM,1 <= ... < 4 years,2,male,none,4,real estate,48,none,rent,1,unskilled - resident,1,"yes, registered under customer's name",yes,1,single
... < 0 DM,26,delay in paying off in the past,business,1258,100 <= ... < 500 DM,1 <= ... < 4 years,1,male,none,4,real estate,39,bank,own,1,management / self-employed / highly qualified employee / officer,1,none,yes,1,divorced/separated
no checking account,16,critical account / other credits existing (not at this bank),car (new),2093,... < 100 DM,4 <= ... < 7 years,2,male,none,4,unknown / no property,19,none,rent,1,unskilled - resident,1,"yes, registered under customer's name",yes,2,married/widowed
... >= 200 DM / salary assignments for at least 1 year,27,existing credits paid back duly till now,radio/television,6669,... < 100 DM,... >= 7 years,2,male,none,1,unknown / no property,20,none,for free,2,skilled employee / official,1,"yes, registered under customer's name",yes,2,single
... < 0 DM,46,existing credits paid back duly till now,car (new),11974,... < 100 DM,1 <= ... < 4 years,4,male,none,4,"car or other, not in savings account",22,none,rent,1,unskilled - resident,1,none,yes,2,married/widowed
no checking account,41,critical account / other credits existing (not at this bank),furniture/equipment,12980,... >= 1000 DM,4 <= ... < 7 years,2,male,none,1,building society savings agreement / life insurance,22,none,for free,2,unemployed / unskilled - non-resident,1,none,yes,2,married/widowed
... < 0 DM,17,existing credits paid back duly till now,car (new),1537,100 <= ... < 500 DM,4 <= ... < 7 years,2,female,none,4,unknown / no property,19,none,rent,1,skilled employee / official,1,none,yes,2,divorced/separated
... >= 200 DM / salary assignments for at least 1 year,57,existing credits paid back duly till now,furniture/equipment,7864,... < 100 DM,... < 1 year,2,female,none,3,"car or other, not in savings account",30,none,rent,1,skilled employee / official,1,none,yes,2,single
... < 0 DM,46,existing credits paid back duly till now,car (used),14719,500 <= ... < 1000 DM,... >= 7 years,2,female,none,1,"car or other, not in savings account",39,none,own,1,unemployed / unskilled - non-resident,1,"yes, registered under customer's name",yes,1,divorced/separated
... < 0 DM,5,existing credits paid back duly till now,radio/television,2601,500 <= ... < 1000 DM,1 <= ... < 4 years,4,female,none,4,real estate,22,none,for free,2,management / self-employed / highly qualified employee / officer,1,none,yes,1,divorced/separated
... >= 200 DM / salary assignments for at least 1 year,29,existing credits paid back duly till now,car (new),3666,... < 100 DM,... >= 7 years,3,male,none,3,real estate,27,none,own,2,skilled employee / official,1,none,yes,2,divorced/separated
... < 0 DM,27,existing credits paid back duly till now,repairs,12604,... < 100 DM,4 <= ... < 7 years,4,male,none,4,real estate,75,none,for free,1,unskilled - resident,2,"yes, registered under customer's name",yes,2,divorced/separated
0 <= ... < 200 DM,10,existing credits paid back duly till now,radio/television,1862,... < 100 DM,... >= 7 years,4,female,co-applicant,2,"car or other, not in savings account",19,none,own,2,skilled employee / official,1,none,yes,2,divorced/separated
... < 0 DM,25,critical account / other credits existing (not at this bank),radio/television,5017,... < 100 DM,... < 1 year,2,female,guarantor,4,building society savings agreement / life insurance,45,none,for free,2,skilled employee / official,1,"yes, registered under customer's name",yes,1,single
... < 0 DM,4,existing credits paid back duly till now,furniture/equipment,5435,... < 100 DM,... < 1 year,4,female,none,4,"car or other, not in savings account",19,none,own,1,skilled employee / official,1,none,yes,2,divorced/separated
0 <= ... < 200 DM,25,existing credits paid back duly till now,others,3162,unknown / no savings account,... < 1 year,4,male,none,2,real estate,19,none,own,1,unskilled - resident,2,"yes, registered under customer's name",yes,1,married/widowed
0 <= ... < 200 DM,25,no credits taken / all credits paid back duly,car (new),2789,... < 100 DM,4 <= ... < 7 years,2,male,none,2,unknown / no property,36,none,rent,1,unskilled - resident,1,none,yes,1,single
... >= 200 DM / salary assignments for at least 1 year,60,critical account / other credits existing (not at this bank),car (new),1970,unknown / no savings account,... < 1 year,4,female,guarantor,4,real estate,19,none,rent,1,skilled employee / official,1,"yes, registered under customer's name",yes,1,married/widowed
0 <= ... < 200 DM,61,existing credits paid back duly till now,radio/television,3190,unknown / no savings account,1 <= ... < 4 years,1,male,none,4,building society savings agreement / life insurance,44,none,own,1,management / self-employed / highly qualified employee / officer,1,"yes, registered under customer's name",yes,1,single
... < 0 DM,5,critical account / other credits existing (not at this bank),car (new),3444,... < 100 DM,... >= 7 years,2,female,none,3,real estate,35,none,rent,2,management / self-employed / highly qualified employee / officer,1,"yes, registered under customer's name",yes,2,single
0 <= ... < 200 DM,22,existing credits paid back duly till now,furniture/equipment,4390,unknown / no savings account,1 <= ... < 4 years,1,female,none,4,real estate,72,none,for free,2,unskilled - resident,1,none,yes,1,divorced/separated
... < 0 DM,12,existing credits paid back duly till now,car (new),3117,... < 100 DM,... < 1 year,1,male,none,4,real estate,33,none,rent,1,unskilled - resident,1,none,yes,2,divorced/separated
0 <= ... < 200 DM,9,no credits taken / all credits paid back duly,car (new),2065,... < 100 DM,1 <= ... < 4 years,1,male,none,2,unknown / no property,42,none,own,1,skilled employee / official,1,none,yes,2,divorced/separated
no checking account,45,no credits taken / all credits paid back duly,car (new),3220,... < 100 DM,1 <= ... < 4 years,4,female,none,4,real estate,32,none,for free,1,skilled employee / official,1,none,yes,1,divorced/separated
0 <= ... < 200 DM,72,existing credits paid back duly till now,radio/television,6600,unknown / no savings account,... < 1 year,4,male,none,4,"car or other, not in savings account",26,none,own,2,management / self-employed / highly qualified employee / officer,1,"yes, registered under customer's name",yes,1,divorced/separated
no checking account,4,existing credits paid back duly till now,radio/television,3102,... < 100 DM,4 <= ... < 7 years,4,male,none,4,"car or other, not in savings account",31,none,rent,1,skilled employee / official,1,none,yes,1,divorced/separated
no checking account,13,all credits at this bank paid back duly,car (new),5903,... < 100 DM,... >= 7 years,2,male,none,4,building society savings agreement / life insurance,19,none,rent,2,skilled employee / official,1,"yes, registered under customer's name",yes,1,single
... < 0 DM,72,critical account / other credits existing (not at this bank),furniture/equipment,3210,... < 100 DM,4 <= ... < 7 years,2,male,none,4,unknown / no property,75,none,for free,2,skilled employee / official,1,none,no,2,divorced/separated
0 <= ... < 200 DM,28,existing credits paid back duly till now,car (used),9937,... < 100 DM,unemployed,1,female,none,4,real estate,30,none,rent,1,unskilled - resident,1,none,yes,1,divorced/separated
0 <= ... < 200 DM,33,delay in paying off in the past,car (new),4242,unknown / no savings account,4 <= ... < 7 years,1,male,none,4,"car or other, not in savings account",63,none,rent,2,unskilled - resident,1,none,yes,2,divorced/separated
no checking account,11,existing credits paid back duly till now,others,3400,... < 100 DM,... < 1 year,4,female,guarantor,1,building society savings agreement / life insurance,46,none,for free,1,skilled employee / official,1,"yes, registered under customer's name",yes,1,divorced/separated
... < 0 DM,4,existing credits paid back duly till now,domestic appliances,3515,100 <= ... < 500 DM,... < 1 year,4,male,none,1,"car or other, not in savings account",37,none,own,1,management / self-employed / highly qualified employee / officer,1,"yes, registered under customer's name",yes,2,single
no checking account,8,existing credits paid back duly till now,car (new),4773,... < 100 DM,... >= 7 years,2,female,none,3,"car or other, not in savings account",20,none,own,1,skilled employee / official,1,"yes, registered under customer's name",yes,1,single
no checking account,53,critical account / other credits existing (not at this bank),radio/television,3603,... < 100 DM,... >= 7 years,4,female,none,2,"car or other, not in savings account",34,none,own,2,skilled employee / official,2,none,yes,2,single
... < 0 DM,26,delay in paying off in the past,car (new),11123,... < 100 DM,... >= 7 years,4,male,none,4,"car or other, not in savings account",66,none,rent,1,skilled employee / official,1,none,yes,1,single
... < 0 DM,28,existing credits paid back duly till now,car (new),3045,unknown / no savings account,... < 1 year,3,female,none,2,real estate,21,none,own,2,skilled employee / official,1,none,yes,2,single
no checking account,26,existing credits paid back duly till now,radio/television,12204,100 <= ... < 500 DM,1 <= ... < 4 years,4,male,none,1,"car or other, not in savings account",19,bank,own,1,management / self-employed / highly qualified employee / officer,2,none,no,1,single
... < 0 DM,13,critical account / other credits existing (not at this bank),furniture/equipment,2778,... < 100 DM,1 <= ... < 4 years,2,male,none,4,"car or other, not in savings account",70,none,for free,1,skilled employee / official,1,none,yes,1,divorced/separated
... < 0 DM,23,existing credits paid back duly till now,car (new),9203,500 <= ... < 1000 DM,1 <= ... < 4 years,4,female,none,4,"car or other, not in savings account",20,none,own,1,skilled employee / official,1,"yes, registered under customer's name",yes,1,single
0 <= ... < 200 DM,9,existing credits paid back duly till now,radio/television,1579,... >= 1000 DM,... >= 7 years,4,male,guarantor,4,"car or other, not in savings account",37,stores,own,1,skilled employee / official,1,"yes, registered under customer's name",yes,2,married/widowed
no checking account,45,existing credits paid back duly till now,radio/television,15945,... < 100 DM,4 <= ... < 7 years,4,male,none,4,"car or other, not in savings account",22,none,rent,1,skilled employee / official,1,"yes, registered under customer's name",yes,2,divorced/separated
0 <= ... < 200 DM,10,existing credits paid back duly till now,others,3650,... < 100 DM,4 <= ... < 7 years,4,female,none,4,real estate,44,stores,rent,1,unskilled - resident,1,none,yes,2,divorced/separated
... < 0 DM,37,existing credits paid back duly till now,radio/television,11456,unknown / no savings account,1 <= ... < 4 years,1,female,none,4,real estate,19,none,rent,2,skilled employee / official,1,"yes, registered under customer's name",yes,1,divorced/separated
... < 0 DM,31,existing credits paid back duly till now,furniture/equipment,2448,... < 100 DM,... < 1 year,2,male,none,1,"car or other, not in savings account",30,none,for free,1,unskilled - resident,1,none,yes,2,single
... < 0 DM,27,existing credits paid back duly till now,car (used),3548,... < 100 DM,4 <= ... < 7 years,1,male,none,1,"car or other, not in savings account",35,none,own,2,skilled employee / official,1,"yes, registered under customer's name",yes,2,single
0 <= ... < 200 DM,21,critical account / other credits existing (not at this bank),car (new),1940,500 <= ... < 1000 DM,4 <= ... < 7 years,4,male,none,4,building society savings agreement / life insurance,19,none,rent,2,unskilled - resident,1,"yes, registered under customer's name",yes,1,single
... < 0 DM,21,existing credits paid back duly till now,domestic appliances,4000,... < 100 DM,... < 1 year,2,male,none,4,"car or other, not in savings account",34,none,rent,1,skilled employee / official,1,"yes, registered under customer's name",yes,1,single
... < 0 DM,22,critical account / other credits existing (not at this bank),furniture/equipment,4217,unknown / no savings account,1 <= ... < 4 years,4,male,none,4,building society savings agreement / life insurance,43,none,own,3,unskilled - resident,1,"yes, registered under customer's name",yes,2,divorced/separated
... < 0 DM,11,existing credits paid back duly till now,furniture/equipment,9085,unknown / no savings account,1 <= ... < 4 years,3,male,none,2,"car or other, not in savings account",19,none,rent,1,skilled employee / official,1,none,yes,2,divorced/separated
0 <= ... < 200 DM,50,existing credits paid back duly till now,furniture/equipment,2974,... < 100 DM,1 <= ... < 4 years,3,male,none,4,building society savings agreement / life insurance,19,bank,own,1,skilled employee / official,1,none,yes,2,single
... < 0 DM,22,existing credits paid back duly till now,radio/television,3095,... < 100 DM,unemployed,4,male,none,3,"car or other, not in savings account",19,none,rent,2,management / self-employed / highly qualified employee / officer,1,none,yes,1,divorced/separated
0 <= ... < 200 DM,22,existing credits paid back duly till now,car (new),2610,... < 100 DM,1 <= ... < 4 years,2,male,none,4,"car or other, not in savings account",65,stores,for free,1,skilled employee / official,1,none,yes,2,divorced/separated
... < 0 DM,27,existing credits paid back duly till now,car (new),660,500 <= ... < 1000 DM,4 <= ... < 7 years,4,female,none,3,real estate,27,none,rent,2,management / self-employed / highly qualified employee / officer,1,"yes, registered under customer's name",yes,2,single
... < 0 DM,10,existing credits paid back duly till now,radio/television,3347,... < 100 DM,1 <= ... < 4 years,3,female,none,4,real estate,70,none,for free,1,unskilled - resident,1,"yes, registered under customer's name",yes,1,single
... < 0 DM,26,existing credits paid back duly till now,car (new),10672,unknown / no savings account,4 <= ... < 7 years,3,male,none,2,"car or other, not in savings account",19,none,for free,1,skilled employee / official,1,"yes, registered under customer's name",yes,1,single
0 <= ... < 200 DM,28,critical account / other credits existing (not at this bank),furniture/equipment,1727,... < 100 DM,1 <= ... < 4 years,2,male,none,2,"car or other, not in savings account",19,none,for free,1,unskilled - resident,2,"yes, registered under customer's name",yes,1,divorced/separated
... < 0 DM,24,existing credits paid back duly till now,furniture/equipment,2634,... < 100 DM,4 <= ... < 7 years,2,male,none,4,"car or other, not in savings account",49,none,own,1,unskilled - resident,1,"yes, registered under customer's name",yes,1,single
... < 0 DM,31,existing credits paid back duly till now,car (used),1357,... < 100 DM,... < 1 year,4,female,none,1,"car or other, not in savings account",36,none,rent,1,skilled employee / official,1,"yes, registered under customer's name",yes,1,married/widowed
... < 0 DM,24,existing credits paid back duly till now,radio/television,9477,... < 100 DM,1 <= ... < 4 years,1,female,none,3,real estate,19,none,own,2,unskilled - resident,1,none,yes,2,divorced/separated
0 <= ... < 200 DM,30,existing credits paid back duly till now,radio/television,250,... < 100 DM,... < 1 year,1,female,none,4,real estate,28,none,own,1,skilled employee / official,2,"yes, registered under customer's name",yes,1,divorced/separated
... < 0 DM,57,existing credits paid back duly till now,furniture/equipment,9117,... < 100 DM,... >= 7 years,4,female,none,4,unknown / no property,60,none,own,2,unskilled - resident,1,"yes, registered under customer's name",yes,2,single
... >= 200 DM / salary assignments for at least 1 year,37,no credits taken / all credits paid back duly,car (new),2156,... < 100 DM,... < 1 year,4,male,none,1,building society savings agreement / life insurance,19,none,own,1,management / self-employed / highly qualified employee / officer,1,none,yes,1,single
... < 0 DM,53,delay in paying off in the past,furniture/equipment,15945,... < 100 DM,1 <= ... < 4 years,2,female,none,2,"car or other, not in savings account",24,none,rent,2,management / self-employed / highly qualified employee / officer,1,"yes, registered under customer's name",yes,1,married/widowed
... < 0 DM,8,existing credits paid back duly till now,radio/television,2117,... < 100 DM,1 <= ... < 4 years,4,male,none,2,real estate,27,none,own,2,skilled employee / official,1,none,yes,2,divorced/separated
... >= 200 DM / salary assignments for at least 1 year,52,delay in paying off in the past,furniture/equipment,3139,... < 100 DM,4 <= ... < 7 years,2,male,none,1,"car or other, not in savings account",21,bank,for free,3,management / self-employed / highly qualified employee / officer,1,"yes, registered under customer's name",yes,2,divorced/separated
... < 0 DM,38,existing credits paid back duly till now,furniture/equipment,3467,... < 100 DM,1 <= ... < 4 years,3,female,none,2,real estate,29,none,own,2,skilled employee / official,1,"yes, registered under customer's name",yes,1,single
0 <= ... < 200 DM,40,existing credits paid back duly till now,car (new),908,... < 100 DM,1 <= ... < 4 years,4,female,none,3,building society savings agreement / life insurance,28,bank,for free,1,unskilled - resident,1,none,yes,2,divorced/separated
no checking account,24,existing credits paid back duly till now,radio/television,3125,unknown / no savings account,4 <= ... < 7 years,4,male,none,2,"car or other, not in savings account",62,none,own,1,unskilled - resident,1,"yes, registered under customer's name",yes,1,single
... < 0 DM,22,existing credits paid back duly till now,business,2679,... < 100 DM,4 <= ... < 7 years,2,male,none,4,building society savings agreement / life insurance,44,none,own,1,unskilled - resident,1,"yes, registered under customer's name",yes,1,divorced/separated
... < 0 DM,23,existing credits paid back duly till now,furniture/equipment,2906,... < 100 DM,1 <= ... < 4 years,2,male,none,1,building society savings agreement / life insurance,55,none,own,2,skilled employee / official,1,"yes, registered under customer's name",yes,1,divorced/separated
... < 0 DM,14,existing credits paid back duly till now,furniture/equipment,15945,... < 100 DM,4 <= ... < 7 years,1,female,none,4,building society savings agreement / life insurance,36,none,for free,2,skilled employee / official,1,none,yes,2,divorced/separated
0 <= ... < 200 DM,27,existing credits paid back duly till now,radio/television,1210,... < 100 DM,4 <= ... < 7 years,2,female,none,4,"car or other, not in savings account",19,none,own,2,unskilled - resident,1,"yes, registered under customer's name",yes,1,divorced/separated
0 <= ... < 200 DM,16,all credits at this bank paid back duly,car (new),518,100 <= ... < 500 DM,... < 1 year,3,female,none,2,unknown / no property,27,none,for free,2,unskilled - resident,1,"yes, registered under customer's name",yes,2,divorced/separated
... < 0 DM,28,existing credits paid back duly till now,furniture/equipment,2216,... < 100 DM,unemployed,2,male,none,4,"car or other, not in savings account",37,none,own,2,management / self-employed / highly qualified employee / officer,1,"yes, registered under customer's name",yes,1,divorced/separated
... >= 200 DM / salary assignments for at least 1 year,32,existing credits paid back duly till now,education,2536,... < 100 DM,4 <= ... < 7 years,1,male,none,3,"car or other, not in savings account",33,none,own,1,management / self-employed / highly qualified employee / officer,1,none,yes,1,single
0 <= ... < 200 DM,5,existing credits paid back duly till now,furniture/equipment,3042,... < 100 DM,... < 1 year,4,female,none,4,"car or other, not in savings account",33,none,own,1,management / self-employed / highly qualified employee / officer,1,none,yes,1,divorced/separated
0 <= ... < 200 DM,34,critical account / other credits existing (not at this bank),others,15945,... < 100 DM,1 <= ... < 4 years,3,male,none,2,unknown / no property,19,none,own,1,unskilled - resident,1,none,yes,2,single
... < 0 DM,22,existing credits paid back duly till now,car (new),13428,... < 100 DM,... < 1 year,2,female,none,4,real estate,37,none,own,2,unemployed / unskilled - non-resident,1,none,yes,2,divorced/separated
0 <= ... < 200 DM,28,delay in paying off in the past,furniture/equipment,10370,... < 100 DM,1 <= ... < 4 years,2,female,none,2,real estate,75,none,rent,1,management / self-employed / highly qualified employee / officer,1,none,yes,1,divorced/separated
no checking account,4,existing credits paid back duly till now,education,5517,... < 100 DM,... >= 7 years,3,female,guarantor,1,building society savings agreement / life insurance,19,none,rent,1,unemployed / unskilled - non-resident,1,"yes, registered under customer's name",yes,1,divorced/separated
no checking account,16,existing credits paid back duly till now,car (new),3258,... < 100 DM,... < 1 year,3,male,guarantor,2,building society savings agreement / life insurance,39,none,rent,2,unskilled - resident,1,"yes, registered under customer's name",no,2,divorced/separated
... < 0 DM,12,existing credits paid back duly till now,furniture/equipment,6224,unknown / no savings account,... >= 7 years,1,female,none,2,real estate,20,none,own,1,management / self-employed / highly qualified employee / officer,2,"yes, registered under customer's name",yes,1,single
... < 0 DM,23,existing credits paid back duly till now,furniture/equipment,4212,... < 100 DM,4 <= ... < 7 years,3,female,none,1,real estate,34,none,own,2,management / self-employed / highly qualified employee / officer,1,"yes, registered under customer's name",yes,1,divorced/separated
0 <= ... < 200 DM,5,existing credits paid back duly till now,radio/television,11147,100 <= ... < 500 DM,1 <= ... < 4 years,1,female,none,4,real estate,32,none,own,1,skilled employee / official,1,"yes, registered under customer's name",yes,2,divorced/separated
... < 0 DM,35,existing credits paid back duly till now,business,5849,... < 100 DM,1 <= ... < 4 years,1,male,none,2,unknown / no property,38,none,rent,1,skilled employee / official,1,"yes, registered under customer's name",yes,1,divorced/separated
0 <= ... < 200 DM,11,delay in paying off in the past,car (new),6040,unknown / no savings account,4 <= ... < 7 years,1,female,none,3,"car or other, not in savings account",34,none,rent,3,unemployed / unskilled - non-resident,1,"yes, registered under customer's name",yes,1,divorced/separated
... < 0 DM,8,existing credits paid back duly till now,others,13004,... < 100 DM,1 <= ... < 4 years,2,male,none,4,real estate,32,none,own,1,skilled employee / official,1,none,yes,2,divorced/separated
no checking account,21,existing credits paid back duly till now,car (new),2469,... < 100 DM,... >= 7 years,1,male,none,4,building society savings agreement / life insurance,23,none,own,1,unskilled - resident,1,"yes, registered under customer's name",yes,1,divorced/separated
no checking account,72,existing credits paid back duly till now,radio/television,11062,... < 100 DM,4 <= ... < 7 years,4,female,none,1,building society savings agreement / life insurance,40,none,own,2,skilled employee / official,1,none,yes,2,single
0 <= ... < 200 DM,8,existing credits paid back duly till now,car (used),3573,... < 100 DM,... >= 7 years,2,male,none,2,"car or other, not in savings account",28,none,own,1,unskilled - resident,1,"yes, registered under customer's name",yes,2,single
... < 0 DM,27,delay in paying off in the past,radio/television,14575,... < 100 DM,4 <= ... < 7 years,4,female,none,4,unknown / no property,19,none,own,1,skilled employee / official,1,"yes, registered under customer's name",yes,2,divorced/separated
no checking account,18,existing credits paid back duly till now,car (new),5204,... < 100 DM,unemployed,2,female,none,4,real estate,29,none,own,2,unskilled - resident,1,none,yes,1,divorced/separated
... < 0 DM,22,existing credits paid back duly till now,furniture/equipment,5394,... >= 1000 DM,... < 1 year,3,female,none,4,"car or other, not in savings account",22,none,for free,1,skilled employee / official,1,"yes, registered under customer's name",yes,1,divorced/separated
0 <= ... < 200 DM,10,existing credits paid back duly till now,car (new),7495,... < 100 DM,1 <= ... < 4 years,2,female,none,2,unknown / no property,45,none,own,1,skilled employee / official,2,"yes, registered under customer's name",yes,2,divorced/separated
... < 0 DM,41,existing credits paid back duly till now,car (new),2758,... < 100 DM,4 <= ... < 7 years,2,female,none,4,"car or other, not in savings account",35,none,own,1,skilled employee / official,1,none,yes,2,divorced/separated
... < 0 DM,15,existing credits paid back duly till now,business,4434,... < 100 DM,1 <= ... < 4 years,3,male,none,4,"car or other, not in savings account",27,none,rent,1,unemployed / unskilled - non-resident,1,"yes, registered under customer's name",yes,2,divorced/separated
... < 0 DM,9,existing credits paid back duly till now,car (new),2360,... < 100 DM,... >= 7 years,4,male,none,3,real estate,36,none,for free,1,management / self-employed / highly qualified employee / officer,2,"yes, registered under customer's name",yes,1,divorced/separated
0 <= ... < 200 DM,47,existing credits paid back duly till now,car (used),2961,unknown / no savings account,4 <= ... < 7 years,2,female,none,4,building society savings agreement / life insurance,22,none,rent,2,skilled employee / official,1,"yes, registered under customer's name",yes,2,divorced/separated
0 <= ... < 200 DM,9,existing credits paid back duly till now,car (new),4931,... < 100 DM,... < 1 year,1,male,none,3,real estate,24,none,for free,1,unskilled - resident,1,none,yes,2,divorced/separated
0 <= ... < 200 DM,8,existing credits paid back duly till now,education,1467,... < 100 DM,1 <= ... < 4 years,4,male,none,4,real estate,20,none,for free,1,skilled employee / official,1,"yes, registered under customer's name",yes,2,single
0 <= ... < 200 DM,43,no credits taken / all credits paid back duly,furniture/equipment,2473,... < 100 DM,4 <= ... < 7 years,3,female,guarantor,4,unknown / no property,19,none,own,1,skilled employee / official,1,"yes, registered under customer's name",yes,1,single
no checking account,12,no credits taken / all credits paid back duly,furniture/equipment,3029,... < 100 DM,... < 1 year,3,male,none,4,"car or other, not in savings account",35,none,own,1,skilled employee / official,1,none,yes,2,divorced/separated
... < 0 DM,10,existing credits paid back duly till now,car (new),3791,... < 100 DM,4 <= ... < 7 years,2,female,none,2,"car or other, not in savings account",21,none,rent,2,management / self-employed / highly qualified employee / officer,1,"yes, registered under customer's name",yes,2,divorced/separated
... < 0 DM,22,existing credits paid back duly till now,car (new),3155,... < 100 DM,1 <= ... < 4 years,2,male,co-applicant,3,building society savings agreement / life insurance,23,none,own,1,management / self-employed / highly qualified employee / officer,1,none,yes,1,married/widowed
... >= 200 DM / salary assignments for at least 1 year,29,existing credits paid back duly till now,radio/television,3356,... < 100 DM,1 <= ... < 4 years,3,male,none,4,real estate,29,none,rent,1,management / self-employed / highly qualified employee / officer,1,none,yes,2,single
... < 0 DM,44,existing credits paid back duly till now,car (used),3499,... < 100 DM,1 <= ... < 4 years,1,male,none,3,unknown / no property,19,none,own,1,skilled employee / official,2,none,yes,2,divorced/separated
no checking account,4,existing credits paid back duly till now,furniture/equipment,3363,... < 100 DM,... >= 7 years,4,female,none,4,"car or other, not in savings account",27,none,own,2,management / self-employed / highly qualified employee / officer,1,"yes, registered under customer's name",yes,2,divorced/separated
0 <= ... < 200 DM,67,existing credits paid back duly till now,car (new),5404,... < 100 DM,... >= 7 years,2,male,none,4,real estate,37,none,for free,1,skilled employee / official,1,"yes, registered under customer's name",yes,1,single
... < 0 DM,25,existing credits paid back duly till now,car (new),3290,100 <= ... < 500 DM,... < 1 year,2,male,guarantor,3,building society savings agreement / life insurance,75,none,for free,2,management / self-employed / highly qualified employee / officer,1,none,yes,1,divorced/separated
... < 0 DM,4,existing credits paid back duly till now,radio/television,1226,... < 100 DM,4 <= ... < 7 years,3,female,none,4,real estate,46,none,own,2,unskilled - resident,1,none,yes,1,married/widowed
0 <= ... < 200 DM,22,existing credits paid back duly till now,car (new),3588,... < 100 DM,unemployed,2,female,none,4,real estate,33,bank,for free,1,skilled employee / official,1,none,yes,2,divorced/separated
... < 0 DM,36,existing credits paid back duly till now,radio/television,15945,unknown / no savings account,unemployed,4,male,none,4,"car or other, not in savings account",27,none,own,2,skilled employee / official,1,"yes, registered under customer's name",yes,1,divorced/separated
no checking account,11,existing credits paid back duly till now,furniture/equipment,13229,... < 100 DM,... < 1 year,1,female,none,4,"car or other, not in savings account",54,none,own,1,management / self-employed / highly qualified employee / officer,1,"yes, registered under customer's name",yes,1,divorced/separated
no checking account,72,existing credits paid back duly till now,car (new),3381,... < 100 DM,... < 1 year,4,male,none,4,building society savings agreement / life insurance,29,none,own,1,management / self-employed / highly qualified employee / officer,1,"yes, registered under customer's name",yes,1,divorced/separated
no checking account,11,existing credits paid back duly till now,radio/television,11360,... < 100 DM,1 <= ... < 4 years,4,male,none,1,"car or other, not in savings account",20,none,own,1,skilled employee / official,1,"yes, registered under customer's name",yes,2,single
... < 0 DM,12,existing credits paid back duly till now,radio/television,11636,... < 100 DM,unemployed,3,male,none,4,"car or other, not in savings account",49,none,own,1,management / self-employed / highly qualified employee / officer,1,none,yes,1,married/widowed
... < 0 DM,4,existing credits paid back duly till now,car (new),3172,unknown / no savings account,4 <= ... < 7 years,4,female,none,4,"car or other, not in savings account",20,none,own,1,skilled employee / official,1,none,yes,2,divorced/separated
... >= 200 DM / salary assignments for at least 1 year,8,existing credits paid back duly till now,repairs,2960,... < 100 DM,... >= 7 years,1,male,none,3,"car or other, not in savings account",35,none,for free,1,unskilled - resident,1,"yes, registered under customer's name",yes,1,married/widowed
0 <= ... < 200 DM,21,all credits at this bank paid back duly,furniture/equipment,9565,... < 100 DM,1 <= ... < 4 years,4,male,none,4,real estate,31,none,rent,1,unskilled - resident,1,none,yes,1,divorced/separated
0 <= ... < 200 DM,24,delay in paying off in the past,furniture/equipment,7254,... < 100 DM,... >= 7 years,4,male,none,1,building society savings agreement / life insurance,33,none,own,2,unskilled - resident,1,"yes, registered under customer's name",yes,2,single
0 <= ... < 200 DM,18,existing credits paid back duly till now,furniture/equipment,8786,... < 100 DM,1 <= ... < 4 years,2,female,none,2,"car or other, not in savings account",19,none,rent,1,unskilled - resident,1,none,yes,1,divorced/separated
0 <= ... < 200 DM,6,existing credits paid back duly till now,car (new),2548,... < 100 DM,... < 1 year,2,female,none,4,unknown / no property,19,none,rent,2,unskilled - resident,1,none,yes,2,single
... < 0 DM,19,existing credits paid back duly till now,others,3136,... < 100 DM,... < 1 year,3,female,none,4,"car or other, not in savings account",19,none,own,1,skilled employee / official,1,"yes, registered under customer's name",yes,2,divorced/separated
0 <= ... < 200 DM,25,existing credits paid back duly till now,radio/television,4878,... < 100 DM,4 <= ... < 7 years,4,female,none,2,"car or other, not in savings account",23,none,own,1,skilled employee / official,1,none,yes,2,divorced/separated
... < 0 DM,30,existing credits paid back duly till now,furniture/equipment,2759,... < 100 DM,... < 1 year,4,female,none,4,"car or other, not in savings account",35,none,rent,2,skilled employee / official,1,none,yes,2,single
... < 0 DM,24,existing credits paid back duly till now,car (used),3532,... < 100 DM,1 <= ... < 4 years,1,male,none,4,building society savings agreement / life insurance,34,stores,for free,1,skilled employee / official,1,"yes, registered under customer's name",yes,1,divorced/separated
no checking account,14,existing credits paid back duly till now,education,5044,... < 100 DM,1 <= ... < 4 years,1,female,none,4,real estate,19,bank,own,1,unskilled - resident,1,none,yes,1,single
0 <= ... < 200 DM,10,existing credits paid back duly till now,car (new),5021,unknown / no savings account,... >= 7 years,1,male,none,2,"car or other, not in savings account",28,none,own,2,unskilled - resident,1,none,no,1,divorced/separated
0 <= ... < 200 DM,23,existing credits paid back duly till now,car (used),15945,unknown / no savings account,4 <= ... < 7 years,3,female,none,3,building society savings agreement / life insurance,27,none,own,2,unskilled - resident,2,none,no,2,divorced/separated
0 <= ... < 200 DM,4,existing credits paid back duly till now,car (new),4277,... < 100 DM,4 <= ... < 7 years,4,female,none,3,"car or other, not in savings account",19,none,own,1,unskilled - resident,1,none,yes,2,divorced/separated
... < 0 DM,9,existing credits paid back duly till now,furniture/equipment,2209,100 <= ... < 500 DM,4 <= ... < 7 years,1,female,none,4,"car or other, not in savings account",30,none,own,1,unskilled - resident,1,none,yes,1,divorced/separated
0 <= ... < 200 DM,47,existing credits paid back duly till now,others,5775,... < 100 DM,1 <= ... < 4 years,4,female,guarantor,4,real estate,26,none,own,1,unskilled - resident,1,none,yes,1,single
0 <= ... < 200 DM,4,delay in paying off in the past,repairs,11505,... < 100 DM,4 <= ... < 7 years,2,female,none,4,real estate,41,none,rent,2,unskilled - resident,1,"yes, registered under customer's name",yes,1,divorced/separated
0 <= ... < 200 DM,22,all credits at this bank paid back duly,furniture/equipment,2999,... < 100 DM,1 <= ... < 4 years,4,female,none,1,real estate,34,none,rent,4,unemployed / unskilled - non-resident,1,none,yes,2,divorced/separated
... < 0 DM,14,existing credits paid back duly till now,radio/television,1232,... < 100 DM,1 <= ... < 4 years,2,female,none,4,"car or other, not in savings account",19,none,own,1,skilled employee / official,1,none,yes,1,divorced/separated
0 <= ... < 200 DM,46,existing credits paid back duly till now,radio/television,10551,... < 100 DM,... < 1 year,2,female,none,4,"car or other, not in savings account",19,none,own,1,skilled employee / official,1,"yes, registered under customer's name",yes,2,single
... < 0 DM,11,existing credits paid back duly till now,car (new),735,500 <= ... < 1000 DM,... < 1 year,2,female,none,1,"car or other, not in savings account",45,none,own,1,management / self-employed / highly qualified employee / officer,2,"yes, registered under customer's name",yes,2,divorced/separated
0 <= ... < 200 DM,28,existing credits paid back duly till now,furniture/equipment,6212,100 <= ... < 500 DM,... < 1 year,1,female,none,1,unknown / no property,66,none,own,3,skilled employee / official,1,"yes, registered under customer's name",yes,1,married/widowed
0 <= ... < 200 DM,20,existing credits paid back duly till now,furniture/equipment,3196,... < 100 DM,... < 1 year,3,female,none,4,real estate,38,none,own,2,unskilled - resident,1,"yes, registered under customer's name",yes,1,divorced/separated
0 <= ... < 200 DM,24,critical account / other credits existing (not at this bank),radio/television,6149,... < 100 DM,1 <= ... < 4 years,2,female,none,4,unknown / no property,27,none,own,1,unskilled - resident,1,"yes, registered under customer's name",yes,2,divorced/separated
0 <= ... < 200 DM,16,existing credits paid back duly till now,car (new),3402,500 <= ... < 1000 DM,1 <= ... < 4 years,2,female,none,4,building society savings agreement / life insurance,52,none,own,2,management / self-employed / highly qualified employee / officer,1,"yes, registered under customer's name",yes,2,single
... < 0 DM,25,delay in paying off in the past,repairs,5762,... < 100 DM,1 <= ... < 4 years,2,female,none,4,unknown / no property,23,bank,rent,1,management / self-employed / highly qualified employee / officer,1,"yes, registered under customer's name",yes,2,divorced/separated
... < 0 DM,5,existing credits paid back duly till now,furniture/equipment,5464,... < 100 DM,... < 1 year,3,female,none,2,"car or other, not in savings account",26,none,own,1,management / self-employed / highly qualified employee / officer,1,none,yes,1,divorced/separated
... < 0 DM,24,existing credits paid back duly till now,business,4118,... < 100 DM,1 <= ... < 4 years,3,male,none,4,real estate,34,none,own,2,skilled employee / official,2,"yes, registered under customer's name",yes,1,married/widowed
... >= 200 DM / salary assignments for at least 1 year,6,existing credits paid back duly till now,radio/television,3050,unknown / no savings account,... < 1 year,3,male,none,4,real estate,61,none,for free,2,unskilled - resident,2,"yes, registered under customer's name",yes,2,single
no checking account,44,critical account / other credits existing (not at this bank),radio/television,12346,unknown / no savings account,unemployed,4,male,co-applicant,4,"car or other, not in savings account",33,none,rent,2,skilled employee / official,1,"yes, registered under customer's name",yes,2,single
0 <= ... < 200 DM,28,existing credits paid back duly till now,car (new),2299,... < 100 DM,4 <= ... < 7 years,4,female,none,1,unknown / no property,19,none,own,2,skilled employee / official,1,none,yes,2,divorced/separated
0 <= ... < 200 DM,16,existing credits paid back duly till now,radio/television,1912,... < 100 DM,unemployed,2,female,none,4,building society savings agreement / life insurance,36,none,rent,2,unskilled - resident,1,"yes, registered under customer's name",no,2,married/widowed
no checking account,20,existing credits paid back duly till now,radio/television,250,... < 100 DM,1 <= ... < 4 years,2,female,none,4,"car or other, not in savings account",26,none,rent,1,skilled employee / official,1,"yes, registered under customer's name",yes,1,single
... < 0 DM,21,critical account / other credits existing (not at this bank),furniture/equipment,7321,unknown / no savings account,1 <= ... < 4 years,2,male,none,1,"car or other, not in savings account",53,none,own,2,unskilled - resident,1,none,yes,1,single
no checking account,59,delay in paying off in the past,car (new),2309,... < 100 DM,1 <= ... < 4 years,3,male,none,4,"car or other, not in savings account",19,none,own,2,unskilled - resident,1,"yes, registered under customer's name",yes,1,divorced/separated
... < 0 DM,12,existing credits paid back duly till now,repairs,406,... < 100 DM,4 <= ... < 7 years,2,female,none,4,building society savings agreement / life insurance,22,none,own,1,unskilled - resident,1,none,yes,1,divorced/separated
... < 0 DM,63,existing credits paid back duly till now,repairs,2909,unknown / no savings account,... < 1 year,3,male,none,1,"car or other, not in savings account",27,none,rent,1,management / self-employed / highly qualified employee / officer,1,"yes, registered under customer's name",yes,2,divorced/separated
0 <= ... < 200 DM,16,delay in paying off in the past,furniture/equipment,4071,... < 100 DM,... < 1 year,1,male,guarantor,4,"car or other, not in savings account",21,none,own,2,skilled employee / official,1,"yes, registered under customer's name",no,1,divorced/separated
0 <= ... < 200 DM,17,existing credits paid back duly till now,car (new),1207,... < 100 DM,... < 1 year,2,male,none,4,unknown / no property,31,none,rent,2,unskilled - resident,1,"yes, registered under customer's name",yes,2,divorced/separated
0 <= ... < 200 DM,9,all credits at this bank paid back duly,car (new),3749,... < 100 DM,1 <= ... < 4 years,3,male,none,4,unknown / no property,19,none,own,1,management / self-employed / highly qualified employee / officer,1,"yes, registered under customer's name",yes,1,single
... < 0 DM,25,existing credits paid back duly till now,car (new),1081,... < 100 DM,4 <= ... < 7 years,2,male,none,4,"car or other, not in savings account",19,none,own,2,skilled employee / official,1,"yes, registered under customer's name",yes,1,divorced/separated
... < 0 DM,4,existing credits paid back duly till now,education,6548,... < 100 DM,... < 1 year,3,male,none,3,"car or other, not in savings account",19,bank,rent,1,skilled employee / official,1,"yes, registered under customer's name",yes,1,divorced/separated
0 <= ... < 200 DM,25,all credits at this bank paid back duly,car (new),3275,... < 100 DM,... >= 7 years,4,female,none,2,"car or other, not in savings account",25,none,own,3,skilled employee / official,1,"yes, registered under customer's name",yes,2,single
no checking account,12,existing credits paid back duly till now,car (new),2993,... < 100 DM,4 <= ... < 7 years,4,male,none,4,unknown / no property,21,none,own,1,management / self-employed / highly qualified employee / officer,1,"yes, registered under customer's name",yes,1,divorced/separated
... < 0 DM,39,existing credits paid back duly till now,business,1663,... < 100 DM,... < 1 year,2,male,none,2,building society savings agreement / life insurance,38,none,own,1,unskilled - resident,2,"yes, registered under customer's name",yes,2,divorced/separated
no checking account,48,existing credits paid back duly till now,car (new),250,... < 100 DM,... < 1 year,4,female,none,4,"car or other, not in savings account",21,none,rent,1,unskilled - resident,1,"yes, registered under customer's name",yes,1,divorced/separated
no checking account,16,existing credits paid back duly till now,car (used),4656,... >= 1000 DM,1 <= ... < 4 years,2,female,none,3,real estate,25,none,own,4,skilled employee / official,1,"yes, registered under customer's name",yes,2,divorced/separated
no checking account,64,critical account / other credits existing (not at this bank),furniture/equipment,4163,... < 100 DM,1 <= ... < 4 years,3,male,none,4,unknown / no property,33,none,own,1,skilled employee / official,1,none,yes,2,single
0 <= ... < 200 DM,13,critical account / other credits existing (not at this bank),business,6635,... < 100 DM,4 <= ... < 7 years,2,male,none,4,unknown / no property,19,none,own,2,management / self-employed / highly qualified employee / officer,1,"yes, registered under customer's name",yes,2,divorced/separated
... < 0 DM,11,existing credits paid back duly till now,car (new),2571,... < 100 DM,... < 1 year,1,female,none,4,"car or other, not in savings account",27,stores,own,2,skilled employee / official,1,"yes, registered under customer's name",yes,1,married/widowed
... < 0 DM,19,existing credits paid back duly till now,car (new),4143,... < 100 DM,1 <= ... < 4 years,1,female,none,4,real estate,36,none,own,1,management / self-employed / highly qualified employee / officer,1,none,yes,2,single
0 <= ... < 200 DM,15,existing credits paid back duly till now,business,2850,unknown / no savings account,4 <= ... < 7 years,1,male,none,2,unknown / no property,29,none,rent,1,unemployed / unskilled - non-resident,1,"yes, registered under customer's name",yes,1,single
0 <= ... < 200 DM,8,existing credits paid back duly till now,car (used),5154,... < 100 DM,... < 1 year,2,male,none,3,real estate,19,none,own,1,skilled employee / official,1,"yes, registered under customer's name",yes,1,divorced/separated
0 <= ... < 200 DM,27,existing credits paid back duly till now,radio/television,250,unknown / no savings account,... < 1 year,4,male,none,3,building society savings agreement / life insurance,34,none,own,2,management / self-employed / highly qualified employee / officer,1,none,yes,2,single
... < 0 DM,22,critical account / other credits existing (not at this bank),car (new),14156,... < 100 DM,1 <= ... < 4 years,1,male,none,4,"car or other, not in savings account",19,bank,own,2,management / self-employed / highly qualified employee / officer,1,"yes, registered under customer's name",yes,2,divorced/separated
0 <= ... < 200 DM,42,existing credits paid back duly till now,car (used),3648,100 <= ... < 500 DM,... < 1 year,2,female,none,4,"car or other, not in savings account",39,none,rent,1,skilled employee / official,1,"yes, registered under customer's name",yes,1,divorced/separated
... < 0 DM,30,existing credits paid back duly till now,car (new),355,... < 100 DM,1 <= ... < 4 years,4,female,none,4,"car or other, not in savings account",39,none,own,1,skilled employee / official,1,none,yes,1,divorced/separated
0 <= ... < 200 DM,4,delay in paying off in the past,car (used),2422,... < 100 DM,... >= 7 years,2,female,none,4,real estate,22,bank,rent,1,unskilled - resident,1,none,no,2,married/widowed
... < 0 DM,25,critical account / other credits existing (not at this bank),furniture/equipment,2037,... < 100 DM,1 <= ... < 4 years,2,female,none,1,building society savings agreement / life insurance,26,none,own,2,management / self-employed / highly qualified employee / officer,1,none,yes,1,divorced/separated
... < 0 DM,11,existing credits paid back duly till now,car (new),6360,... < 100 DM,4 <= ... < 7 years,1,female,none,4,real estate,26,none,own,1,management / self-employed / highly qualified employee / officer,1,"yes, registered under customer's name",yes,2,divorced/separated
no checking account,24,critical account / other credits existing (not at this bank),car (new),3491,... < 100 DM,unemployed,2,male,none,4,"car or other, not in savings account",19,none,rent,1,unskilled - resident,1,"yes, registered under customer's name",yes,1,single
0 <= ... < 200 DM,12,all credits at this bank paid back duly,business,6006,... < 100 DM,4 <= ... < 7 years,4,male,none,4,"car or other, not in savings account",28,bank,rent,2,skilled employee / official,1,none,yes,2,divorced/separated
no checking account,44,existing credits paid back duly till now,radio/television,15945,... < 100 DM,unemployed,4,male,none,4,"car or other, not in savings account",24,none,rent,2,management / self-employed / highly qualified employee / officer,1,"yes, registered under customer's name",yes,2,single
... < 0 DM,63,existing credits paid back duly till now,radio/television,13401,... < 100 DM,1 <= ... < 4 years,2,male,none,3,real estate,25,none,for free,1,skilled employee / official,1,"yes, registered under customer's name",yes,1,divorced/separated
... < 0 DM,29,critical account / other credits existing (not at this bank),radio/television,2402,... < 100 DM,4 <= ... < 7 years,1,female,none,2,"car or other, not in savings account",71,bank,own,1,skilled employee / official,1,none,yes,2,single
... < 0 DM,7,critical account / other credits existing (not at this bank),education,580,... < 100 DM,1 <= ... < 4 years,2,female,none,4,"car or other, not in savings account",21,none,for free,2,management / self-employed / highly qualified employee / officer,1,"yes, registered under customer's name",yes,1,divorced/separated
... < 0 DM,4,existing credits paid back duly till now,furniture/equipment,1591,... < 100 DM,... >= 7 years,4,female,co-applicant,4,"car or other, not in savings account",75,none,rent,2,unskilled - resident,1,"yes, registered under customer's name",yes,2,divorced/separated
no checking account,45,critical account / other credits existing (not at this bank),furniture/equipment,4743,... < 100 DM,1 <= ... < 4 years,2,male,none,3,real estate,25,none,rent,2,unskilled - resident,1,none,yes,2,single
... < 0 DM,9,existing credits paid back duly till now,repairs,4138,... < 100 DM,... < 1 year,4,male,none,4,real estate,47,none,own,3,unskilled - resident,1,"yes, registered under customer's name",no,1,single
... < 0 DM,4,existing credits paid back duly till now,car (used),2296,... < 100 DM,unemployed,4,female,co-applicant,4,real estate,25,none,own,1,unskilled - resident,2,"yes, registered under customer's name",yes,1,divorced/separated
... < 0 DM,4,existing credits paid back duly till now,furniture/equipment,3020,unknown / no savings account,... < 1 year,2,female,none,1,real estate,19,none,own,1,unskilled - resident,1,none,yes,2,married/widowed
0 <= ... < 200 DM,43,existing credits paid back duly till now,car (new),11075,... < 100 DM,1 <= ... < 4 years,1,female,co-applicant,1,real estate,20,stores,own,1,skilled employee / official,1,"yes, registered under customer's name",no,2,divorced/separated
... < 0 DM,17,existing credits paid back duly till now,education,1924,unknown / no savings account,4 <= ... < 7 years,2,male,none,4,building society savings agreement / life insurance,20,none,own,1,skilled employee / official,1,"yes, registered under customer's name",yes,1,divorced/separated
0 <= ... < 200 DM,30,existing credits paid back duly till now,car (new),717,100 <= ... < 500 DM,... >= 7 years,2,male,guarantor,2,unknown / no property,53,none,rent,2,unskilled - resident,1,none,yes,1,single
0 <= ... < 200 DM,45,critical account / other credits existing (not at this bank),car (used),3400,... < 100 DM,1 <= ... < 4 years,1,female,none,4,"car or other, not in savings account",43,none,rent,2,unskilled - resident,1,"yes, registered under customer's name",yes,1,single
0 <= ... < 200 DM,16,existing credits paid back duly till now,car (new),3338,100 <= ... < 500 DM,... >= 7 years,2,male,none,2,"car or other, not in savings account",38,none,own,1,skilled employee / official,1,"yes, registered under customer's name",yes,2,divorced/separated
no checking account,32,existing credits paid back duly till now,furniture/equipment,8623,... < 100 DM,... < 1 year,1,female,none,4,real estate,19,none,rent,1,unskilled - resident,1,none,yes,2,single
no checking account,44,existing credits paid back duly till now,education,3372,... < 100 DM,4 <= ... < 7 years,2,female,none,4,"car or other, not in savings account",44,none,own,1,management / self-employed / highly qualified employee / officer,1,none,yes,2,divorced/separated
... < 0 DM,13,existing credits paid back duly till now,furniture/equipment,3637,... < 100 DM,1 <= ... < 4 years,2,female,none,4,building society savings agreement / life insurance,22,none,rent,1,management / self-employed / highly qualified employee / officer,1,none,yes,2,divorced/separated
0 <= ... < 200 DM,23,existing credits paid back duly till now,business,3648,... < 100 DM,... < 1 year,3,male,guarantor,3,building society savings agreement / life insurance,51,none,for free,2,unskilled - resident,2,none,yes,1,single
... < 0 DM,52,existing credits paid back duly till now,domestic appliances,944,100 <= ... < 500 DM,4 <= ... < 7 years,2,female,none,2,unknown / no property,20,none,rent,2,unskilled - resident,1,"yes, registered under customer's name",yes,1,divorced/separated
no checking account,63,existing credits paid back duly till now,car (new),1686,... < 100 DM,... < 1 year,2,female,guarantor,4,unknown / no property,36,none,rent,1,skilled employee / official,1,"yes, registered under customer's name",yes,1,single
no checking account,26,existing credits paid back duly till now,radio/television,10127,... < 100 DM,... < 1 year,2,male,none,4,"car or other, not in savings account",29,none,own,2,skilled employee / official,1,none,yes,1,single
... < 0 DM,30,existing credits paid back duly till now,furniture/equipment,3675,unknown / no savings account,... >= 7 years,4,male,none,2,building society savings agreement / life insurance,19,none,own,1,unskilled - resident,1,"yes, registered under customer's name",yes,2,divorced/separated
... >= 200 DM / salary assignments for at least 1 year,14,all credits at this bank paid back duly,car (used),6626,100 <= ... < 500 DM,1 <= ... < 4 years,3,male,none,1,"car or other, not in savings account",75,stores,rent,1,management / self-employed / highly qualified employee / officer,1,"yes, registered under customer's name",yes,1,single
no checking account,28,all credits at this bank paid back duly,car (new),2644,500 <= ... < 1000 DM,... < 1 year,2,male,none,4,"car or other, not in savings account",30,none,for free,1,management / self-employed / highly qualified employee / officer,1,"yes, registered under customer's name",yes,2,married/widowed
... < 0 DM,37,existing credits paid back duly till now,furniture/equipment,3153,... < 100 DM,4 <= ... < 7 years,3,female,none,2,real estate,19,none,rent,1,unskilled - resident,1,none,yes,2,divorced/separated
no checking account,28,critical account / other credits existing (not at this bank),furniture/equipment,3829,... < 100 DM,... < 1 year,4,male,none,2,real estate,19,none,for free,1,management / self-employed / highly qualified employee / officer,1,"yes, registered under customer's name",no,2,divorced/separated
... >= 200 DM / salary assignments for at least 1 year,22,all credits at this bank paid back duly,radio/television,1548,... < 100 DM,1 <= ... < 4 years,4,male,none,4,"car or other, not in savings account",22,none,own,1,unskilled - resident,1,"yes, registered under customer's name",yes,2,single
no checking account,4,critical account / other credits existing (not at this bank),radio/television,2980,... < 100 DM,1 <= ... < 4 years,3,male,none,2,"car or other, not in savings account",66,none,for free,2,unemployed / unskilled - non-resident,1,"yes, registered under customer's name",no,2,divorced/separated
... < 0 DM,4,existing credits paid back duly till now,car (new),10960,... < 100 DM,... < 1 year,4,male,none,2,unknown / no property,52,none,own,2,management / self-employed / highly qualified employee / officer,1,none,yes,1,divorced/separated
0 <= ... < 200 DM,15,critical account / other credits existing (not at this bank),furniture/equipment,2034,... < 100 DM,1 <= ... < 4 years,4,male,none,4,real estate,26,none,rent,1,skilled employee / official,1,"yes, registered under customer's name",yes,2,single
... < 0 DM,35,existing credits paid back duly till now,business,250,... < 100 DM,4 <= ... < 7 years,4,male,none,1,"car or other, not in savings account",20,none,rent,2,unskilled - resident,1,none,yes,2,divorced/separated
... < 0 DM,15,no credits taken / all credits paid back duly,furniture/equipment,15945,... < 100 DM,... < 1 year,4,male,guarantor,2,"car or other, not in savings account",22,none,for free,1,management / self-employed / highly qualified employee / officer,1,"yes, registered under customer's name",yes,2,divorced/separated
0 <= ... < 200 DM,4,delay in paying off in the past,radio/television,5393,100 <= ... < 500 DM,... >= 7 years,4,female,none,3,"car or other, not in savings account",20,none,rent,1,skilled employee / official,1,none,yes,1,married/widowed
... < 0 DM,24,existing credits paid back duly till now,car (new),2468,... < 100 DM,1 <= ... < 4 years,2,female,none,4,building society savings agreement / life insurance,21,none,rent,1,skilled employee / official,1,"yes, registered under customer's name",yes,1,married/widowed
... < 0 DM,4,delay in paying off in the past,car (new),2291,... >= 1000 DM,1 <= ... < 4 years,2,male,guarantor,4,building society savings agreement / life insurance,62,none,own,1,unskilled - resident,1,"yes, registered under customer's name",yes,2,married/widowed
... < 0 DM,21,existing credits paid back duly till now,furniture/equipment,15945,... < 100 DM,... < 1 year,2,female,none,4,unknown / no property,73,none,own,1,management / self-employed / highly qualified employee / officer,1,none,yes,1,divorced/separated
... < 0 DM,7,existing credits paid back duly till now,car (new),3191,... < 100 DM,... >= 7 years,2,female,none,4,"car or other, not in savings account",19,none,rent,1,unskilled - resident,1,"yes, registered under customer's name",yes,2,divorced/separated
... < 0 DM,16,critical account / other credits existing (not at this bank),domestic appliances,2857,unknown / no savings account,... >= 7 years,3,female,none,3,building society savings agreement / life insurance,25,none,own,1,unskilled - resident,2,none,yes,2,married/widowed
... < 0 DM,23,existing credits paid back duly till now,car (new),3995,... < 100 DM,... < 1 year,4,female,none,4,real estate,29,none,rent,1,skilled employee / official,1,none,yes,1,single
... < 0 DM,27,existing credits paid back duly till now,radio/television,3533,unknown / no savings account,... < 1 year,4,female,none,4,"car or other, not in savings account",55,none,own,2,skilled employee / official,1,"yes, registered under customer's name",yes,2,divorced/separated
no checking account,48,existing credits paid back duly till now,radio/television,12426,unknown / no savings account,1 <= ... < 4 years,2,male,guarantor,3,real estate,56,none,own,1,unskilled - resident,1,"yes, registered under customer's name",yes,2,divorced/separated
no checking account,17,existing credits paid back duly till now,furniture/equipment,1120,... < 100 DM,1 <= ... < 4 years,4,male,none,3,"car or other, not in savings account",27,none,rent,2,unskilled - resident,1,none,yes,1,married/widowed
0 <= ... < 200 DM,10,all credits at this bank paid back duly,car (new),3468,... < 100 DM,4 <= ... < 7 years,2,male,none,4,unknown / no property,26,none,rent,1,unemployed / unskilled - non-resident,1,"yes, registered under customer's name",yes,2,single
... < 0 DM,34,existing credits paid back duly till now,car (new),6043,unknown / no savings account,1 <= ... < 4 years,4,male,none,2,building society savings agreement / life insurance,43,none,own,1,unemployed / unskilled - non-resident,1,none,yes,2,married/widowed
0 <= ... < 200 DM,6,no credits taken / all credits paid back duly,car (used),3538,100 <= ... < 500 DM,4 <= ... < 7 years,4,female,none,4,real estate,44,none,own,2,unskilled - resident,1,none,yes,1,married/widowed
no checking account,7,critical account / other credits existing (not at this bank),car (new),12788,... < 100 DM,... >= 7 years,2,female,none,2,"car or other, not in savings account",23,none,own,2,skilled employee / official,1,none,yes,2,divorced/separated
... < 0 DM,6,existing credits paid back duly till now,furniture/equipment,4506,... < 100 DM,1 <= ... < 4 years,1,female,none,4,"car or other, not in savings account",19,none,rent,1,unskilled - resident,1,"yes, registered under customer's name",yes,2,divorced/separated
0 <= ... < 200 DM,27,critical account / other credits existing (not at this bank),furniture/equipment,3404,... < 100 DM,4 <= ... < 7 years,3,male,none,1,real estate,44,stores,for free,1,skilled employee / official,1,none,yes,2,divorced/separated
... >= 200 DM / salary assignments for at least 1 year,53,existing credits paid back duly till now,radio/television,4817,... < 100 DM,1 <= ... < 4 years,3,female,none,4,real estate,75,none,own,2,unskilled - resident,1,none,no,2,married/widowed
no checking account,28,existing credits paid back duly till now,furniture/equipment,10721,... < 100 DM,1 <= ... < 4 years,1,female,none,2,"car or other, not in savings account",22,none,for free,1,unskilled - resident,1,none,yes,2,divorced/separated
... < 0 DM,43,existing credits paid back duly till now,radio/television,3370,... < 100 DM,4 <= ... < 7 years,4,male,none,4,building society savings agreement / life insurance,23,none,own,1,unskilled - resident,2,none,yes,1,divorced/separated
... >= 200 DM / salary assignments for at least 1 year,17,no credits taken / all credits paid back duly,furniture/equipment,3447,... < 100 DM,4 <= ... < 7 years,3,male,none,1,real estate,26,none,own,2,skilled employee / official,1,"yes, registered under customer's name",yes,2,divorced/separated
... < 0 DM,37,existing credits paid back duly till now,car (new),6288,... < 100 DM,1 <= ... < 4 years,4,male,none,4,real estate,48,none,own,1,skilled employee / official,1,none,yes,2,divorced/separated
no checking account,71,existing credits paid back duly till now,repairs,250,100 <= ... < 500 DM,1 <= ... < 4 years,2,female,none,4,"car or other, not in savings account",21,none,own,1,skilled employee / official,1,none,yes,2,single
0 <= ... < 200 DM,26,existing credits paid back duly till now,car (new),1285,... < 100 DM,... < 1 year,2,male,none,2,"car or other, not in savings account",61,none,rent,1,management / self-employed / highly qualified employee / officer,1,"yes, registered under customer's name",yes,1,single
... < 0 DM,4,existing credits paid back duly till now,car (new),15945,... < 100 DM,4 <= ... < 7 years,1,female,none,4,building society savings agreement / life insurance,19,none,own,1,skilled employee / official,1,none,yes,2,single
... < 0 DM,20,critical account / other credits existing (not at this bank),furniture/equipment,2187,unknown / no savings account,1 <= ... < 4 years,2,male,none,4,"car or other, not in savings account",60,none,rent,2,skilled employee / official,1,"yes, registered under customer's name",yes,2,divorced/separated
no checking account,72,existing credits paid back duly till now,car (new),3145,... < 100 DM,1 <= ... < 4 years,2,male,none,4,unknown / no property,65,none,own,2,skilled employee / official,1,none,yes,1,divorced/separated
0 <= ... < 200 DM,26,existing credits paid back duly till now,furniture/equipment,3459,... < 100 DM,... < 1 year,1,male,none,3,"car or other, not in savings account",30,none,own,2,unskilled - resident,1,"yes, registered under customer's name",yes,2,divorced/separated
no checking account,31,existing credits paid back duly till now,furniture/equipment,6021,... < 100 DM,1 <= ... < 4 years,4,female,none,4,real estate,43,none,rent,1,unskilled - resident,1,"yes, registered under customer's name",yes,1,divorced/separated
no checking account,25,existing credits paid back duly till now,furniture/equipment,4929,... < 100 DM,... < 1 year,2,male,none,4,"car or other, not in savings account",31,none,rent,2,skilled employee / official,1,none,yes,2,divorced/separated
... < 0 DM,61,existing credits paid back duly till now,car (new),7385,... < 100 DM,4 <= ... < 7 years,1,female,none,4,"car or other, not in savings account",30,none,rent,1,unskilled - resident,2,none,yes,2,divorced/separated
no checking account,26,existing credits paid back duly till now,car (new),3204,... < 100 DM,... >= 7 years,3,female,none,4,unknown / no property,26,none,own,1,skilled employee / official,1,none,yes,2,single
... < 0 DM,22,existing credits paid back duly till now,radio/television,2017,... < 100 DM,... >= 7 years,4,female,none,4,unknown / no property,23,none,for free,1,unskilled - resident,1,none,yes,1,divorced/separated
0 <= ... < 200 DM,13,existing credits paid back duly till now,car (new),5168,... < 100 DM,1 <= ... < 4 years,4,female,none,4,"car or other, not in savings account",63,none,rent,2,skilled employee / official,1,"yes, registered under customer's name",yes,1,single
... < 0 DM,39,critical account / other credits existing (not at this bank),car (new),4535,100 <= ... < 500 DM,4 <= ... < 7 years,2,female,guarantor,4,building society savings agreement / life insurance,21,none,rent,1,unskilled - resident,1,none,yes,1,divorced/separated
no checking account,21,existing credits paid back duly till now,furniture/equipment,5394,... < 100 DM,1 <= ... < 4 years,2,male,none,1,"car or other, not in savings account",19,none,for free,2,unemployed / unskilled - non-resident,1,"yes, registered under customer's name",yes,1,single
... < 0 DM,11,existing credits paid back duly till now,domestic appliances,917,... < 100 DM,4 <= ... < 7 years,4,female,none,3,real estate,31,none,own,1,unskilled - resident,1,none,yes,1,divorced/separated
... < 0 DM,15,existing credits paid back duly till now,domestic appliances,1372,... < 100 DM,... < 1 year,2,male,none,4,real estate,20,none,own,2,unskilled - resident,1,"yes, registered under customer's name",yes,1,divorced/separated
... < 0 DM,39,existing credits paid back duly till now,radio/television,2777,... < 100 DM,... < 1 year,2,female,none,4,real estate,32,stores,own,1,skilled employee / official,1,"yes, registered under customer's name",yes,2,divorced/separated
no checking account,10,existing credits paid back duly till now,car (new),7429,... < 100 DM,4 <= ... < 7 years,4,female,none,1,"car or other, not in savings account",36,none,own,2,unskilled - resident,1,none,yes,2,divorced/separated
no checking account,72,existing credits paid back duly till now,education,15945,unknown / no savings account,4 <= ... < 7 years,4,male,none,4,"car or other, not in savings account",21,none,own,1,skilled employee / official,1,"yes, registered under customer's name",yes,1,married/widowed
... < 0 DM,16,existing credits paid back duly till now,car (new),508,unknown / no savings account,4 <= ... < 7 years,2,male,none,4,"car or other, not in savings account",19,none,for free,1,unskilled - resident,1,none,yes,1,divorced/separated
... < 0 DM,5,existing credits paid back duly till now,car (new),4276,... < 100 DM,... < 1 year,2,female,none,1,building society savings agreement / life insurance,32,none,rent,1,unskilled - resident,1,none,yes,1,divorced/separated
... < 0 DM,29,existing credits paid back duly till now,business,3021,... < 100 DM,4 <= ... < 7 years,1,male,none,4,real estate,32,none,own,1,skilled employee / official,1,none,yes,1,divorced/separated
0 <= ... < 200 DM,32,existing credits paid back duly till now,others,12026,unknown / no savings account,1 <= ... < 4 years,1,female,none,2,real estate,68,none,for free,1,unskilled - resident,1,"yes, registered under customer's name",yes,2,divorced/separated
0 <= ... < 200 DM,70,delay in paying off in the past,car (new),2268,... >= 1000 DM,1 <= ... < 4 years,4,male,none,1,real estate,25,stores,rent,2,unskilled - resident,1,"yes, registered under customer's name",yes,1,divorced/separated
... >= 200 DM / salary assignments for at least 1 year,4,critical account / other credits existing (not at this bank),business,1274,... < 100 DM,... >= 7 years,2,female,none,1,"car or other, not in savings account",20,none,own,2,management / self-employed / highly qualified employee / officer,1,"yes, registered under customer's name",yes,1,divorced/separated
... >= 200 DM / salary assignments for at least 1 year,47,existing credits paid back duly till now,radio/television,2107,... >= 1000 DM,4 <= ... < 7 years,2,male,none,4,unknown / no property,19,none,own,3,skilled employee / official,1,"yes, registered under customer's name",yes,2,married/widowed
... < 0 DM,20,critical account / other credits existing (not at this bank),radio/television,3534,... < 100 DM,unemployed,4,male,none,1,building society savings agreement / life insurance,19,bank,rent,3,unskilled - resident,1,none,yes,1,divorced/separated
0 <= ... < 200 DM,21,critical account / other credits existing (not at this bank),radio/television,2902,... < 100 DM,1 <= ... < 4 years,4,male,none,4,building society savings agreement / life insurance,50,none,rent,1,skilled employee / official,1,"yes, registered under customer's name",yes,1,divorced/separated
0 <= ... < 200 DM,66,critical account / other credits existing (not at this bank),car (new),405,... < 100 DM,1 <= ... < 4 years,4,female,none,4,real estate,44,none,rent,2,management / self-employed / highly qualified employee / officer,2,none,yes,1,divorced/separated
0 <= ... < 200 DM,26,existing credits paid back duly till now,retraining,2768,... < 100 DM,4 <= ... < 7 years,2,female,none,2,"car or other, not in savings account",44,none,for free,1,skilled employee / official,1,none,yes,2,divorced/separated
no checking account,23,critical account / other credits existing (not at this bank),car (new),3610,unknown / no savings account,unemployed,1,male,none,2,real estate,75,none,for free,1,skilled employee / official,1,"yes, registered under customer's name",yes,2,single
... >= 200 DM / salary assignments for at least 1 year,5,existing credits paid back duly till now,education,3439,... < 100 DM,... < 1 year,2,male,none,1,real estate,26,stores,for free,1,skilled employee / official,2,none,yes,1,married/widowed
0 <= ... < 200 DM,63,existing credits paid back duly till now,car (new),5161,500 <= ... < 1000 DM,1 <= ... < 4 years,2,female,guarantor,4,"car or other, not in savings account",38,none,rent,2,unskilled - resident,1,"yes, registered under customer's name",yes,2,divorced/separated
... < 0 DM,14,delay in paying off in the past,car (used),4895,... < 100 DM,1 <= ... < 4 years,4,male,none,2,"car or other, not in savings account",23,bank,own,1,unskilled - resident,1,none,yes,2,married/widowed
... < 0 DM,21,critical account / other credits existing (not at this bank),car (new),3255,... < 100 DM,unemployed,4,male,none,4,"car or other, not in savings account",30,none,own,1,management / self-employed / highly qualified employee / officer,1,"yes, registered under customer's name",yes,1,single
0 <= ... < 200 DM,16,critical account / other credits existing (not at this bank),car (new),2346,... < 100 DM,4 <= ... < 7 years,3,female,none,4,building society savings agreement / life insurance,26,none,own,1,management / self-employed / highly qualified employee / officer,1,"yes, registered under customer's name",yes,2,single
... < 0 DM,15,critical account / other credits existing (not at this bank),car (new),12495,... < 100 DM,1 <= ... < 4 years,4,male,none,4,building society savings agreement / life insurance,30,none,own,1,skilled employee / official,1,none,yes,2,married/widowed
... < 0 DM,30,delay in paying off in the past,car (new),3472,... < 100 DM,1 <= ... < 4 years,1,male,none,4,real estate,36,none,own,1,skilled employee / official,2,none,yes,1,divorced/separated
0 <= ... < 200 DM,11,all credits at this bank paid back duly,furniture/equipment,3185,100 <= ... < 500 DM,1 <= ... < 4 years,1,female,none,4,real estate,32,none,own,1,management / self-employed / highly qualified employee / officer,1,none,yes,1,divorced/separated
0 <= ... < 200 DM,65,existing credits paid back duly till now,furniture/equipment,1554,... < 100 DM,unemployed,4,female,none,4,"car or other, not in savings account",19,none,own,2,unskilled - resident,1,"yes, registered under customer's name",yes,1,single
... < 0 DM,44,existing credits paid back duly till now,business,11532,... >= 1000 DM,1 <= ... < 4 years,2,female,co-applicant,1,real estate,19,none,rent,2,management / self-employed / highly qualified employee / officer,1,"yes, registered under customer's name",yes,2,single
0 <= ... < 200 DM,24,critical account / other credits existing (not at this bank),car (new),3247,... < 100 DM,1 <= ... < 4 years,2,female,guarantor,1,real estate,29,none,own,2,unemployed / unskilled - non-resident,1,none,yes,2,single
0 <= ... < 200 DM,23,critical account / other credits existing (not at this bank),domestic appliances,2546,100 <= ... < 500 DM,4 <= ... < 7 years,4,female,none,4,"car or other, not in savings account",32,none,own,1,skilled employee / official,1,none,yes,2,divorced/separated
no checking account,27,existing credits paid back duly till now,car (new),8206,... < 100 DM,unemployed,4,male,none,1,"car or other, not in savings account",20,none,own,2,skilled employee / official,1,none,yes,1,single
0 <= ... < 200 DM,15,existing credits paid back duly till now,car (used),2343,... < 100 DM,... < 1 year,4,female,none,2,"car or other, not in savings account",29,none,own,1,skilled employee / official,1,none,yes,2,divorced/separated
0 <= ... < 200 DM,28,existing credits paid back duly till now,car (used),250,... < 100 DM,4 <= ... < 7 years,1,female,none,4,"car or other, not in savings account",38,none,rent,2,unskilled - resident,1,none,yes,2,divorced/separated
... < 0 DM,24,existing credits paid back duly till now,radio/television,2867,... < 100 DM,1 <= ... < 4 years,2,female,none,4,"car or other, not in savings account",20,none,for free,1,skilled employee / official,2,"yes, registered under customer's name",yes,2,married/widowed
... < 0 DM,41,existing credits paid back duly till now,others,2831,... < 100 DM,... >= 7 years,4,male,none,2,"car or other, not in savings account",55,none,own,1,unskilled - resident,2,"yes, registered under customer's name",yes,1,single
0 <= ... < 200 DM,7,existing credits paid back duly till now,car (new),1867,... < 100 DM,4 <= ... < 7 years,4,female,none,2,real estate,19,none,rent,1,skilled employee / official,1,none,yes,1,divorced/separated
... < 0 DM,9,existing credits paid back duly till now,furniture/equipment,3058,... < 100 DM,unemployed,4,female,none,2,building society savings agreement / life insurance,19,none,own,2,management / self-employed / highly qualified employee / officer,1,none,yes,1,married/widowed
... < 0 DM,19,existing credits paid back duly till now,furniture/equipment,4349,... < 100 DM,4 <= ... < 7 years,4,female,none,4,real estate,19,none,own,2,skilled employee / official,1,"yes, registered under customer's name",yes,1,divorced/separated
... < 0 DM,20,existing credits paid back duly till now,radio/television,11509,... < 100 DM,... < 1 year,2,female,none,3,"car or other, not in savings account",27,none,own,1,unskilled - resident,1,none,yes,2,married/widowed
no checking account,20,existing credits paid back duly till now,car (new),5613,... < 100 DM,1 <= ... < 4 years,4,female,none,4,"car or other, not in savings account",19,none,own,1,unskilled - resident,2,none,yes,2,divorced/separated
... < 0 DM,57,existing credits paid back duly till now,furniture/equipment,2020,... < 100 DM,... < 1 year,4,male,none,4,"car or other, not in savings account",32,none,own,1,skilled employee / official,1,"yes, registered under customer's name",yes,2,married/widowed
0 <= ... < 200 DM,22,existing credits paid back duly till now,education,6220,... < 100 DM,1 <= ... < 4 years,2,male,none,4,"car or other, not in savings account",27,none,own,1,unskilled - resident,1,none,yes,1,divorced/separated
0 <= ... < 200 DM,40,delay in paying off in the past,car (used),3515,... < 100 DM,1 <= ... < 4 years,4,female,none,1,"car or other, not in savings account",44,none,for free,1,unskilled - resident,1,"yes, registered under customer's name",yes,1,divorced/separated
0 <= ... < 200 DM,19,existing credits paid back duly till now,furniture/equipment,1692,... >= 1000 DM,... >= 7 years,4,female,none,1,real estate,21,none,own,1,unskilled - resident,1,none,no,1,single
no checking account,22,existing credits paid back duly till now,radio/television,3074,... < 100 DM,1 <= ... < 4 years,2,female,none,4,"car or other, not in savings account",19,none,own,1,skilled employee / official,1,"yes, registered under customer's name",yes,1,single
... < 0 DM,21,existing credits paid back duly till now,car (new),2549,... < 100 DM,4 <= ... < 7 years,4,female,none,1,"car or other, not in savings account",25,none,own,2,management / self-employed / highly qualified employee / officer,1,"yes, registered under customer's name",yes,2,single
0 <= ... < 200 DM,43,all credits at this bank paid back duly,radio/television,11352,... < 100 DM,1 <= ... < 4 years,2,female,none,4,real estate,31,none,own,1,unskilled - resident,1,"yes, registered under customer's name",yes,2,divorced/separated
0 <= ... < 200 DM,4,existing credits paid back duly till now,radio/television,1400,... < 100 DM,unemployed,2,female,none,4,building society savings agreement / life insurance,27,none,own,1,management / self-employed / highly qualified employee / officer,1,"yes, registered under customer's name",yes,2,single
0 <= ... < 200 DM,25,existing credits paid back duly till now,radio/television,3040,... < 100 DM,1 <= ... < 4 years,1,female,none,4,building society savings agreement / life insurance,25,none,own,2,unskilled - resident,1,"yes, registered under customer's name",yes,2,divorced/separated
... < 0 DM,19,delay in paying off in the past,radio/television,13522,... < 100 DM,1 <= ... < 4 years,4,female,none,2,real estate,19,none,own,2,skilled employee / official,1,"yes, registered under customer's name",yes,1,divorced/separated
0 <= ... < 200 DM,25,delay in paying off in the past,furniture/equipment,4977,... < 100 DM,1 <= ... < 4 years,2,female,none,4,"car or other, not in savings account",33,none,own,2,management / self-employed / highly qualified employee / officer,1,none,yes,2,single
no checking account,4,existing credits paid back duly till now,car (new),3417,... < 100 DM,1 <= ... < 4 years,2,female,none,4,"car or other, not in savings account",30,none,rent,1,skilled employee / official,1,none,yes,2,divorced/separated
0 <= ... < 200 DM,19,existing credits paid back duly till now,car (new),3751,... < 100 DM,... >= 7 years,4,female,none,4,real estate,22,none,own,2,unskilled - resident,1,"yes, registered under customer's name",yes,1,married/widowed
0 <= ... < 200 DM,72,existing credits paid back duly till now,radio/television,3456,... < 100 DM,... < 1 year,1,male,none,4,building society savings agreement / life insurance,63,none,own,1,skilled employee / official,1,"yes, registered under customer's name",yes,2,divorced/separated
... >= 200 DM / salary assignments for at least 1 year,72,delay in paying off in the past,car (new),4229,unknown / no savings account,... >= 7 years,2,male,none,2,real estate,35,none,own,1,management / self-employed / highly qualified employee / officer,1,"yes, registered under customer's name",yes,1,married/widowed
... < 0 DM,72,existing credits paid back duly till now,radio/television,2791,unknown / no savings account,1 <= ... < 4 years,2,male,none,4,unknown / no property,42,none,own,2,skilled employee / official,1,"yes, registered under customer's name",yes,2,single
0 <= ... < 200 DM,11,existing credits paid back duly till now,furniture/equipment,6331,... < 100 DM,... >= 7 years,3,female,none,2,"car or other, not in savings account",54,none,own,2,unskilled - resident,1,none,yes,2,divorced/separated
no checking account,14,existing credits paid back duly till now,furniture/equipment,3373,unknown / no savings account,1 <= ... < 4 years,4,male,none,4,real estate,28,none,own,1,skilled employee / official,2,"yes, registered under customer's name",yes,2,divorced/separated
no checking account,26,existing credits paid back duly till now,domestic appliances,5620,... < 100 DM,... >= 7 years,4,female,none,1,"car or other, not in savings account",24,bank,own,2,skilled employee / official,1,"yes, registered under customer's name",yes,1,married/widowed
no checking account,27,existing credits paid back duly till now,furniture/equipment,783,... < 100 DM,1 <= ... < 4 years,2,female,none,4,real estate,22,none,own,4,unskilled - resident,1,"yes, registered under customer's name",yes,2,divorced/separated
... < 0 DM,25,existing credits paid back duly till now,car (new),1403,... < 100 DM,4 <= ... < 7 years,1,male,none,4,real estate,22,stores,own,2,management / self-employed / highly qualified employee / officer,1,none,yes,2,divorced/separated
... < 0 DM,21,existing credits paid back duly till now,radio/television,1165,... < 100 DM,4 <= ... < 7 years,1,male,none,3,"car or other, not in savings account",56,none,own,1,skilled employee / official,1,"yes, registered under customer's name",yes,1,divorced/separated
0 <= ... < 200 DM,50,existing credits paid back duly till now,car (new),8318,... < 100 DM,... < 1 year,2,female,guarantor,1,building society savings agreement / life insurance,39,none,own,4,unskilled - resident,1,none,yes,2,divorced/separated
no checking account,25,existing credits paid back duly till now,furniture/equipment,5611,... < 100 DM,4 <= ... < 7 years,4,female,none,4,real estate,32,none,rent,1,skilled employee / official,1,"yes, registered under customer's name",yes,2,divorced/separated
0 <= ... < 200 DM,15,existing credits paid back duly till now,car (used),1534,... < 100 DM,... >= 7 years,3,female,none,1,"car or other, not in savings account",24,none,own,1,unskilled - resident,2,"yes, registered under customer's name",yes,2,divorced/separated
no checking account,14,no credits taken / all credits paid back duly,car (new),2315,... < 100 DM,... < 1 year,3,female,none,4,"car or other, not in savings account",19,none,rent,1,management / self-employed / highly qualified employee / officer,1,"yes, registered under customer's name",yes,1,divorced/separated
0 <= ... < 200 DM,22,existing credits paid back duly till now,car (new),1971,... < 100 DM,... >= 7 years,4,female,guarantor,4,real estate,38,none,for free,3,unemployed / unskilled - non-resident,1,none,yes,2,married/widowed
... < 0 DM,4,existing credits paid back duly till now,car (new),11937,... < 100 DM,4 <= ... < 7 years,2,female,none,4,"car or other, not in savings account",42,none,own,1,skilled employee / official,1,none,yes,1,divorced/separated
... < 0 DM,41,critical account / other credits existing (not at this bank),business,11302,500 <= ... < 1000 DM,4 <= ... < 7 years,1,female,none,2,real estate,19,none,own,1,unemployed / unskilled - non-resident,2,none,yes,1,divorced/separated
... < 0 DM,29,existing credits paid back duly till now,car (new),5121,... < 100 DM,... >= 7 years,2,male,none,3,building society savings agreement / life insurance,24,none,rent,1,unskilled - resident,1,none,yes,1,divorced/separated
no checking account,44,delay in paying off in the past,business,276,... < 100 DM,... >= 7 years,2,female,none,3,real estate,20,none,rent,2,skilled employee / official,1,none,yes,2,single
... < 0 DM,10,existing credits paid back duly till now,radio/television,10680,... < 100 DM,1 <= ... < 4 years,1,female,none,2,building society savings agreement / life insurance,24,none,for free,2,management / self-employed / highly qualified employee / officer,1,"yes, registered under customer's name",yes,2,divorced/separated
... < 0 DM,60,critical account / other credits existing (not at this bank),car (new),639,... < 100 DM,unemployed,4,male,none,4,real estate,41,none,own,1,skilled employee / official,1,none,yes,1,single
... < 0 DM,29,existing credits paid back duly till now,radio/television,4892,... < 100 DM,... < 1 year,4,female,none,4,building society savings agreement / life insurance,61,none,for free,1,management / self-employed / highly qualified employee / officer,1,"yes, registered under customer's name",yes,1,single
... < 0 DM,8,existing credits paid back duly till now,car (new),3199,... < 100 DM,1 <= ... < 4 years,4,female,none,4,building society savings agreement / life insurance,27,bank,for free,1,management / self-employed / highly qualified employee / officer,2,none,yes,1,single
... < 0 DM,31,all credits at this bank paid back duly,car (new),3583,... < 100 DM,1 <= ... < 4 years,2,female,none,2,"car or other, not in savings account",24,none,rent,2,skilled employee / official,1,none,no,1,single
no checking account,14,existing credits paid back duly till now,furniture/equipment,6715,500 <= ... < 1000 DM,1 <= ... < 4 years,4,male,none,4,"car or other, not in savings account",38,none,for free,2,unskilled - resident,1,"yes, registered under customer's name",yes,1,divorced/separated
0 <= ... < 200 DM,63,existing credits paid back duly till now,car (new),2849,... < 100 DM,... < 1 year,4,female,none,4,"car or other, not in savings account",75,none,rent,2,unskilled - resident,1,"yes, registered under customer's name",yes,1,divorced/separated
0 <= ... < 200 DM,69,existing credits paid back duly till now,radio/television,2748,unknown / no savings account,4 <= ... < 7 years,3,female,none,2,real estate,23,bank,own,1,skilled employee / official,1,"yes, registered under customer's name",yes,2,divorced/separated
... < 0 DM,23,delay in paying off in the past,car (new),3283,... >= 1000 DM,4 <= ... < 7 years,4,male,none,2,building society savings agreement / life insurance,29,none,own,2,unskilled - resident,1,"yes, registered under customer's name",yes,2,single
... < 0 DM,24,all credits at this bank paid back duly,car (new),5204,... < 100 DM,... >= 7 years,3,female,co-applicant,4,building society savings agreement / life insurance,19,none,own,1,unskilled - resident,1,"yes, registered under customer's name",yes,1,divorced/separated
0 <= ... < 200 DM,19,delay in paying off in the past,furniture/equipment,2495,... < 100 DM,4 <= ... < 7 years,3,male,none,4,real estate,19,none,own,2,unskilled - resident,1,none,yes,1,single
no checking account,8,delay in paying off in the past,car (used),12582,... < 100 DM,4 <= ... < 7 years,2,male,none,4,real estate,44,none,for free,2,management / self-employed / highly qualified employee / officer,1,"yes, registered under customer's name",yes,2,married/widowed
... < 0 DM,6,delay in paying off in the past,furniture/equipment,5631,unknown / no savings account,... < 1 year,1,male,none,4,building society savings agreement / life insurance,30,none,own,2,unskilled - resident,1,none,yes,2,married/widowed
0 <= ... < 200 DM,47,existing credits paid back duly till now,car (used),1324,500 <= ... < 1000 DM,1 <= ... < 4 years,4,female,none,1,"car or other, not in savings account",47,none,own,2,skilled employee / official,1,"yes, registered under customer's name",yes,1,single
... < 0 DM,5,existing credits paid back duly till now,radio/television,5739,... < 100 DM,... < 1 year,1,female,none,2,"car or other, not in savings account",19,none,own,1,unskilled - resident,1,none,yes,2,divorced/separated
... < 0 DM,8,critical account / other credits existing (not at this bank),car (used),5890,... < 100 DM,1 <= ... < 4 years,3,male,none,3,"car or other, not in savings account",19,none,for free,2,unemployed / unskilled - non-resident,1,"yes, registered under customer's name",yes,1,divorced/separated
... < 0 DM,31,existing credits paid back duly till now,radio/television,4992,... < 100 DM,... < 1 year,2,female,none,1,building society savings agreement / life insurance,22,none,rent,1,skilled employee / official,1,none,yes,2,divorced/separated
no checking account,5,no credits taken / all credits paid back duly,furniture/equipment,1882,... < 100 DM,... < 1 year,1,female,none,2,unknown / no property,37,none,own,1,unskilled - resident,1,"yes, registered under customer's name",yes,1,divorced/separated
0 <= ... < 200 DM,39,existing credits paid back duly till now,furniture/equipment,818,500 <= ... < 1000 DM,4 <= ... < 7 years,2,male,none,4,unknown / no property,29,none,own,2,unskilled - resident,1,"yes, registered under customer's name",yes,1,divorced/separated
0 <= ... < 200 DM,17,existing credits paid back duly till now,furniture/equipment,15945,unknown / no savings account,4 <= ... < 7 years,2,male,none,4,"car or other, not in savings account",28,none,for free,2,unskilled - resident,1,"yes, registered under customer's name",yes,2,married/widowed
... < 0 DM,52,critical account / other credits existing (not at this bank),car (new),10482,... < 100 DM,1 <= ... < 4 years,2,male,none,3,"car or other, not in savings account",23,bank,own,1,skilled employee / official,1,"yes, registered under customer's name",yes,1,single
... < 0 DM,20,existing credits paid back duly till now,radio/television,3119,... < 100 DM,1 <= ... < 4 years,3,female,none,3,"car or other, not in savings account",25,none,rent,3,skilled employee / official,2,"yes, registered under customer's name",yes,1,divorced/separated
0 <= ... < 200 DM,23,existing credits paid back duly till now,car (new),1548,100 <= ... < 500 DM,unemployed,2,female,none,1,real estate,22,none,rent,2,unskilled - resident,1,none,yes,1,divorced/separated
no checking account,21,existing credits paid back duly till now,furniture/equipment,12329,... < 100 DM,1 <= ... < 4 years,3,male,none,2,"car or other, not in savings account",20,none,own,1,skilled employee / official,2,"yes, registered under customer's name",yes,1,single
0 <= ... < 200 DM,27,existing credits paid back duly till now,furniture/equipment,3212,... < 100 DM,... >= 7 years,2,male,none,4,unknown / no property,50,bank,for free,1,skilled employee / official,1,none,yes,2,divorced/separated
0 <= ... < 200 DM,48,all credits at this bank paid back duly,business,12661,... < 100 DM,1 <= ... < 4 years,4,male,none,4,"car or other, not in savings account",75,none,rent,1,skilled employee / official,1,none,yes,2,single
... < 0 DM,26,critical account / other credits existing (not at this bank),business,984,... < 100 DM,4 <= ... < 7 years,2,female,co-applicant,4,building society savings agreement / life insurance,51,none,own,1,unskilled - resident,1,none,no,1,single
... < 0 DM,26,critical account / other credits existing (not at this bank),business,5428,... < 100 DM,4 <= ... < 7 years,1,female,none,4,building society savings agreement / life insurance,26,none,own,1,management / self-employed / highly qualified employee / officer,1,"yes, registered under customer's name",yes,2,divorced/separated
... >= 200 DM / salary assignments for at least 1 year,4,existing credits paid back duly till now,furniture/equipment,2993,... < 100 DM,1 <= ... < 4 years,3,female,none,3,real estate,20,none,own,1,skilled employee / official,2,none,yes,2,divorced/separated
... < 0 DM,16,critical account / other credits existing (not at this bank),car (new),2326,100 <= ... < 500 DM,4 <= ... < 7 years,1,male,none,4,"car or other, not in savings account",29,none,for free,2,management / self-employed / highly qualified employee / officer,1,"yes, registered under customer's name",yes,1,single
... < 0 DM,14,existing credits paid back duly till now,furniture/equipment,2703,... < 100 DM,1 <= ... < 4 years,1,male,none,2,"car or other, not in savings account",31,none,own,2,management / self-employed / highly qualified employee / officer,1,none,yes,2,single
0 <= ... < 200 DM,49,existing credits paid back duly till now,radio/television,2691,100 <= ... < 500 DM,4 <= ... < 7 years,4,male,none,4,building society savings agreement / life insurance,19,none,for free,1,skilled employee / official,1,none,yes,1,divorced/separated
0 <= ... < 200 DM,8,existing credits paid back duly till now,car (new),1700,100 <= ... < 500 DM,4 <= ... < 7 years,4,male,co-applicant,4,"car or other, not in savings account",46,none,own,2,skilled employee / official,1,"yes, registered under customer's name",yes,1,divorced/separated
... < 0 DM,12,all credits at this bank paid back duly,car (new),4131,... < 100 DM,1 <= ... < 4 years,2,male,guarantor,4,building society savings agreement / life insurance,24,none,for free,1,unemployed / unskilled - non-resident,1,none,yes,2,divorced/separated
0 <= ... < 200 DM,22,critical account / other credits existing (not at this bank),furniture/equipment,3521,... < 100 DM,4 <= ... < 7 years,2,female,none,4,"car or other, not in savings account",32,none,own,1,management / self-employed / highly qualified employee / officer,1,none,yes,2,divorced/separated
0 <= ... < 200 DM,47,critical account / other credits existing (not at this bank),car (new),2441,... < 100 DM,... < 1 year,4,female,none,4,"car or other, not in savings account",19,bank,rent,2,unskilled - resident,1,none,yes,2,divorced/separated
... < 0 DM,27,existing credits paid back duly till now,furniture/equipment,2065,... < 100 DM,1 <= ... < 4 years,4,male,none,2,"car or other, not in savings account",26,none,own,1,management / self-employed / highly qualified employee / officer,1,"yes, registered under customer's name",yes,1,divorced/separated
... < 0 DM,26,existing credits paid back duly till now,furniture/equipment,1367,... < 100 DM,1 <= ... < 4 years,2,male,none,1,building society savings agreement / life insurance,20,none,rent,2,unskilled - resident,2,"yes, registered under customer's name",yes,1,single
0 <= ... < 200 DM,14,critical account / other credits existing (not at this bank),radio/television,3303,unknown / no savings account,... < 1 year,4,female,none,4,"car or other, not in savings account",71,none,own,1,unskilled - resident,1,"yes, registered under customer's name",yes,2,divorced/separated
0 <= ... < 200 DM,9,existing credits paid back duly till now,furniture/equipment,2665,... < 100 DM,1 <= ... < 4 years,1,female,none,2,building society savings agreement / life insurance,19,none,own,2,unskilled - resident,1,"yes, registered under customer's name",yes,1,divorced/separated
... >= 200 DM / salary assignments for at least 1 year,58,existing credits paid back duly till now,car (new),1791,... < 100 DM,unemployed,1,female,none,4,"car or other, not in savings account",36,none,rent,1,skilled employee / official,1,none,no,2,divorced/separated
0 <= ... < 200 DM,37,existing credits paid back duly till now,car (new),3354,... < 100 DM,1 <= ... < 4 years,2,female,none,1,"car or other, not in savings account",19,none,own,1,unemployed / unskilled - non-resident,2,none,yes,1,married/widowed
... < 0 DM,35,existing credits paid back duly till now,car (new),2979,... < 100 DM,... >= 7 years,2,male,none,2,"car or other, not in savings account",19,none,rent,2,unskilled - resident,1,"yes, registered under customer's name",yes,2,married/widowed
0 <= ... < 200 DM,16,existing credits paid back duly till now,car (used),463,... < 100 DM,1 <= ... < 4 years,2,male,none,4,"car or other, not in savings account",19,none,own,1,management / self-employed / highly qualified employee / officer,1,"yes, registered under customer's name",yes,1,divorced/separated
... < 0 DM,11,all credits at this bank paid back duly,car (used),14885,... < 100 DM,1 <= ... < 4 years,4,male,none,4,"car or other, not in savings account",23,none,for free,1,unskilled - resident,1,"yes, registered under customer's name",yes,1,married/widowed
0 <= ... < 200 DM,19,delay in paying off in the past,radio/television,5850,... < 100 DM,4 <= ... < 7 years,2,female,none,4,real estate,20,none,for free,1,unskilled - resident,1,"yes, registered under customer's name",yes,1,single
no checking account,41,existing credits paid back duly till now,car (new),3168,unknown / no savings account,unemployed,3,female,none,4,"car or other, not in savings account",28,none,for free,1,skilled employee / official,1,"yes, registered under customer's name",yes,2,divorced/separated
no checking account,52,delay in paying off in the past,car (used),3496,... < 100 DM,1 <= ... < 4 years,2,male,none,4,building society savings agreement / life insurance,51,bank,for free,1,skilled employee / official,1,"yes, registered under customer's name",yes,2,single
... < 0 DM,26,critical account / other credits existing (not at this bank),radio/television,1638,... < 100 DM,... < 1 year,2,male,none,4,unknown / no property,30,none,own,2,skilled employee / official,1,"yes, registered under customer's name",yes,2,divorced/separated
0 <= ... < 200 DM,10,critical account / other credits existing (not at this bank),car (used),2460,100 <= ... < 500 DM,... < 1 year,2,male,none,2,building society savings agreement / life insurance,24,none,for free,1,unskilled - resident,1,none,yes,1,divorced/separated
... < 0 DM,22,existing credits paid back duly till now,furniture/equipment,2779,... < 100 DM,... < 1 year,2,female,guarantor,4,"car or other, not in savings account",30,none,rent,1,skilled employee / official,1,"yes, registered under customer's name",no,2,divorced/separated
... < 0 DM,61,existing credits paid back duly till now,furniture/equipment,3974,... < 100 DM,1 <= ... < 4 years,4,male,none,4,real estate,20,none,own,1,skilled employee / official,1,"yes, registered under customer's name",yes,2,single
0 <= ... < 200 DM,23,existing credits paid back duly till now,radio/television,2861,... < 100 DM,1 <= ... < 4 years,3,female,none,4,"car or other, not in savings account",33,stores,own,2,skilled employee / official,1,"yes, registered under customer's name",yes,2,single
... >= 200 DM / salary assignments for at least 1 year,36,existing credits paid back duly till now,car (new),3453,100 <= ... < 500 DM,4 <= ... < 7 years,1,female,guarantor,4,"car or other, not in savings account",29,none,own,1,management / self-employed / highly qualified employee / officer,2,none,yes,1,single
0 <= ... < 200 DM,24,existing credits paid back duly till now,car (new),4967,... < 100 DM,1 <= ... < 4 years,4,male,none,2,"car or other, not in savings account",20,none,own,1,management / self-employed / highly qualified employee / officer,1,"yes, registered under customer's name",yes,1,single
no checking account,24,existing credits paid back duly till now,car (new),3188,... < 100 DM,1 <= ... < 4 years,4,male,none,4,"car or other, not in savings account",33,none,for free,2,skilled employee / official,1,none,yes,1,divorced/separated
... < 0 DM,23,critical account / other credits existing (not at this bank),others,2538,... < 100 DM,1 <= ... < 4 years,4,male,none,3,building society savings agreement / life insurance,40,stores,own,2,management / self-employed / highly qualified employee / officer,1,none,yes,1,divorced/separated
... < 0 DM,72,critical account / other credits existing (not at this bank),car (new),3347,... < 100 DM,1 <= ... < 4 years,2,male,none,1,"car or other, not in savings account",36,none,for free,2,skilled employee / official,1,none,yes,1,single
... < 0 DM,5,existing credits paid back duly till now,radio/television,419,... < 100 DM,... < 1 year,2,female,none,4,unknown / no property,27,none,rent,3,skilled employee / official,1,none,yes,2,married/widowed
0 <= ... < 200 DM,34,existing credits paid back duly till now,car (new),4395,... < 100 DM,1 <= ... < 4 years,1,female,none,4,unknown / no property,19,none,own,1,unskilled - resident,1,"yes, registered under customer's name",yes,1,divorced/separated
0 <= ... < 200 DM,32,existing credits paid back duly till now,furniture/equipment,3023,... < 100 DM,1 <= ... < 4 years,4,female,none,3,"car or other, not in savings account",62,none,for free,1,skilled employee / official,1,none,yes,1,divorced/separated
... < 0 DM,5,existing credits paid back duly till now,car (used),1704,... < 100 DM,... < 1 year,4,female,none,4,real estate,34,none,own,3,skilled employee / official,1,none,yes,2,married/widowed
0 <= ... < 200 DM,37,existing credits paid back duly till now,car (new),2721,... < 100 DM,4 <= ... < 7 years,2,male,none,4,"car or other, not in savings account",19,none,own,1,skilled employee / official,1,"yes, registered under customer's name",yes,2,single
... < 0 DM,29,existing credits paid back duly till now,business,3165,100 <= ... < 500 DM,1 <= ... < 4 years,2,male,none,4,real estate,65,none,rent,1,skilled employee / official,1,"yes, registered under customer's name",yes,1,divorced/separated
0 <= ... < 200 DM,12,existing credits paid back duly till now,car (new),3849,unknown / no savings account,... < 1 year,2,female,none,4,real estate,24,none,rent,3,unskilled - resident,1,"yes, registered under customer's name",yes,1,divorced/separated
0 <= ... < 200 DM,28,existing credits paid back duly till now,furniture/equipment,2825,... < 100 DM,1 <= ... < 4 years,1,male,none,1,"car or other, not in savings account",19,bank,own,1,skilled employee / official,1,none,yes,1,married/widowed
0 <= ... < 200 DM,18,critical account / other credits existing (not at this bank),furniture/equipment,3406,... < 100 DM,unemployed,3,female,none,4,building society savings agreement / life insurance,33,none,own,2,unskilled - resident,1,none,yes,2,single
... < 0 DM,21,existing credits paid back duly till now,radio/television,917,100 <= ... < 500 DM,1 <= ... < 4 years,1,female,none,4,unknown / no property,29,none,for free,1,skilled employee / official,1,none,yes,2,divorced/separated
... < 0 DM,4,existing credits paid back duly till now,furniture/equipment,3524,... < 100 DM,... >= 7 years,2,female,none,4,"car or other, not in savings account",75,none,rent,2,unemployed / unskilled - non-resident,1,"yes, registered under customer's name",yes,2,single
0 <= ... < 200 DM,7,all credits at this bank paid back duly,radio/television,2368,... < 100 DM,... >= 7 years,2,female,none,4,"car or other, not in savings account",74,none,own,1,management / self-employed / highly qualified employee / officer,1,"yes, registered under customer's name",yes,2,single
0 <= ... < 200 DM,17,critical account / other credits existing (not at this bank),car (new),1010,... < 100 DM,1 <= ... < 4 years,4,male,none,4,"car or other, not in savings account",19,none,own,2,unskilled - resident,1,"yes, registered under customer's name",yes,1,single
... < 0 DM,28,critical account / other credits existing (not at this bank),furniture/equipment,3321,... >= 1000 DM,... < 1 year,2,male,none,4,"car or other, not in savings account",19,none,for free,1,skilled employee / official,1,none,yes,2,single
... < 0 DM,16,existing credits paid back duly till now,car (new),1103,100 <= ... < 500 DM,unemployed,4,female,none,1,building society savings agreement / life insurance,19,none,own,2,unskilled - resident,2,none,yes,2,divorced/separated
no checking account,12,existing credits paid back duly till now,car (new),10037,... < 100 DM,... < 1 year,1,female,none,4,"car or other, not in savings account",19,none,own,1,skilled employee / official,1,"yes, registered under customer's name",yes,2,divorced/separated
... < 0 DM,13,existing credits paid back duly till now,radio/television,3157,100 <= ... < 500 DM,1 <= ... < 4 years,4,female,none,2,"car or other, not in savings account",27,none,own,2,unskilled - resident,1,"yes, registered under customer's name",yes,1,divorced/separated
... < 0 DM,24,existing credits paid back duly till now,radio/television,3415,... < 100 DM,4 <= ... < 7 years,2,female,none,4,real estate,27,none,own,2,unskilled - resident,1,none,yes,2,divorced/separated
0 <= ... < 200 DM,14,no credits taken / all credits paid back duly,business,2501,100 <= ... < 500 DM,unemployed,4,male,none,4,real estate,19,none,rent,1,unskilled - resident,1,none,yes,2,single
0 <= ... < 200 DM,4,delay in paying off in the past,car (new),3567,... < 100 DM,4 <= ... < 7 years,4,female,none,4,unknown / no property,33,none,own,1,unskilled - resident,1,"yes, registered under customer's name",yes,2,divorced/separated
... < 0 DM,19,existing credits paid back duly till now,business,2145,... < 100 DM,... < 1 year,2,male,none,4,"car or other, not in savings account",29,none,own,1,skilled employee / official,1,"yes, registered under customer's name",yes,1,divorced/separated
no checking account,21,existing credits paid back duly till now,education,2502,... >= 1000 DM,4 <= ... < 7 years,2,male,none,2,"car or other, not in savings account",19,none,own,2,unskilled - resident,1,"yes, registered under customer's name",yes,1,single
0 <= ... < 200 DM,23,existing credits paid back duly till now,education,1344,... < 100 DM,4 <= ... < 7 years,2,male,none,4,building society savings agreement / life insurance,19,bank,own,1,skilled employee / official,1,"yes, registered under customer's name",yes,1,divorced/separated
... < 0 DM,6,existing credits paid back duly till now,radio/television,2824,... < 100 DM,1 <= ... < 4 years,4,female,co-applicant,4,"car or other, not in savings account",27,none,own,2,skilled employee / official,1,"yes, registered under customer's name",yes,2,divorced/separated
... < 0 DM,35,critical account / other credits existing (not at this bank),business,3229,... < 100 DM,... >= 7 years,3,male,none,4,real estate,47,none,for free,1,unskilled - resident,1,"yes, registered under customer's name",yes,2,divorced/separated
... < 0 DM,32,existing credits paid back duly till now,furniture/equipment,2437,... < 100 DM,1 <= ... < 4 years,4,female,none,2,unknown / no property,32,none,own,1,unskilled - resident,1,none,yes,2,divorced/separated
0 <= ... < 200 DM,18,existing credits paid back duly till now,car (new),1590,... < 100 DM,... < 1 year,4,female,none,2,unknown / no property,27,none,own,1,skilled employee / official,1,none,yes,1,divorced/separated
0 <= ... < 200 DM,27,existing credits paid back duly till now,car (new),2988,100 <= ... < 500 DM,... < 1 year,4,male,co-applicant,4,real estate,19,none,own,2,unskilled - resident,1,"yes, registered under customer's name",yes,2,single
no checking account,11,all credits at this bank paid back duly,radio/television,5380,... < 100 DM,1 <= ... < 4 years,4,female,none,4,"car or other, not in savings account",49,none,own,1,skilled employee / official,1,"yes, registered under customer's name",yes,1,divorced/separated
... < 0 DM,40,existing credits paid back duly till now,radio/television,12649,... < 100 DM,4 <= ... < 7 years,2,male,none,4,"car or other, not in savings account",19,none,for free,2,skilled employee / official,1,"yes, registered under customer's name",yes,2,married/widowed
0 <= ... < 200 DM,72,existing credits paid back duly till now,furniture/equipment,15945,... < 100 DM,... < 1 year,3,female,none,4,"car or other, not in savings account",23,none,for free,1,management / self-employed / highly qualified employee / officer,1,none,yes,2,divorced/separated
... < 0 DM,31,critical account / other credits existing (not at this bank),car (used),321,... < 100 DM,1 <= ... < 4 years,2,male,none,4,"car or other, not in savings account",24,stores,for free,2,skilled employee / official,1,none,yes,1,married/widowed
no checking account,49,existing credits paid back duly till now,furniture/equipment,1069,... < 100 DM,... < 1 year,3,male,co-applicant,4,"car or other, not in savings account",19,none,rent,4,unemployed / unskilled - non-resident,1,none,yes,2,single
... < 0 DM,25,no credits taken / all credits paid back duly,retraining,2897,... < 100 DM,1 <= ... < 4 years,2,female,none,4,unknown / no property,23,none,for free,1,unskilled - resident,1,none,yes,2,divorced/separated
0 <= ... < 200 DM,15,existing credits paid back duly till now,car (new),5192,... < 100 DM,... < 1 year,2,male,none,3,building society savings agreement / life insurance,19,none,for free,1,unskilled - resident,1,none,yes,2,single
... < 0 DM,51,existing credits paid back duly till now,car (new),12243,100 <= ... < 500 DM,1 <= ... < 4 years,2,female,none,4,"car or other, not in savings account",19,none,rent,2,skilled employee / official,1,none,yes,2,single
... < 0 DM,72,existing credits paid back duly till now,furniture/equipment,5340,... < 100 DM,... < 1 year,2,female,guarantor,4,building society savings agreement / life insurance,28,none,own,2,skilled employee / official,1,none,yes,2,single
... < 0 DM,11,critical account / other credits existing (not at this bank),car (new),11907,100 <= ... < 500 DM,4 <= ... < 7 years,4,male,none,4,"car or other, not in savings account",31,none,for free,1,skilled employee / official,1,"yes, registered under customer's name",yes,2,divorced/separated
0 <= ... < 200 DM,7,existing credits paid back duly till now,car (new),6415,... < 100 DM,4 <= ... < 7 years,2,male,none,4,building society savings agreement / life insurance,36,none,rent,1,skilled employee / official,1,"yes, registered under customer's name",yes,1,divorced/separated
... < 0 DM,24,delay in paying off in the past,radio/television,5249,100 <= ... < 500 DM,... < 1 year,3,female,none,4,unknown / no property,35,none,rent,1,unskilled - resident,1,"yes, registered under customer's name",yes,2,single
0 <= ... < 200 DM,30,existing credits paid back duly till now,radio/television,15945,unknown / no savings account,... >= 7 years,4,male,none,2,"car or other, not in savings account",65,none,own,2,skilled employee / official,1,"yes, registered under customer's name",yes,2,single
... >= 200 DM / salary assignments for at least 1 year,28,all credits at this bank paid back duly,radio/television,3332,... < 100 DM,... >= 7 years,4,male,none,4,"car or other, not in savings account",31,none,own,1,unskilled - resident,2,"yes, registered under customer's name",yes,2,single
... < 0 DM,43,existing credits paid back duly till now,radio/television,3536,... < 100 DM,unemployed,2,female,none,1,"car or other, not in savings account",19,none,own,1,skilled employee / official,1,"yes, registered under customer's name",yes,2,single
0 <= ... < 200 DM,72,existing credits paid back duly till now,furniture/equipment,2398,... < 100 DM,4 <= ... < 7 years,4,male,none,4,"car or other, not in savings account",26,none,own,2,skilled employee / official,1,"yes, registered under customer's name",yes,1,single
no checking account,16,existing credits paid back duly till now,car (new),3539,... < 100 DM,... < 1 year,2,female,none,4,building society savings agreement / life insurance,19,none,for free,2,unskilled - resident,1,"yes, registered under customer's name",yes,1,single
... < 0 DM,20,existing credits paid back duly till now,furniture/equipment,2641,... < 100 DM,... < 1 year,4,female,none,2,real estate,32,none,for free,1,skilled employee / official,2,none,no,1,married/widowed
no checking account,20,critical account / other credits existing (not at this bank),radio/television,2786,... < 100 DM,1 <= ... < 4 years,2,male,guarantor,4,"car or other, not in savings account",71,none,rent,1,skilled employee / official,1,none,yes,2,single
0 <= ... < 200 DM,30,existing credits paid back duly till now,radio/television,8395,... < 100 DM,... < 1 year,2,female,none,4,real estate,20,none,own,2,unskilled - resident,1,none,yes,2,single
no checking account,10,all credits at this bank paid back duly,radio/television,2887,... < 100 DM,4 <= ... < 7 years,4,female,none,2,unknown / no property,30,none,own,1,skilled employee / official,1,none,yes,2,single
0 <= ... < 200 DM,28,existing credits paid back duly till now,furniture/equipment,2388,... < 100 DM,4 <= ... < 7 years,4,female,guarantor,2,building society savings agreement / life insurance,20,none,own,2,management / self-employed / highly qualified employee / officer,1,none,yes,1,divorced/separated
... < 0 DM,7,existing credits paid back duly till now,car (used),3600,... < 100 DM,unemployed,2,male,none,4,"car or other, not in savings account",22,none,own,1,skilled employee / official,1,none,yes,1,single
no checking account,42,existing credits paid back duly till now,radio/television,13129,unknown / no savings account,1 <= ... < 4 years,4,male,none,2,real estate,32,none,own,2,skilled employee / official,1,"yes, registered under customer's name",yes,1,divorced/separated
0 <= ... < 200 DM,15,existing credits paid back duly till now,furniture/equipment,2440,... < 100 DM,... >= 7 years,3,male,none,4,"car or other, not in savings account",19,none,own,1,skilled employee / official,1,"yes, registered under customer's name",yes,1,divorced/separated
no checking account,27,critical account / other credits existing (not at this bank),car (new),8187,100 <= ... < 500 DM,... >= 7 years,3,male,none,4,"car or other, not in savings account",49,none,for free,2,unskilled - resident,1,"yes, registered under customer's name",yes,1,single
no checking account,23,existing credits paid back duly till now,furniture/equipment,7891,... < 100 DM,... >= 7 years,3,male,none,4,"car or other, not in savings account",19,none,rent,1,skilled employee / official,1,"yes, registered under customer's name",yes,2,divorced/separated
... < 0 DM,21,critical account / other credits existing (not at this bank),furniture/equipment,7004,... < 100 DM,... >= 7 years,3,female,none,4,building society savings agreement / life insurance,62,none,for free,1,unskilled - resident,1,none,yes,1,divorced/separated
... < 0 DM,16,critical account / other credits existing (not at this bank),car (new),15945,... < 100 DM,unemployed,4,male,none,4,unknown / no property,34,bank,own,1,unskilled - resident,2,"yes, registered under customer's name",yes,1,married/widowed
0 <= ... < 200 DM,42,existing credits paid back duly till now,business,3941,... < 100 DM,... >= 7 years,2,male,none,1,"car or other, not in savings account",19,none,rent,2,skilled employee / official,1,"yes, registered under customer's name",yes,1,divorced/separated
0 <= ... < 200 DM,38,existing credits paid back duly till now,furniture/equipment,5827,500 <= ... < 1000 DM,1 <= ... < 4 years,2,female,none,4,building society savings agreement / life insurance,31,none,own,1,unskilled - resident,1,none,yes,1,married/widowed
no checking account,4,existing credits paid back duly till now,car (new),6068,unknown / no savings account,4 <= ... < 7 years,4,female,none,2,"car or other, not in savings account",27,none,own,2,skilled employee / official,1,none,yes,1,divorced/separated
0 <= ... < 200 DM,26,existing credits paid back duly till now,others,11168,... < 100 DM,... >= 7 years,4,male,none,4,real estate,29,none,own,2,skilled employee / official,1,"yes, registered under customer's name",yes,2,divorced/separated
no checking account,29,existing credits paid back duly till now,furniture/equipment,3516,... < 100 DM,1 <= ... < 4 years,2,female,none,4,"car or other, not in savings account",66,none,for free,2,skilled employee / official,1,none,yes,1,single
no checking account,17,delay in paying off in the past,radio/television,10430,... < 100 DM,1 <= ... < 4 years,2,male,none,2,real estate,19,none,for free,2,skilled employee / official,1,"yes, registered under customer's name",yes,1,divorced/separated
... < 0 DM,4,critical account / other credits existing (not at this bank),car (new),3352,... < 100 DM,... < 1 year,2,female,co-applicant,4,"car or other, not in savings account",53,none,own,1,unskilled - resident,1,none,yes,2,single
... < 0 DM,27,existing credits paid back duly till now,furniture/equipment,1443,... < 100 DM,4 <= ... < 7 years,2,female,none,3,"car or other, not in savings account",35,none,own,2,management / self-employed / highly qualified employee / officer,1,none,yes,1,divorced/separated
... < 0 DM,54,critical account / other credits existing (not at this bank),furniture/equipment,2953,... < 100 DM,4 <= ... < 7 years,4,female,none,4,building society savings agreement / life insurance,63,none,own,2,unskilled - resident,1,none,yes,1,single
... < 0 DM,4,existing credits paid back duly till now,car (new),3142,... < 100 DM,1 <= ... < 4 years,1,female,co-applicant,4,real estate,32,stores,rent,2,skilled employee / official,1,none,yes,2,divorced/separated
0 <= ... < 200 DM,28,existing credits paid back duly till now,car (new),8747,unknown / no savings account,... < 1 year,2,female,none,4,building society savings agreement / life insurance,49,none,own,2,skilled employee / official,1,"yes, registered under customer's name",yes,2,divorced/separated
no checking account,54,existing credits paid back duly till now,radio/television,5193,... >= 1000 DM,1 <= ... < 4 years,2,male,none,1,"car or other, not in savings account",75,none,own,2,management / self-employed / highly qualified employee / officer,1,"yes, registered under customer's name",no,2,married/widowed
0 <= ... < 200 DM,48,existing credits paid back duly till now,car (new),3232,... < 100 DM,4 <= ... < 7 years,1,male,none,3,"car or other, not in savings account",41,none,rent,1,unskilled - resident,1,none,yes,2,divorced/separated
0 <= ... < 200 DM,7,existing credits paid back duly till now,retraining,3070,... < 100 DM,... < 1 year,4,female,none,4,"car or other, not in savings account",35,none,own,4,management / self-employed / highly qualified employee / officer,1,"yes, registered under customer's name",yes,2,married/widowed
no checking account,12,existing credits paid back duly till now,car (new),2893,... < 100 DM,unemployed,4,male,none,3,unknown / no property,19,none,own,2,skilled employee / official,2,none,yes,2,single
0 <= ... < 200 DM,8,critical account / other credits existing (not at this bank),furniture/equipment,3050,100 <= ... < 500 DM,... < 1 year,1,male,none,3,real estate,26,none,own,3,skilled employee / official,1,none,yes,2,divorced/separated
no checking account,19,existing credits paid back duly till now,car (used),14843,... < 100 DM,4 <= ... < 7 years,1,male,none,4,building society savings agreement / life insurance,33,none,own,2,skilled employee / official,1,none,yes,2,divorced/separated
0 <= ... < 200 DM,50,existing credits paid back duly till now,furniture/equipment,1789,... < 100 DM,... < 1 year,1,female,none,1,"car or other, not in savings account",56,none,rent,2,skilled employee / official,1,"yes, registered under customer's name",no,1,married/widowed
no checking account,18,existing credits paid back duly till now,car (new),3305,... < 100 DM,... >= 7 years,4,female,none,4,"car or other, not in savings account",66,none,rent,1,unemployed / unskilled - non-resident,1,none,yes,1,divorced/separated
... < 0 DM,11,existing credits paid back duly till now,car (new),2639,... < 100 DM,1 <= ... < 4 years,2,male,none,2,"car or other, not in savings account",62,none,for free,1,skilled employee / official,1,none,yes,2,single
no checking account,66,existing credits paid back duly till now,furniture/equipment,2064,... < 100 DM,4 <= ... < 7 years,1,male,none,1,real estate,27,none,rent,1,unskilled - resident,1,"yes, registered under customer's name",yes,1,divorced/separated
0 <= ... < 200 DM,37,all credits at this bank paid back duly,car (new),2150,... < 100 DM,4 <= ... < 7 years,1,female,none,4,real estate,26,bank,for free,1,unskilled - resident,1,"yes, registered under customer's name",yes,2,divorced/separated
no checking account,12,existing credits paid back duly till now,car (new),5300,... < 100 DM,4 <= ... < 7 years,4,female,none,4,"car or other, not in savings account",53,none,own,2,skilled employee / official,1,"yes, registered under customer's name",yes,1,divorced/separated
... < 0 DM,10,existing credits paid back duly till now,radio/television,6320,... < 100 DM,... >= 7 years,2,male,co-applicant,4,unknown / no property,33,none,rent,1,management / self-employed / highly qualified employee / officer,1,"yes, registered under customer's name",yes,1,divorced/separated
... < 0 DM,4,existing credits paid back duly till now,furniture/equipment,6737,... < 100 DM,1 <= ... < 4 years,1,female,none,1,"car or other, not in savings account",75,none,own,1,unskilled - resident,2,"yes, registered under customer's name",yes,1,divorced/separated
no checking account,14,existing credits paid back duly till now,radio/television,2807,... < 100 DM,1 <= ... < 4 years,4,male,none,4,"car or other, not in savings account",25,none,own,1,skilled employee / official,1,"yes, registered under customer's name",yes,1,single
no checking account,18,existing credits paid back duly till now,car (new),304,... < 100 DM,4 <= ... < 7 years,4,female,none,4,"car or other, not in savings account",31,none,rent,1,skilled employee / official,1,"yes, registered under customer's name",yes,2,divorced/separated
no checking account,22,existing credits paid back duly till now,radio/television,6957,... < 100 DM,1 <= ... < 4 years,3,male,none,4,"car or other, not in savings account",30,none,for free,2,unskilled - resident,1,none,yes,1,single
... < 0 DM,15,critical account / other credits existing (not at this bank),furniture/equipment,3153,... < 100 DM,1 <= ... < 4 years,2,female,none,4,"car or other, not in savings account",23,bank,rent,1,skilled employee / official,2,"yes, registered under customer's name",yes,2,divorced/separated
0 <= ... < 200 DM,19,no credits taken / all credits paid back duly,furniture/equipment,2616,... < 100 DM,4 <= ... < 7 years,2,male,none,3,building society savings agreement / life insurance,19,none,for free,1,unskilled - resident,1,none,yes,1,single
0 <= ... < 200 DM,8,existing credits paid back duly till now,car (new),2359,... < 100 DM,... >= 7 years,4,female,none,4,"car or other, not in savings account",19,none,own,1,skilled employee / official,1,none,yes,1,single
0 <= ... < 200 DM,18,existing credits paid back duly till now,furniture/equipment,1386,... < 100 DM,4 <= ... < 7 years,4,female,none,4,real estate,22,none,rent,1,unskilled - resident,1,"yes, registered under customer's name",yes,2,divorced/separated
... < 0 DM,4,existing credits paid back duly till now,furniture/equipment,3531,... < 100 DM,1 <= ... < 4 years,4,female,none,4,"car or other, not in savings account",23,none,rent,1,unskilled - resident,1,"yes, registered under customer's name",yes,2,single
... < 0 DM,56,existing credits paid back duly till now,car (new),9833,... < 100 DM,4 <= ... < 7 years,4,male,none,4,real estate,22,none,own,1,skilled employee / official,1,none,yes,2,divorced/separated
... < 0 DM,40,existing credits paid back duly till now,furniture/equipment,2138,... < 100 DM,4 <= ... < 7 years,1,male,none,1,"car or other, not in savings account",28,none,own,2,unskilled - resident,1,"yes, registered under customer's name",yes,2,divorced/separated
no checking account,11,existing credits paid back duly till now,furniture/equipment,2402,... < 100 DM,4 <= ... < 7 years,2,female,none,4,"car or other, not in savings account",23,none,own,1,unemployed / unskilled - non-resident,1,"yes, registered under customer's name",yes,2,divorced/separated
0 <= ... < 200 DM,14,critical account / other credits existing (not at this bank),car (used),325,... < 100 DM,... >= 7 years,3,male,none,4,"car or other, not in savings account",19,none,rent,1,skilled employee / official,1,none,yes,1,married/widowed
... >= 200 DM / salary assignments for at least 1 year,27,existing credits paid back duly till now,others,5296,unknown / no savings account,1 <= ... < 4 years,2,female,none,1,real estate,69,stores,rent,1,unskilled - resident,1,"yes, registered under customer's name",yes,2,divorced/separated
... < 0 DM,12,existing credits paid back duly till now,car (new),4643,... < 100 DM,4 <= ... < 7 years,2,female,none,1,"car or other, not in savings account",24,none,own,1,skilled employee / official,1,"yes, registered under customer's name",yes,1,single
no checking account,20,existing credits paid back duly till now,radio/television,3664,... < 100 DM,4 <= ... < 7 years,2,female,none,4,building society savings agreement / life insurance,25,none,for free,2,skilled employee / official,1,"yes, registered under customer's name",yes,1,single
... < 0 DM,13,critical account / other credits existing (not at this bank),furniture/equipment,490,... < 100 DM,1 <= ... < 4 years,1,male,none,3,"car or other, not in savings account",31,none,rent,1,unskilled - resident,1,"yes, registered under customer's name",yes,1,married/widowed
0 <= ... < 200 DM,20,no credits taken / all credits paid back duly,radio/television,1862,... < 100 DM,... < 1 year,2,female,none,1,"car or other, not in savings account",58,stores,own,2,unskilled - resident,1,none,yes,1,divorced/separated
... < 0 DM,45,existing credits paid back duly till now,furniture/equipment,1857,... < 100 DM,1 <= ... < 4 years,2,female,none,4,building society savings agreement / life insurance,42,none,own,2,skilled employee / official,1,"yes, registered under customer's name",yes,1,divorced/separated
... < 0 DM,10,existing credits paid back duly till now,car (new),4911,unknown / no savings account,1 <= ... < 4 years,4,female,none,4,"car or other, not in savings account",30,none,own,1,unskilled - resident,1,none,yes,1,divorced/separated
... < 0 DM,42,critical account / other credits existing (not at this bank),furniture/equipment,3189,... < 100 DM,1 <= ... < 4 years,2,male,none,3,"car or other, not in savings account",34,none,own,1,unskilled - resident,1,"yes, registered under customer's name",yes,1,divorced/separated
... < 0 DM,33,critical account / other credits existing (not at this bank),education,1917,... < 100 DM,... < 1 year,4,male,co-applicant,4,"car or other, not in savings account",36,none,own,2,unskilled - resident,1,"yes, registered under customer's name",yes,2,divorced/separated
0 <= ... < 200 DM,4,existing credits paid back duly till now,furniture/equipment,1960,... < 100 DM,4 <= ... < 7 years,3,male,none,2,building society savings agreement / life insurance,19,none,own,1,unskilled - resident,1,"yes, registered under customer's name",yes,1,single
... < 0 DM,27,critical account / other credits existing (not at this bank),business,2557,... < 100 DM,1 <= ... < 4 years,2,male,none,4,real estate,32,none,own,1,skilled employee / official,2,"yes, registered under customer's name",yes,1,single
no checking account,20,existing credits paid back duly till now,car (new),3572,... < 100 DM,1 <= ... < 4 years,2,female,none,4,"car or other, not in savings account",22,none,own,2,skilled employee / official,1,none,yes,1,single
... < 0 DM,25,critical account / other credits existing (not at this bank),car (new),12043,... < 100 DM,1 <= ... < 4 years,4,male,none,4,real estate,27,none,own,1,skilled employee / official,1,none,yes,2,single
no checking account,38,existing credits paid back duly till now,car (new),6320,... < 100 DM,4 <= ... < 7 years,1,male,none,1,building society savings agreement / life insurance,36,stores,own,1,skilled employee / official,2,"yes, registered under customer's name",yes,1,divorced/separated
... < 0 DM,48,critical account / other credits existing (not at this bank),car (new),2580,100 <= ... < 500 DM,... >= 7 years,2,male,none,1,"car or other, not in savings account",25,none,own,1,management / self-employed / highly qualified employee / officer,1,none,yes,2,single
... >= 200 DM / salary assignments for at least 1 year,18,critical account / other credits existing (not at this bank),furniture/equipment,11430,... < 100 DM,... >= 7 years,3,male,none,4,"car or other, not in savings account",61,none,own,1,management / self-employed / highly qualified employee / officer,1,"yes, registered under customer's name",yes,2,divorced/separated
no checking account,30,critical account / other credits existing (not at this bank),radio/television,980,unknown / no savings account,... >= 7 years,4,male,none,4,building society savings agreement / life insurance,35,bank,own,1,skilled employee / official,2,none,yes,1,married/widowed
... >= 200 DM / salary assignments for at least 1 year,27,existing credits paid back duly till now,car (new),9018,... < 100 DM,unemployed,1,female,none,4,"car or other, not in savings account",47,none,for free,2,unskilled - resident,1,none,yes,2,divorced/separated
0 <= ... < 200 DM,32,existing credits paid back duly till now,car (new),6507,... < 100 DM,1 <= ... < 4 years,2,female,none,4,"car or other, not in savings account",29,none,own,1,unskilled - resident,1,none,yes,1,single
... < 0 DM,23,existing credits paid back duly till now,car (new),3317,... < 100 DM,... < 1 year,2,female,none,2,building society savings agreement / life insurance,19,none,rent,2,unskilled - resident,1,"yes, registered under customer's name",yes,2,single
0 <= ... < 200 DM,19,existing credits paid back duly till now,business,2739,... < 100 DM,1 <= ... < 4 years,3,male,none,4,building society savings agreement / life insurance,38,none,rent,1,skilled employee / official,1,none,yes,1,divorced/separated
... < 0 DM,55,existing credits paid back duly till now,radio/television,1420,... < 100 DM,... < 1 year,2,female,none,1,real estate,24,none,for free,1,skilled employee / official,1,"yes, registered under customer's name",yes,1,married/widowed
0 <= ... < 200 DM,28,existing credits paid back duly till now,furniture/equipment,1783,... < 100 DM,1 <= ... < 4 years,4,male,none,4,"car or other, not in savings account",28,none,own,2,unskilled - resident,1,"yes, registered under customer's name",yes,1,single
0 <= ... < 200 DM,9,existing credits paid back duly till now,furniture/equipment,10071,... < 100 DM,1 <= ... < 4 years,4,male,none,4,"car or other, not in savings account",26,none,own,2,unskilled - resident,1,"yes, registered under customer's name",yes,2,divorced/separated
no checking account,7,existing credits paid back duly till now,car (new),2447,... < 100 DM,1 <= ... < 4 years,1,male,none,4,unknown / no property,28,none,rent,1,unskilled - resident,1,none,yes,1,single
0 <= ... < 200 DM,72,all credits at this bank paid back duly,car (new),1629,... < 100 DM,1 <= ... < 4 years,4,male,co-applicant,4,"car or other, not in savings account",24,none,own,2,skilled employee / official,1,none,yes,2,divorced/separated
... < 0 DM,19,existing credits paid back duly till now,car (new),15945,... < 100 DM,... >= 7 years,2,female,none,4,unknown / no property,29,none,for free,1,unemployed / unskilled - non-resident,2,"yes, registered under customer's name",yes,1,divorced/separated
no checking account,8,existing credits paid back duly till now,car (new),15945,... >= 1000 DM,1 <= ... < 4 years,3,male,none,4,real estate,25,none,own,2,unskilled - resident,2,"yes, registered under customer's name",yes,2,single
0 <= ... < 200 DM,21,existing credits paid back duly till now,repairs,2002,... < 100 DM,1 <= ... < 4 years,1,female,none,4,unknown / no property,31,none,rent,1,unskilled - resident,1,"yes, registered under customer's name",yes,2,divorced/separated
0 <= ... < 200 DM,11,critical account / other credits existing (not at this bank),furniture/equipment,2591,... < 100 DM,... < 1 year,4,male,none,4,real estate,57,none,for free,1,unskilled - resident,1,none,yes,2,single
... < 0 DM,10,existing credits paid back duly till now,furniture/equipment,1376,... < 100 DM,4 <= ... < 7 years,2,female,none,1,unknown / no property,29,none,own,2,management / self-employed / highly qualified employee / officer,1,"yes, registered under customer's name",yes,2,divorced/separated
... >= 200 DM / salary assignments for at least 1 year,4,no credits taken / all credits paid back duly,car (new),3961,... < 100 DM,... < 1 year,2,female,none,4,real estate,35,bank,own,2,skilled employee / official,2,none,yes,1,divorced/separated
... < 0 DM,4,existing credits paid back duly till now,car (new),15945,... < 100 DM,... < 1 year,2,male,none,4,real estate,41,bank,own,2,skilled employee / official,1,"yes, registered under customer's name",yes,1,single
... < 0 DM,26,existing credits paid back duly till now,furniture/equipment,8968,... < 100 DM,1 <= ... < 4 years,4,female,none,4,unknown / no property,21,none,rent,1,unemployed / unskilled - non-resident,1,none,yes,1,divorced/separated
... < 0 DM,47,existing credits paid back duly till now,furniture/equipment,1378,... < 100 DM,... < 1 year,2,female,none,2,"car or other, not in savings account",38,none,rent,1,unskilled - resident,1,none,yes,2,divorced/separated
no checking account,72,existing credits paid back duly till now,car (new),3396,... < 100 DM,1 <= ... < 4 years,2,female,none,4,building society savings agreement / life insurance,28,none,own,2,unemployed / unskilled - non-resident,1,"yes, registered under customer's name",yes,2,divorced/separated
... < 0 DM,43,existing credits paid back duly till now,car (new),2096,500 <= ... < 1000 DM,4 <= ... < 7 years,4,male,none,4,"car or other, not in savings account",29,none,own,2,unemployed / unskilled - non-resident,1,"yes, registered under customer's name",yes,1,divorced/separated
... < 0 DM,9,critical account / other credits existing (not at this bank),car (new),4446,... < 100 DM,1 <= ... < 4 years,2,male,none,2,real estate,20,none,rent,1,skilled employee / official,1,"yes, registered under customer's name",yes,1,single
... < 0 DM,14,existing credits paid back duly till now,car (used),5433,... < 100 DM,... < 1 year,2,female,none,1,"car or other, not in savings account",33,none,rent,3,unskilled - resident,1,none,yes,1,single
no checking account,45,delay in paying off in the past,retraining,5813,... < 100 DM,1 <= ... < 4 years,2,male,none,4,real estate,24,none,own,1,management / self-employed / highly qualified employee / officer,1,none,yes,1,divorced/separated
... < 0 DM,28,existing credits paid back duly till now,retraining,2351,... < 100 DM,... < 1 year,4,male,none,4,building society savings agreement / life insurance,19,none,own,2,unskilled - resident,1,"yes, registered under customer's name",yes,1,divorced/separated
0 <= ... < 200 DM,54,no credits taken / all credits paid back duly,car (new),9532,100 <= ... < 500 DM,4 <= ... < 7 years,3,female,none,4,"car or other, not in savings account",45,none,rent,1,unskilled - resident,1,"yes, registered under customer's name",yes,1,single
... < 0 DM,4,existing credits paid back duly till now,radio/television,4271,500 <= ... < 1000 DM,... < 1 year,4,male,none,4,"car or other, not in savings account",34,none,rent,1,unskilled - resident,1,none,yes,2,divorced/separated
... < 0 DM,22,existing credits paid back duly till now,education,1084,100 <= ... < 500 DM,4 <= ... < 7 years,3,male,none,4,"car or other, not in savings account",19,none,for free,1,skilled employee / official,1,"yes, registered under customer's name",yes,2,divorced/separated
... < 0 DM,18,all credits at this bank paid back duly,radio/television,2790,... < 100 DM,... < 1 year,4,female,none,4,building society savings agreement / life insurance,29,none,own,2,unskilled - resident,1,"yes, registered under customer's name",yes,2,single
0 <= ... < 200 DM,24,existing credits paid back duly till now,radio/television,3156,... < 100 DM,1 <= ... < 4 years,4,male,none,2,"car or other, not in savings account",32,none,own,1,skilled employee / official,1,"yes, registered under customer's name",yes,2,divorced/separated
0 <= ... < 200 DM,11,all credits at this bank paid back duly,car (new),6500,... < 100 DM,4 <= ... < 7 years,3,female,none,1,building society savings agreement / life insurance,27,none,for free,2,unskilled - resident,1,"yes, registered under customer's name",yes,1,divorced/separated
0 <= ... < 200 DM,12,existing credits paid back duly till now,furniture/equipment,15945,... < 100 DM,... >= 7 years,1,male,none,1,unknown / no property,19,none,rent,1,unskilled - resident,1,"yes, registered under customer's name",yes,1,divorced/separated
no checking account,24,existing credits paid back duly till now,car (new),2650,unknown / no savings account,... < 1 year,4,male,none,2,"car or other, not in savings account",25,none,rent,1,management / self-employed / highly qualified employee / officer,1,"yes, registered under customer's name",yes,2,single
0 <= ... < 200 DM,25,existing credits paid back duly till now,car (new),2648,... < 100 DM,... < 1 year,4,male,none,4,unknown / no property,20,none,rent,2,skilled employee / official,1,"yes, registered under customer's name",yes,1,divorced/separated
... < 0 DM,24,existing credits paid back duly till now,radio/television,2168,... < 100 DM,... >= 7 years,3,male,none,4,unknown / no property,19,none,rent,2,skilled employee / official,1,none,yes,2,divorced/separated
0 <= ... < 200 DM,72,existing credits paid back duly till now,car (used),2965,... < 100 DM,... < 1 year,4,male,none,1,"car or other, not in savings account",23,none,rent,2,unskilled - resident,1,none,yes,2,divorced/separated
no checking account,5,existing credits paid back duly till now,furniture/equipment,840,... < 100 DM,... >= 7 years,4,female,none,4,"car or other, not in savings account",28,none,own,2,unskilled - resident,1,"yes, registered under customer's name",yes,2,single
0 <= ... < 200 DM,13,existing credits paid back duly till now,radio/television,1589,... < 100 DM,... >= 7 years,2,female,none,4,building society savings agreement / life insurance,20,none,own,2,skilled employee / official,1,"yes, registered under customer's name",yes,2,divorced/separated
0 <= ... < 200 DM,22,existing credits paid back duly till now,car (new),13086,... < 100 DM,... < 1 year,2,female,none,3,"car or other, not in savings account",35,none,own,1,skilled employee / official,2,"yes, registered under customer's name",yes,2,divorced/separated
no checking account,72,existing credits paid back duly till now,car (new),10083,... < 100 DM,... >= 7 years,4,male,none,4,building society savings agreement / life insurance,32,none,own,4,unskilled - resident,1,"yes, registered under customer's name",yes,1,divorced/separated
... < 0 DM,9,existing credits paid back duly till now,car (new),4389,... < 100 DM,4 <= ... < 7 years,2,female,none,3,real estate,44,bank,rent,1,unskilled - resident,1,none,yes,1,married/widowed
... < 0 DM,8,existing credits paid back duly till now,car (new),3911,... < 100 DM,1 <= ... < 4 years,4,male,none,2,"car or other, not in savings account",35,none,own,1,unskilled - resident,1,none,yes,2,single
0 <= ... < 200 DM,20,existing credits paid back duly till now,car (new),3000,... < 100 DM,4 <= ... < 7 years,4,female,none,2,unknown / no property,19,none,own,2,unskilled - resident,1,none,no,1,divorced/separated
0 <= ... < 200 DM,22,delay in paying off in the past,car (new),5117,... < 100 DM,1 <= ... < 4 years,1,male,none,2,real estate,27,bank,own,1,skilled employee / official,1,"yes, registered under customer's name",yes,1,divorced/separated
0 <= ... < 200 DM,72,existing credits paid back duly till now,car (new),1773,... < 100 DM,... >= 7 years,1,female,none,4,"car or other, not in savings account",32,none,rent,2,unskilled - resident,1,"yes, registered under customer's name",yes,1,married/widowed
... < 0 DM,4,no credits taken / all credits paid back duly,radio/television,6517,... >= 1000 DM,4 <= ... < 7 years,4,male,guarantor,4,real estate,39,none,rent,2,skilled employee / official,1,none,yes,1,divorced/separated
... < 0 DM,27,critical account / other credits existing (not at this bank),furniture/equipment,8977,... < 100 DM,1 <= ... < 4 years,1,male,none,4,unknown / no property,31,none,for free,2,management / self-employed / highly qualified employee / officer,1,none,yes,1,divorced/separated
... < 0 DM,65,existing credits paid back duly till now,car (used),2422,... < 100 DM,... < 1 year,4,female,none,4,"car or other, not in savings account",22,none,for free,2,management / self-employed / highly qualified employee / officer,1,"yes, registered under customer's name",yes,1,divorced/separated
... < 0 DM,26,critical account / other credits existing (not at this bank),car (new),5276,... < 100 DM,... < 1 year,2,male,none,4,"car or other, not in savings account",19,none,rent,1,management / self-employed / highly qualified employee / officer,1,none,yes,2,single
... < 0 DM,4,all credits at this bank paid back duly,furniture/equipment,10429,... < 100 DM,1 <= ... < 4 years,2,female,none,4,building society savings agreement / life insurance,26,none,own,2,management / self-employed / highly qualified employee / officer,1,"yes, registered under customer's name",yes,2,single
... < 0 DM,41,existing credits paid back duly till now,radio/television,5062,... < 100 DM,... >= 7 years,4,female,none,4,unknown / no property,26,none,rent,2,unskilled - resident,1,none,yes,1,divorced/separated
no checking account,22,existing credits paid back duly till now,repairs,3154,500 <= ... < 1000 DM,unemployed,4,male,none,3,real estate,23,none,for free,1,unskilled - resident,1,"yes, registered under customer's name",yes,1,single
0 <= ... < 200 DM,31,existing credits paid back duly till now,car (new),1004,... < 100 DM,... < 1 year,2,male,none,4,real estate,29,none,rent,1,management / self-employed / highly qualified employee / officer,1,"yes, registered under customer's name",yes,2,divorced/separated
0 <= ... < 200 DM,28,existing credits paid back duly till now,car (new),15945,... < 100 DM,1 <= ... < 4 years,2,male,none,4,building society savings agreement / life insurance,32,none,rent,2,skilled employee / official,2,"yes, registered under customer's name",yes,2,divorced/separated
... < 0 DM,19,delay in paying off in the past,car (new),5972,... < 100 DM,... < 1 year,4,female,none,4,real estate,30,none,own,2,management / self-employed / highly qualified employee / officer,1,"yes, registered under customer's name",yes,1,divorced/separated
no checking account,4,existing credits paid back duly till now,car (new),5739,100 <= ... < 500 DM,4 <= ... < 7 years,1,male,none,4,"car or other, not in savings account",54,none,for free,1,skilled employee / official,1,"yes, registered under customer's name",yes,1,divorced/separated
0 <= ... < 200 DM,21,existing credits paid back duly till now,car (new),5890,unknown / no savings account,1 <= ... < 4 years,4,male,none,3,"car or other, not in savings account",19,none,for free,1,skilled employee / official,1,none,yes,1,single
no checking account,43,critical account / other credits existing (not at this bank),furniture/equipment,11137,... < 100 DM,... < 1 year,4,male,none,4,"car or other, not in savings account",20,none,own,1,management / self-employed / highly qualified employee / officer,1,"yes, registered under customer's name",yes,1,divorced/separated
0 <= ... < 200 DM,57,existing credits paid back duly till now,furniture/equipment,2158,... < 100 DM,... < 1 year,4,male,none,4,"car or other, not in savings account",51,none,own,1,unskilled - resident,1,"yes, registered under customer's name",yes,2,divorced/separated
... < 0 DM,21,existing credits paid back duly till now,business,7160,... < 100 DM,unemployed,4,male,none,4,"car or other, not in savings account",22,none,rent,1,skilled employee / official,2,"yes, registered under customer's name",yes,1,single
0 <= ... < 200 DM,56,existing credits paid back duly till now,car (new),11494,100 <= ... < 500 DM,4 <= ... < 7 years,2,female,none,4,"car or other, not in savings account",55,none,own,1,skilled employee / official,1,"yes, registered under customer's name",yes,2,single
... < 0 DM,5,existing credits paid back duly till now,furniture/equipment,11677,... < 100 DM,4 <= ... < 7 years,2,female,none,4,"car or other, not in savings account",20,none,own,2,skilled employee / official,1,"yes, registered under customer's name",yes,1,divorced/separated
0 <= ... < 200 DM,11,existing credits paid back duly till now,repairs,2475,... < 100 DM,... < 1 year,4,male,none,4,real estate,34,none,own,1,unskilled - resident,1,none,yes,2,married/widowed
no checking account,13,critical account / other credits existing (not at this bank),car (used),10128,... >= 1000 DM,... >= 7 years,1,male,none,4,"car or other, not in savings account",50,none,for free,1,unskilled - resident,1,"yes, registered under customer's name",yes,2,single
... < 0 DM,29,existing credits paid back duly till now,furniture/equipment,9762,unknown / no savings account,4 <= ... < 7 years,3,male,none,3,unknown / no property,25,stores,for free,1,management / self-employed / highly qualified employee / officer,1,none,yes,2,divorced/separated
... < 0 DM,22,existing credits paid back duly till now,furniture/equipment,2761,... < 100 DM,... < 1 year,1,male,none,3,building society savings agreement / life insurance,39,none,for free,1,unskilled - resident,1,"yes, registered under customer's name",yes,2,divorced/separated
0 <= ... < 200 DM,25,existing credits paid back duly till now,car (new),11875,... < 100 DM,1 <= ... < 4 years,2,male,none,4,"car or other, not in savings account",25,none,for free,2,management / self-employed / highly qualified employee / officer,1,none,yes,1,single
0 <= ... < 200 DM,48,critical account / other credits existing (not at this bank),repairs,2838,... >= 1000 DM,... >= 7 years,1,male,none,2,"car or other, not in savings account",34,none,rent,2,unskilled - resident,1,"yes, registered under customer's name",yes,1,single
0 <= ... < 200 DM,47,existing credits paid back duly till now,car (new),10540,... < 100 DM,1 <= ... < 4 years,4,male,guarantor,4,"car or other, not in savings account",25,none,own,1,unskilled - resident,1,none,yes,2,divorced/separated
... < 0 DM,23,existing credits paid back duly till now,furniture/equipment,2007,... < 100 DM,4 <= ... < 7 years,2,female,none,3,unknown / no property,29,none,for free,1,skilled employee / official,1,"yes, registered under customer's name",yes,2,divorced/separated
0 <= ... < 200 DM,25,critical account / other credits existing (not at this bank),furniture/equipment,3501,... < 100 DM,... < 1 year,4,male,none,4,"car or other, not in savings account",19,none,own,2,management / self-employed / highly qualified employee / officer,1,none,yes,2,single
... < 0 DM,19,existing credits paid back duly till now,car (used),3042,... < 100 DM,4 <= ... < 7 years,3,female,none,4,"car or other, not in savings account",33,none,rent,1,skilled employee / official,1,none,yes,1,divorced/separated
0 <= ... < 200 DM,72,delay in paying off in the past,furniture/equipment,2896,... < 100 DM,4 <= ... < 7 years,3,male,none,4,building society savings agreement / life insurance,75,none,own,2,skilled employee / official,1,"yes, registered under customer's name",yes,2,single
0 <= ... < 200 DM,52,existing credits paid back duly till now,business,4451,... < 100 DM,4 <= ... < 7 years,4,female,none,4,unknown / no property,27,none,own,2,management / self-employed / highly qualified employee / officer,1,none,yes,1,single
0 <= ... < 200 DM,13,no credits taken / all credits paid back duly,radio/television,3270,... < 100 DM,unemployed,2,male,none,4,unknown / no property,29,none,rent,1,unskilled - resident,1,none,yes,2,divorced/separated
0 <= ... < 200 DM,4,existing credits paid back duly till now,car (new),1251,... >= 1000 DM,1 <= ... < 4 years,2,female,none,3,unknown / no property,21,none,rent,1,skilled employee / official,1,"yes, registered under customer's name",yes,2,single
... < 0 DM,52,existing credits paid back duly till now,car (used),3074,... < 100 DM,... < 1 year,2,male,none,1,building society savings agreement / life insurance,24,none,rent,2,skilled employee / official,1,none,yes,2,single
0 <= ... < 200 DM,15,existing credits paid back duly till now,education,12471,... < 100 DM,4 <= ... < 7 years,1,female,none,4,real estate,36,none,own,1,management / self-employed / highly qualified employee / officer,1,"yes, registered under customer's name",yes,2,single
no checking account,24,existing credits paid back duly till now,car (new),2016,... < 100 DM,... < 1 year,2,male,co-applicant,4,real estate,19,none,own,1,skilled employee / official,1,"yes, registered under customer's name",yes,1,single
0 <= ... < 200 DM,4,existing credits paid back duly till now,car (new),6198,... < 100 DM,4 <= ... < 7 years,3,male,none,1,"car or other, not in savings account",21,none,own,1,unskilled - resident,1,none,yes,1,single
... < 0 DM,30,existing credits paid back duly till now,car (new),11571,... < 100 DM,4 <= ... < 7 years,1,male,none,4,"car or other, not in savings account",19,none,rent,1,skilled employee / official,1,"yes, registered under customer's name",yes,2,single
... < 0 DM,34,delay in paying off in the past,radio/television,11430,... < 100 DM,4 <= ... < 7 years,3,male,none,2,"car or other, not in savings account",34,none,own,1,unskilled - resident,2,"yes, registered under customer's name",yes,2,single
... < 0 DM,36,existing credits paid back duly till now,car (new),1008,... < 100 DM,... < 1 year,4,male,none,1,"car or other, not in savings account",27,none,rent,2,management / self-employed / highly qualified employee / officer,1,"yes, registered under customer's name",yes,1,divorced/separated
0 <= ... < 200 DM,48,existing credits paid back duly till now,car (used),2058,... < 100 DM,1 <= ... < 4 years,2,female,none,4,real estate,66,none,rent,1,unskilled - resident,1,none,no,2,single
0 <= ... < 200 DM,4,existing credits paid back duly till now,radio/television,3032,... < 100 DM,... < 1 year,4,female,none,4,real estate,75,none,own,1,skilled employee / official,1,none,yes,2,single
0 <= ... < 200 DM,72,existing credits paid back duly till now,car (new),13059,unknown / no savings account,1 <= ... < 4 years,4,male,none,4,"car or other, not in savings account",37,none,for free,1,unskilled - resident,1,none,yes,2,single
no checking account,52,existing credits paid back duly till now,radio/television,2674,... < 100 DM,1 <= ... < 4 years,1,male,none,4,"car or other, not in savings account",75,none,rent,1,skilled employee / official,2,"yes, registered under customer's name",yes,1,divorced/separated
0 <= ... < 200 DM,69,existing credits paid back duly till now,car (new),9460,... < 100 DM,4 <= ... < 7 years,2,male,none,2,"car or other, not in savings account",28,stores,rent,2,unemployed / unskilled - non-resident,2,none,yes,2,single
... < 0 DM,23,delay in paying off in the past,business,1395,... < 100 DM,1 <= ... < 4 years,2,female,none,3,unknown / no property,40,none,own,1,management / self-employed / highly qualified employee / officer,1,"yes, registered under customer's name",yes,1,married/widowed
... < 0 DM,22,existing credits paid back duly till now,car (new),3148,... < 100 DM,1 <= ... < 4 years,1,male,none,4,real estate,19,none,own,2,unskilled - resident,1,none,yes,1,divorced/separated
0 <= ... < 200 DM,21,existing credits paid back duly till now,furniture/equipment,3672,unknown / no savings account,... >= 7 years,3,female,none,3,"car or other, not in savings account",19,none,rent,2,unskilled - resident,1,none,yes,2,single
0 <= ... < 200 DM,19,existing credits paid back duly till now,car (new),3307,unknown / no savings account,4 <= ... < 7 years,4,male,none,4,unknown / no property,32,none,rent,1,management / self-employed / highly qualified employee / officer,1,"yes, registered under customer's name",yes,1,divorced/separated
no checking account,46,existing credits paid back duly till now,radio/television,11392,... < 100 DM,4 <= ... < 7 years,4,male,co-applicant,4,"car or other, not in savings account",56,none,own,1,unskilled - resident,1,none,yes,2,divorced/separated
... >= 200 DM / salary assignments for at least 1 year,5,critical account / other credits existing (not at this bank),furniture/equipment,1647,... < 100 DM,... < 1 year,4,male,none,4,"car or other, not in savings account",23,none,own,2,skilled employee / official,1,"yes, registered under customer's name",yes,1,divorced/separated
... < 0 DM,65,existing credits paid back duly till now,car (used),1059,... < 100 DM,... < 1 year,2,female,guarantor,4,"car or other, not in savings account",60,bank,rent,1,unskilled - resident,1,"yes, registered under customer's name",yes,2,divorced/separated
0 <= ... < 200 DM,15,existing credits paid back duly till now,radio/television,15945,... < 100 DM,1 <= ... < 4 years,4,female,none,3,real estate,20,none,own,1,unskilled - resident,1,none,yes,2,single
0 <= ... < 200 DM,10,existing credits paid back duly till now,radio/television,2503,... < 100 DM,1 <= ... < 4 years,1,female,none,4,"car or other, not in savings account",58,none,rent,1,skilled employee / official,1,none,yes,2,single
no checking account,13,critical account / other credits existing (not at this bank),car (used),1989,... < 100 DM,1 <= ... < 4 years,2,male,guarantor,4,"car or other, not in savings account",42,bank,for free,2,management / self-employed / highly qualified employee / officer,1,"yes, registered under customer's name",yes,2,divorced/separated
0 <= ... < 200 DM,16,existing credits paid back duly till now,education,3391,unknown / no savings account,... >= 7 years,1,female,none,2,building society savings agreement / life insurance,19,none,own,2,management / self-employed / highly qualified employee / officer,1,"yes, registered under customer's name",yes,1,married/widowed
... < 0 DM,25,existing credits paid back duly till now,radio/television,3480,... < 100 DM,1 <= ... < 4 years,4,male,none,1,unknown / no property,38,stores,rent,3,skilled employee / official,1,none,yes,1,married/widowed
... < 0 DM,39,delay in paying off in the past,business,15945,... < 100 DM,4 <= ... < 7 years,4,female,none,1,"car or other, not in savings account",27,none,own,1,management / self-employed / highly qualified employee / officer,1,"yes, registered under customer's name",yes,2,single
... < 0 DM,47,existing credits paid back duly till now,car (new),1643,... < 100 DM,... < 1 year,3,female,none,1,real estate,33,none,rent,2,skilled employee / official,1,none,yes,1,married/widowed
0 <= ... < 200 DM,7,existing credits paid back duly till now,radio/television,3002,... < 100 DM,1 <= ... < 4 years,4,male,none,4,real estate,44,none,rent,1,unskilled - resident,1,"yes, registered under customer's name",yes,1,divorced/separated
0 <= ... < 200 DM,4,existing credits paid back duly till now,car (new),4843,... < 100 DM,... < 1 year,4,male,none,1,unknown / no property,19,bank,own,1,unskilled - resident,1,none,yes,2,divorced/separated
0 <= ... < 200 DM,29,no credits taken / all credits paid back duly,furniture/equipment,4331,... < 100 DM,4 <= ... < 7 years,1,male,none,4,"car or other, not in savings account",37,none,own,2,management / self-employed / highly qualified employee / officer,1,none,yes,2,married/widowed
0 <= ... < 200 DM,17,critical account / other credits existing (not at this bank),radio/television,1599,... < 100 DM,... >= 7 years,2,male,none,2,"car or other, not in savings account",19,none,rent,1,skilled employee / official,1,"yes, registered under customer's name",yes,2,divorced/separated
... < 0 DM,28,existing credits paid back duly till now,car (new),1510,... < 100 DM,... >= 7 years,2,female,none,4,building society savings agreement / life insurance,46,bank,for free,1,skilled employee / official,1,"yes, registered under customer's name",yes,2,divorced/separated
0 <= ... < 200 DM,48,existing credits paid back duly till now,radio/television,723,... < 100 DM,4 <= ... < 7 years,1,female,none,1,building society savings agreement / life insurance,52,none,own,1,skilled employee / official,1,none,yes,1,single
... < 0 DM,4,existing credits paid back duly till now,radio/television,1079,... < 100 DM,1 <= ... < 4 years,4,male,none,2,"car or other, not in savings account",25,none,own,1,skilled employee / official,1,none,yes,1,single
... < 0 DM,21,critical account / other credits existing (not at this bank),furniture/equipment,13033,... < 100 DM,... >= 7 years,1,female,co-applicant,4,"car or other, not in savings account",49,none,for free,1,unskilled - resident,1,none,yes,1,divorced/separated
... < 0 DM,15,existing credits paid back duly till now,car (new),3025,... < 100 DM,... < 1 year,4,female,none,1,"car or other, not in savings account",63,none,own,1,skilled employee / official,1,none,yes,1,divorced/separated
0 <= ... < 200 DM,22,existing credits paid back duly till now,domestic appliances,5148,... < 100 DM,1 <= ... < 4 years,3,female,none,4,real estate,44,none,own,1,unemployed / unskilled - non-resident,1,none,yes,2,married/widowed
... < 0 DM,17,critical account / other credits existing (not at this bank),car (new),5986,... < 100 DM,unemployed,1,female,none,4,building society savings agreement / life insurance,23,none,own,1,management / self-employed / highly qualified employee / officer,1,none,yes,2,married/widowed
0 <= ... < 200 DM,13,existing credits paid back duly till now,radio/television,6752,... < 100 DM,1 <= ... < 4 years,2,female,none,1,unknown / no property,25,none,rent,1,management / self-employed / highly qualified employee / officer,1,none,yes,2,married/widowed
... < 0 DM,43,existing credits paid back duly till now,radio/television,2461,... < 100 DM,1 <= ... < 4 years,2,male,none,4,"car or other, not in savings account",22,none,rent,1,unskilled - resident,1,"yes, registered under customer's name",yes,1,single
no checking account,19,existing credits paid back duly till now,domestic appliances,5408,... < 100 DM,1 <= ... < 4 years,4,male,none,4,building society savings agreement / life insurance,41,none,for free,2,unskilled - resident,1,"yes, registered under customer's name",no,1,single
... < 0 DM,18,existing credits paid back duly till now,repairs,10736,... < 100 DM,... < 1 year,4,female,none,1,"car or other, not in savings account",28,none,own,3,management / self-employed / highly qualified employee / officer,1,none,yes,1,divorced/separated
no checking account,13,existing credits paid back duly till now,education,15945,... < 100 DM,... >= 7 years,4,male,none,4,building society savings agreement / life insurance,42,none,own,2,unskilled - resident,1,"yes, registered under customer's name",yes,2,single
... < 0 DM,27,existing credits paid back duly till now,education,15945,... < 100 DM,... >= 7 years,4,male,none,4,unknown / no property,19,bank,own,1,unskilled - resident,1,none,yes,2,single
... < 0 DM,7,all credits at this bank paid back duly,car (new),3648,... < 100 DM,1 <= ... < 4 years,1,female,none,4,building society savings agreement / life insurance,44,none,own,1,skilled employee / official,1,none,yes,2,married/widowed
0 <= ... < 200 DM,42,all credits at this bank paid back duly,furniture/equipment,10112,... < 100 DM,unemployed,1,female,none,4,"car or other, not in savings account",26,none,own,2,unskilled - resident,1,none,yes,1,divorced/separated
... < 0 DM,12,existing credits paid back duly till now,radio/television,1118,... < 100 DM,unemployed,4,male,none,4,building society savings agreement / life insurance,19,none,own,2,unskilled - resident,1,"yes, registered under customer's name",yes,1,divorced/separated
no checking account,27,existing credits paid back duly till now,furniture/equipment,1600,... < 100 DM,... >= 7 years,4,male,none,2,"car or other, not in savings account",22,none,rent,1,skilled employee / official,1,"yes, registered under customer's name",yes,2,single
... < 0 DM,24,existing credits paid back duly till now,business,4808,... < 100 DM,... < 1 year,2,female,none,3,"car or other, not in savings account",27,none,own,1,skilled employee / official,1,"yes, registered under customer's name",yes,1,divorced/separated
... < 0 DM,8,existing credits paid back duly till now,furniture/equipment,15945,... < 100 DM,... < 1 year,1,female,none,2,building society savings agreement / life insurance,22,none,own,1,skilled employee / official,2,none,yes,2,married/widowed
0 <= ... < 200 DM,25,existing credits paid back duly till now,repairs,5357,... < 100 DM,... >= 7 years,1,male,none,4,real estate,19,none,rent,1,unskilled - resident,1,none,yes,1,married/widowed
0 <= ... < 200 DM,39,existing credits paid back duly till now,radio/television,8693,... < 100 DM,... < 1 year,1,male,none,4,real estate,26,none,own,2,unskilled - resident,1,none,yes,2,single
no checking account,20,existing credits paid back duly till now,car (new),2265,... < 100 DM,4 <= ... < 7 years,2,female,none,4,building society savings agreement / life insurance,19,none,own,2,unskilled - resident,1,none,yes,2,divorced/separated
... < 0 DM,16,existing credits paid back duly till now,furniture/equipment,6446,... < 100 DM,... < 1 year,1,female,none,3,"car or other, not in savings account",36,none,own,1,skilled employee / official,1,none,yes,2,divorced/separated
... < 0 DM,11,all credits at this bank paid back duly,furniture/equipment,15945,... < 100 DM,... < 1 year,4,female,none,1,real estate,23,none,own,1,skilled employee / official,1,none,yes,2,divorced/separated
... < 0 DM,9,existing credits paid back duly till now,furniture/equipment,15945,unknown / no savings account,1 <= ... < 4 years,2,male,none,4,"car or other, not in savings account",33,none,rent,1,management / self-employed / highly qualified employee / officer,1,none,yes,1,married/widowed
0 <= ... < 200 DM,12,critical account / other credits existing (not at this bank),retraining,1322,... < 100 DM,... >= 7 years,2,female,none,2,"car or other, not in savings account",33,none,own,1,skilled employee / official,1,none,yes,2,married/widowed
0 <= ... < 200 DM,20,existing credits paid back duly till now,education,4382,... < 100 DM,... < 1 year,1,male,none,3,real estate,33,bank,for free,1,unskilled - resident,2,"yes, registered under customer's name",yes,1,divorced/separated
no checking account,7,existing credits paid back duly till now,furniture/equipment,6404,unknown / no savings account,4 <= ... < 7 years,4,female,none,4,"car or other, not in savings account",19,none,own,1,unskilled - resident,2,none,yes,1,single
... < 0 DM,64,existing credits paid back duly till now,furniture/equipment,12373,100 <= ... < 500 DM,4 <= ... < 7 years,4,male,none,2,"car or other, not in savings account",31,none,own,2,unskilled - resident,1,"yes, registered under customer's name",yes,1,single
0 <= ... < 200 DM,26,existing credits paid back duly till now,car (new),4881,... < 100 DM,... >= 7 years,4,male,none,4,building society savings agreement / life insurance,19,stores,for free,4,skilled employee / official,1,none,yes,2,single
no checking account,4,critical account / other credits existing (not at this bank),furniture/equipment,858,... < 100 DM,... < 1 year,1,male,none,2,unknown / no property,26,none,rent,1,unskilled - resident,1,"yes, registered under customer's name",yes,2,divorced/separated
0 <= ... < 200 DM,40,existing credits paid back duly till now,radio/television,1635,... < 100 DM,... >= 7 years,4,male,none,4,real estate,35,none,rent,2,management / self-employed / highly qualified employee / officer,1,"yes, registered under customer's name",yes,1,married/widowed
... < 0 DM,63,existing credits paid back duly till now,repairs,2256,... < 100 DM,4 <= ... < 7 years,1,female,none,2,"car or other, not in savings account",24,none,own,1,unskilled - resident,1,"yes, registered under customer's name",yes,1,divorced/separated
... < 0 DM,22,existing credits paid back duly till now,car (used),3427,... < 100 DM,1 <= ... < 4 years,2,male,none,1,"car or other, not in savings account",25,none,rent,2,skilled employee / official,1,"yes, registered under customer's name",yes,1,divorced/separated
... < 0 DM,4,existing credits paid back duly till now,furniture/equipment,339,unknown / no savings account,4 <= ... < 7 years,4,female,guarantor,1,building society savings agreement / life insurance,19,none,own,2,unskilled - resident,1,"yes, registered under customer's name",yes,1,divorced/separated
no checking account,47,existing credits paid back duly till now,car (new),3741,... < 100 DM,... < 1 year,4,male,none,3,building society savings agreement / life insurance,19,none,own,2,skilled employee / official,1,"yes, registered under customer's name",yes,2,single
... < 0 DM,17,critical account / other credits existing (not at this bank),radio/television,4270,... < 100 DM,... < 1 year,2,female,guarantor,4,building society savings agreement / life insurance,36,none,for free,2,unskilled - resident,2,"yes, registered under customer's name",yes,1,single
... < 0 DM,24,existing credits paid back duly till now,education,2116,... < 100 DM,1 <= ... < 4 years,1,male,none,2,building society savings agreement / life insurance,63,none,rent,2,unskilled - resident,1,"yes, registered under customer's name",yes,1,married/widowed
... < 0 DM,18,existing credits paid back duly till now,radio/television,2711,500 <= ... < 1000 DM,... < 1 year,2,male,guarantor,2,building society savings agreement / life insurance,22,none,own,2,skilled employee / official,2,"yes, registered under customer's name",yes,2,single
0 <= ... < 200 DM,53,existing credits paid back duly till now,car (new),3567,... < 100 DM,... < 1 year,3,male,none,4,"car or other, not in savings account",31,none,rent,4,management / self-employed / highly qualified employee / officer,1,"yes, registered under customer's name",no,2,single
0 <= ... < 200 DM,38,all credits at this bank paid back duly,furniture/equipment,6574,... < 100 DM,4 <= ... < 7 years,4,male,guarantor,4,real estate,23,none,own,2,skilled employee / official,1,none,yes,2,married/widowed
... < 0 DM,7,existing credits paid back duly till now,radio/television,12039,... < 100 DM,... >= 7 years,4,female,none,4,"car or other, not in savings account",75,none,own,1,skilled employee / official,1,none,yes,1,divorced/separated
... < 0 DM,17,existing credits paid back duly till now,others,5204,... < 100 DM,... < 1 year,3,male,none,4,real estate,19,none,rent,2,skilled employee / official,1,none,yes,2,divorced/separated
... < 0 DM,11,existing credits paid back duly till now,radio/television,3117,... < 100 DM,... < 1 year,2,male,none,4,"car or other, not in savings account",19,none,rent,1,unskilled - resident,1,none,yes,1,divorced/separated
0 <= ... < 200 DM,16,existing credits paid back duly till now,furniture/equipment,5978,... < 100 DM,... >= 7 years,3,male,none,4,"car or other, not in savings account",19,none,rent,1,skilled employee / official,1,none,yes,2,single
0 <= ... < 200 DM,40,existing credits paid back duly till now,car (used),3476,... < 100 DM,... < 1 year,2,female,none,1,real estate,48,none,for free,2,management / self-employed / highly qualified employee / officer,1,none,yes,2,single
... < 0 DM,28,existing credits paid back duly till now,radio/television,9268,... < 100 DM,... >= 7 years,1,male,none,2,real estate,31,none,for free,1,skilled employee / official,2,"yes, registered under customer's name",yes,1,married/widowed
0 <= ... < 200 DM,16,existing credits paid back duly till now,business,2464,... < 100 DM,... >= 7 years,3,male,none,1,"car or other, not in savings account",40,bank,for free,1,skilled employee / official,1,"yes, registered under customer's name",yes,1,divorced/separated
no checking account,45,existing credits paid back duly till now,car (new),3365,100 <= ... < 500 DM,1 <= ... < 4 years,2,male,none,4,"car or other, not in savings account",54,stores,own,1,skilled employee / official,1,"yes, registered under customer's name",yes,1,divorced/separated
no checking account,21,all credits at this bank paid back duly,car (new),1596,unknown / no savings account,1 <= ... < 4 years,4,male,none,1,"car or other, not in savings account",26,none,own,2,unskilled - resident,1,"yes, registered under customer's name",yes,2,single
... >= 200 DM / salary assignments for at least 1 year,4,critical account / other credits existing (not at this bank),car (new),2033,500 <= ... < 1000 DM,1 <= ... < 4 years,4,male,none,4,real estate,47,none,for free,2,skilled employee / official,1,none,yes,2,divorced/separated
... < 0 DM,4,existing credits paid back duly till now,car (used),3477,... < 100 DM,1 <= ... < 4 years,2,male,none,1,unknown / no property,19,none,rent,1,unskilled - resident,1,"yes, registered under customer's name",yes,1,divorced/separated
... >= 200 DM / salary assignments for at least 1 year,72,critical account / other credits existing (not at this bank),radio/television,2853,... < 100 DM,1 <= ... < 4 years,4,male,none,4,"car or other, not in savings account",22,none,own,1,unskilled - resident,1,"yes, registered under customer's name",yes,1,divorced/separated
... < 0 DM,4,existing credits paid back duly till now,car (new),11216,... < 100 DM,... >= 7 years,1,male,none,3,real estate,19,none,own,1,unskilled - resident,1,"yes, registered under customer's name",yes,2,divorced/separated
... < 0 DM,8,delay in paying off in the past,furniture/equipment,2407,... < 100 DM,... < 1 year,2,male,none,4,unknown / no property,22,none,rent,1,unskilled - resident,1,none,yes,2,single
0 <= ... < 200 DM,53,critical account / other credits existing (not at this bank),car (new),3430,... < 100 DM,4 <= ... < 7 years,3,female,none,2,real estate,66,none,for free,1,unskilled - resident,1,none,yes,1,married/widowed
0 <= ... < 200 DM,13,all credits at this bank paid back duly,furniture/equipment,3723,... < 100 DM,1 <= ... < 4 years,4,male,none,4,unknown / no property,33,none,own,1,skilled employee / official,1,"yes, registered under customer's name",yes,2,divorced/separated
... < 0 DM,32,critical account / other credits existing (not at this bank),car (new),5868,... < 100 DM,... < 1 year,2,female,none,4,"car or other, not in savings account",27,stores,for free,2,skilled employee / official,1,"yes, registered under customer's name",yes,1,divorced/separated
0 <= ... < 200 DM,11,critical account / other credits existing (not at this bank),car (new),2345,... < 100 DM,1 <= ... < 4 years,4,female,guarantor,4,"car or other, not in savings account",21,none,own,1,unskilled - resident,2,none,yes,2,divorced/separated
0 <= ... < 200 DM,12,existing credits paid back duly till now,car (new),3852,... < 100 DM,4 <= ... < 7 years,2,female,none,4,real estate,22,none,own,1,skilled employee / official,1,"yes, registered under customer's name",yes,1,single
0 <= ... < 200 DM,45,existing credits paid back duly till now,car (new),5616,... < 100 DM,1 <= ... < 4 years,2,male,none,4,"car or other, not in savings account",32,none,own,2,unskilled - resident,2,"yes, registered under customer's name",yes,2,single
0 <= ... < 200 DM,63,existing credits paid back duly till now,car (used),4689,100 <= ... < 500 DM,4 <= ... < 7 years,4,male,none,3,"car or other, not in savings account",19,none,own,3,unskilled - resident,1,none,yes,1,divorced/separated
... < 0 DM,25,existing credits paid back duly till now,car (used),11971,... < 100 DM,4 <= ... < 7 years,1,female,none,1,real estate,23,none,own,2,skilled employee / official,1,"yes, registered under customer's name",yes,1,married/widowed
... < 0 DM,25,existing credits paid back duly till now,education,2198,... < 100 DM,... < 1 year,2,female,none,4,"car or other, not in savings account",26,none,rent,1,skilled employee / official,1,none,yes,2,single
... < 0 DM,4,existing credits paid back duly till now,car (new),4432,... < 100 DM,4 <= ... < 7 years,2,female,none,4,"car or other, not in savings account",33,none,own,1,skilled employee / official,2,none,yes,2,divorced/separated
... < 0 DM,24,all credits at this bank paid back duly,furniture/equipment,2236,100 <= ... < 500 DM,1 <= ... < 4 years,4,female,none,2,building society savings agreement / life insurance,19,none,own,4,unskilled - resident,2,none,yes,1,divorced/separated
... < 0 DM,4,existing credits paid back duly till now,furniture/equipment,5423,... < 100 DM,... < 1 year,4,female,none,1,building society savings agreement / life insurance,19,none,own,1,skilled employee / official,1,none,yes,1,single
... < 0 DM,46,existing credits paid back duly till now,car (new),12805,500 <= ... < 1000 DM,1 <= ... < 4 years,4,male,none,4,"car or other, not in savings account",32,none,own,1,skilled employee / official,1,none,yes,2,single
... < 0 DM,56,existing credits paid back duly till now,car (new),3343,100 <= ... < 500 DM,1 <= ... < 4 years,3,male,none,4,"car or other, not in savings account",26,none,for free,1,management / self-employed / highly qualified employee / officer,1,none,yes,2,divorced/separated
0 <= ... < 200 DM,57,existing credits paid back duly till now,car (new),3271,... < 100 DM,... >= 7 years,4,female,none,4,unknown / no property,37,none,rent,1,unskilled - resident,1,none,yes,2,divorced/separated
... < 0 DM,27,critical account / other credits existing (not at this bank),radio/television,5439,... < 100 DM,1 <= ... < 4 years,2,female,none,2,building society savings agreement / life insurance,36,none,rent,1,unskilled - resident,1,none,yes,2,single
... < 0 DM,22,existing credits paid back duly till now,radio/television,3055,... < 100 DM,1 <= ... < 4 years,2,female,none,4,real estate,35,none,own,2,unskilled - resident,1,"yes, registered under customer's name",yes,2,divorced/separated
... < 0 DM,69,existing credits paid back duly till now,radio/television,1783,... < 100 DM,... < 1 year,1,female,none,4,building society savings agreement / life insurance,21,none,rent,1,management / self-employed / highly qualified employee / officer,1,none,yes,2,married/widowed
no checking account,10,existing credits paid back duly till now,domestic appliances,2855,... < 100 DM,1 <= ... < 4 years,3,female,none,4,real estate,20,none,own,1,skilled employee / official,1,none,no,2,divorced/separated
... < 0 DM,28,delay in paying off in the past,radio/television,2329,unknown / no savings account,1 <= ... < 4 years,2,male,none,2,building society savings agreement / life insurance,19,none,own,1,skilled employee / official,1,"yes, registered under customer's name",yes,2,single
0 <= ... < 200 DM,4,existing credits paid back duly till now,business,2050,... < 100 DM,... >= 7 years,1,female,none,4,building society savings agreement / life insurance,19,none,for free,2,unskilled - resident,1,"yes, registered under customer's name",yes,2,divorced/separated
0 <= ... < 200 DM,11,existing credits paid back duly till now,education,1471,unknown / no savings account,... < 1 year,4,male,none,4,"car or other, not in savings account",23,none,own,1,unemployed / unskilled - non-resident,1,none,yes,2,married/widowed
no checking account,21,existing credits paid back duly till now,car (new),3624,... < 100 DM,4 <= ... < 7 years,3,female,none,4,"car or other, not in savings account",24,none,rent,1,skilled employee / official,1,"yes, registered under customer's name",yes,2,married/widowed
0 <= ... < 200 DM,4,existing credits paid back duly till now,radio/television,3262,... < 100 DM,unemployed,1,male,none,4,unknown / no property,25,none,own,2,skilled employee / official,1,none,yes,1,divorced/separated
... < 0 DM,61,existing credits paid back duly till now,furniture/equipment,5754,... >= 1000 DM,1 <= ... < 4 years,4,male,none,1,"car or other, not in savings account",75,none,for free,1,skilled employee / official,1,none,yes,2,single
0 <= ... < 200 DM,13,existing credits paid back duly till now,car (new),3336,... < 100 DM,1 <= ... < 4 years,2,male,none,2,real estate,38,none,own,2,unskilled - resident,1,"yes, registered under customer's name",yes,1,single
no checking account,24,existing credits paid back duly till now,radio/television,5228,... < 100 DM,4 <= ... < 7 years,4,female,none,4,real estate,30,none,rent,1,unemployed / unskilled - non-resident,1,none,yes,2,married/widowed
... < 0 DM,64,critical account / other credits existing (not at this bank),furniture/equipment,5043,... < 100 DM,4 <= ... < 7 years,3,female,none,4,"car or other, not in savings account",22,none,own,1,management / self-employed / highly qualified employee / officer,1,"yes, registered under customer's name",yes,2,divorced/separated
no checking account,72,existing credits paid back duly till now,car (new),250,... < 100 DM,4 <= ... < 7 years,4,male,none,4,"car or other, not in savings account",48,none,rent,1,unskilled - resident,1,none,yes,1,divorced/separated
0 <= ... < 200 DM,61,existing credits paid back duly till now,furniture/equipment,15945,... < 100 DM,... < 1 year,2,female,none,4,real estate,28,none,for free,1,management / self-employed / highly qualified employee / officer,1,"yes, registered under customer's name",yes,1,divorced/separated
... < 0 DM,23,existing credits paid back duly till now,car (new),2727,... >= 1000 DM,1 <= ... < 4 years,2,male,none,2,unknown / no property,19,none,own,1,skilled employee / official,1,"yes, registered under customer's name",yes,1,divorced/separated
... < 0 DM,52,critical account / other credits existing (not at this bank),radio/television,5750,... < 100 DM,... >= 7 years,4,male,none,1,"car or other, not in savings account",29,none,own,1,unskilled - resident,1,"yes, registered under customer's name",yes,2,single
... < 0 DM,17,existing credits paid back duly till now,car (new),250,... < 100 DM,... < 1 year,3,male,co-applicant,2,unknown / no property,19,none,for free,1,unskilled - resident,1,"yes, registered under customer's name",no,1,divorced/separated
... < 0 DM,21,existing credits paid back duly till now,business,6518,... < 100 DM,... < 1 year,3,male,none,4,"car or other, not in savings account",21,none,for free,2,unskilled - resident,1,"yes, registered under customer's name",yes,1,divorced/separated
0 <= ... < 200 DM,4,no credits taken / all credits paid back duly,car (new),5698,... < 100 DM,1 <= ... < 4 years,4,female,none,4,"car or other, not in savings account",38,none,own,1,skilled employee / official,1,"yes, registered under customer's name",yes,1,single
... < 0 DM,5,existing credits paid back duly till now,car (new),6413,... < 100 DM,1 <= ... < 4 years,2,female,none,4,real estate,19,none,own,1,skilled employee / official,1,"yes, registered under customer's name",yes,2,divorced/separated
no checking account,72,existing credits paid back duly till now,radio/television,2941,... < 100 DM,... < 1 year,2,male,none,1,"car or other, not in savings account",27,none,rent,2,skilled employee / official,2,"yes, registered under customer's name",yes,1,married/widowed
... < 0 DM,22,critical account / other credits existing (not at this bank),radio/television,1971,500 <= ... < 1000 DM,unemployed,2,male,none,4,unknown / no property,35,none,own,1,unskilled - resident,1,none,yes,1,single
0 <= ... < 200 DM,25,all credits at this bank paid back duly,car (new),2682,unknown / no savings account,... >= 7 years,2,male,none,1,"car or other, not in savings account",34,none,own,1,skilled employee / official,1,none,yes,2,single
... < 0 DM,23,existing credits paid back duly till now,business,7338,... < 100 DM,1 <= ... < 4 years,3,male,none,2,"car or other, not in savings account",32,stores,own,1,skilled employee / official,1,none,yes,2,married/widowed
... < 0 DM,24,existing credits paid back duly till now,furniture/equipment,2911,... < 100 DM,... < 1 year,4,female,none,4,real estate,22,none,own,1,skilled employee / official,1,none,yes,2,divorced/separated
no checking account,16,existing credits paid back duly till now,furniture/equipment,2972,... < 100 DM,4 <= ... < 7 years,2,male,guarantor,1,"car or other, not in savings account",32,none,own,1,unskilled - resident,2,none,yes,2,divorced/separated
0 <= ... < 200 DM,17,existing credits paid back duly till now,furniture/equipment,599,... < 100 DM,... < 1 year,3,female,none,4,"car or other, not in savings account",31,none,own,1,skilled employee / official,1,"yes, registered under customer's name",yes,2,single
no checking account,27,existing credits paid back duly till now,radio/television,5307,100 <= ... < 500 DM,... >= 7 years,2,male,none,4,real estate,33,none,own,1,unskilled - resident,1,none,yes,2,single
no checking account,58,all credits at this bank paid back duly,business,3120,500 <= ... < 1000 DM,1 <= ... < 4 years,2,male,none,3,real estate,30,none,rent,1,skilled employee / official,1,none,yes,1,single
... < 0 DM,16,all credits at this bank paid back duly,furniture/equipment,4031,... < 100 DM,1 <= ... < 4 years,2,female,none,3,unknown / no property,23,none,rent,2,unskilled - resident,1,none,yes,2,married/widowed
0 <= ... < 200 DM,12,existing credits paid back duly till now,radio/television,3219,100 <= ... < 500 DM,... < 1 year,4,female,guarantor,3,building society savings agreement / life insurance,23,none,own,1,skilled employee / official,1,none,no,1,single
0 <= ... < 200 DM,15,all credits at this bank paid back duly,car (new),5202,... < 100 DM,unemployed,1,female,co-applicant,4,"car or other, not in savings account",30,none,own,1,management / self-employed / highly qualified employee / officer,1,none,yes,2,divorced/separated
no checking account,24,critical account / other credits existing (not at this bank),car (new),2392,500 <= ... < 1000 DM,... < 1 year,3,male,none,1,"car or other, not in savings account",26,none,rent,2,management / self-employed / highly qualified employee / officer,1,"yes, registered under customer's name",yes,1,single
0 <= ... < 200 DM,11,existing credits paid back duly till now,car (new),1425,unknown / no savings account,... < 1 year,2,male,none,4,real estate,31,none,rent,1,skilled employee / official,1,none,yes,2,divorced/separated
no checking account,28,existing credits paid back duly till now,car (new),5094,... < 100 DM,4 <= ... < 7 years,2,female,none,4,real estate,26,none,own,1,unemployed / unskilled - non-resident,1,"yes, registered under customer's name",yes,1,divorced/separated
... < 0 DM,21,existing credits paid back duly till now,radio/television,324,... < 100 DM,... < 1 year,4,female,co-applicant,4,"car or other, not in savings account",22,none,rent,1,skilled employee / official,1,none,yes,1,single
0 <= ... < 200 DM,18,critical account / other credits existing (not at this bank),car (new),5496,100 <= ... < 500 DM,1 <= ... < 4 years,1,female,co-applicant,4,"car or other, not in savings account",27,none,own,1,skilled employee / official,1,none,yes,1,married/widowed
no checking account,31,existing credits paid back duly till now,furniture/equipment,3623,unknown / no savings account,4 <= ... < 7 years,4,male,none,4,unknown / no property,20,none,own,1,skilled employee / official,1,"yes, registered under customer's name",yes,1,divorced/separated
... < 0 DM,13,existing credits paid back duly till now,furniture/equipment,3332,... < 100 DM,... < 1 year,2,female,none,4,real estate,26,none,own,1,unskilled - resident,2,"yes, registered under customer's name",yes,1,married/widowed
no checking account,27,existing credits paid back duly till now,furniture/equipment,2052,... < 100 DM,4 <= ... < 7 years,1,male,none,4,"car or other, not in savings account",58,stores,rent,2,management / self-employed / highly qualified employee / officer,1,"yes, registered under customer's name",yes,2,divorced/separated
0 <= ... < 200 DM,20,delay in paying off in the past,business,697,100 <= ... < 500 DM,1 <= ... < 4 years,1,female,none,4,real estate,19,none,for free,1,skilled employee / official,1,"yes, registered under customer's name",yes,2,divorced/separated
0 <= ... < 200 DM,23,critical account / other credits existing (not at this bank),car (new),2968,... < 100 DM,... >= 7 years,2,female,none,4,"car or other, not in savings account",71,none,for free,1,unskilled - resident,2,none,yes,1,married/widowed
... < 0 DM,19,existing credits paid back duly till now,car (new),15945,... < 100 DM,4 <= ... < 7 years,4,male,none,4,real estate,24,bank,own,1,skilled employee / official,1,"yes, registered under customer's name",yes,1,single
0 <= ... < 200 DM,4,existing credits paid back duly till now,education,15945,100 <= ... < 500 DM,... >= 7 years,4,female,none,4,real estate,38,none,own,1,management / self-employed / highly qualified employee / officer,1,none,yes,2,married/widowed
0 <= ... < 200 DM,72,existing credits paid back duly till now,business,10178,unknown / no savings account,1 <= ... < 4 years,1,female,none,4,"car or other, not in savings account",27,bank,own,1,skilled employee / official,1,"yes, registered under customer's name",yes,1,divorced/separated
... < 0 DM,26,existing credits paid back duly till now,car (new),3127,... < 100 DM,... >= 7 years,2,male,none,4,real estate,37,none,for free,1,management / self-employed / highly qualified employee / officer,1,none,yes,1,divorced/separated
... < 0 DM,31,existing credits paid back duly till now,furniture/equipment,448,... < 100 DM,... < 1 year,2,female,none,4,"car or other, not in savings account",19,none,own,1,management / self-employed / highly qualified employee / officer,1,none,yes,1,divorced/separated
0 <= ... < 200 DM,25,existing credits paid back duly till now,car (used),3314,... < 100 DM,1 <= ... < 4 years,2,male,none,4,"car or other, not in savings account",55,none,own,3,unskilled - resident,1,"yes, registered under customer's name",yes,2,married/widowed
... < 0 DM,21,existing credits paid back duly till now,furniture/equipment,2712,... < 100 DM,1 <= ... < 4 years,2,male,none,4,real estate,34,none,for free,1,management / self-employed / highly qualified employee / officer,1,none,yes,2,divorced/separated
... < 0 DM,59,existing credits paid back duly till now,car (new),6004,... < 100 DM,... >= 7 years,2,female,none,2,"car or other, not in savings account",75,bank,rent,1,skilled employee / official,1,"yes, registered under customer's name",yes,2,single
0 <= ... < 200 DM,72,critical account / other credits existing (not at this bank),furniture/equipment,6684,... < 100 DM,4 <= ... < 7 years,2,female,none,2,"car or other, not in savings account",33,none,own,2,unskilled - resident,1,none,yes,1,divorced/separated
... < 0 DM,25,existing credits paid back duly till now,furniture/equipment,750,unknown / no savings account,4 <= ... < 7 years,4,female,none,2,"car or other, not in savings account",25,none,own,1,unskilled - resident,1,"yes, registered under customer's name",yes,2,divorced/separated
0 <= ... < 200 DM,12,all credits at this bank paid back duly,car (new),3518,... < 100 DM,1 <= ... < 4 years,4,female,none,4,building society savings agreement / life insurance,20,none,own,1,unskilled - resident,2,none,yes,1,single
... < 0 DM,23,critical account / other credits existing (not at this bank),furniture/equipment,10550,... < 100 DM,4 <= ... < 7 years,2,female,none,2,"car or other, not in savings account",20,none,rent,2,skilled employee / official,1,none,yes,1,divorced/separated
0 <= ... < 200 DM,35,existing credits paid back duly till now,furniture/equipment,5621,... < 100 DM,1 <= ... < 4 years,3,female,none,2,real estate,24,none,own,2,unskilled - resident,1,none,yes,2,married/widowed
0 <= ... < 200 DM,24,existing credits paid back duly till now,radio/television,1948,... < 100 DM,1 <= ... < 4 years,1,male,none,2,real estate,19,none,rent,1,unskilled - resident,1,"yes, registered under customer's name",yes,2,single
... < 0 DM,9,existing credits paid back duly till now,car (new),1246,... < 100 DM,4 <= ... < 7 years,3,male,none,4,building society savings agreement / life insurance,75,none,for free,1,management / self-employed / highly qualified employee / officer,1,"yes, registered under customer's name",yes,1,single
... < 0 DM,49,existing credits paid back duly till now,furniture/equipment,3364,... < 100 DM,1 <= ... < 4 years,4,male,none,1,real estate,34,none,own,1,unskilled - resident,1,none,yes,1,single
... < 0 DM,4,existing credits paid back duly till now,car (new),2358,unknown / no savings account,4 <= ... < 7 years,2,female,none,4,building society savings agreement / life insurance,20,none,own,2,unskilled - resident,1,"yes, registered under customer's name",yes,1,single
... < 0 DM,47,existing credits paid back duly till now,furniture/equipment,2708,... < 100 DM,unemployed,3,female,none,4,"car or other, not in savings account",23,none,own,4,unskilled - resident,1,none,yes,1,divorced/separated
0 <= ... < 200 DM,18,critical account / other credits existing (not at this bank),business,250,... < 100 DM,... < 1 year,2,female,none,2,unknown / no property,21,none,own,2,unskilled - resident,1,"yes, registered under customer's name",yes,2,divorced/separated
... < 0 DM,17,existing credits paid back duly till now,business,2897,... < 100 DM,... >= 7 years,1,male,none,3,real estate,26,stores,rent,1,skilled employee / official,1,none,yes,1,divorced/separated
... < 0 DM,16,existing credits paid back duly till now,radio/television,1367,100 <= ... < 500 DM,... < 1 year,2,female,none,4,"car or other, not in savings account",29,none,rent,1,skilled employee / official,1,none,yes,1,single
0 <= ... < 200 DM,21,existing credits paid back duly till now,car (new),11644,... < 100 DM,... < 1 year,2,male,none,4,"car or other, not in savings account",50,none,for free,2,skilled employee / official,1,"yes, registered under customer's name",yes,1,divorced/separated
... < 0 DM,5,existing credits paid back duly till now,car (used),9868,... < 100 DM,... >= 7 years,2,female,none,4,building society savings agreement / life insurance,19,bank,rent,2,unskilled - resident,1,"yes, registered under customer's name",yes,2,divorced/separated
... < 0 DM,11,no credits taken / all credits paid back duly,radio/television,5704,... < 100 DM,unemployed,2,female,none,2,building society savings agreement / life insurance,37,none,own,1,skilled employee / official,1,"yes, registered under customer's name",yes,2,married/widowed
... < 0 DM,12,critical account / other credits existing (not at this bank),radio/television,5410,... < 100 DM,... >= 7 years,4,male,none,4,real estate,68,bank,own,1,unemployed / unskilled - non-resident,1,none,yes,1,single
... < 0 DM,36,existing credits paid back duly till now,furniture/equipment,2865,... < 100 DM,... < 1 year,4,male,none,4,real estate,19,none,own,2,skilled employee / official,2,"yes, registered under customer's name",yes,2,married/widowed
no checking account,4,existing credits paid back duly till now,furniture/equipment,2059,... < 100 DM,unemployed,1,female,none,4,real estate,26,none,rent,1,unskilled - resident,2,none,yes,1,married/widowed
... < 0 DM,15,existing credits paid back duly till now,radio/television,3497,unknown / no savings account,4 <= ... < 7 years,4,female,none,4,real estate,63,bank,for free,1,unemployed / unskilled - non-resident,1,none,yes,2,divorced/separated
no checking account,22,existing credits paid back duly till now,radio/television,3523,... < 100 DM,... >= 7 years,3,male,guarantor,2,real estate,25,none,own,1,unskilled - resident,1,none,yes,1,divorced/separated
0 <= ... < 200 DM,15,existing credits paid back duly till now,radio/television,3188,... < 100 DM,... < 1 year,1,female,none,3,real estate,23,none,own,1,skilled employee / official,1,none,yes,1,married/widowed
... >= 200 DM / salary assignments for at least 1 year,11,existing credits paid back duly till now,car (new),3391,... < 100 DM,4 <= ... < 7 years,4,female,co-applicant,4,"car or other, not in savings account",19,none,own,1,unskilled - resident,1,"yes, registered under customer's name",yes,2,divorced/separated
... < 0 DM,21,delay in paying off in the past,radio/television,9409,... < 100 DM,... < 1 year,3,female,co-applicant,3,"car or other, not in savings account",22,none,rent,1,skilled employee / official,1,"yes, registered under customer's name",yes,2,single
0 <= ... < 200 DM,12,existing credits paid back duly till now,radio/television,2886,... < 100 DM,4 <= ... < 7 years,1,female,none,4,unknown / no property,19,none,own,1,unskilled - resident,1,none,yes,2,divorced/separated
0 <= ... < 200 DM,16,existing credits paid back duly till now,radio/television,3168,... < 100 DM,... < 1 year,1,female,none,1,"car or other, not in savings account",19,none,own,1,unskilled - resident,1,none,yes,2,divorced/separated
... < 0 DM,27,delay in paying off in the past,car (used),846,... < 100 DM,... < 1 year,3,male,co-applicant,4,"car or other, not in savings account",71,none,rent,2,unskilled - resident,1,none,yes,1,divorced/separated
0 <= ... < 200 DM,46,existing credits paid back duly till now,radio/television,2100,... < 100 DM,4 <= ... < 7 years,2,female,none,4,"car or other, not in savings account",22,none,own,1,unskilled - resident,1,none,yes,2,divorced/separated
no checking account,16,existing credits paid back duly till now,car (new),12126,... < 100 DM,1 <= ... < 4 years,2,male,guarantor,4,"car or other, not in savings account",24,none,own,2,skilled employee / official,1,none,yes,1,single
0 <= ... < 200 DM,16,existing credits paid back duly till now,car (new),2043,... < 100 DM,... < 1 year,4,male,none,4,"car or other, not in savings account",28,none,rent,2,skilled employee / official,1,none,yes,1,divorced/separated
... < 0 DM,28,existing credits paid back duly till now,car (new),825,... < 100 DM,1 <= ... < 4 years,3,female,none,1,"car or other, not in savings account",22,none,own,2,skilled employee / official,1,none,yes,1,divorced/separated
... < 0 DM,13,critical account / other credits existing (not at this bank),car (new),5326,... < 100 DM,1 <= ... < 4 years,2,female,co-applicant,2,building society savings agreement / life insurance,37,none,for free,1,skilled employee / official,1,"yes, registered under customer's name",yes,1,divorced/separated
... < 0 DM,13,existing credits paid back duly till now,car (new),8186,... < 100 DM,4 <= ... < 7 years,2,female,none,2,"car or other, not in savings account",33,none,rent,2,skilled employee / official,1,"yes, registered under customer's name",yes,1,divorced/separated
... < 0 DM,35,existing credits paid back duly till now,car (new),3116,100 <= ... < 500 DM,4 <= ... < 7 years,4,male,none,3,building society savings agreement / life insurance,24,bank,own,2,skilled employee / official,1,none,yes,1,divorced/separated
... < 0 DM,53,critical account / other credits existing (not at this bank),radio/television,3282,... < 100 DM,1 <= ... < 4 years,3,female,none,4,real estate,38,none,own,1,management / self-employed / highly qualified employee / officer,1,none,yes,1,divorced/separated
no checking account,63,existing credits paid back duly till now,furniture/equipment,6508,... < 100 DM,... >= 7 years,4,male,none,1,real estate,41,none,for free,1,unskilled - resident,1,"yes, registered under customer's name",yes,2,married/widowed
0 <= ... < 200 DM,22,critical account / other credits existing (not at this bank),car (new),3127,... < 100 DM,1 <= ... < 4 years,3,male,none,4,"car or other, not in savings account",33,none,rent,2,unskilled - resident,1,none,yes,1,divorced/separated
no checking account,35,existing credits paid back duly till now,furniture/equipment,2765,... < 100 DM,4 <= ... < 7 years,4,male,none,3,"car or other, not in savings account",22,none,own,2,skilled employee / official,1,none,yes,1,married/widowed
no checking account,28,existing credits paid back duly till now,car (used),5547,... < 100 DM,... < 1 year,4,male,none,2,"car or other, not in savings account",51,none,own,1,skilled employee / official,1,none,no,1,divorced/separated
... >= 200 DM / salary assignments for at least 1 year,31,existing credits paid back duly till now,radio/television,8890,... < 100 DM,... < 1 year,1,female,none,4,unknown / no property,22,none,own,1,management / self-employed / highly qualified employee / officer,1,none,no,1,married/widowed
no checking account,22,no credits taken / all credits paid back duly,car (new),8003,... < 100 DM,1 <= ... < 4 years,2,male,none,4,real estate,23,bank,for free,3,unskilled - resident,1,none,yes,2,single
... < 0 DM,19,existing credits paid back duly till now,car (new),6368,... < 100 DM,... < 1 year,3,female,none,2,"car or other, not in savings account",35,none,own,1,management / self-employed / highly qualified employee / officer,1,"yes, registered under customer's name",no,1,married/widowed
... < 0 DM,25,existing credits paid back duly till now,radio/television,497,unknown / no savings account,4 <= ... < 7 years,3,female,none,2,building society savings agreement / life insurance,20,stores,for free,1,skilled employee / official,1,none,no,2,divorced/separated
0 <= ... < 200 DM,35,existing credits paid back duly till now,car (new),6170,... < 100 DM,... < 1 year,4,male,none,4,"car or other, not in savings account",27,bank,own,1,management / self-employed / highly qualified employee / officer,1,none,yes,2,single
... < 0 DM,67,critical account / other credits existing (not at this bank),furniture/equipment,5115,... < 100 DM,1 <= ... < 4 years,1,female,none,4,real estate,23,none,own,1,skilled employee / official,1,"yes, registered under customer's name",yes,1,divorced/separated
... < 0 DM,30,existing credits paid back duly till now,business,2871,... < 100 DM,... < 1 year,2,female,none,4,unknown / no property,29,none,own,1,unskilled - resident,1,none,yes,1,single
... < 0 DM,26,existing credits paid back duly till now,car (new),1637,... < 100 DM,... < 1 year,2,female,none,1,"car or other, not in savings account",74,none,rent,2,unskilled - resident,1,none,yes,2,married/widowed
... < 0 DM,13,existing credits paid back duly till now,car (new),3141,... < 100 DM,1 <= ... < 4 years,2,male,none,4,"car or other, not in savings account",32,none,rent,1,unemployed / unskilled - non-resident,1,"yes, registered under customer's name",yes,2,single
0 <= ... < 200 DM,26,no credits taken / all credits paid back duly,car (new),4216,... < 100 DM,... >= 7 years,2,female,none,4,"car or other, not in savings account",37,none,for free,1,unskilled - resident,1,none,yes,1,single
... >= 200 DM / salary assignments for at least 1 year,42,critical account / other credits existing (not at this bank),furniture/equipment,6464,unknown / no savings account,4 <= ... < 7 years,1,female,none,1,building society savings agreement / life insurance,25,stores,rent,1,skilled employee / official,1,none,yes,1,married/widowed
0 <= ... < 200 DM,4,existing credits paid back duly till now,car (used),1905,... < 100 DM,1 <= ... < 4 years,2,female,none,2,real estate,19,none,rent,2,unskilled - resident,1,"yes, registered under customer's name",yes,2,divorced/separated
0 <= ... < 200 DM,6,existing credits paid back duly till now,business,3372,... < 100 DM,1 <= ... < 4 years,2,female,guarantor,1,"car or other, not in savings account",42,none,own,2,skilled employee / official,1,none,yes,1,divorced/separated
0 <= ... < 200 DM,61,all credits at this bank paid back duly,car (used),955,... >= 1000 DM,unemployed,4,male,guarantor,4,unknown / no property,19,none,for free,1,unskilled - resident,1,none,yes,1,divorced/separated
no checking account,46,critical account / other credits existing (not at this bank),car (new),3343,... < 100 DM,4 <= ... < 7 years,2,female,none,4,"car or other, not in savings account",25,none,own,3,management / self-employed / highly qualified employee / officer,1,"yes, registered under customer's name",yes,1,single
... >= 200 DM / salary assignments for at least 1 year,23,delay in paying off in the past,business,1900,... < 100 DM,4 <= ... < 7 years,2,male,none,4,"car or other, not in savings account",27,none,own,1,skilled employee / official,1,"yes, registered under customer's name",yes,2,divorced/separated
0 <= ... < 200 DM,40,existing credits paid back duly till now,car (new),2583,... < 100 DM,4 <= ... < 7 years,2,male,none,4,"car or other, not in savings account",34,none,rent,2,unskilled - resident,1,"yes, registered under customer's name",yes,1,divorced/separated
0 <= ... < 200 DM,39,critical account / other credits existing (not at this bank),car (used),11069,... < 100 DM,... >= 7 years,4,male,none,4,"car or other, not in savings account",45,none,rent,1,skilled employee / official,1,none,yes,1,divorced/separated
no checking account,20,existing credits paid back duly till now,car (used),8167,... < 100 DM,4 <= ... < 7 years,3,female,none,4,"car or other, not in savings account",26,none,own,2,unskilled - resident,1,none,yes,2,divorced/separated
no checking account,7,existing credits paid back duly till now,furniture/equipment,3691,... < 100 DM,... >= 7 years,2,male,none,4,building society savings agreement / life insurance,19,none,rent,1,skilled employee / official,1,none,yes,1,divorced/separated
... < 0 DM,8,existing credits paid back duly till now,car (used),2299,... < 100 DM,1 <= ... < 4 years,2,male,none,4,building society savings agreement / life insurance,55,none,rent,1,skilled employee / official,1,"yes, registered under customer's name",yes,2,single
... < 0 DM,4,existing credits paid back duly till now,car (new),4673,... < 100 DM,... < 1 year,4,male,none,4,building society savings agreement / life insurance,44,none,rent,3,management / self-employed / highly qualified employee / officer,1,"yes, registered under customer's name",yes,2,single
no checking account,25,critical account / other credits existing (not at this bank),car (new),4940,... < 100 DM,1 <= ... < 4 years,2,male,none,2,real estate,32,none,own,4,management / self-employed / highly qualified employee / officer,1,"yes, registered under customer's name",yes,1,single
no checking account,29,existing credits paid back duly till now,car (new),2982,... < 100 DM,1 <= ... < 4 years,1,male,none,4,real estate,36,none,own,1,management / self-employed / highly qualified employee / officer,2,none,yes,2,divorced/separated
0 <= ... < 200 DM,38,existing credits paid back duly till now,car (new),1928,500 <= ... < 1000 DM,1 <= ... < 4 years,1,male,none,4,"car or other, not in savings account",39,none,own,2,skilled employee / official,2,"yes, registered under customer's name",yes,2,divorced/separated
... < 0 DM,4,delay in paying off in the past,business,11276,... < 100 DM,... < 1 year,2,male,none,4,"car or other, not in savings account",21,none,rent,1,unskilled - resident,1,none,yes,1,divorced/separated
0 <= ... < 200 DM,4,existing credits paid back duly till now,radio/television,15945,100 <= ... < 500 DM,1 <= ... < 4 years,1,male,none,1,unknown / no property,25,none,own,1,skilled employee / official,1,"yes, registered under customer's name",yes,1,divorced/separated
... < 0 DM,49,existing credits paid back duly till now,radio/television,5440,... < 100 DM,... < 1 year,4,male,guarantor,1,"car or other, not in savings account",22,none,own,2,skilled employee / official,1,none,yes,1,divorced/separated
0 <= ... < 200 DM,35,existing credits paid back duly till now,furniture/equipment,2175,100 <= ... < 500 DM,... < 1 year,1,female,none,1,building society savings agreement / life insurance,27,none,for free,1,unskilled - resident,1,none,yes,2,divorced/separated
0 <= ... < 200 DM,30,delay in paying off in the past,education,2877,500 <= ... < 1000 DM,4 <= ... < 7 years,1,female,co-applicant,4,real estate,19,none,for free,3,skilled employee / official,1,none,yes,2,divorced/separated
no checking account,12,critical account / other credits existing (not at this bank),car (new),2851,... < 100 DM,1 <= ... < 4 years,2,male,none,4,building society savings agreement / life insurance,19,none,own,1,unskilled - resident,1,none,yes,2,divorced/separated
... < 0 DM,25,existing credits paid back duly till now,car (new),3627,... < 100 DM,unemployed,2,male,none,4,real estate,20,none,own,2,unskilled - resident,1,"yes, registered under customer's name",yes,2,married/widowed
... < 0 DM,5,existing credits paid back duly till now,radio/television,1401,... < 100 DM,... < 1 year,4,female,none,4,"car or other, not in savings account",23,none,rent,2,unskilled - resident,1,"yes, registered under customer's name",yes,2,divorced/separated
no checking account,4,no credits taken / all credits paid back duly,radio/television,12872,... < 100 DM,... < 1 year,4,male,none,2,real estate,19,none,own,1,unskilled - resident,1,none,no,2,divorced/separated
0 <= ... < 200 DM,16,existing credits paid back duly till now,radio/television,3122,... < 100 DM,4 <= ... < 7 years,2,female,none,4,unknown / no property,35,none,own,2,skilled employee / official,1,"yes, registered under customer's name",yes,2,single
... < 0 DM,4,critical account / other credits existing (not at this bank),car (new),3248,... < 100 DM,1 <= ... < 4 years,4,male,none,4,"car or other, not in savings account",19,none,own,2,management / self-employed / highly qualified employee / officer,1,none,yes,1,divorced/separated
no checking account,19,existing credits paid back duly till now,car (used),2559,unknown / no savings account,1 <= ... < 4 years,2,female,none,4,building society savings agreement / life insurance,19,none,own,2,skilled employee / official,1,"yes, registered under customer's name",yes,1,single
no checking account,25,all credits at this bank paid back duly,business,12495,... < 100 DM,... < 1 year,2,female,none,4,real estate,49,none,rent,4,management / self-employed / highly qualified employee / officer,2,none,yes,2,divorced/separated
0 <= ... < 200 DM,9,existing credits paid back duly till now,radio/television,3367,... < 100 DM,4 <= ... < 7 years,3,female,none,2,real estate,35,none,own,1,skilled employee / official,1,"yes, registered under customer's name",yes,2,single
no checking account,28,existing credits paid back duly till now,car (used),5680,... < 100 DM,4 <= ... < 7 years,4,female,none,3,real estate,36,none,own,1,unskilled - resident,2,"yes, registered under customer's name",no,2,divorced/separated
0 <= ... < 200 DM,31,existing credits paid back duly till now,furniture/equipment,11561,... < 100 DM,... < 1 year,2,female,none,2,"car or other, not in savings account",52,none,for free,2,management / self-employed / highly qualified employee / officer,1,"yes, registered under customer's name",yes,1,divorced/separated
... < 0 DM,34,existing credits paid back duly till now,furniture/equipment,5844,... >= 1000 DM,... >= 7 years,2,male,guarantor,3,"car or other, not in savings account",41,none,rent,2,management / self-employed / highly qualified employee / officer,1,none,yes,1,divorced/separated
