checking_account_status,duration_months,credit_history,purpose,credit_amount,savings_account,employment_duration,installment_rate,sex,other_debtors,residence_duration,property,age,other_installment_plans,housing,existing_credits,job,num_dependents,telephone,foreign_worker,target,relationship_status
0 <= ... < 200 DM,23,delay in paying off in the past,car (used),1196,... < 100 DM,... >= 7 years,4,male,none,4,real estate,29,none,rent,3,management / self-employed / highly qualified employee / officer,1,none,yes,1,single
no checking account,22,existing credits paid back duly till now,car (used),281,... < 100 DM,1 <= ... < 4 years,4,male,none,4,building society savings agreement / life insurance,26,none,own,1,management / self-employed / highly qualified employee / officer,1,"yes, registered under customer's name",yes,2,single
... < 0 DM,36,existing credits paid back duly till now,car (new),1716,... < 100 DM,1 <= ... < 4 years,4,male,none,4,unknown / no property,29,bank,own,1,skilled employee / official,1,none,yes,1,divorced/separated
0 <= ... < 200 DM,26,critical account / other credits existing (not at this bank),radio/television,8293,unknown / no savings account,1 <= ... < 4 years,2,male,none,4,"car or other, not in savings account",25,stores,for free,2,management / self-employed / highly qualified employee / officer,1,none,yes,2,single
... < 0 DM,25,no credits taken / all credits paid back duly,radio/television,250,100 <= ... < 500 DM,... < 1 year,4,male,none,2,"car or other, not in savings account",25,none,own,1,skilled employee / official,1,none,yes,2,divorced/separated
... >= 200 DM / salary assignments for at least 1 year,72,existing credits paid back duly till now,radio/television,250,... < 100 DM,... < 1 year,1,male,none,4,"car or other, not in savings account",42,bank,own,1,unskilled - resident,2,"yes, registered under customer's name",yes,1,divorced/separated
... >= 200 DM / salary assignments for at least 1 year,24,critical account / other credits existing (not at this bank),business,2384,... < 100 DM,1 <= ... < 4 years,4,male,co-applicant,2,real estate,20,bank,own,2,skilled employee / official,1,none,yes,1,single
0 <= ... < 200 DM,25,critical account / other credits existing (not at this bank),radio/television,8364,... < 100 DM,... < 1 year,4,male,none,2,"car or other, not in savings account",26,none,own,1,management / self-employed / highly qualified employee / officer,2,"yes, registered under customer's name",yes,1,divorced/separated
0 <= ... < 200 DM,19,existing credits paid back duly till now,car (new),595,100 <= ... < 500 DM,4 <= ... < 7 years,3,male,none,2,"car or other, not in savings account",29,none,own,1,management / self-employed / highly qualified employee / officer,1,"yes, registered under customer's name",yes,1,single
0 <= ... < 200 DM,11,existing credits paid back duly till now,radio/television,632,unknown / no savings account,1 <= ... < 4 years,2,male,none,4,"car or other, not in savings account",19,bank,own,1,management / self-employed / highly qualified employee / officer,1,none,yes,1,married/widowed
0 <= ... < 200 DM,24,existing credits paid back duly till now,radio/television,2218,100 <= ... < 500 DM,4 <= ... < 7 years,4,female,none,2,building society savings agreement / life insurance,35,none,own,1,skilled employee / official,1,none,yes,1,divorced/separated
... < 0 DM,27,existing credits paid back duly till now,car (new),1106,100 <= ... < 500 DM,... >= 7 years,2,male,none,4,unknown / no property,27,none,rent,2,skilled employee / official,1,"yes, registered under customer's name",yes,1,divorced/separated
no checking account,28,critical account / other credits existing (not at this bank),radio/television,7844,... < 100 DM,1 <= ... < 4 years,4,male,none,4,real estate,24,none,own,1,skilled employee / official,1,none,yes,1,single
no checking account,19,all credits at this bank paid back duly,furniture/equipment,4761,... < 100 DM,1 <= ... < 4 years,4,male,none,3,real estate,24,none,for free,1,skilled employee / official,1,"yes, registered under customer's name",yes,2,divorced/separated
0 <= ... < 200 DM,41,existing credits paid back duly till now,radio/television,3831,unknown / no savings account,4 <= ... < 7 years,2,female,none,4,unknown / no property,71,none,own,1,skilled employee / official,2,"yes, registered under customer's name",yes,1,single
... < 0 DM,24,critical account / other credits existing (not at this bank),radio/television,3174,... < 100 DM,1 <= ... < 4 years,2,female,none,4,"car or other, not in savings account",57,none,own,1,skilled employee / official,1,none,yes,2,divorced/separated
no checking account,15,existing credits paid back duly till now,education,512,... < 100 DM,... >= 7 years,1,male,none,3,real estate,24,none,own,2,skilled employee / official,1,none,yes,2,single
no checking account,13,critical account / other credits existing (not at this bank),car (used),250,... < 100 DM,1 <= ... < 4 years,3,male,none,4,"car or other, not in savings account",52,none,own,1,management / self-employed / highly qualified employee / officer,2,"yes, registered under customer's name",yes,2,single
no checking account,22,existing credits paid back duly till now,education,250,... < 100 DM,... >= 7 years,4,female,none,4,unknown / no property,25,none,own,2,unskilled - resident,1,none,yes,1,single
... < 0 DM,8,critical account / other credits existing (not at this bank),radio/television,1572,... < 100 DM,1 <= ... < 4 years,3,male,none,4,"car or other, not in savings account",26,bank,own,2,skilled employee / official,1,"yes, registered under customer's name",yes,1,married/widowed
0 <= ... < 200 DM,20,all credits at this bank paid back duly,radio/television,3124,100 <= ... < 500 DM,... < 1 year,4,male,none,2,unknown / no property,42,none,own,1,skilled employee / official,1,"yes, registered under customer's name",yes,1,single
no checking account,9,all credits at this bank paid back duly,furniture/equipment,4941,... < 100 DM,... < 1 year,1,male,none,3,real estate,50,none,own,2,skilled employee / official,2,none,yes,1,married/widowed
... < 0 DM,29,critical account / other credits existing (not at this bank),car (used),4758,100 <= ... < 500 DM,... >= 7 years,3,male,none,4,"car or other, not in savings account",25,none,own,1,unemployed / unskilled - non-resident,2,"yes, registered under customer's name",yes,1,single
0 <= ... < 200 DM,25,existing credits paid back duly till now,car (used),887,... < 100 DM,1 <= ... < 4 years,1,male,none,4,unknown / no property,24,none,own,1,skilled employee / official,2,none,yes,1,single
... < 0 DM,4,critical account / other credits existing (not at this bank),car (new),250,... < 100 DM,... < 1 year,1,male,none,3,real estate,28,none,own,2,skilled employee / official,1,none,yes,1,married/widowed
no checking account,13,existing credits paid back duly till now,radio/television,3234,unknown / no savings account,... >= 7 years,2,female,none,3,building society savings agreement / life insurance,19,none,rent,1,management / self-employed / highly qualified employee / officer,1,"yes, registered under customer's name",no,2,single
... < 0 DM,17,critical account / other credits existing (not at this bank),car (new),11340,... < 100 DM,4 <= ... < 7 years,4,male,none,4,real estate,38,stores,own,1,skilled employee / official,2,"yes, registered under customer's name",yes,1,divorced/separated
... < 0 DM,25,existing credits paid back duly till now,radio/television,250,... < 100 DM,unemployed,2,female,none,3,building society savings agreement / life insurance,29,bank,own,1,management / self-employed / highly qualified employee / officer,1,"yes, registered under customer's name",yes,1,single
no checking account,22,all credits at this bank paid back duly,car (new),375,... < 100 DM,unemployed,1,male,none,1,unknown / no property,33,none,rent,2,management / self-employed / highly qualified employee / officer,1,"yes, registered under customer's name",yes,1,married/widowed
no checking account,28,existing credits paid back duly till now,radio/television,250,... < 100 DM,1 <= ... < 4 years,1,female,none,2,"car or other, not in savings account",31,none,own,1,unskilled - resident,1,none,yes,1,divorced/separated
no checking account,27,delay in paying off in the past,business,250,... < 100 DM,... < 1 year,2,male,none,4,"car or other, not in savings account",19,bank,own,3,skilled employee / official,1,"yes, registered under customer's name",yes,1,single
no checking account,25,existing credits paid back duly till now,radio/television,250,unknown / no savings account,... >= 7 years,2,female,none,4,real estate,19,none,own,1,skilled employee / official,1,"yes, registered under customer's name",yes,1,divorced/separated
0 <= ... < 200 DM,24,critical account / other credits existing (not at this bank),business,727,unknown / no savings account,... >= 7 years,2,female,none,3,real estate,45,none,rent,1,skilled employee / official,1,none,yes,2,divorced/separated
... < 0 DM,23,existing credits paid back duly till now,car (used),2222,... < 100 DM,... >= 7 years,2,male,none,1,real estate,36,none,for free,1,skilled employee / official,1,none,yes,1,divorced/separated
... >= 200 DM / salary assignments for at least 1 year,6,existing credits paid back duly till now,car (new),3323,unknown / no savings account,4 <= ... < 7 years,4,male,none,4,building society savings agreement / life insurance,30,none,rent,1,skilled employee / official,2,"yes, registered under customer's name",yes,2,married/widowed
... < 0 DM,22,existing credits paid back duly till now,education,15945,100 <= ... < 500 DM,... < 1 year,2,male,none,3,"car or other, not in savings account",19,stores,own,1,skilled employee / official,1,none,yes,2,divorced/separated
no checking account,44,critical account / other credits existing (not at this bank),furniture/equipment,2957,... < 100 DM,1 <= ... < 4 years,4,male,none,4,"car or other, not in savings account",26,none,own,1,unskilled - resident,1,none,yes,1,divorced/separated
... < 0 DM,29,all credits at this bank paid back duly,business,1276,unknown / no savings account,1 <= ... < 4 years,2,male,none,1,"car or other, not in savings account",21,none,own,1,unskilled - resident,1,"yes, registered under customer's name",yes,2,single
... < 0 DM,23,existing credits paid back duly till now,car (new),250,... < 100 DM,... >= 7 years,1,female,none,4,real estate,46,none,own,1,unskilled - resident,1,none,yes,1,married/widowed
... < 0 DM,49,existing credits paid back duly till now,car (new),1854,... < 100 DM,... >= 7 years,2,male,none,2,"car or other, not in savings account",39,none,own,2,skilled employee / official,1,"yes, registered under customer's name",yes,1,divorced/separated
no checking account,4,existing credits paid back duly till now,car (new),346,100 <= ... < 500 DM,1 <= ... < 4 years,1,male,none,4,building society savings agreement / life insurance,36,none,own,2,skilled employee / official,1,"yes, registered under customer's name",yes,1,single
no checking account,47,existing credits paid back duly till now,car (new),1236,... < 100 DM,1 <= ... < 4 years,4,female,none,4,unknown / no property,73,none,own,2,skilled employee / official,1,"yes, registered under customer's name",yes,1,single
no checking account,26,critical account / other credits existing (not at this bank),furniture/equipment,2948,500 <= ... < 1000 DM,1 <= ... < 4 years,2,male,none,4,building society savings agreement / life insurance,27,none,own,2,skilled employee / official,1,none,yes,1,single
0 <= ... < 200 DM,25,existing credits paid back duly till now,car (new),1269,unknown / no savings account,unemployed,4,male,none,4,"car or other, not in savings account",31,none,own,1,skilled employee / official,1,none,yes,2,divorced/separated
no checking account,4,critical account / other credits existing (not at this bank),education,4794,... >= 1000 DM,1 <= ... < 4 years,1,female,none,2,real estate,28,bank,own,2,unskilled - resident,1,"yes, registered under customer's name",yes,1,single
... < 0 DM,7,existing credits paid back duly till now,car (new),908,unknown / no savings account,1 <= ... < 4 years,4,male,none,4,"car or other, not in savings account",31,none,own,1,skilled employee / official,1,none,yes,2,single
... < 0 DM,27,no credits taken / all credits paid back duly,car (new),8032,... < 100 DM,1 <= ... < 4 years,2,male,none,4,building society savings agreement / life insurance,33,none,own,1,unskilled - resident,1,"yes, registered under customer's name",yes,2,divorced/separated
0 <= ... < 200 DM,20,existing credits paid back duly till now,radio/television,1298,... < 100 DM,... >= 7 years,3,male,none,4,"car or other, not in savings account",48,none,own,1,unskilled - resident,1,none,no,1,single
no checking account,22,all credits at this bank paid back duly,education,5291,... < 100 DM,1 <= ... < 4 years,2,female,none,4,"car or other, not in savings account",33,none,for free,1,skilled employee / official,1,none,yes,2,married/widowed
... >= 200 DM / salary assignments for at least 1 year,32,critical account / other credits existing (not at this bank),car (new),593,... < 100 DM,4 <= ... < 7 years,1,male,none,2,building society savings agreement / life insurance,39,none,own,1,skilled employee / official,1,none,yes,2,single
no checking account,11,existing credits paid back duly till now,car (new),853,unknown / no savings account,1 <= ... < 4 years,3,female,none,2,real estate,35,none,own,2,unskilled - resident,1,none,yes,1,divorced/separated
... < 0 DM,34,all credits at this bank paid back duly,radio/television,250,unknown / no savings account,... >= 7 years,4,male,guarantor,4,real estate,24,none,rent,2,skilled employee / official,2,none,yes,1,single
no checking account,12,existing credits paid back duly till now,radio/television,4903,... < 100 DM,1 <= ... < 4 years,4,female,guarantor,4,"car or other, not in savings account",31,none,own,2,skilled employee / official,1,"yes, registered under customer's name",yes,1,single
no checking account,26,existing credits paid back duly till now,others,5701,... < 100 DM,... < 1 year,1,male,none,2,"car or other, not in savings account",45,none,own,1,unskilled - resident,2,none,yes,2,single
no checking account,10,critical account / other credits existing (not at this bank),radio/television,9710,500 <= ... < 1000 DM,... < 1 year,4,male,none,2,"car or other, not in savings account",28,none,own,1,skilled employee / official,1,none,yes,1,single
no checking account,22,critical account / other credits existing (not at this bank),business,250,unknown / no savings account,1 <= ... < 4 years,4,male,guarantor,4,real estate,40,none,own,1,unskilled - resident,1,none,yes,1,single
0 <= ... < 200 DM,50,critical account / other credits existing (not at this bank),education,2195,100 <= ... < 500 DM,... >= 7 years,4,male,none,1,building society savings agreement / life insurance,20,none,own,1,skilled employee / official,1,"yes, registered under customer's name",yes,1,single
0 <= ... < 200 DM,23,no credits taken / all credits paid back duly,car (new),1504,... < 100 DM,4 <= ... < 7 years,4,male,none,4,real estate,21,none,own,2,skilled employee / official,1,none,yes,2,single
no checking account,28,existing credits paid back duly till now,radio/television,8129,... < 100 DM,4 <= ... < 7 years,1,male,none,4,"car or other, not in savings account",27,none,own,1,skilled employee / official,1,"yes, registered under customer's name",yes,2,single
no checking account,29,all credits at this bank paid back duly,business,13449,unknown / no savings account,1 <= ... < 4 years,4,male,none,2,building society savings agreement / life insurance,19,bank,own,3,skilled employee / official,1,"yes, registered under customer's name",yes,1,single
... < 0 DM,29,existing credits paid back duly till now,radio/television,3318,... < 100 DM,unemployed,4,female,guarantor,4,"car or other, not in savings account",21,none,own,2,unemployed / unskilled - non-resident,1,"yes, registered under customer's name",yes,1,single
... < 0 DM,27,existing credits paid back duly till now,radio/television,250,... < 100 DM,4 <= ... < 7 years,2,male,none,4,"car or other, not in savings account",47,bank,own,1,unskilled - resident,1,none,yes,1,single
no checking account,32,critical account / other credits existing (not at this bank),car (new),3174,... < 100 DM,4 <= ... < 7 years,3,female,none,4,"car or other, not in savings account",75,none,own,1,skilled employee / official,1,"yes, registered under customer's name",yes,2,single
... >= 200 DM / salary assignments for at least 1 year,11,critical account / other credits existing (not at this bank),car (new),250,unknown / no savings account,... < 1 year,3,male,none,4,"car or other, not in savings account",25,none,own,2,skilled employee / official,1,none,yes,1,single
no checking account,71,critical account / other credits existing (not at this bank),car (new),4147,100 <= ... < 500 DM,... < 1 year,4,male,none,1,unknown / no property,19,bank,own,1,unskilled - resident,1,"yes, registered under customer's name",yes,1,divorced/separated
0 <= ... < 200 DM,17,critical account / other credits existing (not at this bank),furniture/equipment,250,... < 100 DM,unemployed,2,male,none,2,"car or other, not in savings account",31,none,for free,1,unskilled - resident,1,"yes, registered under customer's name",yes,1,married/widowed
... < 0 DM,35,critical account / other credits existing (not at this bank),radio/television,250,... < 100 DM,... < 1 year,4,male,none,1,real estate,19,none,for free,3,skilled employee / official,2,"yes, registered under customer's name",yes,1,single
0 <= ... < 200 DM,28,existing credits paid back duly till now,car (new),250,... < 100 DM,... >= 7 years,2,male,none,3,building society savings agreement / life insurance,24,bank,own,1,skilled employee / official,1,none,yes,2,single
... < 0 DM,20,existing credits paid back duly till now,furniture/equipment,6651,... < 100 DM,1 <= ... < 4 years,3,female,none,3,"car or other, not in savings account",60,none,own,3,management / self-employed / highly qualified employee / officer,1,"yes, registered under customer's name",yes,1,married/widowed
... < 0 DM,25,critical account / other credits existing (not at this bank),furniture/equipment,250,... < 100 DM,... < 1 year,2,female,none,1,"car or other, not in savings account",38,none,own,2,skilled employee / official,1,none,yes,1,divorced/separated
0 <= ... < 200 DM,23,existing credits paid back duly till now,radio/television,2477,... >= 1000 DM,... < 1 year,4,female,none,2,building society savings agreement / life insurance,42,bank,own,1,skilled employee / official,1,"yes, registered under customer's name",yes,1,single
no checking account,25,existing credits paid back duly till now,car (new),6275,... < 100 DM,... >= 7 years,3,male,none,2,unknown / no property,56,bank,own,1,skilled employee / official,1,"yes, registered under customer's name",yes,2,married/widowed
no checking account,24,existing credits paid back duly till now,business,895,... < 100 DM,... >= 7 years,1,female,none,2,real estate,38,none,own,4,management / self-employed / highly qualified employee / officer,1,"yes, registered under customer's name",yes,1,divorced/separated
... < 0 DM,25,existing credits paid back duly till now,car (new),3145,... < 100 DM,... >= 7 years,4,female,none,2,unknown / no property,49,none,own,1,skilled employee / official,1,none,yes,1,single
no checking account,15,existing credits paid back duly till now,radio/television,1219,... < 100 DM,1 <= ... < 4 years,4,male,none,3,real estate,30,none,own,1,skilled employee / official,1,"yes, registered under customer's name",yes,1,divorced/separated
no checking account,12,existing credits paid back duly till now,car (new),576,... >= 1000 DM,1 <= ... < 4 years,1,female,co-applicant,3,unknown / no property,56,bank,own,2,unskilled - resident,1,none,yes,1,divorced/separated
no checking account,5,all credits at this bank paid back duly,car (new),8694,... >= 1000 DM,... >= 7 years,4,male,none,4,real estate,19,none,own,1,skilled employee / official,1,"yes, registered under customer's name",yes,1,single
no checking account,20,no credits taken / all credits paid back duly,car (new),509,500 <= ... < 1000 DM,1 <= ... < 4 years,4,male,none,3,building society savings agreement / life insurance,21,none,own,2,skilled employee / official,1,"yes, registered under customer's name",yes,1,single
no checking account,72,delay in paying off in the past,radio/television,5151,unknown / no savings account,1 <= ... < 4 years,4,male,none,4,building society savings agreement / life insurance,36,none,own,1,skilled employee / official,1,"yes, registered under customer's name",yes,1,single
0 <= ... < 200 DM,49,existing credits paid back duly till now,business,1769,unknown / no savings account,1 <= ... < 4 years,1,male,none,1,"car or other, not in savings account",64,none,own,1,skilled employee / official,1,none,yes,1,single
0 <= ... < 200 DM,72,delay in paying off in the past,car (new),250,... < 100 DM,4 <= ... < 7 years,4,male,none,1,"car or other, not in savings account",52,none,for free,2,unemployed / unskilled - non-resident,2,"yes, registered under customer's name",yes,1,married/widowed
no checking account,24,existing credits paid back duly till now,business,2353,... < 100 DM,... < 1 year,2,female,none,4,building society savings agreement / life insurance,24,none,own,2,unskilled - resident,1,none,no,2,single
0 <= ... < 200 DM,21,delay in paying off in the past,furniture/equipment,2471,... < 100 DM,... >= 7 years,4,male,none,4,building society savings agreement / life insurance,19,none,own,1,skilled employee / official,1,none,yes,1,divorced/separated
... < 0 DM,27,existing credits paid back duly till now,furniture/equipment,335,... < 100 DM,... >= 7 years,3,male,none,2,"car or other, not in savings account",37,none,own,2,management / self-employed / highly qualified employee / officer,1,none,yes,2,divorced/separated
0 <= ... < 200 DM,19,delay in paying off in the past,car (new),2636,100 <= ... < 500 DM,1 <= ... < 4 years,2,male,guarantor,2,unknown / no property,31,bank,own,1,skilled employee / official,2,"yes, registered under customer's name",yes,1,single
... < 0 DM,21,critical account / other credits existing (not at this bank),business,2532,... < 100 DM,... >= 7 years,2,female,none,2,building society savings agreement / life insurance,32,none,own,1,skilled employee / official,1,none,yes,2,divorced/separated
no checking account,27,delay in paying off in the past,business,5935,... < 100 DM,... >= 7 years,2,male,none,4,building society savings agreement / life insurance,32,none,rent,1,skilled employee / official,1,"yes, registered under customer's name",yes,1,married/widowed
no checking account,24,existing credits paid back duly till now,business,650,... < 100 DM,... >= 7 years,4,male,none,4,"car or other, not in savings account",49,bank,own,2,skilled employee / official,1,none,yes,2,divorced/separated
0 <= ... < 200 DM,28,existing credits paid back duly till now,furniture/equipment,2162,... < 100 DM,... >= 7 years,4,male,none,1,building society savings agreement / life insurance,45,none,own,1,skilled employee / official,1,"yes, registered under customer's name",yes,1,divorced/separated
... < 0 DM,6,existing credits paid back duly till now,business,2794,... < 100 DM,... < 1 year,4,male,none,1,"car or other, not in savings account",40,none,own,2,unskilled - resident,1,"yes, registered under customer's name",yes,2,divorced/separated
0 <= ... < 200 DM,24,existing credits paid back duly till now,car (new),250,100 <= ... < 500 DM,... < 1 year,3,male,none,2,unknown / no property,41,bank,own,2,skilled employee / official,1,none,yes,2,divorced/separated
... < 0 DM,28,critical account / other credits existing (not at this bank),car (new),386,... < 100 DM,... >= 7 years,4,female,none,4,building society savings agreement / life insurance,26,bank,own,1,skilled employee / official,2,"yes, registered under customer's name",yes,1,single
0 <= ... < 200 DM,16,critical account / other credits existing (not at this bank),furniture/equipment,250,100 <= ... < 500 DM,1 <= ... < 4 years,1,male,none,3,building society savings agreement / life insurance,43,bank,own,1,unskilled - resident,1,"yes, registered under customer's name",yes,1,divorced/separated
... < 0 DM,72,existing credits paid back duly till now,car (new),250,... < 100 DM,1 <= ... < 4 years,1,male,none,2,real estate,37,none,own,2,unskilled - resident,1,none,yes,2,single
... < 0 DM,26,critical account / other credits existing (not at this bank),business,250,... < 100 DM,4 <= ... < 7 years,1,male,none,1,real estate,24,none,for free,1,skilled employee / official,1,"yes, registered under customer's name",yes,2,single
... < 0 DM,27,all credits at this bank paid back duly,furniture/equipment,2033,100 <= ... < 500 DM,1 <= ... < 4 years,4,male,none,1,real estate,19,none,own,2,skilled employee / official,1,"yes, registered under customer's name",yes,2,divorced/separated
0 <= ... < 200 DM,53,critical account / other credits existing (not at this bank),car (new),1819,... < 100 DM,1 <= ... < 4 years,4,female,none,3,"car or other, not in savings account",23,none,own,1,unskilled - resident,1,"yes, registered under customer's name",yes,2,single
no checking account,24,existing credits paid back duly till now,radio/television,2581,100 <= ... < 500 DM,1 <= ... < 4 years,4,male,none,4,building society savings agreement / life insurance,39,none,own,1,skilled employee / official,1,none,yes,1,single
... < 0 DM,26,delay in paying off in the past,car (used),1410,unknown / no savings account,1 <= ... < 4 years,2,female,none,4,unknown / no property,68,none,own,2,unskilled - resident,2,"yes, registered under customer's name",yes,2,divorced/separated
... < 0 DM,23,existing credits paid back duly till now,radio/television,250,... < 100 DM,... >= 7 years,4,male,none,1,"car or other, not in savings account",19,none,own,2,skilled employee / official,2,none,yes,1,single
... < 0 DM,23,existing credits paid back duly till now,radio/television,3026,... < 100 DM,4 <= ... < 7 years,4,male,none,2,unknown / no property,30,none,own,1,unskilled - resident,1,none,yes,1,single
... < 0 DM,48,critical account / other credits existing (not at this bank),repairs,1609,... < 100 DM,... < 1 year,2,male,none,4,"car or other, not in savings account",55,none,rent,1,skilled employee / official,2,none,yes,1,single
... < 0 DM,52,existing credits paid back duly till now,radio/television,904,500 <= ... < 1000 DM,... >= 7 years,4,male,none,4,"car or other, not in savings account",60,bank,own,1,skilled employee / official,1,none,yes,2,single
0 <= ... < 200 DM,21,existing credits paid back duly till now,car (used),291,unknown / no savings account,unemployed,4,male,none,4,building society savings agreement / life insurance,22,none,own,1,unskilled - resident,1,none,yes,1,single
no checking account,39,existing credits paid back duly till now,furniture/equipment,8616,... >= 1000 DM,4 <= ... < 7 years,1,male,none,3,unknown / no property,27,bank,own,1,skilled employee / official,1,"yes, registered under customer's name",yes,1,single
... < 0 DM,26,existing credits paid back duly till now,radio/television,2701,unknown / no savings account,1 <= ... < 4 years,4,female,none,1,"car or other, not in savings account",19,none,rent,1,skilled employee / official,2,"yes, registered under customer's name",yes,1,divorced/separated
... < 0 DM,20,existing credits paid back duly till now,furniture/equipment,775,... < 100 DM,unemployed,3,male,none,2,"car or other, not in savings account",23,none,own,1,skilled employee / official,1,none,yes,1,married/widowed
... < 0 DM,23,critical account / other credits existing (not at this bank),business,2906,100 <= ... < 500 DM,1 <= ... < 4 years,4,female,none,2,real estate,19,bank,for free,1,unskilled - resident,1,none,yes,2,single
0 <= ... < 200 DM,28,existing credits paid back duly till now,radio/television,4594,unknown / no savings account,1 <= ... < 4 years,4,female,none,2,"car or other, not in savings account",26,none,for free,3,management / self-employed / highly qualified employee / officer,1,none,yes,1,single
... >= 200 DM / salary assignments for at least 1 year,47,existing credits paid back duly till now,repairs,631,... < 100 DM,4 <= ... < 7 years,3,male,none,3,"car or other, not in savings account",28,none,own,1,skilled employee / official,1,"yes, registered under customer's name",yes,2,divorced/separated
no checking account,37,existing credits paid back duly till now,business,2095,... < 100 DM,4 <= ... < 7 years,4,female,none,3,unknown / no property,24,none,for free,1,skilled employee / official,1,"yes, registered under customer's name",yes,1,divorced/separated
no checking account,26,existing credits paid back duly till now,car (new),4176,unknown / no savings account,1 <= ... < 4 years,3,male,none,4,"car or other, not in savings account",42,none,own,1,skilled employee / official,1,"yes, registered under customer's name",yes,1,divorced/separated
no checking account,21,existing credits paid back duly till now,car (new),827,500 <= ... < 1000 DM,1 <= ... < 4 years,4,female,none,2,"car or other, not in savings account",21,none,own,2,skilled employee / official,1,"yes, registered under customer's name",yes,2,single
no checking account,11,existing credits paid back duly till now,car (new),1018,... < 100 DM,unemployed,1,male,none,4,"car or other, not in savings account",25,none,own,1,unskilled - resident,1,none,yes,2,divorced/separated
no checking account,64,all credits at this bank paid back duly,car (new),478,500 <= ... < 1000 DM,1 <= ... < 4 years,4,male,none,1,building society savings agreement / life insurance,28,none,rent,1,skilled employee / official,2,none,yes,1,divorced/separated
no checking account,23,existing credits paid back duly till now,radio/television,255,100 <= ... < 500 DM,1 <= ... < 4 years,3,male,none,2,"car or other, not in savings account",26,none,own,1,skilled employee / official,1,none,yes,1,single
no checking account,24,critical account / other credits existing (not at this bank),radio/television,1259,... < 100 DM,4 <= ... < 7 years,3,male,none,3,unknown / no property,27,none,own,1,skilled employee / official,1,none,yes,2,single
no checking account,16,critical account / other credits existing (not at this bank),car (new),250,... < 100 DM,1 <= ... < 4 years,1,female,none,2,building society savings agreement / life insurance,31,bank,own,2,skilled employee / official,1,none,yes,1,single
0 <= ... < 200 DM,4,existing credits paid back duly till now,car (new),2876,... < 100 DM,1 <= ... < 4 years,4,male,none,2,"car or other, not in savings account",42,none,for free,2,skilled employee / official,2,"yes, registered under customer's name",yes,2,single
0 <= ... < 200 DM,15,existing credits paid back duly till now,repairs,3501,100 <= ... < 500 DM,unemployed,1,female,none,1,unknown / no property,33,none,own,2,management / self-employed / highly qualified employee / officer,2,none,yes,2,divorced/separated
no checking account,17,critical account / other credits existing (not at this bank),car (new),1562,... < 100 DM,... < 1 year,3,male,none,2,"car or other, not in savings account",45,bank,own,1,skilled employee / official,1,none,yes,1,single
0 <= ... < 200 DM,13,existing credits paid back duly till now,business,619,... >= 1000 DM,1 <= ... < 4 years,2,male,none,1,"car or other, not in savings account",66,bank,own,2,skilled employee / official,1,none,yes,1,divorced/separated
... < 0 DM,27,existing credits paid back duly till now,radio/television,250,... < 100 DM,unemployed,4,female,none,4,building society savings agreement / life insurance,37,none,own,1,skilled employee / official,1,none,yes,2,divorced/separated
... < 0 DM,29,existing credits paid back duly till now,education,2112,... < 100 DM,1 <= ... < 4 years,4,male,none,4,"car or other, not in savings account",27,none,own,2,skilled employee / official,1,none,yes,1,divorced/separated
... < 0 DM,53,existing credits paid back duly till now,car (new),9205,... < 100 DM,... >= 7 years,3,male,none,4,"car or other, not in savings account",34,none,rent,1,skilled employee / official,1,"yes, registered under customer's name",yes,2,single
0 <= ... < 200 DM,15,delay in paying off in the past,car (new),1565,... < 100 DM,... >= 7 years,2,male,none,4,building society savings agreement / life insurance,21,none,own,1,skilled employee / official,1,"yes, registered under customer's name",yes,1,single
... < 0 DM,24,existing credits paid back duly till now,car (new),2185,unknown / no savings account,... < 1 year,3,female,none,4,building society savings agreement / life insurance,34,none,own,1,skilled employee / official,1,"yes, registered under customer's name",yes,1,single
... < 0 DM,28,critical account / other credits existing (not at this bank),furniture/equipment,2093,100 <= ... < 500 DM,... >= 7 years,3,female,co-applicant,4,real estate,19,bank,own,1,skilled employee / official,1,none,yes,1,single
no checking account,15,critical account / other credits existing (not at this bank),business,638,... >= 1000 DM,... < 1 year,4,male,none,4,real estate,41,bank,own,1,unskilled - resident,1,none,yes,2,single
... < 0 DM,6,all credits at this bank paid back duly,business,2776,500 <= ... < 1000 DM,... < 1 year,3,male,none,3,real estate,26,none,rent,1,management / self-employed / highly qualified employee / officer,1,none,yes,1,single
no checking account,11,existing credits paid back duly till now,furniture/equipment,1726,... < 100 DM,... < 1 year,4,male,none,4,real estate,20,none,own,2,unskilled - resident,1,"yes, registered under customer's name",yes,1,single
no checking account,64,critical account / other credits existing (not at this bank),car (new),250,... < 100 DM,1 <= ... < 4 years,3,male,none,4,unknown / no property,48,none,own,1,skilled employee / official,1,none,yes,1,single
no checking account,7,existing credits paid back duly till now,radio/television,2095,100 <= ... < 500 DM,1 <= ... < 4 years,3,male,none,2,"car or other, not in savings account",20,none,own,1,skilled employee / official,1,"yes, registered under customer's name",yes,1,divorced/separated
... < 0 DM,39,critical account / other credits existing (not at this bank),business,6733,... < 100 DM,1 <= ... < 4 years,2,male,guarantor,2,building society savings agreement / life insurance,27,bank,rent,1,management / self-employed / highly qualified employee / officer,1,"yes, registered under customer's name",yes,1,single
0 <= ... < 200 DM,15,all credits at this bank paid back duly,radio/television,2585,... < 100 DM,1 <= ... < 4 years,4,male,co-applicant,4,"car or other, not in savings account",38,none,rent,1,skilled employee / official,1,"yes, registered under customer's name",yes,1,divorced/separated
no checking account,68,existing credits paid back duly till now,domestic appliances,1394,... < 100 DM,... < 1 year,3,male,none,4,building society savings agreement / life insurance,44,none,rent,1,skilled employee / official,1,none,yes,1,divorced/separated
... >= 200 DM / salary assignments for at least 1 year,24,critical account / other credits existing (not at this bank),radio/television,250,... >= 1000 DM,4 <= ... < 7 years,4,female,none,2,unknown / no property,64,none,own,1,skilled employee / official,1,none,yes,2,divorced/separated
no checking account,8,no credits taken / all credits paid back duly,car (new),6443,... < 100 DM,unemployed,2,male,none,3,unknown / no property,25,none,own,1,unskilled - resident,1,"yes, registered under customer's name",yes,2,divorced/separated
0 <= ... < 200 DM,21,existing credits paid back duly till now,car (new),1713,100 <= ... < 500 DM,... < 1 year,1,male,none,2,real estate,70,none,rent,1,skilled employee / official,1,"yes, registered under customer's name",no,1,single
... < 0 DM,26,critical account / other credits existing (not at this bank),car (new),250,... < 100 DM,unemployed,1,male,none,4,building society savings agreement / life insurance,40,none,own,2,skilled employee / official,1,none,yes,1,single
no checking account,28,no credits taken / all credits paid back duly,radio/television,250,... < 100 DM,4 <= ... < 7 years,1,female,none,4,building society savings agreement / life insurance,19,none,own,1,management / self-employed / highly qualified employee / officer,1,"yes, registered under customer's name",yes,1,divorced/separated
... < 0 DM,27,critical account / other credits existing (not at this bank),car (new),3604,100 <= ... < 500 DM,4 <= ... < 7 years,4,female,none,2,real estate,26,none,own,1,skilled employee / official,1,none,yes,1,divorced/separated
... >= 200 DM / salary assignments for at least 1 year,9,critical account / other credits existing (not at this bank),furniture/equipment,1222,... < 100 DM,4 <= ... < 7 years,2,female,none,2,building society savings agreement / life insurance,31,none,own,3,management / self-employed / highly qualified employee / officer,1,"yes, registered under customer's name",yes,2,single
no checking account,37,critical account / other credits existing (not at this bank),business,503,... < 100 DM,1 <= ... < 4 years,4,female,none,4,"car or other, not in savings account",26,none,own,1,skilled employee / official,1,"yes, registered under customer's name",yes,1,single
... >= 200 DM / salary assignments for at least 1 year,26,all credits at this bank paid back duly,car (used),6614,... < 100 DM,... >= 7 years,3,female,none,4,"car or other, not in savings account",32,none,rent,2,unskilled - resident,2,"yes, registered under customer's name",yes,2,divorced/separated
no checking account,20,existing credits paid back duly till now,radio/television,3543,... < 100 DM,4 <= ... < 7 years,1,female,none,3,"car or other, not in savings account",29,none,own,1,skilled employee / official,2,"yes, registered under customer's name",yes,2,single
0 <= ... < 200 DM,17,critical account / other credits existing (not at this bank),radio/television,2496,unknown / no savings account,1 <= ... < 4 years,2,female,guarantor,2,real estate,41,bank,own,2,skilled employee / official,1,"yes, registered under customer's name",yes,1,married/widowed
0 <= ... < 200 DM,24,existing credits paid back duly till now,radio/television,15945,... < 100 DM,1 <= ... < 4 years,2,male,none,4,"car or other, not in savings account",68,none,own,1,skilled employee / official,1,"yes, registered under customer's name",yes,1,single
... < 0 DM,31,existing credits paid back duly till now,business,250,100 <= ... < 500 DM,1 <= ... < 4 years,3,male,none,3,"car or other, not in savings account",19,none,own,2,skilled employee / official,1,"yes, registered under customer's name",yes,1,single
... < 0 DM,27,existing credits paid back duly till now,car (used),2101,... < 100 DM,4 <= ... < 7 years,4,male,co-applicant,4,"car or other, not in savings account",24,none,own,1,unskilled - resident,1,"yes, registered under customer's name",yes,1,single
no checking account,24,existing credits paid back duly till now,car (new),1758,... < 100 DM,4 <= ... < 7 years,4,male,co-applicant,4,building society savings agreement / life insurance,21,none,rent,1,unskilled - resident,1,"yes, registered under customer's name",yes,1,single
no checking account,17,delay in paying off in the past,car (new),5103,... < 100 DM,1 <= ... < 4 years,3,female,none,2,"car or other, not in savings account",29,bank,own,1,skilled employee / official,1,none,yes,1,divorced/separated
... < 0 DM,26,no credits taken / all credits paid back duly,radio/television,7675,unknown / no savings account,1 <= ... < 4 years,2,female,none,3,building society savings agreement / life insurance,23,none,for free,2,unemployed / unskilled - non-resident,2,none,yes,1,single
... < 0 DM,21,existing credits paid back duly till now,business,305,... < 100 DM,... >= 7 years,1,male,guarantor,2,building society savings agreement / life insurance,34,bank,own,1,skilled employee / official,2,none,yes,1,married/widowed
0 <= ... < 200 DM,17,existing credits paid back duly till now,car (new),15854,... < 100 DM,1 <= ... < 4 years,4,male,none,4,"car or other, not in savings account",26,none,own,1,skilled employee / official,1,"yes, registered under customer's name",yes,2,divorced/separated
no checking account,24,delay in paying off in the past,car (used),2185,... < 100 DM,1 <= ... < 4 years,3,male,none,4,"car or other, not in savings account",44,none,own,2,skilled employee / official,1,"yes, registered under customer's name",yes,1,single
0 <= ... < 200 DM,10,critical account / other credits existing (not at this bank),repairs,2345,... < 100 DM,4 <= ... < 7 years,4,male,none,3,real estate,24,none,rent,2,skilled employee / official,2,"yes, registered under customer's name",yes,2,divorced/separated
0 <= ... < 200 DM,30,critical account / other credits existing (not at this bank),furniture/equipment,1661,unknown / no savings account,... >= 7 years,2,male,none,3,unknown / no property,27,none,own,1,management / self-employed / highly qualified employee / officer,1,none,yes,1,divorced/separated
... < 0 DM,26,critical account / other credits existing (not at this bank),radio/television,387,... < 100 DM,... < 1 year,4,male,none,3,real estate,42,none,own,1,skilled employee / official,1,none,yes,2,divorced/separated
no checking account,27,no credits taken / all credits paid back duly,furniture/equipment,3330,... < 100 DM,... >= 7 years,1,female,none,4,unknown / no property,21,none,own,1,skilled employee / official,1,none,yes,1,divorced/separated
... < 0 DM,18,existing credits paid back duly till now,radio/television,3614,unknown / no savings account,1 <= ... < 4 years,1,male,none,2,building society savings agreement / life insurance,33,none,for free,1,skilled employee / official,1,"yes, registered under customer's name",yes,1,single
... < 0 DM,9,critical account / other credits existing (not at this bank),education,1123,... < 100 DM,... >= 7 years,1,male,none,3,"car or other, not in savings account",19,none,own,1,unemployed / unskilled - non-resident,2,none,yes,1,divorced/separated
0 <= ... < 200 DM,21,existing credits paid back duly till now,radio/television,3582,... < 100 DM,1 <= ... < 4 years,3,male,none,4,unknown / no property,75,none,own,1,skilled employee / official,1,none,yes,1,married/widowed
no checking account,42,existing credits paid back duly till now,education,250,500 <= ... < 1000 DM,... >= 7 years,1,male,none,2,real estate,34,none,own,2,skilled employee / official,2,none,yes,1,single
no checking account,10,existing credits paid back duly till now,radio/television,2689,... >= 1000 DM,... >= 7 years,4,female,none,4,"car or other, not in savings account",36,none,own,1,skilled employee / official,1,none,yes,1,divorced/separated
0 <= ... < 200 DM,13,all credits at this bank paid back duly,radio/television,2767,... < 100 DM,... >= 7 years,1,female,guarantor,3,building society savings agreement / life insurance,47,none,own,1,unskilled - resident,1,"yes, registered under customer's name",yes,2,divorced/separated
no checking account,17,critical account / other credits existing (not at this bank),business,1636,... >= 1000 DM,1 <= ... < 4 years,2,male,guarantor,4,real estate,33,none,own,4,unskilled - resident,1,none,yes,1,single
no checking account,14,delay in paying off in the past,car (used),12182,100 <= ... < 500 DM,4 <= ... < 7 years,4,male,none,1,real estate,33,none,own,1,skilled employee / official,1,none,yes,1,single
... < 0 DM,21,existing credits paid back duly till now,car (new),2355,... < 100 DM,... >= 7 years,2,female,none,3,"car or other, not in savings account",75,bank,own,1,unemployed / unskilled - non-resident,1,none,yes,1,single
... < 0 DM,4,existing credits paid back duly till now,car (new),3408,... >= 1000 DM,1 <= ... < 4 years,4,male,none,2,"car or other, not in savings account",20,none,rent,2,unskilled - resident,1,none,yes,2,single
no checking account,24,existing credits paid back duly till now,radio/television,1693,... < 100 DM,unemployed,2,male,none,4,"car or other, not in savings account",43,none,rent,2,skilled employee / official,1,"yes, registered under customer's name",yes,2,single
no checking account,27,critical account / other credits existing (not at this bank),furniture/equipment,10078,100 <= ... < 500 DM,unemployed,4,female,none,4,building society savings agreement / life insurance,57,none,rent,1,skilled employee / official,1,none,yes,2,single
... >= 200 DM / salary assignments for at least 1 year,61,critical account / other credits existing (not at this bank),furniture/equipment,551,... < 100 DM,... >= 7 years,4,female,none,3,building society savings agreement / life insurance,43,none,own,1,skilled employee / official,1,none,yes,2,single
no checking account,19,existing credits paid back duly till now,radio/television,250,unknown / no savings account,4 <= ... < 7 years,1,female,none,2,"car or other, not in savings account",48,none,own,1,skilled employee / official,1,none,yes,2,single
0 <= ... < 200 DM,63,existing credits paid back duly till now,car (used),1313,... < 100 DM,4 <= ... < 7 years,4,male,none,1,"car or other, not in savings account",24,none,for free,2,unskilled - resident,1,"yes, registered under customer's name",yes,2,single
no checking account,41,existing credits paid back duly till now,radio/television,250,unknown / no savings account,1 <= ... < 4 years,4,male,guarantor,2,real estate,29,none,own,1,management / self-employed / highly qualified employee / officer,1,"yes, registered under customer's name",yes,1,divorced/separated
... < 0 DM,32,existing credits paid back duly till now,radio/television,250,500 <= ... < 1000 DM,... >= 7 years,4,male,none,3,building society savings agreement / life insurance,19,bank,own,2,skilled employee / official,1,none,yes,1,divorced/separated
0 <= ... < 200 DM,12,all credits at this bank paid back duly,radio/television,10613,... < 100 DM,... >= 7 years,4,female,none,1,"car or other, not in savings account",33,none,own,1,unskilled - resident,1,"yes, registered under customer's name",yes,1,divorced/separated
0 <= ... < 200 DM,25,all credits at this bank paid back duly,furniture/equipment,552,... < 100 DM,... >= 7 years,1,male,none,4,building society savings agreement / life insurance,27,none,for free,4,skilled employee / official,1,"yes, registered under customer's name",yes,2,divorced/separated
... >= 200 DM / salary assignments for at least 1 year,7,all credits at this bank paid back duly,radio/television,7765,... >= 1000 DM,4 <= ... < 7 years,2,male,none,3,unknown / no property,35,none,own,1,skilled employee / official,1,"yes, registered under customer's name",yes,1,single
... < 0 DM,34,no credits taken / all credits paid back duly,radio/television,6395,... < 100 DM,... < 1 year,1,female,none,4,"car or other, not in savings account",28,none,own,2,skilled employee / official,1,"yes, registered under customer's name",yes,1,divorced/separated
... < 0 DM,24,existing credits paid back duly till now,furniture/equipment,11933,... < 100 DM,... >= 7 years,2,male,none,4,"car or other, not in savings account",72,stores,rent,2,unemployed / unskilled - non-resident,1,"yes, registered under customer's name",yes,1,divorced/separated
... < 0 DM,11,existing credits paid back duly till now,car (new),336,100 <= ... < 500 DM,1 <= ... < 4 years,4,male,none,4,real estate,32,none,own,1,management / self-employed / highly qualified employee / officer,1,none,yes,1,divorced/separated
... < 0 DM,28,existing credits paid back duly till now,furniture/equipment,492,500 <= ... < 1000 DM,1 <= ... < 4 years,4,male,none,4,building society savings agreement / life insurance,33,none,own,1,skilled employee / official,1,"yes, registered under customer's name",yes,2,single
... >= 200 DM / salary assignments for at least 1 year,33,critical account / other credits existing (not at this bank),radio/television,2721,100 <= ... < 500 DM,1 <= ... < 4 years,3,male,none,2,unknown / no property,19,none,own,2,unskilled - resident,1,"yes, registered under customer's name",yes,1,divorced/separated
0 <= ... < 200 DM,24,critical account / other credits existing (not at this bank),radio/television,3917,... < 100 DM,... < 1 year,3,female,none,1,real estate,29,none,for free,1,skilled employee / official,1,"yes, registered under customer's name",yes,1,single
... >= 200 DM / salary assignments for at least 1 year,29,critical account / other credits existing (not at this bank),radio/television,5550,100 <= ... < 500 DM,4 <= ... < 7 years,2,female,none,1,real estate,32,none,own,1,skilled employee / official,2,"yes, registered under customer's name",yes,2,single
... < 0 DM,47,existing credits paid back duly till now,radio/television,868,... < 100 DM,4 <= ... < 7 years,4,male,none,2,unknown / no property,61,none,own,1,skilled employee / official,2,"yes, registered under customer's name",yes,2,divorced/separated
... < 0 DM,30,existing credits paid back duly till now,business,8387,... >= 1000 DM,... < 1 year,4,male,none,1,building society savings agreement / life insurance,36,bank,own,2,skilled employee / official,1,"yes, registered under customer's name",no,1,divorced/separated
0 <= ... < 200 DM,26,critical account / other credits existing (not at this bank),retraining,250,... < 100 DM,... < 1 year,4,female,none,2,"car or other, not in savings account",27,none,own,2,skilled employee / official,1,none,yes,1,single
no checking account,47,critical account / other credits existing (not at this bank),domestic appliances,250,... < 100 DM,1 <= ... < 4 years,2,female,none,2,"car or other, not in savings account",25,none,rent,1,skilled employee / official,1,none,yes,1,divorced/separated
0 <= ... < 200 DM,8,no credits taken / all credits paid back duly,repairs,3192,... < 100 DM,1 <= ... < 4 years,1,male,none,2,real estate,59,bank,own,1,skilled employee / official,1,"yes, registered under customer's name",yes,2,divorced/separated
no checking account,21,critical account / other credits existing (not at this bank),education,13470,... >= 1000 DM,... >= 7 years,4,male,co-applicant,1,building society savings agreement / life insurance,32,none,rent,1,unskilled - resident,1,"yes, registered under customer's name",yes,2,divorced/separated
no checking account,14,existing credits paid back duly till now,car (new),2160,100 <= ... < 500 DM,1 <= ... < 4 years,2,male,none,2,"car or other, not in savings account",31,bank,own,1,management / self-employed / highly qualified employee / officer,1,none,yes,1,divorced/separated
0 <= ... < 200 DM,19,existing credits paid back duly till now,car (new),2952,500 <= ... < 1000 DM,1 <= ... < 4 years,1,male,none,4,building society savings agreement / life insurance,21,none,rent,1,skilled employee / official,1,"yes, registered under customer's name",yes,2,divorced/separated
... < 0 DM,10,existing credits paid back duly till now,radio/television,842,... < 100 DM,1 <= ... < 4 years,4,male,none,2,real estate,42,none,own,1,skilled employee / official,1,none,yes,1,divorced/separated
no checking account,26,critical account / other credits existing (not at this bank),car (new),2587,... < 100 DM,unemployed,4,male,none,2,building society savings agreement / life insurance,21,none,own,2,skilled employee / official,1,none,yes,2,divorced/separated
no checking account,72,critical account / other credits existing (not at this bank),radio/television,2531,... < 100 DM,1 <= ... < 4 years,3,male,none,2,unknown / no property,35,none,own,1,unskilled - resident,1,"yes, registered under customer's name",yes,2,single
... >= 200 DM / salary assignments for at least 1 year,10,delay in paying off in the past,car (used),5019,... < 100 DM,4 <= ... < 7 years,2,female,none,1,building society savings agreement / life insurance,49,none,for free,2,skilled employee / official,2,"yes, registered under customer's name",yes,1,married/widowed
... < 0 DM,30,existing credits paid back duly till now,radio/television,2183,100 <= ... < 500 DM,... < 1 year,4,male,none,4,real estate,26,bank,own,1,management / self-employed / highly qualified employee / officer,1,none,yes,2,married/widowed
0 <= ... < 200 DM,10,existing credits paid back duly till now,furniture/equipment,1685,100 <= ... < 500 DM,1 <= ... < 4 years,2,male,none,2,"car or other, not in savings account",37,none,rent,2,skilled employee / official,2,none,yes,2,single
... < 0 DM,40,delay in paying off in the past,car (used),2786,... < 100 DM,1 <= ... < 4 years,2,male,none,2,"car or other, not in savings account",56,none,for free,1,skilled employee / official,1,"yes, registered under customer's name",yes,1,single
... < 0 DM,29,existing credits paid back duly till now,radio/television,1085,... < 100 DM,4 <= ... < 7 years,2,male,none,4,real estate,41,none,own,2,management / self-employed / highly qualified employee / officer,1,none,yes,1,single
no checking account,4,existing credits paid back duly till now,car (new),2720,... < 100 DM,1 <= ... < 4 years,4,male,none,3,unknown / no property,26,bank,own,1,skilled employee / official,1,none,yes,2,single
... < 0 DM,16,existing credits paid back duly till now,radio/television,611,unknown / no savings account,... >= 7 years,2,male,none,4,"car or other, not in savings account",65,none,own,1,unskilled - resident,1,"yes, registered under customer's name",yes,1,divorced/separated
0 <= ... < 200 DM,12,all credits at this bank paid back duly,car (new),1330,... < 100 DM,1 <= ... < 4 years,4,male,none,2,"car or other, not in savings account",50,none,own,2,unskilled - resident,2,"yes, registered under customer's name",yes,1,single
0 <= ... < 200 DM,19,delay in paying off in the past,radio/television,2220,100 <= ... < 500 DM,... >= 7 years,1,female,none,4,real estate,34,bank,for free,1,unskilled - resident,2,none,yes,1,divorced/separated
... < 0 DM,19,existing credits paid back duly till now,furniture/equipment,2545,500 <= ... < 1000 DM,... >= 7 years,1,male,guarantor,1,building society savings agreement / life insurance,52,bank,rent,2,unskilled - resident,1,"yes, registered under customer's name",yes,1,single
... < 0 DM,25,existing credits paid back duly till now,car (new),1762,... < 100 DM,1 <= ... < 4 years,4,male,none,4,real estate,33,bank,own,2,skilled employee / official,2,"yes, registered under customer's name",yes,1,single
... >= 200 DM / salary assignments for at least 1 year,22,delay in paying off in the past,radio/television,250,... < 100 DM,1 <= ... < 4 years,3,female,none,4,real estate,34,none,own,1,skilled employee / official,2,none,yes,1,married/widowed
... < 0 DM,23,delay in paying off in the past,business,3434,... < 100 DM,1 <= ... < 4 years,1,female,none,4,unknown / no property,24,none,own,2,skilled employee / official,2,none,no,1,single
... < 0 DM,25,existing credits paid back duly till now,car (new),9112,... < 100 DM,... >= 7 years,3,female,none,4,"car or other, not in savings account",26,none,for free,1,unskilled - resident,1,none,yes,1,married/widowed
no checking account,4,all credits at this bank paid back duly,retraining,250,... < 100 DM,unemployed,4,male,none,4,"car or other, not in savings account",32,none,own,2,skilled employee / official,1,none,yes,1,single
0 <= ... < 200 DM,50,all credits at this bank paid back duly,car (new),8919,unknown / no savings account,1 <= ... < 4 years,4,male,none,4,building society savings agreement / life insurance,32,none,own,1,management / self-employed / highly qualified employee / officer,1,"yes, registered under customer's name",yes,2,single
no checking account,28,critical account / other credits existing (not at this bank),car (new),292,... < 100 DM,1 <= ... < 4 years,2,male,none,2,real estate,28,none,own,2,unemployed / unskilled - non-resident,1,"yes, registered under customer's name",yes,1,divorced/separated
no checking account,24,critical account / other credits existing (not at this bank),furniture/equipment,1546,... < 100 DM,... >= 7 years,1,male,none,3,building society savings agreement / life insurance,39,none,own,1,unskilled - resident,1,none,no,2,divorced/separated
... >= 200 DM / salary assignments for at least 1 year,59,all credits at this bank paid back duly,furniture/equipment,479,... >= 1000 DM,4 <= ... < 7 years,3,female,none,4,"car or other, not in savings account",21,none,own,2,management / self-employed / highly qualified employee / officer,1,"yes, registered under customer's name",yes,1,single
no checking account,4,existing credits paid back duly till now,car (new),250,100 <= ... < 500 DM,4 <= ... < 7 years,4,male,none,3,building society savings agreement / life insurance,29,none,own,1,unemployed / unskilled - non-resident,1,none,yes,1,single
no checking account,22,no credits taken / all credits paid back duly,car (used),9198,... < 100 DM,... < 1 year,1,male,none,2,real estate,43,none,own,1,management / self-employed / highly qualified employee / officer,1,"yes, registered under customer's name",yes,1,divorced/separated
... < 0 DM,53,existing credits paid back duly till now,car (new),2986,unknown / no savings account,... >= 7 years,4,male,none,4,real estate,51,none,own,1,skilled employee / official,1,"yes, registered under customer's name",yes,2,single
0 <= ... < 200 DM,22,delay in paying off in the past,furniture/equipment,1451,... < 100 DM,unemployed,4,male,none,4,"car or other, not in savings account",19,none,own,1,management / self-employed / highly qualified employee / officer,1,"yes, registered under customer's name",yes,2,divorced/separated
... < 0 DM,7,critical account / other credits existing (not at this bank),car (new),2458,100 <= ... < 500 DM,... < 1 year,4,female,guarantor,4,real estate,25,none,for free,1,unskilled - resident,2,none,yes,1,single
0 <= ... < 200 DM,23,critical account / other credits existing (not at this bank),business,942,... < 100 DM,unemployed,4,female,guarantor,4,building society savings agreement / life insurance,41,stores,rent,1,skilled employee / official,1,none,yes,1,married/widowed
no checking account,22,critical account / other credits existing (not at this bank),radio/television,2702,100 <= ... < 500 DM,1 <= ... < 4 years,4,male,none,2,real estate,23,none,own,1,skilled employee / official,1,none,yes,1,single
... < 0 DM,11,no credits taken / all credits paid back duly,business,667,... < 100 DM,... < 1 year,3,male,none,2,building society savings agreement / life insurance,42,none,own,1,unskilled - resident,1,none,yes,1,divorced/separated
no checking account,4,all credits at this bank paid back duly,furniture/equipment,250,... < 100 DM,... >= 7 years,4,male,none,4,real estate,28,none,own,2,unskilled - resident,2,none,yes,1,single
... < 0 DM,53,existing credits paid back duly till now,car (new),331,unknown / no savings account,1 <= ... < 4 years,3,male,none,4,building society savings agreement / life insurance,26,none,rent,3,unskilled - resident,1,"yes, registered under customer's name",yes,2,single
0 <= ... < 200 DM,10,critical account / other credits existing (not at this bank),retraining,2095,100 <= ... < 500 DM,1 <= ... < 4 years,4,female,none,2,"car or other, not in savings account",24,none,own,1,skilled employee / official,1,"yes, registered under customer's name",yes,2,single
0 <= ... < 200 DM,25,delay in paying off in the past,car (new),520,... >= 1000 DM,unemployed,2,female,none,2,"car or other, not in savings account",19,none,for free,1,skilled employee / official,2,none,yes,1,married/widowed
0 <= ... < 200 DM,16,critical account / other credits existing (not at this bank),car (new),352,... < 100 DM,4 <= ... < 7 years,2,male,none,4,"car or other, not in savings account",57,none,own,2,skilled employee / official,1,none,yes,1,divorced/separated
... >= 200 DM / salary assignments for at least 1 year,20,existing credits paid back duly till now,radio/television,2471,unknown / no savings account,4 <= ... < 7 years,4,male,none,2,"car or other, not in savings account",24,bank,rent,2,unskilled - resident,1,none,yes,1,divorced/separated
0 <= ... < 200 DM,14,critical account / other credits existing (not at this bank),furniture/equipment,6714,500 <= ... < 1000 DM,... < 1 year,2,female,none,4,real estate,36,none,rent,1,unskilled - resident,1,"yes, registered under customer's name",yes,1,married/widowed
... < 0 DM,28,existing credits paid back duly till now,car (new),2455,500 <= ... < 1000 DM,4 <= ... < 7 years,4,male,none,1,building society savings agreement / life insurance,29,none,own,2,unskilled - resident,1,"yes, registered under customer's name",yes,1,single
no checking account,27,existing credits paid back duly till now,furniture/equipment,1355,... < 100 DM,... >= 7 years,3,male,none,4,building society savings agreement / life insurance,19,none,own,1,management / self-employed / highly qualified employee / officer,1,"yes, registered under customer's name",yes,1,divorced/separated
... < 0 DM,14,all credits at this bank paid back duly,radio/television,532,... < 100 DM,... < 1 year,2,female,none,3,real estate,26,stores,own,2,skilled employee / official,1,none,yes,1,single
no checking account,25,existing credits paid back duly till now,car (new),250,100 <= ... < 500 DM,1 <= ... < 4 years,2,female,guarantor,1,"car or other, not in savings account",20,none,own,1,unskilled - resident,1,none,yes,1,single
... < 0 DM,30,delay in paying off in the past,car (new),250,... < 100 DM,... < 1 year,4,female,none,4,unknown / no property,19,none,for free,1,skilled employee / official,2,none,yes,1,divorced/separated
... >= 200 DM / salary assignments for at least 1 year,27,no credits taken / all credits paid back duly,car (used),250,... < 100 DM,1 <= ... < 4 years,4,male,none,4,unknown / no property,19,none,own,1,unskilled - resident,2,"yes, registered under customer's name",yes,1,divorced/separated
no checking account,27,critical account / other credits existing (not at this bank),education,324,... >= 1000 DM,... < 1 year,4,male,none,3,building society savings agreement / life insurance,25,none,own,2,skilled employee / official,1,"yes, registered under customer's name",yes,2,single
0 <= ... < 200 DM,4,existing credits paid back duly till now,domestic appliances,894,... < 100 DM,1 <= ... < 4 years,4,female,none,1,"car or other, not in savings account",65,none,own,2,skilled employee / official,1,none,yes,1,divorced/separated
... < 0 DM,19,existing credits paid back duly till now,radio/television,2984,... < 100 DM,1 <= ... < 4 years,1,male,none,1,real estate,29,none,own,1,unskilled - resident,1,none,yes,1,single
0 <= ... < 200 DM,12,existing credits paid back duly till now,radio/television,2397,100 <= ... < 500 DM,4 <= ... < 7 years,4,female,none,4,real estate,33,none,own,1,unskilled - resident,1,"yes, registered under customer's name",no,1,divorced/separated
no checking account,26,critical account / other credits existing (not at this bank),furniture/equipment,1525,... < 100 DM,... >= 7 years,4,female,none,4,"car or other, not in savings account",57,none,own,3,skilled employee / official,1,none,yes,1,single
no checking account,12,existing credits paid back duly till now,radio/television,328,... < 100 DM,... < 1 year,1,female,none,4,"car or other, not in savings account",28,none,own,1,unskilled - resident,1,"yes, registered under customer's name",yes,1,single
no checking account,15,delay in paying off in the past,car (new),1160,... < 100 DM,... >= 7 years,4,female,none,1,"car or other, not in savings account",58,stores,own,1,skilled employee / official,2,none,yes,2,single
0 <= ... < 200 DM,25,existing credits paid back duly till now,car (used),2355,... < 100 DM,1 <= ... < 4 years,2,male,none,1,"car or other, not in savings account",46,bank,rent,2,management / self-employed / highly qualified employee / officer,1,none,yes,2,single
no checking account,42,critical account / other credits existing (not at this bank),car (new),2222,... < 100 DM,4 <= ... < 7 years,2,male,none,4,unknown / no property,19,none,own,1,skilled employee / official,1,none,yes,1,single
0 <= ... < 200 DM,5,critical account / other credits existing (not at this bank),business,499,unknown / no savings account,1 <= ... < 4 years,1,male,none,4,building society savings agreement / life insurance,23,none,own,2,skilled employee / official,1,"yes, registered under customer's name",yes,2,single
... < 0 DM,72,no credits taken / all credits paid back duly,car (new),1313,100 <= ... < 500 DM,... >= 7 years,3,female,none,3,real estate,22,none,own,2,skilled employee / official,1,"yes, registered under customer's name",yes,1,married/widowed
no checking account,27,existing credits paid back duly till now,radio/television,2029,100 <= ... < 500 DM,4 <= ... < 7 years,2,female,none,4,"car or other, not in savings account",22,none,own,1,unskilled - resident,2,"yes, registered under customer's name",yes,2,married/widowed
0 <= ... < 200 DM,9,existing credits paid back duly till now,car (new),3873,... < 100 DM,... >= 7 years,4,female,none,1,unknown / no property,21,none,own,2,skilled employee / official,1,"yes, registered under customer's name",yes,2,divorced/separated
no checking account,72,existing credits paid back duly till now,furniture/equipment,1880,100 <= ... < 500 DM,... >= 7 years,4,female,none,3,building society savings agreement / life insurance,59,bank,own,1,skilled employee / official,1,none,yes,2,single
no checking account,17,critical account / other credits existing (not at this bank),retraining,15932,100 <= ... < 500 DM,unemployed,3,male,none,1,"car or other, not in savings account",19,none,own,1,management / self-employed / highly qualified employee / officer,1,none,yes,1,single
0 <= ... < 200 DM,28,delay in paying off in the past,business,250,... >= 1000 DM,1 <= ... < 4 years,2,male,none,2,unknown / no property,19,none,rent,2,skilled employee / official,1,none,yes,1,divorced/separated
0 <= ... < 200 DM,66,delay in paying off in the past,car (new),250,... < 100 DM,1 <= ... < 4 years,1,male,co-applicant,1,real estate,25,none,rent,3,skilled employee / official,1,"yes, registered under customer's name",no,1,single
... < 0 DM,8,existing credits paid back duly till now,radio/television,250,... < 100 DM,... < 1 year,2,male,none,2,real estate,20,none,own,1,management / self-employed / highly qualified employee / officer,1,none,yes,1,single
... < 0 DM,22,existing credits paid back duly till now,furniture/equipment,2609,... < 100 DM,1 <= ... < 4 years,1,male,none,3,unknown / no property,21,none,own,1,skilled employee / official,1,"yes, registered under customer's name",yes,2,single
no checking account,24,delay in paying off in the past,education,1625,... < 100 DM,... >= 7 years,4,male,none,4,real estate,35,none,own,1,skilled employee / official,2,"yes, registered under customer's name",yes,1,single
0 <= ... < 200 DM,22,critical account / other credits existing (not at this bank),car (new),1557,... < 100 DM,... < 1 year,4,male,none,2,building society savings agreement / life insurance,28,none,rent,1,skilled employee / official,1,"yes, registered under customer's name",yes,1,single
no checking account,49,existing credits paid back duly till now,car (new),1235,... < 100 DM,... < 1 year,1,male,none,2,building society savings agreement / life insurance,29,none,own,1,skilled employee / official,1,"yes, registered under customer's name",yes,1,single
0 <= ... < 200 DM,19,existing credits paid back duly till now,radio/television,1955,unknown / no savings account,4 <= ... < 7 years,1,male,none,4,real estate,23,none,own,1,skilled employee / official,2,"yes, registered under customer's name",yes,1,single
... < 0 DM,29,existing credits paid back duly till now,car (new),250,... < 100 DM,unemployed,4,male,none,4,real estate,29,none,own,1,management / self-employed / highly qualified employee / officer,1,none,yes,1,married/widowed
no checking account,25,existing credits paid back duly till now,radio/television,2182,... < 100 DM,... < 1 year,2,female,none,2,"car or other, not in savings account",35,none,own,1,skilled employee / official,1,none,yes,2,single
no checking account,25,delay in paying off in the past,car (new),2459,unknown / no savings account,4 <= ... < 7 years,4,female,none,3,unknown / no property,22,bank,for free,1,skilled employee / official,1,none,yes,1,single
0 <= ... < 200 DM,24,critical account / other credits existing (not at this bank),domestic appliances,2771,... < 100 DM,... < 1 year,3,male,none,3,real estate,19,none,own,1,skilled employee / official,1,"yes, registered under customer's name",yes,1,single
0 <= ... < 200 DM,24,existing credits paid back duly till now,business,2133,... < 100 DM,... >= 7 years,1,female,co-applicant,1,real estate,31,none,rent,1,management / self-employed / highly qualified employee / officer,1,"yes, registered under customer's name",yes,1,divorced/separated
... < 0 DM,5,delay in paying off in the past,car (new),1906,... < 100 DM,1 <= ... < 4 years,4,female,none,4,building society savings agreement / life insurance,43,none,own,1,skilled employee / official,1,none,yes,1,single
... < 0 DM,22,existing credits paid back duly till now,car (used),357,... < 100 DM,1 <= ... < 4 years,2,male,none,2,"car or other, not in savings account",38,bank,own,1,skilled employee / official,1,"yes, registered under customer's name",yes,1,single
no checking account,27,existing credits paid back duly till now,radio/television,1775,unknown / no savings account,... < 1 year,1,female,none,2,"car or other, not in savings account",71,none,own,1,skilled employee / official,1,"yes, registered under customer's name",yes,1,single
... >= 200 DM / salary assignments for at least 1 year,13,existing credits paid back duly till now,radio/television,492,500 <= ... < 1000 DM,... >= 7 years,4,male,none,4,building society savings agreement / life insurance,29,none,own,1,management / self-employed / highly qualified employee / officer,1,"yes, registered under customer's name",yes,1,single
0 <= ... < 200 DM,24,existing credits paid back duly till now,radio/television,1200,... < 100 DM,1 <= ... < 4 years,4,female,none,2,"car or other, not in savings account",28,none,own,2,skilled employee / official,1,"yes, registered under customer's name",yes,1,single
... < 0 DM,8,no credits taken / all credits paid back duly,business,3628,unknown / no savings account,unemployed,2,female,none,2,"car or other, not in savings account",37,none,own,1,skilled employee / official,1,none,yes,1,single
no checking account,22,existing credits paid back duly till now,car (new),932,... < 100 DM,1 <= ... < 4 years,4,male,none,4,building society savings agreement / life insurance,34,none,rent,2,unskilled - resident,1,"yes, registered under customer's name",yes,1,single
no checking account,12,existing credits paid back duly till now,radio/television,2230,... >= 1000 DM,1 <= ... < 4 years,4,male,guarantor,2,building society savings agreement / life insurance,31,none,own,1,unskilled - resident,1,"yes, registered under customer's name",yes,1,single
... < 0 DM,29,existing credits paid back duly till now,furniture/equipment,1616,... < 100 DM,... >= 7 years,3,male,none,4,unknown / no property,31,none,own,2,skilled employee / official,1,none,yes,1,married/widowed
no checking account,55,delay in paying off in the past,radio/television,1358,... < 100 DM,... < 1 year,1,male,none,2,building society savings agreement / life insurance,29,bank,for free,1,skilled employee / official,1,"yes, registered under customer's name",yes,1,divorced/separated
0 <= ... < 200 DM,6,critical account / other credits existing (not at this bank),car (new),2916,... < 100 DM,1 <= ... < 4 years,4,female,none,1,real estate,28,none,own,1,skilled employee / official,1,"yes, registered under customer's name",yes,1,divorced/separated
no checking account,28,delay in paying off in the past,business,250,100 <= ... < 500 DM,... >= 7 years,4,male,none,4,real estate,19,none,rent,2,management / self-employed / highly qualified employee / officer,1,none,no,1,single
0 <= ... < 200 DM,28,existing credits paid back duly till now,car (new),250,... < 100 DM,... >= 7 years,4,female,none,2,unknown / no property,67,none,rent,2,skilled employee / official,1,none,yes,1,divorced/separated
no checking account,15,critical account / other credits existing (not at this bank),furniture/equipment,3208,... < 100 DM,... >= 7 years,2,male,none,4,unknown / no property,45,none,for free,1,unskilled - resident,2,none,yes,1,single
no checking account,15,existing credits paid back duly till now,radio/television,250,... >= 1000 DM,... >= 7 years,4,male,none,2,building society savings agreement / life insurance,22,none,own,1,skilled employee / official,2,"yes, registered under customer's name",yes,1,single
... < 0 DM,11,existing credits paid back duly till now,education,1742,100 <= ... < 500 DM,4 <= ... < 7 years,1,male,none,4,"car or other, not in savings account",48,none,own,1,unemployed / unskilled - non-resident,1,none,yes,2,single
0 <= ... < 200 DM,20,critical account / other credits existing (not at this bank),radio/television,250,... < 100 DM,... >= 7 years,2,male,none,3,unknown / no property,44,bank,own,2,unskilled - resident,1,"yes, registered under customer's name",yes,1,single
no checking account,28,existing credits paid back duly till now,education,250,100 <= ... < 500 DM,1 <= ... < 4 years,4,male,none,2,unknown / no property,40,bank,own,1,skilled employee / official,1,"yes, registered under customer's name",yes,1,single
... >= 200 DM / salary assignments for at least 1 year,4,existing credits paid back duly till now,furniture/equipment,250,... < 100 DM,1 <= ... < 4 years,2,male,none,2,"car or other, not in savings account",25,none,own,2,skilled employee / official,1,"yes, registered under customer's name",yes,1,single
... < 0 DM,11,existing credits paid back duly till now,radio/television,599,... < 100 DM,... >= 7 years,2,male,none,1,"car or other, not in savings account",20,none,for free,2,unskilled - resident,1,"yes, registered under customer's name",yes,2,divorced/separated
... < 0 DM,17,existing credits paid back duly till now,car (new),250,... < 100 DM,1 <= ... < 4 years,4,female,none,2,"car or other, not in savings account",21,none,own,2,unskilled - resident,1,none,yes,2,divorced/separated
no checking account,33,existing credits paid back duly till now,business,2738,... < 100 DM,1 <= ... < 4 years,3,male,none,4,real estate,56,none,own,2,skilled employee / official,1,"yes, registered under customer's name",yes,1,divorced/separated
... < 0 DM,23,critical account / other credits existing (not at this bank),car (new),1237,unknown / no savings account,... >= 7 years,3,female,none,3,building society savings agreement / life insurance,27,none,own,2,unskilled - resident,1,none,yes,1,single
... < 0 DM,6,existing credits paid back duly till now,radio/television,1204,... < 100 DM,... >= 7 years,3,male,none,3,"car or other, not in savings account",19,none,own,2,skilled employee / official,1,none,no,1,single
... < 0 DM,23,critical account / other credits existing (not at this bank),car (used),1234,100 <= ... < 500 DM,... >= 7 years,4,female,guarantor,1,building society savings agreement / life insurance,31,stores,own,3,management / self-employed / highly qualified employee / officer,1,none,yes,2,single
... < 0 DM,20,all credits at this bank paid back duly,car (used),250,... < 100 DM,... >= 7 years,2,female,none,2,building society savings agreement / life insurance,25,none,own,2,skilled employee / official,1,none,yes,2,single
0 <= ... < 200 DM,26,existing credits paid back duly till now,car (new),250,... < 100 DM,... >= 7 years,3,female,none,3,"car or other, not in savings account",19,none,own,2,skilled employee / official,1,none,yes,1,single
... < 0 DM,62,delay in paying off in the past,radio/television,250,... >= 1000 DM,... < 1 year,1,male,none,3,"car or other, not in savings account",44,none,own,2,unskilled - resident,1,"yes, registered under customer's name",yes,1,single
... < 0 DM,49,critical account / other credits existing (not at this bank),furniture/equipment,702,... < 100 DM,... < 1 year,4,male,none,4,building society savings agreement / life insurance,46,stores,for free,4,unskilled - resident,1,none,yes,1,divorced/separated
... >= 200 DM / salary assignments for at least 1 year,12,existing credits paid back duly till now,radio/television,520,... < 100 DM,4 <= ... < 7 years,3,male,none,4,"car or other, not in savings account",19,none,own,2,skilled employee / official,1,"yes, registered under customer's name",yes,1,single
0 <= ... < 200 DM,6,critical account / other credits existing (not at this bank),others,250,... < 100 DM,1 <= ... < 4 years,1,male,none,3,building society savings agreement / life insurance,24,bank,for free,2,unskilled - resident,1,"yes, registered under customer's name",yes,1,single
... < 0 DM,24,existing credits paid back duly till now,radio/television,250,unknown / no savings account,1 <= ... < 4 years,4,male,none,4,real estate,48,none,own,1,skilled employee / official,1,none,yes,1,single
... < 0 DM,12,existing credits paid back duly till now,radio/television,250,... < 100 DM,... < 1 year,2,male,none,3,real estate,33,none,own,1,skilled employee / official,1,"yes, registered under customer's name",yes,1,single
no checking account,16,delay in paying off in the past,education,1137,unknown / no savings account,1 <= ... < 4 years,1,male,none,4,building society savings agreement / life insurance,32,none,rent,2,skilled employee / official,1,none,yes,2,single
... < 0 DM,12,existing credits paid back duly till now,car (new),1466,... < 100 DM,... >= 7 years,4,male,none,2,"car or other, not in savings account",33,none,own,1,skilled employee / official,1,none,yes,1,divorced/separated
no checking account,14,existing credits paid back duly till now,car (new),3187,unknown / no savings account,1 <= ... < 4 years,4,male,none,4,"car or other, not in savings account",32,none,own,1,unskilled - resident,1,"yes, registered under customer's name",yes,1,divorced/separated
no checking account,30,existing credits paid back duly till now,business,250,... < 100 DM,1 <= ... < 4 years,4,male,none,2,"car or other, not in savings account",40,none,for free,1,skilled employee / official,1,none,yes,1,single
no checking account,5,existing credits paid back duly till now,furniture/equipment,1007,... < 100 DM,1 <= ... < 4 years,4,male,none,3,unknown / no property,41,none,own,2,unskilled - resident,2,none,yes,2,divorced/separated
... < 0 DM,22,critical account / other credits existing (not at this bank),domestic appliances,4365,... < 100 DM,4 <= ... < 7 years,1,male,none,4,building society savings agreement / life insurance,32,none,own,2,unskilled - resident,2,none,yes,1,single
... < 0 DM,63,delay in paying off in the past,education,250,... < 100 DM,4 <= ... < 7 years,4,male,none,2,building society savings agreement / life insurance,42,none,rent,2,unskilled - resident,1,"yes, registered under customer's name",yes,1,single
... < 0 DM,70,critical account / other credits existing (not at this bank),car (new),10486,... < 100 DM,... < 1 year,4,female,none,3,unknown / no property,26,bank,own,1,skilled employee / official,1,none,yes,1,single
... >= 200 DM / salary assignments for at least 1 year,36,existing credits paid back duly till now,car (used),1780,100 <= ... < 500 DM,1 <= ... < 4 years,4,male,none,1,real estate,30,none,own,1,unskilled - resident,2,"yes, registered under customer's name",yes,2,single
0 <= ... < 200 DM,25,existing credits paid back duly till now,car (used),298,... < 100 DM,1 <= ... < 4 years,1,female,none,2,"car or other, not in savings account",20,none,own,1,skilled employee / official,1,"yes, registered under customer's name",yes,2,divorced/separated
... < 0 DM,17,critical account / other credits existing (not at this bank),radio/television,2610,... < 100 DM,... < 1 year,1,male,none,3,unknown / no property,32,none,for free,2,unskilled - resident,1,none,yes,1,single
0 <= ... < 200 DM,27,existing credits paid back duly till now,radio/television,2192,500 <= ... < 1000 DM,1 <= ... < 4 years,2,male,none,4,unknown / no property,35,none,own,2,skilled employee / official,2,"yes, registered under customer's name",yes,1,divorced/separated
... < 0 DM,27,delay in paying off in the past,car (new),1682,... < 100 DM,1 <= ... < 4 years,4,male,none,2,unknown / no property,33,none,own,2,skilled employee / official,1,none,yes,1,single
0 <= ... < 200 DM,48,delay in paying off in the past,furniture/equipment,2089,... < 100 DM,... < 1 year,4,male,none,3,"car or other, not in savings account",34,none,own,1,skilled employee / official,1,none,yes,1,single
no checking account,28,existing credits paid back duly till now,furniture/equipment,4523,... < 100 DM,1 <= ... < 4 years,3,male,none,1,"car or other, not in savings account",75,none,own,1,skilled employee / official,1,none,yes,1,single
no checking account,7,all credits at this bank paid back duly,business,342,... < 100 DM,1 <= ... < 4 years,3,male,none,1,real estate,24,bank,own,1,skilled employee / official,2,none,yes,1,single
... < 0 DM,27,critical account / other credits existing (not at this bank),car (new),250,... < 100 DM,1 <= ... < 4 years,1,male,none,4,"car or other, not in savings account",49,stores,own,1,skilled employee / official,1,none,yes,1,divorced/separated
... < 0 DM,15,existing credits paid back duly till now,car (new),8839,... < 100 DM,1 <= ... < 4 years,3,male,none,4,real estate,31,bank,own,2,skilled employee / official,1,none,yes,1,married/widowed
... < 0 DM,12,existing credits paid back duly till now,domestic appliances,969,... < 100 DM,1 <= ... < 4 years,4,female,guarantor,2,building society savings agreement / life insurance,39,stores,own,3,unskilled - resident,2,none,yes,1,divorced/separated
no checking account,37,existing credits paid back duly till now,car (new),15527,500 <= ... < 1000 DM,4 <= ... < 7 years,1,male,none,1,building society savings agreement / life insurance,66,none,rent,1,skilled employee / official,2,none,yes,1,divorced/separated
0 <= ... < 200 DM,36,existing credits paid back duly till now,car (new),1510,... < 100 DM,unemployed,3,male,none,4,real estate,28,none,rent,2,unskilled - resident,1,"yes, registered under customer's name",no,2,divorced/separated
... < 0 DM,23,critical account / other credits existing (not at this bank),furniture/equipment,250,... < 100 DM,... >= 7 years,2,male,none,4,unknown / no property,22,none,own,1,unskilled - resident,1,"yes, registered under customer's name",yes,1,divorced/separated
... < 0 DM,26,critical account / other credits existing (not at this bank),radio/television,10592,... < 100 DM,... < 1 year,1,male,none,2,building society savings agreement / life insurance,23,none,for free,1,skilled employee / official,1,none,yes,1,divorced/separated
... < 0 DM,26,critical account / other credits existing (not at this bank),radio/television,3605,... < 100 DM,1 <= ... < 4 years,4,female,none,3,unknown / no property,32,none,for free,2,management / self-employed / highly qualified employee / officer,1,"yes, registered under customer's name",yes,1,single
0 <= ... < 200 DM,26,critical account / other credits existing (not at this bank),business,3013,unknown / no savings account,4 <= ... < 7 years,2,male,none,1,"car or other, not in savings account",41,none,own,1,skilled employee / official,1,none,yes,2,single
0 <= ... < 200 DM,14,existing credits paid back duly till now,radio/television,11907,... < 100 DM,... < 1 year,4,male,none,4,"car or other, not in savings account",26,none,own,1,skilled employee / official,1,none,yes,1,divorced/separated
no checking account,22,existing credits paid back duly till now,radio/television,250,unknown / no savings account,... >= 7 years,2,female,none,1,unknown / no property,29,bank,own,1,skilled employee / official,2,"yes, registered under customer's name",yes,2,married/widowed
no checking account,4,no credits taken / all credits paid back duly,car (new),1684,... < 100 DM,4 <= ... < 7 years,2,male,none,1,unknown / no property,41,none,for free,1,skilled employee / official,1,none,yes,2,single
... >= 200 DM / salary assignments for at least 1 year,27,critical account / other credits existing (not at this bank),car (new),250,... < 100 DM,... >= 7 years,4,female,none,1,building society savings agreement / life insurance,22,bank,own,1,skilled employee / official,1,none,yes,2,divorced/separated
... < 0 DM,21,existing credits paid back duly till now,car (used),250,500 <= ... < 1000 DM,1 <= ... < 4 years,3,female,none,1,building society savings agreement / life insurance,21,none,own,1,skilled employee / official,2,none,yes,1,single
no checking account,53,critical account / other credits existing (not at this bank),car (used),9303,... < 100 DM,1 <= ... < 4 years,4,female,none,4,unknown / no property,41,none,for free,1,skilled employee / official,1,none,no,2,single
... >= 200 DM / salary assignments for at least 1 year,23,critical account / other credits existing (not at this bank),car (new),1841,... < 100 DM,4 <= ... < 7 years,1,male,none,1,"car or other, not in savings account",75,none,for free,1,unskilled - resident,1,"yes, registered under customer's name",yes,1,single
... < 0 DM,21,existing credits paid back duly till now,car (used),250,... < 100 DM,1 <= ... < 4 years,4,male,none,2,real estate,19,bank,own,1,unskilled - resident,1,none,yes,1,single
... < 0 DM,26,no credits taken / all credits paid back duly,furniture/equipment,1099,... < 100 DM,... >= 7 years,1,male,none,2,building society savings agreement / life insurance,26,none,own,1,unskilled - resident,1,"yes, registered under customer's name",yes,1,single
0 <= ... < 200 DM,27,existing credits paid back duly till now,car (new),1617,... < 100 DM,... >= 7 years,1,female,none,1,unknown / no property,31,none,rent,2,skilled employee / official,1,"yes, registered under customer's name",yes,1,married/widowed
... < 0 DM,29,existing credits paid back duly till now,furniture/equipment,2730,... < 100 DM,... < 1 year,4,male,none,2,unknown / no property,47,none,own,3,skilled employee / official,1,none,yes,1,single
... < 0 DM,27,existing credits paid back duly till now,radio/television,342,100 <= ... < 500 DM,1 <= ... < 4 years,4,male,guarantor,3,"car or other, not in savings account",49,none,own,1,unskilled - resident,1,none,yes,1,single
... < 0 DM,29,existing credits paid back duly till now,radio/television,2847,... < 100 DM,1 <= ... < 4 years,4,male,none,3,building society savings agreement / life insurance,21,none,own,1,skilled employee / official,1,none,yes,1,single
... < 0 DM,20,existing credits paid back duly till now,car (new),469,... < 100 DM,... < 1 year,4,male,none,3,real estate,26,none,own,1,skilled employee / official,2,none,yes,2,single
no checking account,22,no credits taken / all credits paid back duly,furniture/equipment,250,... < 100 DM,... < 1 year,4,male,none,2,building society savings agreement / life insurance,38,none,own,1,management / self-employed / highly qualified employee / officer,1,none,yes,2,single
... < 0 DM,5,existing credits paid back duly till now,business,746,unknown / no savings account,4 <= ... < 7 years,3,male,none,4,real estate,26,none,own,1,management / self-employed / highly qualified employee / officer,1,none,yes,1,single
0 <= ... < 200 DM,10,existing credits paid back duly till now,car (new),2661,100 <= ... < 500 DM,unemployed,4,male,none,3,"car or other, not in savings account",50,none,own,1,skilled employee / official,1,"yes, registered under customer's name",yes,1,married/widowed
... >= 200 DM / salary assignments for at least 1 year,28,existing credits paid back duly till now,furniture/equipment,1977,... < 100 DM,unemployed,4,female,none,2,real estate,34,none,rent,1,unskilled - resident,1,"yes, registered under customer's name",yes,1,married/widowed
0 <= ... < 200 DM,32,existing credits paid back duly till now,car (new),1915,... < 100 DM,1 <= ... < 4 years,1,male,none,4,building society savings agreement / life insurance,30,none,rent,2,management / self-employed / highly qualified employee / officer,2,none,yes,2,divorced/separated
... < 0 DM,22,critical account / other credits existing (not at this bank),radio/television,1045,... < 100 DM,... < 1 year,4,female,none,4,"car or other, not in savings account",75,stores,own,1,skilled employee / official,2,"yes, registered under customer's name",yes,2,divorced/separated
no checking account,15,existing credits paid back duly till now,car (new),250,... < 100 DM,... >= 7 years,4,male,none,4,"car or other, not in savings account",25,none,own,1,unskilled - resident,1,none,yes,1,single
... < 0 DM,19,delay in paying off in the past,education,2518,... >= 1000 DM,1 <= ... < 4 years,2,male,none,4,unknown / no property,44,none,own,1,unskilled - resident,1,none,yes,1,single
no checking account,24,critical account / other credits existing (not at this bank),radio/television,373,... < 100 DM,... < 1 year,4,male,none,3,"car or other, not in savings account",37,none,for free,1,unskilled - resident,1,none,yes,1,married/widowed
... < 0 DM,27,delay in paying off in the past,furniture/equipment,2671,... < 100 DM,unemployed,3,male,none,1,unknown / no property,73,none,for free,1,unskilled - resident,1,"yes, registered under customer's name",yes,1,single
0 <= ... < 200 DM,14,all credits at this bank paid back duly,car (new),3070,unknown / no savings account,... >= 7 years,3,male,none,2,building society savings agreement / life insurance,36,stores,own,2,skilled employee / official,2,none,yes,1,divorced/separated
no checking account,43,critical account / other credits existing (not at this bank),furniture/equipment,250,... < 100 DM,4 <= ... < 7 years,2,male,none,3,"car or other, not in savings account",24,none,own,2,unskilled - resident,1,"yes, registered under customer's name",yes,1,single
0 <= ... < 200 DM,25,existing credits paid back duly till now,car (new),1384,... >= 1000 DM,... < 1 year,2,female,none,4,building society savings agreement / life insurance,52,bank,own,1,management / self-employed / highly qualified employee / officer,1,none,yes,1,single
no checking account,28,critical account / other credits existing (not at this bank),car (new),4624,... < 100 DM,4 <= ... < 7 years,2,female,none,1,"car or other, not in savings account",21,stores,own,1,skilled employee / official,2,"yes, registered under customer's name",yes,2,divorced/separated
... < 0 DM,20,existing credits paid back duly till now,furniture/equipment,250,... < 100 DM,4 <= ... < 7 years,2,female,none,4,real estate,30,none,own,1,skilled employee / official,1,none,yes,2,divorced/separated
0 <= ... < 200 DM,25,existing credits paid back duly till now,car (new),889,... < 100 DM,... >= 7 years,4,male,none,3,unknown / no property,19,none,own,1,skilled employee / official,1,"yes, registered under customer's name",yes,1,single
... < 0 DM,23,existing credits paid back duly till now,furniture/equipment,1195,100 <= ... < 500 DM,1 <= ... < 4 years,3,male,none,4,unknown / no property,48,bank,for free,1,skilled employee / official,1,"yes, registered under customer's name",yes,1,divorced/separated
... >= 200 DM / salary assignments for at least 1 year,11,delay in paying off in the past,furniture/equipment,250,... < 100 DM,1 <= ... < 4 years,4,male,none,2,real estate,19,none,own,2,skilled employee / official,2,none,yes,1,divorced/separated
no checking account,37,no credits taken / all credits paid back duly,furniture/equipment,616,unknown / no savings account,4 <= ... < 7 years,2,male,none,2,real estate,44,none,own,2,unskilled - resident,1,none,yes,1,single
0 <= ... < 200 DM,16,critical account / other credits existing (not at this bank),furniture/equipment,1529,100 <= ... < 500 DM,1 <= ... < 4 years,3,female,none,4,building society savings agreement / life insurance,19,stores,for free,1,skilled employee / official,1,"yes, registered under customer's name",yes,2,single
... < 0 DM,21,all credits at this bank paid back duly,radio/television,250,500 <= ... < 1000 DM,1 <= ... < 4 years,2,male,co-applicant,4,building society savings agreement / life insurance,60,stores,own,1,management / self-employed / highly qualified employee / officer,1,"yes, registered under customer's name",yes,2,single
0 <= ... < 200 DM,24,existing credits paid back duly till now,car (new),2062,... < 100 DM,... < 1 year,4,male,co-applicant,2,unknown / no property,19,none,for free,1,skilled employee / official,1,none,yes,1,single
0 <= ... < 200 DM,22,existing credits paid back duly till now,car (new),2888,unknown / no savings account,unemployed,2,male,co-applicant,1,"car or other, not in savings account",27,none,own,4,skilled employee / official,2,"yes, registered under customer's name",yes,1,divorced/separated
no checking account,29,existing credits paid back duly till now,car (new),462,... >= 1000 DM,1 <= ... < 4 years,4,female,none,4,unknown / no property,35,none,own,2,unemployed / unskilled - non-resident,2,"yes, registered under customer's name",yes,1,divorced/separated
no checking account,25,existing credits paid back duly till now,repairs,250,... < 100 DM,unemployed,1,male,none,4,"car or other, not in savings account",72,none,for free,4,skilled employee / official,2,"yes, registered under customer's name",yes,1,single
0 <= ... < 200 DM,4,existing credits paid back duly till now,car (new),250,unknown / no savings account,4 <= ... < 7 years,4,female,none,2,unknown / no property,33,none,own,2,skilled employee / official,2,"yes, registered under customer's name",yes,1,single
no checking account,27,critical account / other credits existing (not at this bank),car (new),250,100 <= ... < 500 DM,... >= 7 years,1,male,none,2,"car or other, not in savings account",24,none,own,1,unskilled - resident,2,none,yes,1,married/widowed
no checking account,23,delay in paying off in the past,car (used),1566,... < 100 DM,unemployed,4,male,none,3,building society savings agreement / life insurance,34,none,rent,1,skilled employee / official,1,"yes, registered under customer's name",yes,1,divorced/separated
no checking account,26,existing credits paid back duly till now,furniture/equipment,537,... < 100 DM,4 <= ... < 7 years,4,male,none,3,"car or other, not in savings account",47,none,rent,1,skilled employee / official,1,none,yes,2,divorced/separated
no checking account,26,critical account / other credits existing (not at this bank),car (new),3329,500 <= ... < 1000 DM,... >= 7 years,4,male,guarantor,2,"car or other, not in savings account",50,none,rent,2,management / self-employed / highly qualified employee / officer,1,none,yes,2,single
no checking account,16,critical account / other credits existing (not at this bank),radio/television,679,500 <= ... < 1000 DM,... >= 7 years,4,male,none,4,building society savings agreement / life insurance,29,none,own,2,unskilled - resident,1,"yes, registered under customer's name",yes,1,single
0 <= ... < 200 DM,12,existing credits paid back duly till now,car (new),250,... < 100 DM,1 <= ... < 4 years,2,female,none,1,unknown / no property,33,none,own,1,unskilled - resident,1,none,yes,2,single
0 <= ... < 200 DM,26,all credits at this bank paid back duly,car (new),250,... < 100 DM,4 <= ... < 7 years,4,male,co-applicant,4,"car or other, not in savings account",35,none,own,1,unskilled - resident,2,"yes, registered under customer's name",yes,1,divorced/separated
... < 0 DM,19,existing credits paid back duly till now,car (new),1335,unknown / no savings account,1 <= ... < 4 years,4,female,none,2,unknown / no property,21,bank,own,2,skilled employee / official,1,none,yes,1,single
no checking account,21,existing credits paid back duly till now,furniture/equipment,640,unknown / no savings account,... >= 7 years,3,male,guarantor,4,real estate,36,none,rent,1,skilled employee / official,1,"yes, registered under customer's name",yes,1,married/widowed
0 <= ... < 200 DM,19,critical account / other credits existing (not at this bank),radio/television,3175,unknown / no savings account,1 <= ... < 4 years,2,male,none,1,building society savings agreement / life insurance,31,none,own,2,skilled employee / official,2,"yes, registered under customer's name",yes,1,single
... < 0 DM,7,delay in paying off in the past,furniture/equipment,261,... < 100 DM,... < 1 year,4,male,none,2,unknown / no property,30,none,own,1,skilled employee / official,2,none,yes,2,single
0 <= ... < 200 DM,72,critical account / other credits existing (not at this bank),furniture/equipment,304,... < 100 DM,4 <= ... < 7 years,3,male,none,3,real estate,32,none,rent,2,unskilled - resident,1,none,yes,1,single
... < 0 DM,20,existing credits paid back duly till now,car (new),250,... < 100 DM,1 <= ... < 4 years,3,female,none,4,"car or other, not in savings account",21,none,rent,2,unskilled - resident,1,none,yes,1,married/widowed
0 <= ... < 200 DM,56,critical account / other credits existing (not at this bank),furniture/equipment,1530,... >= 1000 DM,4 <= ... < 7 years,3,female,none,3,real estate,42,none,own,2,skilled employee / official,1,"yes, registered under customer's name",yes,1,single
no checking account,27,critical account / other credits existing (not at this bank),furniture/equipment,4672,... < 100 DM,... < 1 year,2,male,none,3,real estate,26,none,own,1,management / self-employed / highly qualified employee / officer,1,"yes, registered under customer's name",yes,2,divorced/separated
no checking account,29,delay in paying off in the past,radio/television,1485,unknown / no savings account,... < 1 year,4,female,none,2,"car or other, not in savings account",23,none,own,1,unskilled - resident,1,none,yes,2,divorced/separated
... >= 200 DM / salary assignments for at least 1 year,22,all credits at this bank paid back duly,radio/television,956,unknown / no savings account,... >= 7 years,2,male,none,2,building society savings agreement / life insurance,44,none,own,1,skilled employee / official,1,none,yes,1,divorced/separated
no checking account,69,existing credits paid back duly till now,furniture/equipment,653,... < 100 DM,... < 1 year,4,female,none,2,building society savings agreement / life insurance,31,none,own,1,unskilled - resident,1,"yes, registered under customer's name",no,1,single
... < 0 DM,23,delay in paying off in the past,car (used),5241,... < 100 DM,unemployed,4,female,none,1,real estate,27,stores,own,2,skilled employee / official,1,none,yes,1,single
... < 0 DM,26,critical account / other credits existing (not at this bank),radio/television,398,unknown / no savings account,... < 1 year,4,female,none,3,real estate,22,none,rent,2,skilled employee / official,2,"yes, registered under customer's name",yes,2,divorced/separated
no checking account,15,existing credits paid back duly till now,car (new),2081,unknown / no savings account,... >= 7 years,2,female,none,4,real estate,40,none,own,1,management / self-employed / highly qualified employee / officer,1,none,yes,1,single
0 <= ... < 200 DM,24,all credits at this bank paid back duly,education,250,... < 100 DM,1 <= ... < 4 years,4,female,none,2,real estate,23,none,own,2,skilled employee / official,2,none,yes,2,divorced/separated
... < 0 DM,23,existing credits paid back duly till now,furniture/equipment,1239,... < 100 DM,... < 1 year,2,male,none,2,unknown / no property,33,none,own,1,skilled employee / official,1,none,yes,2,single
no checking account,23,existing credits paid back duly till now,car (new),729,100 <= ... < 500 DM,... < 1 year,1,male,none,2,building society savings agreement / life insurance,19,none,own,1,unskilled - resident,1,"yes, registered under customer's name",yes,1,single
no checking account,26,existing credits paid back duly till now,radio/television,3233,... < 100 DM,... < 1 year,4,male,none,4,"car or other, not in savings account",31,none,for free,2,skilled employee / official,1,none,yes,1,single
... >= 200 DM / salary assignments for at least 1 year,27,critical account / other credits existing (not at this bank),car (used),2475,unknown / no savings account,4 <= ... < 7 years,3,female,co-applicant,4,"car or other, not in savings account",21,bank,own,2,skilled employee / official,1,none,yes,1,single
no checking account,44,existing credits paid back duly till now,furniture/equipment,250,... >= 1000 DM,1 <= ... < 4 years,4,male,none,3,building society savings agreement / life insurance,70,none,for free,2,management / self-employed / highly qualified employee / officer,1,"yes, registered under customer's name",yes,1,divorced/separated
0 <= ... < 200 DM,6,existing credits paid back duly till now,car (used),7731,100 <= ... < 500 DM,1 <= ... < 4 years,3,male,none,4,"car or other, not in savings account",48,none,for free,2,unemployed / unskilled - non-resident,1,none,yes,2,single
0 <= ... < 200 DM,21,existing credits paid back duly till now,furniture/equipment,646,... < 100 DM,1 <= ... < 4 years,4,male,none,2,real estate,47,none,rent,2,management / self-employed / highly qualified employee / officer,1,"yes, registered under customer's name",yes,1,divorced/separated
no checking account,9,existing credits paid back duly till now,furniture/equipment,1567,unknown / no savings account,1 <= ... < 4 years,4,male,none,2,real estate,35,none,own,1,unskilled - resident,1,none,no,1,married/widowed
... < 0 DM,25,existing credits paid back duly till now,radio/television,2636,unknown / no savings account,... >= 7 years,2,male,none,2,building society savings agreement / life insurance,35,none,for free,1,management / self-employed / highly qualified employee / officer,2,"yes, registered under customer's name",yes,1,single
... >= 200 DM / salary assignments for at least 1 year,23,existing credits paid back duly till now,repairs,250,unknown / no savings account,... >= 7 years,1,female,none,1,real estate,22,stores,own,1,skilled employee / official,1,"yes, registered under customer's name",yes,1,single
0 <= ... < 200 DM,25,critical account / other credits existing (not at this bank),radio/television,2551,unknown / no savings account,1 <= ... < 4 years,4,male,none,4,"car or other, not in savings account",59,none,rent,2,skilled employee / official,2,none,no,1,single
... < 0 DM,18,existing credits paid back duly till now,radio/television,250,... < 100 DM,1 <= ... < 4 years,1,male,none,4,real estate,32,none,own,1,skilled employee / official,1,none,yes,1,single
0 <= ... < 200 DM,10,existing credits paid back duly till now,radio/television,601,... >= 1000 DM,... >= 7 years,2,male,co-applicant,1,real estate,24,none,own,2,skilled employee / official,2,"yes, registered under customer's name",yes,1,divorced/separated
no checking account,24,delay in paying off in the past,car (new),1791,unknown / no savings account,... >= 7 years,2,female,none,3,unknown / no property,31,none,for free,1,skilled employee / official,1,none,yes,1,divorced/separated
no checking account,23,existing credits paid back duly till now,radio/television,250,... < 100 DM,4 <= ... < 7 years,3,male,none,4,"car or other, not in savings account",32,none,own,1,skilled employee / official,1,none,yes,2,divorced/separated
no checking account,28,existing credits paid back duly till now,furniture/equipment,689,... >= 1000 DM,4 <= ... < 7 years,2,female,none,4,unknown / no property,28,none,own,4,management / self-employed / highly qualified employee / officer,2,none,yes,1,single
... < 0 DM,27,critical account / other credits existing (not at this bank),car (used),8828,... < 100 DM,... >= 7 years,4,male,none,4,"car or other, not in savings account",25,none,own,1,skilled employee / official,1,none,yes,1,married/widowed
... < 0 DM,24,existing credits paid back duly till now,radio/television,8286,unknown / no savings account,1 <= ... < 4 years,2,male,none,2,"car or other, not in savings account",70,none,own,2,skilled employee / official,1,"yes, registered under customer's name",yes,1,single
... < 0 DM,11,existing credits paid back duly till now,radio/television,1348,... < 100 DM,4 <= ... < 7 years,3,male,none,4,"car or other, not in savings account",75,none,for free,2,management / self-employed / highly qualified employee / officer,2,none,yes,1,divorced/separated
... < 0 DM,27,critical account / other credits existing (not at this bank),furniture/equipment,3718,... < 100 DM,1 <= ... < 4 years,1,female,none,4,"car or other, not in savings account",19,bank,own,1,unskilled - resident,1,"yes, registered under customer's name",yes,1,single
0 <= ... < 200 DM,5,critical account / other credits existing (not at this bank),radio/television,2822,... >= 1000 DM,... >= 7 years,4,male,none,2,unknown / no property,19,none,own,2,skilled employee / official,1,none,yes,2,married/widowed
no checking account,41,existing credits paid back duly till now,car (new),7771,... < 100 DM,... >= 7 years,3,female,none,4,real estate,74,none,rent,2,skilled employee / official,1,"yes, registered under customer's name",yes,1,married/widowed
no checking account,23,delay in paying off in the past,car (new),5652,... < 100 DM,1 <= ... < 4 years,2,male,none,2,unknown / no property,31,none,own,2,management / self-employed / highly qualified employee / officer,1,"yes, registered under customer's name",no,2,divorced/separated
no checking account,42,critical account / other credits existing (not at this bank),furniture/equipment,429,... >= 1000 DM,1 <= ... < 4 years,1,male,none,4,building society savings agreement / life insurance,23,none,own,2,skilled employee / official,1,"yes, registered under customer's name",yes,2,single
0 <= ... < 200 DM,23,critical account / other credits existing (not at this bank),car (new),250,... < 100 DM,1 <= ... < 4 years,1,female,co-applicant,4,unknown / no property,30,bank,own,1,skilled employee / official,1,"yes, registered under customer's name",yes,1,divorced/separated
no checking account,25,existing credits paid back duly till now,car (used),727,... >= 1000 DM,1 <= ... < 4 years,3,male,none,1,building society savings agreement / life insurance,19,stores,own,1,skilled employee / official,1,none,yes,2,single
... < 0 DM,38,existing credits paid back duly till now,business,2959,... < 100 DM,... >= 7 years,2,female,none,4,building society savings agreement / life insurance,32,none,own,2,skilled employee / official,2,none,yes,1,single
... >= 200 DM / salary assignments for at least 1 year,23,delay in paying off in the past,domestic appliances,5615,500 <= ... < 1000 DM,... >= 7 years,1,male,none,4,real estate,24,none,own,1,skilled employee / official,1,"yes, registered under customer's name",yes,1,divorced/separated
... < 0 DM,18,critical account / other credits existing (not at this bank),car (used),9592,unknown / no savings account,1 <= ... < 4 years,3,male,none,3,real estate,46,none,own,2,management / self-employed / highly qualified employee / officer,1,none,no,1,single
0 <= ... < 200 DM,25,no credits taken / all credits paid back duly,radio/television,2057,... < 100 DM,unemployed,4,male,none,2,"car or other, not in savings account",57,none,own,1,unskilled - resident,2,none,yes,2,divorced/separated
0 <= ... < 200 DM,10,existing credits paid back duly till now,car (new),569,... < 100 DM,... >= 7 years,1,male,none,2,real estate,27,bank,own,1,skilled employee / official,1,"yes, registered under customer's name",yes,1,divorced/separated
no checking account,12,critical account / other credits existing (not at this bank),business,2870,... < 100 DM,1 <= ... < 4 years,4,male,none,4,real estate,30,none,own,2,skilled employee / official,1,"yes, registered under customer's name",yes,2,single
... < 0 DM,13,critical account / other credits existing (not at this bank),radio/television,4953,... < 100 DM,1 <= ... < 4 years,4,female,none,4,"car or other, not in savings account",52,none,own,1,skilled employee / official,1,"yes, registered under customer's name",yes,2,single
... < 0 DM,4,no credits taken / all credits paid back duly,radio/television,250,100 <= ... < 500 DM,unemployed,2,female,none,4,building society savings agreement / life insurance,35,none,own,2,unskilled - resident,1,"yes, registered under customer's name",yes,2,single
... < 0 DM,26,no credits taken / all credits paid back duly,furniture/equipment,391,500 <= ... < 1000 DM,4 <= ... < 7 years,2,male,none,3,building society savings agreement / life insurance,27,none,for free,1,skilled employee / official,1,"yes, registered under customer's name",yes,1,divorced/separated
0 <= ... < 200 DM,30,existing credits paid back duly till now,furniture/equipment,1464,... < 100 DM,... >= 7 years,4,male,none,1,real estate,40,none,own,2,skilled employee / official,1,"yes, registered under customer's name",yes,2,divorced/separated
no checking account,17,existing credits paid back duly till now,radio/television,1453,... < 100 DM,1 <= ... < 4 years,4,female,none,3,"car or other, not in savings account",75,bank,own,1,skilled employee / official,2,"yes, registered under customer's name",yes,1,married/widowed
no checking account,5,critical account / other credits existing (not at this bank),furniture/equipment,250,unknown / no savings account,1 <= ... < 4 years,4,female,none,4,real estate,21,none,own,1,skilled employee / official,1,"yes, registered under customer's name",yes,1,single
... < 0 DM,23,existing credits paid back duly till now,radio/television,2942,... < 100 DM,4 <= ... < 7 years,2,female,none,2,unknown / no property,63,none,for free,1,management / self-employed / highly qualified employee / officer,2,none,yes,1,single
... < 0 DM,15,delay in paying off in the past,radio/television,3341,100 <= ... < 500 DM,1 <= ... < 4 years,4,male,guarantor,2,building society savings agreement / life insurance,21,stores,rent,2,skilled employee / official,2,none,yes,1,single
0 <= ... < 200 DM,18,existing credits paid back duly till now,retraining,1046,... >= 1000 DM,... >= 7 years,4,male,none,2,unknown / no property,22,none,own,1,skilled employee / official,1,none,yes,1,divorced/separated
no checking account,25,critical account / other credits existing (not at this bank),education,420,... < 100 DM,4 <= ... < 7 years,4,male,none,4,real estate,59,none,own,1,skilled employee / official,1,"yes, registered under customer's name",yes,1,single
... < 0 DM,10,critical account / other credits existing (not at this bank),business,7075,... < 100 DM,4 <= ... < 7 years,4,female,none,4,"car or other, not in savings account",19,none,own,2,skilled employee / official,1,none,yes,1,divorced/separated
... < 0 DM,4,delay in paying off in the past,furniture/equipment,2554,... < 100 DM,1 <= ... < 4 years,4,male,none,4,real estate,62,none,own,2,skilled employee / official,2,"yes, registered under customer's name",yes,1,married/widowed
... >= 200 DM / salary assignments for at least 1 year,21,existing credits paid back duly till now,retraining,2821,... < 100 DM,... >= 7 years,4,male,none,4,real estate,20,none,rent,1,skilled employee / official,1,none,yes,1,single
no checking account,26,existing credits paid back duly till now,car (new),2760,... < 100 DM,... < 1 year,4,female,none,2,real estate,38,none,own,1,skilled employee / official,1,none,yes,1,single
0 <= ... < 200 DM,24,critical account / other credits existing (not at this bank),furniture/equipment,1075,... < 100 DM,... < 1 year,1,male,guarantor,2,unknown / no property,41,none,own,2,skilled employee / official,1,none,yes,1,married/widowed
0 <= ... < 200 DM,27,all credits at this bank paid back duly,furniture/equipment,901,... >= 1000 DM,4 <= ... < 7 years,4,female,none,3,building society savings agreement / life insurance,19,none,own,1,skilled employee / official,1,"yes, registered under customer's name",yes,1,single
... < 0 DM,27,critical account / other credits existing (not at this bank),education,2236,... < 100 DM,4 <= ... < 7 years,2,male,none,4,"car or other, not in savings account",30,none,rent,1,skilled employee / official,1,"yes, registered under customer's name",yes,1,single
... < 0 DM,22,critical account / other credits existing (not at this bank),car (new),931,... < 100 DM,1 <= ... < 4 years,1,male,co-applicant,2,"car or other, not in savings account",21,none,own,2,skilled employee / official,2,"yes, registered under customer's name",yes,1,divorced/separated
no checking account,19,critical account / other credits existing (not at this bank),car (used),1103,... < 100 DM,... >= 7 years,4,male,none,2,real estate,75,bank,for free,1,skilled employee / official,2,none,yes,2,single
no checking account,4,no credits taken / all credits paid back duly,car (used),250,unknown / no savings account,1 <= ... < 4 years,4,male,none,2,building society savings agreement / life insurance,19,none,own,1,unemployed / unskilled - non-resident,1,none,yes,1,single
... < 0 DM,30,existing credits paid back duly till now,car (used),4155,500 <= ... < 1000 DM,4 <= ... < 7 years,4,male,co-applicant,4,building society savings agreement / life insurance,30,none,own,2,skilled employee / official,1,"yes, registered under customer's name",yes,2,single
... < 0 DM,22,critical account / other credits existing (not at this bank),car (used),2618,100 <= ... < 500 DM,1 <= ... < 4 years,1,male,none,4,real estate,49,none,own,2,skilled employee / official,1,none,yes,1,single
no checking account,72,existing credits paid back duly till now,car (new),4677,... < 100 DM,1 <= ... < 4 years,2,female,none,2,unknown / no property,59,none,for free,1,management / self-employed / highly qualified employee / officer,1,"yes, registered under customer's name",yes,2,divorced/separated
no checking account,22,existing credits paid back duly till now,furniture/equipment,1901,500 <= ... < 1000 DM,... < 1 year,2,female,none,4,"car or other, not in savings account",26,none,own,1,skilled employee / official,2,"yes, registered under customer's name",no,1,single
... < 0 DM,28,delay in paying off in the past,car (used),621,unknown / no savings account,... >= 7 years,4,male,guarantor,4,building society savings agreement / life insurance,22,bank,own,1,management / self-employed / highly qualified employee / officer,2,"yes, registered under customer's name",yes,1,divorced/separated
0 <= ... < 200 DM,27,all credits at this bank paid back duly,radio/television,1455,unknown / no savings account,... >= 7 years,4,male,none,2,unknown / no property,30,none,own,1,skilled employee / official,1,"yes, registered under customer's name",yes,2,single
0 <= ... < 200 DM,66,existing credits paid back duly till now,car (used),5392,100 <= ... < 500 DM,1 <= ... < 4 years,4,male,none,4,"car or other, not in savings account",32,none,own,2,management / self-employed / highly qualified employee / officer,1,"yes, registered under customer's name",yes,2,divorced/separated
no checking account,17,existing credits paid back duly till now,furniture/equipment,5060,... < 100 DM,... >= 7 years,1,female,none,2,"car or other, not in savings account",30,none,own,1,skilled employee / official,2,none,yes,1,single
... < 0 DM,21,existing credits paid back duly till now,radio/television,1869,... < 100 DM,4 <= ... < 7 years,4,male,none,2,"car or other, not in savings account",24,none,own,1,skilled employee / official,2,none,yes,2,single
no checking account,26,existing credits paid back duly till now,radio/television,258,... < 100 DM,... < 1 year,3,female,none,1,"car or other, not in savings account",26,bank,own,3,management / self-employed / highly qualified employee / officer,1,none,yes,1,divorced/separated
0 <= ... < 200 DM,37,critical account / other credits existing (not at this bank),radio/television,8921,... < 100 DM,4 <= ... < 7 years,4,male,none,4,real estate,70,none,own,2,skilled employee / official,2,none,yes,1,married/widowed
no checking account,27,delay in paying off in the past,radio/television,2351,... < 100 DM,1 <= ... < 4 years,4,male,none,1,"car or other, not in savings account",38,bank,own,2,skilled employee / official,1,"yes, registered under customer's name",yes,1,single
no checking account,35,all credits at this bank paid back duly,furniture/equipment,2487,500 <= ... < 1000 DM,1 <= ... < 4 years,2,male,none,1,unknown / no property,28,bank,own,1,skilled employee / official,1,none,yes,1,married/widowed
... < 0 DM,25,critical account / other credits existing (not at this bank),business,1514,... < 100 DM,... < 1 year,1,male,none,4,"car or other, not in savings account",32,none,own,1,skilled employee / official,1,none,yes,1,single
... < 0 DM,24,all credits at this bank paid back duly,furniture/equipment,1555,... < 100 DM,4 <= ... < 7 years,1,male,none,2,building society savings agreement / life insurance,24,bank,own,1,unskilled - resident,1,"yes, registered under customer's name",yes,2,divorced/separated
no checking account,4,existing credits paid back duly till now,furniture/equipment,250,... >= 1000 DM,1 <= ... < 4 years,4,male,none,3,building society savings agreement / life insurance,33,none,own,1,skilled employee / official,2,none,yes,2,divorced/separated
0 <= ... < 200 DM,26,existing credits paid back duly till now,business,2319,... < 100 DM,4 <= ... < 7 years,4,female,none,2,"car or other, not in savings account",38,none,own,1,skilled employee / official,2,none,no,1,single
no checking account,22,all credits at this bank paid back duly,radio/television,250,... < 100 DM,1 <= ... < 4 years,3,female,none,4,real estate,22,none,own,2,skilled employee / official,1,none,yes,2,single
no checking account,17,existing credits paid back duly till now,car (used),2975,... < 100 DM,1 <= ... < 4 years,4,male,none,3,real estate,54,none,for free,1,skilled employee / official,1,"yes, registered under customer's name",yes,2,single
... < 0 DM,25,existing credits paid back duly till now,radio/television,672,... < 100 DM,... >= 7 years,2,male,none,3,"car or other, not in savings account",19,none,own,3,skilled employee / official,2,none,yes,2,single
... < 0 DM,25,critical account / other credits existing (not at this bank),furniture/equipment,1051,100 <= ... < 500 DM,1 <= ... < 4 years,4,male,none,3,"car or other, not in savings account",25,none,own,2,skilled employee / official,1,none,yes,1,single
... < 0 DM,28,no credits taken / all credits paid back duly,others,250,... < 100 DM,4 <= ... < 7 years,4,male,none,4,building society savings agreement / life insurance,19,none,own,2,skilled employee / official,1,"yes, registered under customer's name",yes,1,married/widowed
... < 0 DM,27,existing credits paid back duly till now,education,250,... < 100 DM,... >= 7 years,2,male,none,4,real estate,29,bank,own,2,unskilled - resident,2,none,yes,1,divorced/separated
... < 0 DM,22,critical account / other credits existing (not at this bank),car (new),1208,... < 100 DM,1 <= ... < 4 years,4,male,none,2,"car or other, not in savings account",19,none,rent,1,skilled employee / official,1,none,yes,1,single
... >= 200 DM / salary assignments for at least 1 year,46,delay in paying off in the past,radio/television,1606,... < 100 DM,4 <= ... < 7 years,3,female,none,4,real estate,26,none,own,1,skilled employee / official,1,"yes, registered under customer's name",yes,2,married/widowed
0 <= ... < 200 DM,29,no credits taken / all credits paid back duly,car (used),489,unknown / no savings account,1 <= ... < 4 years,4,female,none,2,"car or other, not in savings account",45,none,rent,1,management / self-employed / highly qualified employee / officer,1,none,yes,1,single
0 <= ... < 200 DM,19,existing credits paid back duly till now,car (used),1543,... < 100 DM,... < 1 year,4,female,none,3,"car or other, not in savings account",19,none,own,1,skilled employee / official,1,none,yes,1,divorced/separated
... < 0 DM,20,existing credits paid back duly till now,radio/television,909,unknown / no savings account,... < 1 year,4,male,none,2,building society savings agreement / life insurance,21,none,own,2,skilled employee / official,1,none,yes,1,divorced/separated
no checking account,31,existing credits paid back duly till now,business,250,... < 100 DM,... < 1 year,3,male,none,2,real estate,27,none,own,1,unskilled - resident,1,"yes, registered under customer's name",yes,1,single
0 <= ... < 200 DM,25,all credits at this bank paid back duly,radio/television,1708,100 <= ... < 500 DM,... < 1 year,4,male,none,2,building society savings agreement / life insurance,28,bank,rent,1,skilled employee / official,1,none,yes,2,married/widowed
no checking account,8,critical account / other credits existing (not at this bank),car (used),1537,... < 100 DM,4 <= ... < 7 years,3,male,none,2,"car or other, not in savings account",35,stores,rent,1,skilled employee / official,1,none,yes,2,single
... < 0 DM,15,critical account / other credits existing (not at this bank),radio/television,2546,unknown / no savings account,... < 1 year,3,female,co-applicant,2,"car or other, not in savings account",31,none,own,2,skilled employee / official,1,none,no,1,divorced/separated
no checking account,20,existing credits paid back duly till now,domestic appliances,3466,... < 100 DM,1 <= ... < 4 years,4,male,none,3,building society savings agreement / life insurance,28,none,own,1,unskilled - resident,1,"yes, registered under customer's name",yes,2,single
no checking account,28,existing credits paid back duly till now,car (new),980,... < 100 DM,1 <= ... < 4 years,4,female,none,3,unknown / no property,24,none,own,1,unskilled - resident,2,"yes, registered under customer's name",yes,1,single
0 <= ... < 200 DM,4,critical account / other credits existing (not at this bank),car (used),2496,... < 100 DM,1 <= ... < 4 years,3,female,none,2,building society savings agreement / life insurance,35,none,own,2,skilled employee / official,1,"yes, registered under customer's name",yes,2,single
no checking account,31,existing credits paid back duly till now,furniture/equipment,3522,unknown / no savings account,4 <= ... < 7 years,3,female,co-applicant,4,real estate,30,none,rent,2,skilled employee / official,1,none,yes,2,single
0 <= ... < 200 DM,30,critical account / other credits existing (not at this bank),radio/television,2014,... < 100 DM,1 <= ... < 4 years,1,male,none,3,building society savings agreement / life insurance,58,none,own,1,skilled employee / official,1,none,yes,1,divorced/separated
no checking account,49,existing credits paid back duly till now,car (new),2918,100 <= ... < 500 DM,unemployed,1,female,none,2,"car or other, not in savings account",41,none,rent,2,management / self-employed / highly qualified employee / officer,1,none,yes,1,single
no checking account,29,critical account / other credits existing (not at this bank),radio/television,748,... < 100 DM,4 <= ... < 7 years,4,male,none,1,building society savings agreement / life insurance,71,none,rent,4,skilled employee / official,1,none,yes,1,single
no checking account,21,existing credits paid back duly till now,repairs,1039,unknown / no savings account,... < 1 year,2,male,none,2,"car or other, not in savings account",41,none,own,1,skilled employee / official,2,none,yes,2,divorced/separated
... < 0 DM,11,existing credits paid back duly till now,education,3534,... < 100 DM,4 <= ... < 7 years,2,female,none,2,"car or other, not in savings account",27,none,for free,1,skilled employee / official,1,"yes, registered under customer's name",yes,1,divorced/separated
0 <= ... < 200 DM,38,delay in paying off in the past,car (new),734,... < 100 DM,... < 1 year,2,female,none,3,real estate,23,none,own,1,skilled employee / official,1,"yes, registered under customer's name",yes,2,single
... < 0 DM,25,existing credits paid back duly till now,furniture/equipment,680,... < 100 DM,1 <= ... < 4 years,4,male,none,2,unknown / no property,72,stores,own,1,skilled employee / official,1,"yes, registered under customer's name",yes,2,single
no checking account,25,existing credits paid back duly till now,radio/television,250,100 <= ... < 500 DM,... < 1 year,2,female,none,4,"car or other, not in savings account",24,none,for free,2,skilled employee / official,1,"yes, registered under customer's name",yes,1,single
... < 0 DM,18,existing credits paid back duly till now,repairs,250,... < 100 DM,1 <= ... < 4 years,2,female,none,4,unknown / no property,24,none,own,2,unskilled - resident,1,none,yes,1,divorced/separated
0 <= ... < 200 DM,23,critical account / other credits existing (not at this bank),radio/television,1406,... < 100 DM,... >= 7 years,4,female,none,1,unknown / no property,19,none,own,2,skilled employee / official,1,"yes, registered under customer's name",yes,1,divorced/separated
... < 0 DM,27,existing credits paid back duly till now,car (used),1004,... < 100 DM,... < 1 year,4,male,none,2,real estate,19,none,for free,2,unskilled - resident,2,none,yes,1,divorced/separated
no checking account,27,critical account / other credits existing (not at this bank),business,250,... < 100 DM,1 <= ... < 4 years,3,male,none,4,real estate,45,none,own,1,skilled employee / official,1,none,yes,1,single
... < 0 DM,20,existing credits paid back duly till now,furniture/equipment,4026,unknown / no savings account,... >= 7 years,1,female,none,4,building society savings agreement / life insurance,26,none,for free,1,skilled employee / official,1,none,yes,2,single
... < 0 DM,62,existing credits paid back duly till now,car (new),1033,unknown / no savings account,1 <= ... < 4 years,4,male,none,4,"car or other, not in savings account",26,none,own,2,skilled employee / official,2,none,yes,2,single
0 <= ... < 200 DM,29,critical account / other credits existing (not at this bank),car (used),3216,... < 100 DM,unemployed,3,male,none,4,unknown / no property,28,stores,rent,2,skilled employee / official,2,none,yes,2,single
no checking account,69,existing credits paid back duly till now,car (used),1648,unknown / no savings account,... >= 7 years,3,male,none,2,"car or other, not in savings account",27,bank,own,2,skilled employee / official,1,none,yes,1,single
no checking account,8,existing credits paid back duly till now,car (used),1467,... < 100 DM,... >= 7 years,4,male,none,2,"car or other, not in savings account",19,none,own,2,skilled employee / official,1,none,yes,2,divorced/separated
0 <= ... < 200 DM,29,critical account / other credits existing (not at this bank),domestic appliances,250,... < 100 DM,4 <= ... < 7 years,1,male,none,4,"car or other, not in savings account",37,none,own,2,skilled employee / official,1,none,yes,1,divorced/separated
no checking account,25,existing credits paid back duly till now,radio/television,250,... < 100 DM,1 <= ... < 4 years,4,male,none,4,"car or other, not in savings account",19,none,rent,1,unemployed / unskilled - non-resident,1,none,yes,1,single
0 <= ... < 200 DM,39,no credits taken / all credits paid back duly,radio/television,3265,... < 100 DM,... < 1 year,2,male,none,4,"car or other, not in savings account",31,none,own,4,management / self-employed / highly qualified employee / officer,1,"yes, registered under customer's name",yes,2,single
no checking account,12,existing credits paid back duly till now,radio/television,250,unknown / no savings account,... < 1 year,4,female,none,4,"car or other, not in savings account",27,bank,own,1,skilled employee / official,1,none,yes,1,divorced/separated
no checking account,30,critical account / other credits existing (not at this bank),education,2095,... >= 1000 DM,1 <= ... < 4 years,2,male,none,4,real estate,26,none,own,2,management / self-employed / highly qualified employee / officer,1,"yes, registered under customer's name",yes,1,single
no checking account,16,all credits at this bank paid back duly,radio/television,843,100 <= ... < 500 DM,1 <= ... < 4 years,4,female,none,4,unknown / no property,25,none,own,1,skilled employee / official,1,none,yes,2,single
no checking account,21,critical account / other credits existing (not at this bank),radio/television,880,... < 100 DM,... < 1 year,4,male,none,2,"car or other, not in savings account",26,none,rent,2,skilled employee / official,1,none,yes,1,divorced/separated
no checking account,23,existing credits paid back duly till now,radio/television,3731,... < 100 DM,1 <= ... < 4 years,4,male,none,4,"car or other, not in savings account",67,none,rent,2,skilled employee / official,1,none,yes,1,divorced/separated
... < 0 DM,25,existing credits paid back duly till now,car (used),253,unknown / no savings account,4 <= ... < 7 years,4,female,none,4,unknown / no property,55,none,rent,1,skilled employee / official,1,none,no,1,single
no checking account,19,all credits at this bank paid back duly,radio/television,390,... < 100 DM,... >= 7 years,1,male,none,4,real estate,25,none,own,1,skilled employee / official,1,"yes, registered under customer's name",yes,1,divorced/separated
0 <= ... < 200 DM,21,existing credits paid back duly till now,radio/television,250,100 <= ... < 500 DM,1 <= ... < 4 years,4,female,guarantor,4,real estate,28,none,for free,2,skilled employee / official,1,"yes, registered under customer's name",yes,1,single
... >= 200 DM / salary assignments for at least 1 year,15,existing credits paid back duly till now,car (used),250,... < 100 DM,... >= 7 years,4,male,none,2,"car or other, not in savings account",21,none,own,1,skilled employee / official,1,none,yes,1,single
no checking account,25,no credits taken / all credits paid back duly,car (new),8520,... < 100 DM,... < 1 year,4,male,guarantor,1,unknown / no property,51,none,own,4,management / self-employed / highly qualified employee / officer,1,none,yes,1,single
no checking account,23,delay in paying off in the past,furniture/equipment,881,... < 100 DM,... >= 7 years,1,male,none,3,"car or other, not in savings account",39,none,rent,1,skilled employee / official,1,"yes, registered under customer's name",yes,1,single
... < 0 DM,24,existing credits paid back duly till now,others,5411,... < 100 DM,... >= 7 years,1,male,none,4,"car or other, not in savings account",60,bank,own,2,skilled employee / official,1,none,yes,1,single
no checking account,25,all credits at this bank paid back duly,others,250,... >= 1000 DM,... < 1 year,4,male,none,2,building society savings agreement / life insurance,27,none,own,1,skilled employee / official,1,none,yes,1,married/widowed
0 <= ... < 200 DM,48,existing credits paid back duly till now,furniture/equipment,250,unknown / no savings account,... >= 7 years,4,male,none,3,real estate,46,none,own,1,skilled employee / official,1,"yes, registered under customer's name",yes,1,single
0 <= ... < 200 DM,22,existing credits paid back duly till now,car (used),4320,... < 100 DM,... >= 7 years,2,female,none,3,"car or other, not in savings account",34,none,own,1,skilled employee / official,1,none,yes,1,single
... < 0 DM,23,all credits at this bank paid back duly,radio/television,906,... >= 1000 DM,... < 1 year,4,male,none,4,real estate,19,none,own,2,skilled employee / official,1,none,yes,2,divorced/separated
0 <= ... < 200 DM,28,existing credits paid back duly till now,business,4838,... < 100 DM,unemployed,4,female,none,3,unknown / no property,27,none,own,2,skilled employee / official,2,"yes, registered under customer's name",yes,1,married/widowed
0 <= ... < 200 DM,13,critical account / other credits existing (not at this bank),car (new),2074,... < 100 DM,1 <= ... < 4 years,1,male,none,1,real estate,19,none,own,1,skilled employee / official,2,"yes, registered under customer's name",yes,2,divorced/separated
0 <= ... < 200 DM,72,existing credits paid back duly till now,radio/television,2440,... < 100 DM,1 <= ... < 4 years,3,female,none,2,"car or other, not in savings account",23,none,own,2,management / self-employed / highly qualified employee / officer,1,none,yes,1,divorced/separated
no checking account,26,all credits at this bank paid back duly,car (new),1659,... < 100 DM,... >= 7 years,4,male,none,4,building society savings agreement / life insurance,22,none,rent,1,management / self-employed / highly qualified employee / officer,1,"yes, registered under customer's name",yes,1,divorced/separated
no checking account,24,all credits at this bank paid back duly,others,1234,... < 100 DM,... < 1 year,1,female,guarantor,4,"car or other, not in savings account",39,none,rent,1,skilled employee / official,1,none,yes,1,single
0 <= ... < 200 DM,15,delay in paying off in the past,furniture/equipment,1552,... < 100 DM,... < 1 year,1,male,none,4,real estate,22,bank,own,2,skilled employee / official,1,none,yes,1,divorced/separated
... < 0 DM,22,delay in paying off in the past,furniture/equipment,1163,... < 100 DM,1 <= ... < 4 years,2,female,none,2,building society savings agreement / life insurance,24,none,own,2,skilled employee / official,1,none,yes,1,divorced/separated
no checking account,10,existing credits paid back duly till now,business,8133,... < 100 DM,1 <= ... < 4 years,4,male,none,4,real estate,30,none,own,2,skilled employee / official,2,none,yes,1,single
no checking account,12,critical account / other credits existing (not at this bank),car (new),1973,... < 100 DM,... >= 7 years,4,male,none,2,unknown / no property,27,none,own,2,unskilled - resident,1,"yes, registered under customer's name",yes,1,single
no checking account,14,critical account / other credits existing (not at this bank),radio/television,1901,500 <= ... < 1000 DM,1 <= ... < 4 years,4,male,none,2,building society savings agreement / life insurance,48,none,own,2,unskilled - resident,1,"yes, registered under customer's name",yes,1,single
no checking account,30,existing credits paid back duly till now,car (new),1161,500 <= ... < 1000 DM,... >= 7 years,4,male,none,4,"car or other, not in savings account",37,none,rent,1,unskilled - resident,1,none,yes,1,divorced/separated
0 <= ... < 200 DM,36,existing credits paid back duly till now,furniture/equipment,460,... < 100 DM,4 <= ... < 7 years,4,female,none,3,"car or other, not in savings account",56,none,own,2,unskilled - resident,1,"yes, registered under customer's name",yes,1,single
no checking account,13,existing credits paid back duly till now,radio/television,1458,... < 100 DM,1 <= ... < 4 years,3,male,none,4,"car or other, not in savings account",44,none,own,2,management / self-employed / highly qualified employee / officer,1,none,yes,1,divorced/separated
0 <= ... < 200 DM,9,critical account / other credits existing (not at this bank),radio/television,747,unknown / no savings account,4 <= ... < 7 years,4,male,none,4,real estate,34,stores,for free,1,unemployed / unskilled - non-resident,1,"yes, registered under customer's name",yes,1,married/widowed
0 <= ... < 200 DM,5,critical account / other credits existing (not at this bank),education,250,500 <= ... < 1000 DM,unemployed,4,male,none,4,"car or other, not in savings account",26,none,own,3,management / self-employed / highly qualified employee / officer,1,"yes, registered under customer's name",yes,1,divorced/separated
... < 0 DM,34,existing credits paid back duly till now,radio/television,250,100 <= ... < 500 DM,4 <= ... < 7 years,4,male,none,2,"car or other, not in savings account",23,none,own,2,skilled employee / official,2,none,yes,1,single
... < 0 DM,18,existing credits paid back duly till now,car (new),250,... >= 1000 DM,... >= 7 years,4,male,none,4,unknown / no property,38,stores,own,1,skilled employee / official,1,"yes, registered under customer's name",yes,2,married/widowed
no checking account,26,existing credits paid back duly till now,car (used),250,... < 100 DM,1 <= ... < 4 years,2,female,none,2,real estate,30,stores,for free,2,management / self-employed / highly qualified employee / officer,1,none,yes,1,married/widowed
no checking account,9,all credits at this bank paid back duly,car (new),250,... < 100 DM,1 <= ... < 4 years,4,male,none,3,unknown / no property,19,none,own,1,unskilled - resident,2,none,yes,2,divorced/separated
0 <= ... < 200 DM,19,existing credits paid back duly till now,car (new),2049,unknown / no savings account,1 <= ... < 4 years,1,male,none,1,"car or other, not in savings account",42,none,own,2,management / self-employed / highly qualified employee / officer,1,none,yes,2,single
no checking account,19,critical account / other credits existing (not at this bank),education,511,... < 100 DM,unemployed,4,female,none,2,"car or other, not in savings account",22,bank,rent,2,skilled employee / official,1,"yes, registered under customer's name",yes,1,single
0 <= ... < 200 DM,28,critical account / other credits existing (not at this bank),business,250,... >= 1000 DM,4 <= ... < 7 years,4,female,none,4,"car or other, not in savings account",39,none,own,2,management / self-employed / highly qualified employee / officer,1,none,yes,1,single
no checking account,13,existing credits paid back duly till now,radio/television,1577,... < 100 DM,4 <= ... < 7 years,4,male,none,4,"car or other, not in savings account",25,none,own,2,skilled employee / official,1,"yes, registered under customer's name",yes,1,single
0 <= ... < 200 DM,16,existing credits paid back duly till now,business,9884,... < 100 DM,... >= 7 years,2,female,none,4,building society savings agreement / life insurance,26,none,own,2,skilled employee / official,2,none,no,1,divorced/separated
... < 0 DM,44,critical account / other credits existing (not at this bank),domestic appliances,250,... < 100 DM,1 <= ... < 4 years,2,male,none,4,real estate,50,none,for free,2,skilled employee / official,1,"yes, registered under customer's name",yes,1,single
no checking account,27,delay in paying off in the past,car (used),3808,... < 100 DM,1 <= ... < 4 years,2,male,none,2,building society savings agreement / life insurance,34,none,own,1,skilled employee / official,2,"yes, registered under customer's name",no,1,single
0 <= ... < 200 DM,12,existing credits paid back duly till now,education,1542,... >= 1000 DM,... >= 7 years,1,female,none,2,building society savings agreement / life insurance,23,none,own,1,skilled employee / official,1,"yes, registered under customer's name",yes,2,divorced/separated
... >= 200 DM / salary assignments for at least 1 year,29,no credits taken / all credits paid back duly,car (new),1050,unknown / no savings account,unemployed,2,female,none,3,real estate,20,none,own,2,skilled employee / official,1,none,yes,1,single
no checking account,6,existing credits paid back duly till now,radio/television,250,... < 100 DM,4 <= ... < 7 years,1,male,none,3,real estate,24,none,rent,4,skilled employee / official,1,"yes, registered under customer's name",yes,1,single
no checking account,27,existing credits paid back duly till now,business,1530,unknown / no savings account,... < 1 year,4,female,co-applicant,4,real estate,25,none,rent,2,skilled employee / official,1,none,yes,1,divorced/separated
... >= 200 DM / salary assignments for at least 1 year,47,existing credits paid back duly till now,radio/television,5727,... < 100 DM,4 <= ... < 7 years,4,male,none,2,real estate,30,bank,own,1,skilled employee / official,1,none,yes,1,single
no checking account,22,existing credits paid back duly till now,retraining,621,... < 100 DM,... >= 7 years,4,female,none,2,building society savings agreement / life insurance,32,none,own,2,unskilled - resident,1,"yes, registered under customer's name",yes,2,single
0 <= ... < 200 DM,23,critical account / other credits existing (not at this bank),furniture/equipment,250,unknown / no savings account,1 <= ... < 4 years,2,male,co-applicant,4,real estate,40,bank,own,1,skilled employee / official,2,"yes, registered under customer's name",yes,1,divorced/separated
no checking account,16,delay in paying off in the past,furniture/equipment,2084,... < 100 DM,4 <= ... < 7 years,4,male,none,4,"car or other, not in savings account",22,none,own,1,unskilled - resident,1,none,yes,1,married/widowed
0 <= ... < 200 DM,30,existing credits paid back duly till now,furniture/equipment,3616,... < 100 DM,unemployed,4,female,none,2,building society savings agreement / life insurance,21,none,own,2,skilled employee / official,1,none,yes,1,single
no checking account,23,existing credits paid back duly till now,car (new),250,... < 100 DM,4 <= ... < 7 years,4,female,none,1,building society savings agreement / life insurance,23,none,rent,3,management / self-employed / highly qualified employee / officer,1,"yes, registered under customer's name",yes,1,single
no checking account,47,existing credits paid back duly till now,car (new),2360,... < 100 DM,... >= 7 years,1,male,none,2,real estate,22,none,own,2,unskilled - resident,1,"yes, registered under customer's name",yes,1,divorced/separated
0 <= ... < 200 DM,27,critical account / other credits existing (not at this bank),radio/television,1577,unknown / no savings account,1 <= ... < 4 years,2,male,none,4,unknown / no property,38,none,rent,2,unskilled - resident,1,none,yes,1,single
0 <= ... < 200 DM,28,existing credits paid back duly till now,business,250,... >= 1000 DM,... >= 7 years,4,male,none,4,unknown / no property,22,bank,own,1,skilled employee / official,1,none,yes,1,single
0 <= ... < 200 DM,46,all credits at this bank paid back duly,radio/television,1270,100 <= ... < 500 DM,... >= 7 years,4,female,none,1,building society savings agreement / life insurance,22,none,own,2,skilled employee / official,1,"yes, registered under customer's name",yes,2,divorced/separated
no checking account,27,existing credits paid back duly till now,car (new),1908,unknown / no savings account,1 <= ... < 4 years,4,female,none,2,building society savings agreement / life insurance,40,none,own,1,management / self-employed / highly qualified employee / officer,1,none,yes,1,single
... < 0 DM,27,existing credits paid back duly till now,car (new),2328,... < 100 DM,4 <= ... < 7 years,4,female,none,4,"car or other, not in savings account",25,none,own,2,skilled employee / official,1,none,no,1,divorced/separated
... < 0 DM,13,delay in paying off in the past,car (new),1527,... < 100 DM,... >= 7 years,2,male,none,4,building society savings agreement / life insurance,21,none,own,2,unskilled - resident,1,"yes, registered under customer's name",no,2,divorced/separated
no checking account,23,delay in paying off in the past,car (used),2111,... < 100 DM,1 <= ... < 4 years,4,female,none,2,real estate,22,none,own,2,skilled employee / official,1,"yes, registered under customer's name",yes,1,divorced/separated
0 <= ... < 200 DM,26,all credits at this bank paid back duly,radio/television,3936,unknown / no savings account,... >= 7 years,4,male,none,1,"car or other, not in savings account",47,none,own,2,skilled employee / official,1,none,yes,1,divorced/separated
0 <= ... < 200 DM,26,existing credits paid back duly till now,car (new),250,... < 100 DM,... < 1 year,2,male,none,4,"car or other, not in savings account",35,none,own,1,skilled employee / official,1,"yes, registered under customer's name",yes,1,divorced/separated
0 <= ... < 200 DM,22,critical account / other credits existing (not at this bank),furniture/equipment,1600,unknown / no savings account,1 <= ... < 4 years,1,male,co-applicant,2,unknown / no property,19,none,own,2,skilled employee / official,1,none,yes,1,single
0 <= ... < 200 DM,24,existing credits paid back duly till now,car (used),1293,100 <= ... < 500 DM,... >= 7 years,1,female,none,3,building society savings agreement / life insurance,19,none,own,1,management / self-employed / highly qualified employee / officer,1,"yes, registered under customer's name",yes,2,divorced/separated
0 <= ... < 200 DM,14,existing credits paid back duly till now,radio/television,2281,... < 100 DM,unemployed,4,male,none,3,real estate,41,none,for free,1,unskilled - resident,1,none,yes,1,single
0 <= ... < 200 DM,10,existing credits paid back duly till now,retraining,250,... < 100 DM,unemployed,2,male,none,4,unknown / no property,24,none,own,1,unemployed / unskilled - non-resident,1,"yes, registered under customer's name",yes,1,married/widowed
no checking account,27,existing credits paid back duly till now,radio/television,1506,... < 100 DM,... < 1 year,4,male,none,1,real estate,19,none,rent,1,unemployed / unskilled - non-resident,1,"yes, registered under customer's name",yes,1,single
no checking account,19,critical account / other credits existing (not at this bank),car (new),1344,100 <= ... < 500 DM,4 <= ... < 7 years,2,male,none,1,"car or other, not in savings account",47,bank,own,1,management / self-employed / highly qualified employee / officer,1,none,yes,2,divorced/separated
0 <= ... < 200 DM,25,existing credits paid back duly till now,radio/television,1012,... >= 1000 DM,unemployed,2,male,none,4,unknown / no property,20,none,own,1,unskilled - resident,1,none,yes,2,single
no checking account,5,existing credits paid back duly till now,car (new),1631,... < 100 DM,1 <= ... < 4 years,2,female,co-applicant,3,"car or other, not in savings account",59,bank,for free,1,management / self-employed / highly qualified employee / officer,1,none,no,1,married/widowed
... >= 200 DM / salary assignments for at least 1 year,9,existing credits paid back duly till now,radio/television,2817,... < 100 DM,1 <= ... < 4 years,1,female,none,3,"car or other, not in savings account",45,none,own,2,skilled employee / official,1,"yes, registered under customer's name",yes,1,single
no checking account,54,existing credits paid back duly till now,furniture/equipment,5620,... < 100 DM,... < 1 year,4,female,none,1,"car or other, not in savings account",51,none,own,1,skilled employee / official,2,none,yes,1,divorced/separated
0 <= ... < 200 DM,25,no credits taken / all credits paid back duly,domestic appliances,307,100 <= ... < 500 DM,4 <= ... < 7 years,4,male,none,2,real estate,29,none,own,1,skilled employee / official,1,none,no,1,single
0 <= ... < 200 DM,25,all credits at this bank paid back duly,furniture/equipment,1015,... < 100 DM,1 <= ... < 4 years,3,female,none,4,real estate,25,none,own,2,skilled employee / official,1,none,yes,1,divorced/separated
no checking account,16,existing credits paid back duly till now,radio/television,814,... < 100 DM,... < 1 year,1,female,none,2,building society savings agreement / life insurance,28,none,own,1,skilled employee / official,1,"yes, registered under customer's name",yes,1,divorced/separated
... < 0 DM,22,existing credits paid back duly till now,others,3394,... < 100 DM,1 <= ... < 4 years,1,female,guarantor,2,unknown / no property,25,bank,own,2,skilled employee / official,1,"yes, registered under customer's name",yes,1,single
0 <= ... < 200 DM,16,existing credits paid back duly till now,car (used),1219,100 <= ... < 500 DM,1 <= ... < 4 years,2,female,none,2,real estate,38,none,own,1,skilled employee / official,1,none,yes,2,single
no checking account,9,existing credits paid back duly till now,radio/television,650,... < 100 DM,... < 1 year,2,female,none,2,"car or other, not in savings account",30,none,own,1,skilled employee / official,2,"yes, registered under customer's name",yes,1,divorced/separated
0 <= ... < 200 DM,27,existing credits paid back duly till now,car (new),2190,100 <= ... < 500 DM,... >= 7 years,2,male,none,3,real estate,26,none,for free,2,skilled employee / official,1,none,yes,1,single
no checking account,17,existing credits paid back duly till now,car (new),1511,... < 100 DM,1 <= ... < 4 years,1,female,none,3,unknown / no property,46,none,own,2,skilled employee / official,1,none,yes,2,divorced/separated
... < 0 DM,22,existing credits paid back duly till now,business,250,500 <= ... < 1000 DM,... >= 7 years,2,male,none,3,"car or other, not in savings account",21,none,rent,1,skilled employee / official,2,none,yes,1,divorced/separated
no checking account,24,critical account / other credits existing (not at this bank),furniture/equipment,250,500 <= ... < 1000 DM,... < 1 year,2,male,none,4,"car or other, not in savings account",33,none,own,2,skilled employee / official,1,none,yes,2,divorced/separated
... < 0 DM,29,delay in paying off in the past,car (used),2890,... < 100 DM,1 <= ... < 4 years,4,male,none,2,unknown / no property,64,none,own,1,skilled employee / official,1,"yes, registered under customer's name",yes,1,single
0 <= ... < 200 DM,11,existing credits paid back duly till now,car (new),3009,... < 100 DM,... >= 7 years,2,male,none,4,unknown / no property,22,none,rent,2,skilled employee / official,2,"yes, registered under customer's name",yes,2,single
no checking account,14,critical account / other credits existing (not at this bank),radio/television,533,unknown / no savings account,1 <= ... < 4 years,4,male,none,1,"car or other, not in savings account",26,none,own,2,skilled employee / official,1,none,yes,2,single
... < 0 DM,23,critical account / other credits existing (not at this bank),furniture/equipment,3159,... < 100 DM,... < 1 year,4,male,none,1,real estate,23,none,own,1,skilled employee / official,2,"yes, registered under customer's name",yes,1,divorced/separated
no checking account,20,critical account / other credits existing (not at this bank),car (new),5568,100 <= ... < 500 DM,1 <= ... < 4 years,4,male,none,4,unknown / no property,32,stores,rent,2,unskilled - resident,2,"yes, registered under customer's name",yes,1,divorced/separated
... < 0 DM,18,critical account / other credits existing (not at this bank),radio/television,3098,... < 100 DM,1 <= ... < 4 years,2,male,none,2,building society savings agreement / life insurance,28,none,own,1,unskilled - resident,1,none,yes,1,divorced/separated
no checking account,8,existing credits paid back duly till now,car (new),256,... < 100 DM,1 <= ... < 4 years,4,male,none,4,"car or other, not in savings account",64,bank,own,2,management / self-employed / highly qualified employee / officer,1,none,yes,1,single
no checking account,23,critical account / other credits existing (not at this bank),business,9656,unknown / no savings account,1 <= ... < 4 years,2,male,guarantor,4,real estate,19,none,own,1,unskilled - resident,1,"yes, registered under customer's name",yes,2,divorced/separated
0 <= ... < 200 DM,30,existing credits paid back duly till now,domestic appliances,250,... < 100 DM,... < 1 year,4,female,none,2,"car or other, not in savings account",22,none,own,2,unemployed / unskilled - non-resident,2,"yes, registered under customer's name",yes,2,single
no checking account,71,no credits taken / all credits paid back duly,radio/television,1919,... < 100 DM,... >= 7 years,4,male,none,2,real estate,24,none,for free,1,skilled employee / official,2,none,yes,1,single
... < 0 DM,38,existing credits paid back duly till now,car (new),2136,... < 100 DM,... >= 7 years,4,male,none,4,"car or other, not in savings account",24,none,own,1,unskilled - resident,1,"yes, registered under customer's name",yes,2,single
... < 0 DM,19,existing credits paid back duly till now,business,823,... < 100 DM,... >= 7 years,4,male,none,2,real estate,19,none,rent,1,skilled employee / official,1,"yes, registered under customer's name",yes,1,divorced/separated
... < 0 DM,21,existing credits paid back duly till now,furniture/equipment,465,... < 100 DM,1 <= ... < 4 years,2,male,none,4,building society savings agreement / life insurance,19,none,rent,1,management / self-employed / highly qualified employee / officer,1,none,yes,1,divorced/separated
... < 0 DM,25,all credits at this bank paid back duly,car (used),2713,... < 100 DM,... >= 7 years,1,male,none,3,"car or other, not in savings account",63,none,own,1,skilled employee / official,1,none,yes,1,married/widowed
... < 0 DM,42,existing credits paid back duly till now,furniture/equipment,250,... < 100 DM,1 <= ... < 4 years,2,female,none,1,building society savings agreement / life insurance,40,none,own,2,skilled employee / official,1,none,yes,2,single
no checking account,27,existing credits paid back duly till now,radio/television,250,... < 100 DM,1 <= ... < 4 years,4,male,none,4,"car or other, not in savings account",25,none,rent,1,management / self-employed / highly qualified employee / officer,1,none,yes,1,divorced/separated
0 <= ... < 200 DM,9,existing credits paid back duly till now,education,10505,100 <= ... < 500 DM,unemployed,4,male,none,1,building society savings agreement / life insurance,35,none,rent,1,skilled employee / official,1,none,yes,2,married/widowed
... < 0 DM,16,critical account / other credits existing (not at this bank),domestic appliances,581,unknown / no savings account,4 <= ... < 7 years,4,male,none,4,"car or other, not in savings account",53,bank,rent,1,skilled employee / official,1,none,yes,1,married/widowed
0 <= ... < 200 DM,25,existing credits paid back duly till now,car (new),1333,... < 100 DM,... < 1 year,1,male,co-applicant,2,building society savings agreement / life insurance,39,none,rent,1,skilled employee / official,1,"yes, registered under customer's name",yes,1,divorced/separated
no checking account,26,existing credits paid back duly till now,car (new),278,... >= 1000 DM,4 <= ... < 7 years,4,male,none,2,real estate,19,none,own,2,unskilled - resident,1,none,yes,1,divorced/separated
... < 0 DM,25,existing credits paid back duly till now,car (new),3182,100 <= ... < 500 DM,4 <= ... < 7 years,4,male,none,4,"car or other, not in savings account",25,none,own,1,skilled employee / official,2,none,yes,2,single
... < 0 DM,10,all credits at this bank paid back duly,furniture/equipment,3629,... < 100 DM,... >= 7 years,4,female,none,2,"car or other, not in savings account",45,none,own,2,skilled employee / official,1,none,yes,1,single
0 <= ... < 200 DM,28,existing credits paid back duly till now,car (new),5019,100 <= ... < 500 DM,... >= 7 years,2,male,none,2,"car or other, not in savings account",19,none,own,1,skilled employee / official,1,none,yes,1,married/widowed
no checking account,27,existing credits paid back duly till now,radio/television,3143,... < 100 DM,4 <= ... < 7 years,4,male,none,2,real estate,40,stores,rent,2,management / self-employed / highly qualified employee / officer,1,"yes, registered under customer's name",yes,1,divorced/separated
... < 0 DM,22,all credits at this bank paid back duly,radio/television,9664,... < 100 DM,1 <= ... < 4 years,4,female,none,1,building society savings agreement / life insurance,28,none,rent,1,skilled employee / official,2,"yes, registered under customer's name",yes,2,divorced/separated
0 <= ... < 200 DM,20,existing credits paid back duly till now,education,3681,unknown / no savings account,... >= 7 years,4,male,none,4,"car or other, not in savings account",25,none,own,2,skilled employee / official,2,"yes, registered under customer's name",no,1,divorced/separated
no checking account,37,existing credits paid back duly till now,education,4846,unknown / no savings account,... >= 7 years,2,female,none,2,unknown / no property,40,none,for free,2,skilled employee / official,1,"yes, registered under customer's name",yes,1,single
no checking account,11,critical account / other credits existing (not at this bank),radio/television,5173,... < 100 DM,1 <= ... < 4 years,4,female,none,1,building society savings agreement / life insurance,75,none,rent,2,skilled employee / official,1,none,yes,1,divorced/separated
0 <= ... < 200 DM,22,existing credits paid back duly till now,car (new),5372,... < 100 DM,... < 1 year,4,female,none,4,building society savings agreement / life insurance,33,bank,own,1,skilled employee / official,1,none,yes,2,divorced/separated
... < 0 DM,8,critical account / other credits existing (not at this bank),radio/television,250,500 <= ... < 1000 DM,... >= 7 years,4,male,none,4,unknown / no property,26,bank,own,1,unskilled - resident,1,none,yes,1,single
... < 0 DM,28,all credits at this bank paid back duly,education,250,... < 100 DM,1 <= ... < 4 years,1,male,none,4,"car or other, not in savings account",23,none,rent,1,skilled employee / official,1,"yes, registered under customer's name",yes,1,divorced/separated
0 <= ... < 200 DM,8,existing credits paid back duly till now,car (used),392,... < 100 DM,4 <= ... < 7 years,4,female,none,1,"car or other, not in savings account",25,none,own,3,skilled employee / official,1,"yes, registered under customer's name",yes,1,married/widowed
0 <= ... < 200 DM,27,critical account / other credits existing (not at this bank),repairs,516,unknown / no savings account,1 <= ... < 4 years,2,female,none,2,real estate,22,none,for free,1,skilled employee / official,1,none,yes,1,single
... < 0 DM,63,existing credits paid back duly till now,car (new),2907,... < 100 DM,1 <= ... < 4 years,2,male,none,2,real estate,24,none,own,2,unemployed / unskilled - non-resident,1,"yes, registered under customer's name",yes,1,single
... < 0 DM,7,delay in paying off in the past,radio/television,1827,... < 100 DM,1 <= ... < 4 years,4,female,none,1,unknown / no property,36,none,for free,2,management / self-employed / highly qualified employee / officer,1,none,yes,1,single
no checking account,11,critical account / other credits existing (not at this bank),car (new),1448,100 <= ... < 500 DM,... < 1 year,1,male,none,2,"car or other, not in savings account",19,none,own,2,unskilled - resident,1,none,yes,1,single
0 <= ... < 200 DM,12,all credits at this bank paid back duly,radio/television,898,... < 100 DM,4 <= ... < 7 years,3,male,none,4,building society savings agreement / life insurance,30,none,own,1,skilled employee / official,1,none,yes,1,single
... < 0 DM,28,existing credits paid back duly till now,car (used),3770,unknown / no savings account,1 <= ... < 4 years,2,female,none,2,unknown / no property,19,none,own,2,management / self-employed / highly qualified employee / officer,1,"yes, registered under customer's name",yes,1,single
no checking account,27,existing credits paid back duly till now,furniture/equipment,1898,... < 100 DM,1 <= ... < 4 years,2,male,co-applicant,4,"car or other, not in savings account",34,bank,own,2,skilled employee / official,1,"yes, registered under customer's name",yes,1,single
no checking account,26,existing credits paid back duly till now,radio/television,7051,... < 100 DM,4 <= ... < 7 years,4,female,none,4,building society savings agreement / life insurance,26,none,own,1,management / self-employed / highly qualified employee / officer,1,none,yes,1,divorced/separated
no checking account,17,existing credits paid back duly till now,others,1205,... < 100 DM,1 <= ... < 4 years,4,male,none,4,"car or other, not in savings account",21,none,own,2,unemployed / unskilled - non-resident,1,none,yes,2,single
no checking account,24,critical account / other credits existing (not at this bank),car (new),250,... < 100 DM,1 <= ... < 4 years,1,female,none,4,"car or other, not in savings account",40,none,own,2,management / self-employed / highly qualified employee / officer,1,none,yes,1,single
no checking account,28,existing credits paid back duly till now,furniture/equipment,1922,... < 100 DM,... < 1 year,4,male,guarantor,4,"car or other, not in savings account",26,none,own,1,management / self-employed / highly qualified employee / officer,1,none,yes,1,single
no checking account,22,no credits taken / all credits paid back duly,radio/television,2485,... < 100 DM,1 <= ... < 4 years,1,male,guarantor,4,unknown / no property,21,none,rent,1,skilled employee / official,2,none,yes,2,divorced/separated
no checking account,26,existing credits paid back duly till now,business,15945,... < 100 DM,... >= 7 years,2,male,none,3,building society savings agreement / life insurance,46,none,for free,1,skilled employee / official,1,none,yes,1,married/widowed
no checking account,21,existing credits paid back duly till now,car (new),250,100 <= ... < 500 DM,4 <= ... < 7 years,4,male,co-applicant,3,real estate,28,none,rent,1,skilled employee / official,1,"yes, registered under customer's name",yes,2,single
no checking account,28,existing credits paid back duly till now,car (new),1047,unknown / no savings account,... < 1 year,4,male,none,2,"car or other, not in savings account",19,none,own,1,skilled employee / official,1,"yes, registered under customer's name",yes,2,divorced/separated
0 <= ... < 200 DM,25,delay in paying off in the past,car (new),1859,... < 100 DM,1 <= ... < 4 years,3,male,co-applicant,2,real estate,51,bank,for free,1,unemployed / unskilled - non-resident,2,"yes, registered under customer's name",yes,2,single
... < 0 DM,28,existing credits paid back duly till now,car (new),1475,unknown / no savings account,... >= 7 years,4,female,none,2,"car or other, not in savings account",29,none,for free,1,unskilled - resident,1,"yes, registered under customer's name",yes,1,single
no checking account,28,existing credits paid back duly till now,business,1400,... < 100 DM,1 <= ... < 4 years,4,male,none,1,"car or other, not in savings account",38,none,own,2,skilled employee / official,1,none,yes,1,single
0 <= ... < 200 DM,13,existing credits paid back duly till now,car (used),2353,... < 100 DM,unemployed,2,male,none,3,building society savings agreement / life insurance,69,none,rent,2,skilled employee / official,1,none,yes,2,single
no checking account,17,critical account / other credits existing (not at this bank),radio/television,4721,... < 100 DM,... < 1 year,2,male,none,1,building society savings agreement / life insurance,49,none,for free,1,unskilled - resident,2,"yes, registered under customer's name",yes,2,married/widowed
no checking account,4,no credits taken / all credits paid back duly,domestic appliances,9525,unknown / no savings account,... < 1 year,2,male,guarantor,1,"car or other, not in savings account",38,stores,own,1,unskilled - resident,1,"yes, registered under customer's name",yes,2,divorced/separated
no checking account,15,existing credits paid back duly till now,business,250,100 <= ... < 500 DM,unemployed,4,male,none,2,unknown / no property,37,bank,own,1,unskilled - resident,1,"yes, registered under customer's name",yes,1,divorced/separated
no checking account,27,delay in paying off in the past,business,331,... >= 1000 DM,... >= 7 years,4,male,none,2,"car or other, not in savings account",29,none,own,1,unskilled - resident,1,none,yes,1,divorced/separated
no checking account,27,existing credits paid back duly till now,car (new),2388,... < 100 DM,... < 1 year,4,female,none,4,building society savings agreement / life insurance,70,none,own,1,management / self-employed / highly qualified employee / officer,1,none,yes,2,single
... < 0 DM,26,all credits at this bank paid back duly,car (new),538,... < 100 DM,... < 1 year,3,male,none,3,unknown / no property,68,bank,own,2,management / self-employed / highly qualified employee / officer,1,none,yes,2,divorced/separated
... < 0 DM,23,existing credits paid back duly till now,business,2634,100 <= ... < 500 DM,... < 1 year,2,female,none,4,"car or other, not in savings account",22,none,for free,4,unskilled - resident,1,none,yes,2,single
... < 0 DM,50,delay in paying off in the past,car (new),15945,... >= 1000 DM,1 <= ... < 4 years,3,male,none,2,unknown / no property,46,none,rent,1,management / self-employed / highly qualified employee / officer,2,"yes, registered under customer's name",yes,1,divorced/separated
no checking account,20,critical account / other credits existing (not at this bank),furniture/equipment,250,unknown / no savings account,4 <= ... < 7 years,2,male,none,2,"car or other, not in savings account",63,stores,own,1,unskilled - resident,1,none,yes,1,single
... < 0 DM,45,existing credits paid back duly till now,business,1822,... < 100 DM,1 <= ... < 4 years,4,male,co-applicant,2,real estate,66,none,own,2,unskilled - resident,1,none,yes,1,divorced/separated
no checking account,24,existing credits paid back duly till now,radio/television,250,... < 100 DM,1 <= ... < 4 years,4,male,none,4,"car or other, not in savings account",19,none,own,1,skilled employee / official,1,"yes, registered under customer's name",yes,2,single
0 <= ... < 200 DM,13,delay in paying off in the past,furniture/equipment,776,100 <= ... < 500 DM,1 <= ... < 4 years,2,female,none,2,"car or other, not in savings account",19,bank,for free,1,unskilled - resident,1,none,yes,2,single
... < 0 DM,4,existing credits paid back duly till now,car (new),3079,unknown / no savings account,1 <= ... < 4 years,4,female,none,1,"car or other, not in savings account",32,none,rent,1,skilled employee / official,1,none,yes,2,divorced/separated
... < 0 DM,25,existing credits paid back duly till now,car (used),250,unknown / no savings account,4 <= ... < 7 years,4,female,none,3,building society savings agreement / life insurance,19,none,rent,2,skilled employee / official,1,"yes, registered under customer's name",yes,1,single
no checking account,25,existing credits paid back duly till now,radio/television,1202,... < 100 DM,4 <= ... < 7 years,4,male,none,4,unknown / no property,37,none,own,1,skilled employee / official,2,none,yes,1,single
no checking account,39,critical account / other credits existing (not at this bank),car (new),1756,... < 100 DM,... >= 7 years,4,male,none,2,real estate,50,none,own,2,unskilled - resident,1,none,yes,1,single
no checking account,15,existing credits paid back duly till now,radio/television,2077,500 <= ... < 1000 DM,4 <= ... < 7 years,4,male,none,2,unknown / no property,26,none,own,1,skilled employee / official,1,"yes, registered under customer's name",yes,1,single
no checking account,28,delay in paying off in the past,furniture/equipment,628,100 <= ... < 500 DM,... >= 7 years,1,male,none,2,real estate,34,none,own,1,skilled employee / official,1,"yes, registered under customer's name",yes,1,single
no checking account,36,critical account / other credits existing (not at this bank),radio/television,2739,... < 100 DM,1 <= ... < 4 years,4,male,none,4,"car or other, not in savings account",22,none,own,1,skilled employee / official,1,none,yes,1,divorced/separated
... < 0 DM,26,existing credits paid back duly till now,furniture/equipment,2158,unknown / no savings account,4 <= ... < 7 years,2,female,none,4,unknown / no property,22,none,own,1,unskilled - resident,1,"yes, registered under customer's name",yes,2,divorced/separated
... < 0 DM,8,delay in paying off in the past,repairs,250,... < 100 DM,1 <= ... < 4 years,1,female,guarantor,2,building society savings agreement / life insurance,38,none,rent,2,skilled employee / official,1,none,yes,2,divorced/separated
... < 0 DM,22,critical account / other credits existing (not at this bank),domestic appliances,2562,unknown / no savings account,... < 1 year,4,female,none,3,"car or other, not in savings account",41,none,for free,3,unskilled - resident,1,none,yes,1,single
... >= 200 DM / salary assignments for at least 1 year,72,critical account / other credits existing (not at this bank),car (new),374,... < 100 DM,4 <= ... < 7 years,1,male,none,2,"car or other, not in savings account",26,bank,own,1,unskilled - resident,1,"yes, registered under customer's name",yes,1,single
0 <= ... < 200 DM,5,existing credits paid back duly till now,furniture/equipment,931,... < 100 DM,... < 1 year,1,male,none,4,"car or other, not in savings account",38,bank,own,1,unskilled - resident,1,none,yes,1,single
0 <= ... < 200 DM,20,delay in paying off in the past,radio/television,2816,... < 100 DM,4 <= ... < 7 years,2,female,none,4,real estate,21,bank,own,1,skilled employee / official,1,"yes, registered under customer's name",yes,2,single
0 <= ... < 200 DM,19,critical account / other credits existing (not at this bank),furniture/equipment,250,... < 100 DM,1 <= ... < 4 years,2,male,none,1,building society savings agreement / life insurance,23,none,own,2,unskilled - resident,1,none,yes,2,divorced/separated
... < 0 DM,17,delay in paying off in the past,education,1386,unknown / no savings account,1 <= ... < 4 years,4,male,none,2,building society savings agreement / life insurance,20,none,own,2,management / self-employed / highly qualified employee / officer,1,none,yes,1,single
... < 0 DM,24,existing credits paid back duly till now,car (new),250,... < 100 DM,1 <= ... < 4 years,4,male,none,3,building society savings agreement / life insurance,30,none,for free,2,skilled employee / official,1,none,yes,2,single
no checking account,46,existing credits paid back duly till now,radio/television,860,... < 100 DM,4 <= ... < 7 years,2,male,none,2,unknown / no property,26,none,own,1,unemployed / unskilled - non-resident,1,"yes, registered under customer's name",yes,2,single
... < 0 DM,42,critical account / other credits existing (not at this bank),car (new),8676,... >= 1000 DM,1 <= ... < 4 years,4,male,none,3,"car or other, not in savings account",40,bank,own,1,skilled employee / official,1,none,no,2,single
no checking account,4,delay in paying off in the past,car (new),250,... < 100 DM,1 <= ... < 4 years,3,male,none,3,real estate,24,none,rent,1,unskilled - resident,1,none,yes,2,divorced/separated
0 <= ... < 200 DM,30,critical account / other credits existing (not at this bank),car (used),1361,... >= 1000 DM,4 <= ... < 7 years,3,female,none,1,real estate,43,none,rent,1,unskilled - resident,1,none,yes,1,divorced/separated
0 <= ... < 200 DM,12,critical account / other credits existing (not at this bank),business,250,... < 100 DM,1 <= ... < 4 years,4,male,none,1,building society savings agreement / life insurance,24,none,own,1,unskilled - resident,1,"yes, registered under customer's name",yes,1,divorced/separated
no checking account,27,existing credits paid back duly till now,car (used),250,... < 100 DM,1 <= ... < 4 years,4,male,none,3,real estate,38,none,own,1,unskilled - resident,1,"yes, registered under customer's name",yes,1,single
no checking account,21,existing credits paid back duly till now,repairs,250,... >= 1000 DM,... < 1 year,4,female,none,1,building society savings agreement / life insurance,26,none,rent,2,skilled employee / official,2,"yes, registered under customer's name",yes,1,married/widowed
0 <= ... < 200 DM,24,existing credits paid back duly till now,others,2107,... < 100 DM,1 <= ... < 4 years,2,male,none,4,building society savings agreement / life insurance,45,none,own,2,management / self-employed / highly qualified employee / officer,1,"yes, registered under customer's name",yes,2,divorced/separated
no checking account,19,critical account / other credits existing (not at this bank),radio/television,1247,... < 100 DM,1 <= ... < 4 years,2,female,co-applicant,4,"car or other, not in savings account",19,stores,own,1,skilled employee / official,2,"yes, registered under customer's name",yes,1,single
0 <= ... < 200 DM,10,existing credits paid back duly till now,car (new),1089,100 <= ... < 500 DM,... >= 7 years,3,male,none,3,"car or other, not in savings account",34,none,rent,1,unskilled - resident,1,"yes, registered under customer's name",yes,1,single
... < 0 DM,21,critical account / other credits existing (not at this bank),car (new),250,... < 100 DM,1 <= ... < 4 years,2,male,none,4,"car or other, not in savings account",27,none,own,2,skilled employee / official,1,none,yes,2,single
no checking account,28,critical account / other credits existing (not at this bank),radio/television,250,... < 100 DM,... >= 7 years,1,female,none,4,building society savings agreement / life insurance,42,bank,own,1,management / self-employed / highly qualified employee / officer,1,none,yes,2,single
no checking account,22,critical account / other credits existing (not at this bank),furniture/equipment,4481,100 <= ... < 500 DM,4 <= ... < 7 years,1,male,none,4,real estate,54,bank,own,1,management / self-employed / highly qualified employee / officer,2,none,yes,1,single
0 <= ... < 200 DM,4,existing credits paid back duly till now,radio/television,1613,... < 100 DM,4 <= ... < 7 years,2,female,none,3,unknown / no property,36,bank,own,2,unskilled - resident,1,none,yes,1,divorced/separated
0 <= ... < 200 DM,26,existing credits paid back duly till now,radio/television,821,... < 100 DM,1 <= ... < 4 years,3,male,none,4,building society savings agreement / life insurance,19,none,own,2,skilled employee / official,1,none,yes,1,divorced/separated
0 <= ... < 200 DM,29,critical account / other credits existing (not at this bank),radio/television,1042,... < 100 DM,1 <= ... < 4 years,3,female,none,4,"car or other, not in savings account",24,none,own,2,management / self-employed / highly qualified employee / officer,1,"yes, registered under customer's name",yes,1,single
... < 0 DM,27,no credits taken / all credits paid back duly,radio/television,250,... < 100 DM,1 <= ... < 4 years,4,male,none,2,real estate,31,bank,rent,2,skilled employee / official,1,"yes, registered under customer's name",yes,1,single
no checking account,14,delay in paying off in the past,car (new),539,... < 100 DM,unemployed,4,male,none,4,building society savings agreement / life insurance,33,none,own,1,management / self-employed / highly qualified employee / officer,1,"yes, registered under customer's name",yes,1,single
no checking account,15,existing credits paid back duly till now,car (used),250,unknown / no savings account,... >= 7 years,4,male,none,4,real estate,20,none,own,1,unemployed / unskilled - non-resident,1,none,yes,2,single
0 <= ... < 200 DM,24,critical account / other credits existing (not at this bank),car (used),250,unknown / no savings account,1 <= ... < 4 years,4,male,none,3,"car or other, not in savings account",25,none,own,2,management / self-employed / highly qualified employee / officer,1,none,yes,1,single
... < 0 DM,39,critical account / other credits existing (not at this bank),car (new),250,... < 100 DM,... >= 7 years,3,female,co-applicant,2,building society savings agreement / life insurance,42,none,for free,2,skilled employee / official,1,none,yes,1,divorced/separated
no checking account,7,existing credits paid back duly till now,car (new),250,... >= 1000 DM,... >= 7 years,4,female,none,3,real estate,31,none,rent,2,skilled employee / official,1,"yes, registered under customer's name",yes,1,divorced/separated
no checking account,22,no credits taken / all credits paid back duly,radio/television,4051,unknown / no savings account,... < 1 year,4,female,guarantor,3,unknown / no property,20,none,own,2,unskilled - resident,2,none,yes,1,divorced/separated
... < 0 DM,49,existing credits paid back duly till now,others,11267,... < 100 DM,1 <= ... < 4 years,4,female,none,4,"car or other, not in savings account",27,none,own,2,skilled employee / official,1,none,yes,1,divorced/separated
no checking account,30,existing credits paid back duly till now,radio/television,8884,... < 100 DM,4 <= ... < 7 years,2,male,none,2,unknown / no property,32,none,own,1,management / self-employed / highly qualified employee / officer,1,none,yes,1,single
... < 0 DM,26,critical account / other credits existing (not at this bank),radio/television,1456,... < 100 DM,... >= 7 years,1,female,none,2,real estate,32,none,own,1,unemployed / unskilled - non-resident,1,"yes, registered under customer's name",yes,1,single
no checking account,26,existing credits paid back duly till now,repairs,2638,... < 100 DM,1 <= ... < 4 years,3,female,none,2,unknown / no property,65,none,rent,1,skilled employee / official,2,none,yes,1,divorced/separated
no checking account,29,existing credits paid back duly till now,car (used),250,... < 100 DM,... >= 7 years,4,male,none,4,real estate,32,none,for free,1,skilled employee / official,1,"yes, registered under customer's name",yes,1,single
no checking account,4,existing credits paid back duly till now,car (new),1134,... < 100 DM,1 <= ... < 4 years,4,female,none,2,real estate,22,none,own,1,management / self-employed / highly qualified employee / officer,1,"yes, registered under customer's name",yes,2,married/widowed
... < 0 DM,10,no credits taken / all credits paid back duly,furniture/equipment,250,... < 100 DM,1 <= ... < 4 years,4,female,none,2,"car or other, not in savings account",35,none,own,1,skilled employee / official,2,"yes, registered under customer's name",yes,1,divorced/separated
no checking account,52,delay in paying off in the past,radio/television,2635,unknown / no savings account,1 <= ... < 4 years,4,female,none,1,"car or other, not in savings account",40,none,for free,1,unskilled - resident,1,"yes, registered under customer's name",yes,1,single
no checking account,21,all credits at this bank paid back duly,radio/television,1479,... < 100 DM,... >= 7 years,4,male,none,3,real estate,33,none,own,1,skilled employee / official,1,"yes, registered under customer's name",yes,2,divorced/separated
... < 0 DM,11,existing credits paid back duly till now,radio/television,360,... < 100 DM,... < 1 year,2,female,none,2,building society savings agreement / life insurance,70,none,own,1,unskilled - resident,1,none,yes,1,single
no checking account,28,existing credits paid back duly till now,car (new),2562,... < 100 DM,... >= 7 years,4,female,none,2,real estate,35,none,own,2,skilled employee / official,1,"yes, registered under customer's name",yes,1,single
no checking account,6,critical account / other credits existing (not at this bank),others,250,... >= 1000 DM,1 <= ... < 4 years,2,male,none,4,building society savings agreement / life insurance,39,none,own,1,skilled employee / official,1,"yes, registered under customer's name",yes,1,single
... < 0 DM,26,existing credits paid back duly till now,car (new),1074,... < 100 DM,... >= 7 years,2,male,none,3,"car or other, not in savings account",24,none,own,2,unemployed / unskilled - non-resident,2,"yes, registered under customer's name",yes,1,single
... < 0 DM,13,existing credits paid back duly till now,furniture/equipment,550,unknown / no savings account,1 <= ... < 4 years,3,male,guarantor,2,building society savings agreement / life insurance,33,none,own,2,skilled employee / official,1,"yes, registered under customer's name",yes,2,single
... >= 200 DM / salary assignments for at least 1 year,26,all credits at this bank paid back duly,car (new),250,... < 100 DM,1 <= ... < 4 years,3,female,guarantor,4,"car or other, not in savings account",19,none,own,1,management / self-employed / highly qualified employee / officer,1,"yes, registered under customer's name",yes,1,single
no checking account,53,critical account / other credits existing (not at this bank),radio/television,2574,... < 100 DM,1 <= ... < 4 years,4,male,none,2,real estate,21,none,own,2,skilled employee / official,1,none,yes,1,single
no checking account,9,existing credits paid back duly till now,car (used),521,unknown / no savings account,... < 1 year,4,female,co-applicant,2,"car or other, not in savings account",49,none,own,1,skilled employee / official,1,none,yes,1,single
0 <= ... < 200 DM,13,existing credits paid back duly till now,car (new),660,100 <= ... < 500 DM,4 <= ... < 7 years,1,male,none,2,building society savings agreement / life insurance,31,bank,for free,2,skilled employee / official,1,none,yes,2,divorced/separated
0 <= ... < 200 DM,15,existing credits paid back duly till now,furniture/equipment,1900,... < 100 DM,1 <= ... < 4 years,2,male,none,3,"car or other, not in savings account",51,none,rent,1,skilled employee / official,1,none,yes,1,single
0 <= ... < 200 DM,44,critical account / other credits existing (not at this bank),radio/television,891,... < 100 DM,4 <= ... < 7 years,2,male,none,2,unknown / no property,28,none,own,2,management / self-employed / highly qualified employee / officer,1,none,yes,2,divorced/separated
... < 0 DM,72,existing credits paid back duly till now,others,1611,... < 100 DM,... >= 7 years,2,male,none,4,unknown / no property,33,none,own,1,unskilled - resident,1,"yes, registered under customer's name",yes,2,single
0 <= ... < 200 DM,24,existing credits paid back duly till now,furniture/equipment,261,unknown / no savings account,... >= 7 years,3,male,none,4,building society savings agreement / life insurance,46,bank,own,1,skilled employee / official,1,"yes, registered under customer's name",yes,1,divorced/separated
no checking account,34,all credits at this bank paid back duly,radio/television,3670,... < 100 DM,1 <= ... < 4 years,2,male,co-applicant,2,building society savings agreement / life insurance,63,none,own,2,unskilled - resident,1,none,yes,2,single
no checking account,10,existing credits paid back duly till now,car (new),349,unknown / no savings account,1 <= ... < 4 years,4,female,none,4,unknown / no property,26,none,own,1,unemployed / unskilled - non-resident,1,"yes, registered under customer's name",yes,1,single
... < 0 DM,5,existing credits paid back duly till now,car (new),250,500 <= ... < 1000 DM,... < 1 year,3,male,none,2,unknown / no property,37,none,own,2,skilled employee / official,1,none,yes,1,single
... < 0 DM,20,existing credits paid back duly till now,business,10382,unknown / no savings account,1 <= ... < 4 years,2,male,none,2,real estate,39,none,own,1,skilled employee / official,1,"yes, registered under customer's name",yes,2,divorced/separated
0 <= ... < 200 DM,23,all credits at this bank paid back duly,car (new),9300,unknown / no savings account,... >= 7 years,4,male,none,3,"car or other, not in savings account",32,bank,own,1,skilled employee / official,1,none,yes,1,single
no checking account,22,existing credits paid back duly till now,business,1551,unknown / no savings account,... >= 7 years,4,female,none,2,building society savings agreement / life insurance,68,none,rent,1,unskilled - resident,1,none,yes,1,divorced/separated
no checking account,17,critical account / other credits existing (not at this bank),radio/television,12488,... >= 1000 DM,... < 1 year,4,male,none,2,unknown / no property,36,none,own,1,unskilled - resident,1,"yes, registered under customer's name",yes,1,divorced/separated
0 <= ... < 200 DM,63,all credits at this bank paid back duly,car (new),2661,... >= 1000 DM,... < 1 year,2,female,none,2,"car or other, not in savings account",32,none,own,1,management / self-employed / highly qualified employee / officer,1,"yes, registered under customer's name",yes,1,single
... < 0 DM,30,critical account / other credits existing (not at this bank),car (used),3446,... < 100 DM,1 <= ... < 4 years,4,male,none,4,unknown / no property,48,bank,for free,2,unskilled - resident,1,none,yes,1,divorced/separated
no checking account,8,existing credits paid back duly till now,car (new),2642,... < 100 DM,4 <= ... < 7 years,3,male,none,2,building society savings agreement / life insurance,66,bank,own,1,skilled employee / official,1,"yes, registered under customer's name",yes,1,single
no checking account,28,existing credits paid back duly till now,radio/television,1956,... < 100 DM,4 <= ... < 7 years,2,male,none,3,"car or other, not in savings account",19,none,own,1,skilled employee / official,1,none,yes,2,divorced/separated
0 <= ... < 200 DM,15,existing credits paid back duly till now,radio/television,2313,... >= 1000 DM,1 <= ... < 4 years,3,male,none,4,"car or other, not in savings account",19,none,own,2,unskilled - resident,1,none,yes,2,divorced/separated
no checking account,26,all credits at this bank paid back duly,radio/television,3084,... < 100 DM,1 <= ... < 4 years,4,male,none,4,unknown / no property,24,none,own,1,skilled employee / official,1,"yes, registered under customer's name",yes,1,divorced/separated
no checking account,27,critical account / other credits existing (not at this bank),car (new),462,... < 100 DM,1 <= ... < 4 years,2,male,none,4,"car or other, not in savings account",19,none,own,1,skilled employee / official,1,"yes, registered under customer's name",yes,1,single
0 <= ... < 200 DM,26,critical account / other credits existing (not at this bank),radio/television,250,... < 100 DM,4 <= ... < 7 years,2,female,co-applicant,1,unknown / no property,26,none,own,1,skilled employee / official,1,"yes, registered under customer's name",yes,1,single
... < 0 DM,24,existing credits paid back duly till now,car (used),1859,100 <= ... < 500 DM,unemployed,2,female,none,2,"car or other, not in savings account",24,none,own,2,skilled employee / official,1,none,yes,1,married/widowed
... < 0 DM,28,existing credits paid back duly till now,domestic appliances,1925,... < 100 DM,unemployed,3,female,none,1,"car or other, not in savings account",74,none,own,2,skilled employee / official,2,"yes, registered under customer's name",yes,1,single
no checking account,12,delay in paying off in the past,car (used),10478,100 <= ... < 500 DM,1 <= ... < 4 years,2,male,none,4,"car or other, not in savings account",20,none,own,1,unskilled - resident,1,"yes, registered under customer's name",yes,1,married/widowed
no checking account,20,existing credits paid back duly till now,business,1855,100 <= ... < 500 DM,... >= 7 years,2,male,none,1,building society savings agreement / life insurance,20,none,own,2,unskilled - resident,2,none,yes,2,divorced/separated
... < 0 DM,47,critical account / other credits existing (not at this bank),car (new),1842,... < 100 DM,1 <= ... < 4 years,4,female,none,4,"car or other, not in savings account",27,none,for free,2,unemployed / unskilled - non-resident,1,"yes, registered under customer's name",yes,1,single
... < 0 DM,4,existing credits paid back duly till now,radio/television,1460,... < 100 DM,... >= 7 years,4,male,none,4,"car or other, not in savings account",73,none,own,1,management / self-employed / highly qualified employee / officer,2,"yes, registered under customer's name",yes,1,divorced/separated
no checking account,15,existing credits paid back duly till now,car (used),3198,500 <= ... < 1000 DM,4 <= ... < 7 years,3,female,none,4,real estate,75,bank,own,1,unskilled - resident,1,none,yes,2,divorced/separated
0 <= ... < 200 DM,72,existing credits paid back duly till now,car (new),1384,... < 100 DM,1 <= ... < 4 years,2,female,none,4,unknown / no property,31,none,rent,2,skilled employee / official,1,none,yes,1,single
... < 0 DM,22,existing credits paid back duly till now,business,736,... < 100 DM,... < 1 year,4,male,none,3,real estate,49,none,for free,1,skilled employee / official,1,none,yes,2,divorced/separated
no checking account,28,existing credits paid back duly till now,radio/television,566,... < 100 DM,1 <= ... < 4 years,4,female,none,4,real estate,25,none,own,2,management / self-employed / highly qualified employee / officer,1,none,yes,2,single
no checking account,72,existing credits paid back duly till now,radio/television,250,... < 100 DM,... >= 7 years,4,male,none,2,unknown / no property,24,none,own,1,skilled employee / official,1,none,yes,1,divorced/separated
0 <= ... < 200 DM,12,existing credits paid back duly till now,radio/television,980,unknown / no savings account,... >= 7 years,3,female,none,2,building society savings agreement / life insurance,49,none,rent,1,skilled employee / official,2,none,yes,2,divorced/separated
no checking account,47,existing credits paid back duly till now,car (new),6148,... < 100 DM,1 <= ... < 4 years,1,female,none,4,"car or other, not in savings account",55,none,rent,1,skilled employee / official,1,"yes, registered under customer's name",yes,1,single
no checking account,24,all credits at this bank paid back duly,radio/television,345,unknown / no savings account,unemployed,1,male,none,4,unknown / no property,33,none,own,1,management / self-employed / highly qualified employee / officer,1,none,yes,1,single
no checking account,4,existing credits paid back duly till now,business,781,... >= 1000 DM,unemployed,2,male,none,3,building society savings agreement / life insurance,19,bank,own,2,skilled employee / official,2,"yes, registered under customer's name",yes,1,married/widowed
no checking account,4,delay in paying off in the past,radio/television,250,... < 100 DM,unemployed,1,male,co-applicant,2,"car or other, not in savings account",24,none,own,1,management / self-employed / highly qualified employee / officer,1,none,yes,2,divorced/separated
0 <= ... < 200 DM,24,no credits taken / all credits paid back duly,car (new),446,... < 100 DM,... >= 7 years,2,male,none,4,"car or other, not in savings account",23,none,own,1,unskilled - resident,1,none,yes,2,married/widowed
no checking account,27,critical account / other credits existing (not at this bank),business,1486,... < 100 DM,1 <= ... < 4 years,4,male,none,3,"car or other, not in savings account",41,none,own,1,management / self-employed / highly qualified employee / officer,1,none,yes,2,single
no checking account,28,existing credits paid back duly till now,education,1055,100 <= ... < 500 DM,1 <= ... < 4 years,2,female,none,1,real estate,27,none,for free,1,skilled employee / official,2,none,yes,2,single
... < 0 DM,38,all credits at this bank paid back duly,repairs,2480,... < 100 DM,unemployed,4,female,none,4,building society savings agreement / life insurance,29,none,for free,1,skilled employee / official,2,none,yes,2,divorced/separated
no checking account,10,existing credits paid back duly till now,car (used),4409,... < 100 DM,... >= 7 years,1,male,none,4,"car or other, not in savings account",64,none,own,4,management / self-employed / highly qualified employee / officer,1,none,yes,1,single
0 <= ... < 200 DM,29,existing credits paid back duly till now,education,2504,... < 100 DM,4 <= ... < 7 years,3,male,none,4,building society savings agreement / life insurance,25,none,rent,2,skilled employee / official,1,none,yes,2,divorced/separated
no checking account,21,no credits taken / all credits paid back duly,repairs,250,... >= 1000 DM,4 <= ... < 7 years,2,male,guarantor,4,building society savings agreement / life insurance,32,none,own,1,unemployed / unskilled - non-resident,1,none,yes,1,married/widowed
no checking account,19,existing credits paid back duly till now,furniture/equipment,250,... < 100 DM,1 <= ... < 4 years,4,male,none,3,building society savings agreement / life insurance,49,stores,own,3,skilled employee / official,1,none,yes,1,divorced/separated
0 <= ... < 200 DM,28,delay in paying off in the past,car (new),250,... >= 1000 DM,... >= 7 years,2,male,none,4,real estate,33,none,for free,2,skilled employee / official,1,"yes, registered under customer's name",yes,1,single
... < 0 DM,46,critical account / other credits existing (not at this bank),radio/television,2745,unknown / no savings account,1 <= ... < 4 years,2,male,none,2,unknown / no property,19,bank,own,2,unskilled - resident,1,"yes, registered under customer's name",yes,1,single
... < 0 DM,20,existing credits paid back duly till now,car (new),250,... < 100 DM,... >= 7 years,2,male,none,4,building society savings agreement / life insurance,31,none,own,2,skilled employee / official,1,"yes, registered under customer's name",yes,1,divorced/separated
no checking account,4,critical account / other credits existing (not at this bank),business,250,... < 100 DM,1 <= ... < 4 years,4,male,none,4,real estate,19,none,rent,1,unemployed / unskilled - non-resident,1,none,yes,2,single
... < 0 DM,4,existing credits paid back duly till now,radio/television,3777,... < 100 DM,4 <= ... < 7 years,1,female,none,2,building society savings agreement / life insurance,25,none,own,1,skilled employee / official,1,"yes, registered under customer's name",yes,2,single
0 <= ... < 200 DM,12,critical account / other credits existing (not at this bank),car (new),1415,500 <= ... < 1000 DM,4 <= ... < 7 years,3,male,none,4,building society savings agreement / life insurance,56,none,own,2,unskilled - resident,1,none,yes,1,single
... < 0 DM,24,all credits at this bank paid back duly,radio/television,2304,100 <= ... < 500 DM,... < 1 year,3,male,none,4,"car or other, not in savings account",65,none,own,2,skilled employee / official,1,"yes, registered under customer's name",yes,1,single
0 <= ... < 200 DM,9,existing credits paid back duly till now,radio/television,1571,... < 100 DM,... >= 7 years,4,female,none,4,unknown / no property,75,none,own,2,skilled employee / official,1,none,yes,1,single
0 <= ... < 200 DM,14,delay in paying off in the past,business,4190,... < 100 DM,4 <= ... < 7 years,2,female,none,4,"car or other, not in savings account",24,stores,own,2,skilled employee / official,2,"yes, registered under customer's name",yes,1,single
... >= 200 DM / salary assignments for at least 1 year,37,all credits at this bank paid back duly,business,1942,... < 100 DM,unemployed,4,male,co-applicant,2,"car or other, not in savings account",37,none,own,1,unskilled - resident,1,"yes, registered under customer's name",yes,2,divorced/separated
no checking account,17,existing credits paid back duly till now,others,1088,... < 100 DM,1 <= ... < 4 years,4,male,none,4,"car or other, not in savings account",31,none,own,1,skilled employee / official,1,"yes, registered under customer's name",yes,2,divorced/separated
no checking account,14,existing credits paid back duly till now,radio/television,375,100 <= ... < 500 DM,4 <= ... < 7 years,2,male,none,2,"car or other, not in savings account",38,none,own,1,unskilled - resident,1,"yes, registered under customer's name",yes,1,married/widowed
no checking account,13,existing credits paid back duly till now,radio/television,4862,... < 100 DM,... < 1 year,1,male,none,4,"car or other, not in savings account",20,bank,rent,2,unskilled - resident,1,none,yes,1,divorced/separated
0 <= ... < 200 DM,45,no credits taken / all credits paid back duly,furniture/equipment,2401,... < 100 DM,unemployed,2,female,none,1,"car or other, not in savings account",46,none,for free,2,skilled employee / official,1,none,yes,2,single
no checking account,19,existing credits paid back duly till now,radio/television,5442,... < 100 DM,... >= 7 years,1,female,none,1,building society savings agreement / life insurance,31,none,own,1,skilled employee / official,1,none,yes,1,divorced/separated
... < 0 DM,29,critical account / other credits existing (not at this bank),car (new),6299,unknown / no savings account,4 <= ... < 7 years,1,female,none,4,building society savings agreement / life insurance,28,none,own,1,unskilled - resident,1,"yes, registered under customer's name",yes,1,single
0 <= ... < 200 DM,13,existing credits paid back duly till now,radio/television,250,unknown / no savings account,... >= 7 years,4,female,none,2,real estate,34,none,own,1,unskilled - resident,1,"yes, registered under customer's name",yes,1,divorced/separated
0 <= ... < 200 DM,44,existing credits paid back duly till now,car (used),250,... < 100 DM,1 <= ... < 4 years,4,female,guarantor,4,real estate,42,none,own,1,skilled employee / official,1,none,yes,1,single
0 <= ... < 200 DM,22,existing credits paid back duly till now,furniture/equipment,250,unknown / no savings account,unemployed,3,female,co-applicant,2,real estate,19,none,rent,1,unemployed / unskilled - non-resident,1,none,yes,1,single
no checking account,26,existing credits paid back duly till now,domestic appliances,7420,unknown / no savings account,1 <= ... < 4 years,1,male,none,1,"car or other, not in savings account",35,none,for free,2,skilled employee / official,1,"yes, registered under customer's name",yes,1,married/widowed
no checking account,23,critical account / other credits existing (not at this bank),furniture/equipment,2280,... < 100 DM,1 <= ... < 4 years,2,male,none,2,real estate,25,bank,own,1,skilled employee / official,1,none,yes,1,single
no checking account,28,existing credits paid back duly till now,car (new),250,... >= 1000 DM,1 <= ... < 4 years,4,male,none,2,"car or other, not in savings account",24,none,own,2,unemployed / unskilled - non-resident,1,none,yes,1,divorced/separated
no checking account,18,critical account / other credits existing (not at this bank),radio/television,2099,unknown / no savings account,4 <= ... < 7 years,2,female,none,4,real estate,33,none,own,2,unskilled - resident,1,"yes, registered under customer's name",yes,2,divorced/separated
no checking account,4,critical account / other credits existing (not at this bank),car (new),12976,... < 100 DM,... < 1 year,4,male,none,4,building society savings agreement / life insurance,71,bank,own,1,management / self-employed / highly qualified employee / officer,1,none,yes,2,divorced/separated
0 <= ... < 200 DM,11,existing credits paid back duly till now,repairs,250,... < 100 DM,... < 1 year,4,male,none,3,building society savings agreement / life insurance,29,none,own,2,skilled employee / official,1,"yes, registered under customer's name",yes,2,single
... < 0 DM,17,critical account / other credits existing (not at this bank),radio/television,250,... < 100 DM,4 <= ... < 7 years,2,male,none,4,"car or other, not in savings account",49,none,own,1,skilled employee / official,1,none,yes,2,divorced/separated
... >= 200 DM / salary assignments for at least 1 year,25,existing credits paid back duly till now,business,867,... < 100 DM,4 <= ... < 7 years,4,female,guarantor,1,"car or other, not in savings account",29,none,own,1,unskilled - resident,1,none,yes,1,divorced/separated
0 <= ... < 200 DM,27,delay in paying off in the past,radio/television,2009,... < 100 DM,unemployed,4,male,none,4,building society savings agreement / life insurance,46,stores,own,1,skilled employee / official,1,none,yes,1,married/widowed
... < 0 DM,41,critical account / other credits existing (not at this bank),retraining,250,... < 100 DM,... >= 7 years,4,female,co-applicant,4,real estate,57,none,own,4,skilled employee / official,1,none,yes,1,single
... < 0 DM,9,critical account / other credits existing (not at this bank),car (new),1293,... < 100 DM,1 <= ... < 4 years,4,female,none,3,unknown / no property,61,none,rent,2,skilled employee / official,1,"yes, registered under customer's name",yes,1,single
no checking account,27,all credits at this bank paid back duly,furniture/equipment,3154,unknown / no savings account,... < 1 year,4,female,none,2,building society savings agreement / life insurance,39,none,own,1,skilled employee / official,1,"yes, registered under customer's name",yes,1,married/widowed
... < 0 DM,32,existing credits paid back duly till now,radio/television,10339,... < 100 DM,... >= 7 years,4,female,none,3,real estate,60,none,own,1,skilled employee / official,1,none,yes,1,single
no checking account,26,existing credits paid back duly till now,furniture/equipment,2477,unknown / no savings account,1 <= ... < 4 years,4,female,none,2,real estate,37,none,own,2,unskilled - resident,1,none,yes,1,divorced/separated
0 <= ... < 200 DM,23,critical account / other credits existing (not at this bank),car (new),264,100 <= ... < 500 DM,4 <= ... < 7 years,1,female,none,1,unknown / no property,41,none,own,2,unskilled - resident,1,"yes, registered under customer's name",yes,1,single
no checking account,27,existing credits paid back duly till now,business,3268,unknown / no savings account,1 <= ... < 4 years,3,male,guarantor,2,real estate,21,none,own,1,skilled employee / official,1,none,yes,1,single
no checking account,24,existing credits paid back duly till now,car (new),250,... < 100 DM,1 <= ... < 4 years,2,male,co-applicant,4,"car or other, not in savings account",60,none,own,2,unskilled - resident,1,"yes, registered under customer's name",yes,2,divorced/separated
... < 0 DM,19,existing credits paid back duly till now,car (new),1701,... < 100 DM,1 <= ... < 4 years,4,female,none,3,real estate,19,stores,own,2,management / self-employed / highly qualified employee / officer,2,none,yes,1,divorced/separated
0 <= ... < 200 DM,27,existing credits paid back duly till now,car (new),486,... < 100 DM,1 <= ... < 4 years,2,female,none,2,building society savings agreement / life insurance,29,bank,for free,2,skilled employee / official,1,none,yes,2,single
... >= 200 DM / salary assignments for at least 1 year,29,existing credits paid back duly till now,car (new),250,500 <= ... < 1000 DM,... >= 7 years,4,male,none,3,"car or other, not in savings account",39,none,own,3,unskilled - resident,1,"yes, registered under customer's name",yes,2,married/widowed
no checking account,23,critical account / other credits existing (not at this bank),furniture/equipment,348,... < 100 DM,1 <= ... < 4 years,4,male,none,3,real estate,31,none,for free,1,skilled employee / official,1,none,yes,2,divorced/separated
0 <= ... < 200 DM,26,existing credits paid back duly till now,furniture/equipment,1635,... < 100 DM,... < 1 year,3,male,none,4,real estate,33,none,own,1,skilled employee / official,2,"yes, registered under customer's name",yes,2,divorced/separated
no checking account,48,critical account / other credits existing (not at this bank),radio/television,2054,100 <= ... < 500 DM,1 <= ... < 4 years,3,female,none,2,building society savings agreement / life insurance,43,stores,own,2,unskilled - resident,1,"yes, registered under customer's name",yes,1,single
... < 0 DM,25,existing credits paid back duly till now,repairs,250,... < 100 DM,1 <= ... < 4 years,1,male,none,2,building society savings agreement / life insurance,19,none,own,2,skilled employee / official,1,"yes, registered under customer's name",yes,2,single
no checking account,8,no credits taken / all credits paid back duly,furniture/equipment,2437,... < 100 DM,1 <= ... < 4 years,2,male,none,4,real estate,28,none,own,2,unskilled - resident,1,none,yes,1,divorced/separated
no checking account,16,delay in paying off in the past,radio/television,2491,... >= 1000 DM,... >= 7 years,3,male,none,4,unknown / no property,23,none,own,1,skilled employee / official,1,"yes, registered under customer's name",yes,1,single
... < 0 DM,26,critical account / other credits existing (not at this bank),radio/television,523,... < 100 DM,... < 1 year,4,female,none,4,"car or other, not in savings account",29,none,rent,2,skilled employee / official,1,"yes, registered under customer's name",yes,1,single
no checking account,28,critical account / other credits existing (not at this bank),education,250,unknown / no savings account,unemployed,1,female,none,2,unknown / no property,28,stores,own,1,skilled employee / official,1,none,yes,1,divorced/separated
0 <= ... < 200 DM,32,delay in paying off in the past,car (new),4636,... < 100 DM,4 <= ... < 7 years,4,female,guarantor,4,unknown / no property,35,none,for free,2,unskilled - resident,1,none,no,1,married/widowed
0 <= ... < 200 DM,26,existing credits paid back duly till now,car (new),250,... < 100 DM,1 <= ... < 4 years,4,male,co-applicant,2,real estate,26,bank,own,1,skilled employee / official,2,none,yes,1,divorced/separated
0 <= ... < 200 DM,26,all credits at this bank paid back duly,business,250,... < 100 DM,... >= 7 years,4,male,none,4,building society savings agreement / life insurance,51,none,own,1,management / self-employed / highly qualified employee / officer,1,none,yes,1,single
... < 0 DM,28,delay in paying off in the past,car (new),559,... < 100 DM,... >= 7 years,4,male,none,2,real estate,27,none,for free,2,skilled employee / official,1,"yes, registered under customer's name",yes,1,single
... < 0 DM,10,all credits at this bank paid back duly,business,15945,500 <= ... < 1000 DM,1 <= ... < 4 years,1,male,none,3,"car or other, not in savings account",23,bank,own,1,skilled employee / official,1,"yes, registered under customer's name",yes,1,divorced/separated
... < 0 DM,25,no credits taken / all credits paid back duly,radio/television,250,... < 100 DM,unemployed,4,female,none,1,"car or other, not in savings account",19,none,rent,1,unemployed / unskilled - non-resident,1,none,yes,1,single
... < 0 DM,28,existing credits paid back duly till now,radio/television,5260,... < 100 DM,... < 1 year,2,female,none,2,"car or other, not in savings account",26,none,own,1,unskilled - resident,1,"yes, registered under customer's name",yes,1,divorced/separated
... < 0 DM,22,existing credits paid back duly till now,furniture/equipment,716,... < 100 DM,... >= 7 years,4,female,none,3,"car or other, not in savings account",28,none,rent,1,skilled employee / official,1,"yes, registered under customer's name",yes,2,single
no checking account,22,existing credits paid back duly till now,car (new),5256,... < 100 DM,1 <= ... < 4 years,4,male,none,3,building society savings agreement / life insurance,60,stores,rent,3,management / self-employed / highly qualified employee / officer,1,none,yes,1,divorced/separated
... < 0 DM,29,existing credits paid back duly till now,car (new),1190,100 <= ... < 500 DM,unemployed,1,male,none,3,"car or other, not in savings account",25,none,own,1,management / self-employed / highly qualified employee / officer,1,"yes, registered under customer's name",yes,1,single
... < 0 DM,4,existing credits paid back duly till now,radio/television,7540,... < 100 DM,4 <= ... < 7 years,4,male,co-applicant,4,"car or other, not in savings account",19,none,own,1,skilled employee / official,2,"yes, registered under customer's name",yes,1,single
... < 0 DM,9,existing credits paid back duly till now,car (new),9885,100 <= ... < 500 DM,4 <= ... < 7 years,2,female,guarantor,4,real estate,23,none,for free,2,skilled employee / official,1,none,yes,1,divorced/separated
... < 0 DM,4,existing credits paid back duly till now,radio/television,6115,... < 100 DM,... < 1 year,3,male,none,1,building society savings agreement / life insurance,32,none,own,1,skilled employee / official,1,none,yes,1,single
... < 0 DM,10,existing credits paid back duly till now,radio/television,250,... < 100 DM,... >= 7 years,2,female,none,4,"car or other, not in savings account",26,none,rent,2,skilled employee / official,1,none,yes,1,single
0 <= ... < 200 DM,21,existing credits paid back duly till now,car (new),2337,100 <= ... < 500 DM,... >= 7 years,4,female,none,4,"car or other, not in savings account",29,none,own,1,management / self-employed / highly qualified employee / officer,1,none,yes,1,divorced/separated
0 <= ... < 200 DM,18,existing credits paid back duly till now,furniture/equipment,1324,100 <= ... < 500 DM,1 <= ... < 4 years,4,female,none,4,real estate,27,none,own,3,management / self-employed / highly qualified employee / officer,1,"yes, registered under customer's name",yes,1,divorced/separated
0 <= ... < 200 DM,28,existing credits paid back duly till now,business,3573,... < 100 DM,... < 1 year,2,female,none,4,"car or other, not in savings account",31,none,rent,2,management / self-employed / highly qualified employee / officer,2,"yes, registered under customer's name",yes,2,single
0 <= ... < 200 DM,25,existing credits paid back duly till now,furniture/equipment,250,... < 100 DM,4 <= ... < 7 years,1,male,none,1,building society savings agreement / life insurance,24,none,own,2,unskilled - resident,1,none,yes,1,divorced/separated
no checking account,27,all credits at this bank paid back duly,car (new),1867,... < 100 DM,4 <= ... < 7 years,4,female,none,3,building society savings agreement / life insurance,34,none,for free,3,skilled employee / official,1,none,yes,2,single
0 <= ... < 200 DM,28,existing credits paid back duly till now,radio/television,5464,... < 100 DM,... >= 7 years,4,female,none,1,"car or other, not in savings account",28,none,own,1,management / self-employed / highly qualified employee / officer,1,none,yes,1,single
0 <= ... < 200 DM,8,critical account / other credits existing (not at this bank),radio/television,8383,unknown / no savings account,4 <= ... < 7 years,4,male,none,4,real estate,30,none,own,1,skilled employee / official,1,none,yes,1,single
0 <= ... < 200 DM,19,existing credits paid back duly till now,radio/television,2322,500 <= ... < 1000 DM,... >= 7 years,4,male,none,2,unknown / no property,26,bank,own,1,skilled employee / official,1,"yes, registered under customer's name",yes,1,single
no checking account,13,critical account / other credits existing (not at this bank),retraining,2317,... < 100 DM,... >= 7 years,4,female,none,4,real estate,26,none,own,3,skilled employee / official,1,"yes, registered under customer's name",no,1,single
no checking account,30,existing credits paid back duly till now,radio/television,724,... < 100 DM,unemployed,4,female,none,4,unknown / no property,19,none,own,1,skilled employee / official,2,"yes, registered under customer's name",yes,1,single
... >= 200 DM / salary assignments for at least 1 year,26,critical account / other credits existing (not at this bank),business,948,100 <= ... < 500 DM,... >= 7 years,4,female,none,4,unknown / no property,35,none,own,1,skilled employee / official,1,none,yes,2,single
0 <= ... < 200 DM,27,existing credits paid back duly till now,furniture/equipment,250,100 <= ... < 500 DM,... >= 7 years,2,male,none,4,"car or other, not in savings account",38,stores,own,1,skilled employee / official,1,none,yes,1,single
... >= 200 DM / salary assignments for at least 1 year,24,all credits at this bank paid back duly,car (used),250,... < 100 DM,4 <= ... < 7 years,3,female,none,4,"car or other, not in savings account",21,stores,own,1,skilled employee / official,2,none,yes,1,divorced/separated
... < 0 DM,23,critical account / other credits existing (not at this bank),car (new),1943,... < 100 DM,1 <= ... < 4 years,2,female,none,1,building society savings agreement / life insurance,45,none,own,2,unskilled - resident,2,"yes, registered under customer's name",yes,2,single
0 <= ... < 200 DM,16,existing credits paid back duly till now,furniture/equipment,6451,... < 100 DM,1 <= ... < 4 years,2,female,none,1,real estate,19,none,for free,1,skilled employee / official,2,none,yes,2,divorced/separated
... >= 200 DM / salary assignments for at least 1 year,65,critical account / other credits existing (not at this bank),radio/television,9793,... < 100 DM,4 <= ... < 7 years,4,male,none,3,"car or other, not in savings account",19,bank,own,1,skilled employee / official,1,none,yes,1,single
no checking account,29,existing credits paid back duly till now,radio/television,1299,... < 100 DM,1 <= ... < 4 years,1,male,none,2,real estate,32,none,own,1,unemployed / unskilled - non-resident,2,"yes, registered under customer's name",yes,1,divorced/separated
no checking account,25,delay in paying off in the past,car (new),1505,... < 100 DM,4 <= ... < 7 years,2,male,guarantor,4,real estate,25,none,own,2,skilled employee / official,1,"yes, registered under customer's name",yes,2,single
no checking account,14,existing credits paid back duly till now,car (new),1828,... < 100 DM,... < 1 year,3,male,none,4,unknown / no property,43,none,own,1,skilled employee / official,1,none,yes,1,single
no checking account,29,existing credits paid back duly till now,car (new),2131,unknown / no savings account,... < 1 year,4,male,none,2,unknown / no property,37,none,own,1,skilled employee / official,1,none,yes,1,single
no checking account,24,existing credits paid back duly till now,repairs,1125,unknown / no savings account,1 <= ... < 4 years,4,female,none,3,real estate,19,bank,own,1,skilled employee / official,1,"yes, registered under customer's name",yes,1,single
... < 0 DM,11,existing credits paid back duly till now,car (new),588,unknown / no savings account,4 <= ... < 7 years,4,male,none,1,unknown / no property,29,none,rent,1,skilled employee / official,2,"yes, registered under customer's name",yes,1,single
... < 0 DM,34,critical account / other credits existing (not at this bank),car (new),4501,unknown / no savings account,1 <= ... < 4 years,4,female,guarantor,2,"car or other, not in savings account",19,none,own,1,management / self-employed / highly qualified employee / officer,1,"yes, registered under customer's name",yes,2,single
no checking account,32,critical account / other credits existing (not at this bank),car (new),5528,... < 100 DM,... >= 7 years,3,female,none,2,unknown / no property,38,none,own,2,skilled employee / official,1,"yes, registered under customer's name",yes,2,divorced/separated
no checking account,22,existing credits paid back duly till now,furniture/equipment,1563,unknown / no savings account,1 <= ... < 4 years,4,male,none,4,real estate,22,none,own,1,unskilled - resident,2,"yes, registered under customer's name",yes,2,single
no checking account,41,existing credits paid back duly till now,repairs,9109,... < 100 DM,1 <= ... < 4 years,4,female,co-applicant,3,real estate,19,stores,own,1,skilled employee / official,1,none,yes,1,single
no checking account,25,existing credits paid back duly till now,car (new),2251,... < 100 DM,1 <= ... < 4 years,2,female,none,2,"car or other, not in savings account",39,none,own,1,skilled employee / official,1,"yes, registered under customer's name",yes,1,divorced/separated
no checking account,67,no credits taken / all credits paid back duly,furniture/equipment,3228,500 <= ... < 1000 DM,1 <= ... < 4 years,3,male,none,2,building society savings agreement / life insurance,75,none,own,2,management / self-employed / highly qualified employee / officer,1,none,yes,1,divorced/separated
no checking account,19,existing credits paid back duly till now,radio/television,630,unknown / no savings account,4 <= ... < 7 years,4,female,none,4,building society savings agreement / life insurance,36,bank,rent,1,skilled employee / official,1,"yes, registered under customer's name",yes,2,divorced/separated
no checking account,29,critical account / other credits existing (not at this bank),radio/television,3123,... < 100 DM,1 <= ... < 4 years,4,male,none,2,"car or other, not in savings account",19,none,rent,1,skilled employee / official,1,none,yes,1,single
no checking account,23,critical account / other credits existing (not at this bank),furniture/equipment,250,100 <= ... < 500 DM,... >= 7 years,1,male,none,4,"car or other, not in savings account",34,none,own,2,skilled employee / official,1,"yes, registered under customer's name",yes,2,married/widowed
... < 0 DM,8,delay in paying off in the past,car (new),3015,500 <= ... < 1000 DM,1 <= ... < 4 years,3,male,none,1,"car or other, not in savings account",20,none,own,2,skilled employee / official,1,none,yes,2,single
no checking account,29,existing credits paid back duly till now,business,250,... < 100 DM,4 <= ... < 7 years,2,male,none,2,"car or other, not in savings account",58,none,rent,1,skilled employee / official,1,none,yes,1,divorced/separated
no checking account,4,delay in paying off in the past,radio/television,1039,... < 100 DM,... >= 7 years,4,male,none,4,building society savings agreement / life insurance,29,none,own,1,unskilled - resident,1,none,yes,1,divorced/separated
no checking account,27,existing credits paid back duly till now,education,2118,... < 100 DM,1 <= ... < 4 years,3,male,none,4,"car or other, not in savings account",33,none,own,1,unskilled - resident,1,"yes, registered under customer's name",yes,2,single
... < 0 DM,44,critical account / other credits existing (not at this bank),car (new),250,100 <= ... < 500 DM,... >= 7 years,4,female,none,3,building society savings agreement / life insurance,28,none,own,2,management / self-employed / highly qualified employee / officer,1,none,yes,2,divorced/separated
no checking account,9,existing credits paid back duly till now,furniture/equipment,1080,... < 100 DM,... >= 7 years,3,male,guarantor,4,real estate,19,none,own,1,unskilled - resident,1,none,yes,1,divorced/separated
0 <= ... < 200 DM,22,existing credits paid back duly till now,radio/television,1405,500 <= ... < 1000 DM,1 <= ... < 4 years,2,male,none,2,unknown / no property,24,bank,own,2,skilled employee / official,1,"yes, registered under customer's name",yes,1,single
no checking account,19,existing credits paid back duly till now,radio/television,3276,... < 100 DM,... < 1 year,4,female,none,4,real estate,24,none,for free,1,skilled employee / official,2,"yes, registered under customer's name",no,1,single
... < 0 DM,22,existing credits paid back duly till now,radio/television,839,... < 100 DM,1 <= ... < 4 years,2,male,none,3,"car or other, not in savings account",51,none,rent,1,skilled employee / official,2,none,yes,1,divorced/separated
no checking account,26,existing credits paid back duly till now,car (new),1459,... < 100 DM,1 <= ... < 4 years,4,female,none,4,unknown / no property,22,none,own,1,skilled employee / official,1,none,yes,1,divorced/separated
... < 0 DM,8,delay in paying off in the past,radio/television,1129,... < 100 DM,... >= 7 years,4,male,none,4,building society savings agreement / life insurance,19,none,own,2,unskilled - resident,1,"yes, registered under customer's name",yes,2,single
0 <= ... < 200 DM,10,existing credits paid back duly till now,education,6851,... < 100 DM,4 <= ... < 7 years,4,male,none,4,unknown / no property,45,none,own,1,skilled employee / official,1,none,yes,1,single
0 <= ... < 200 DM,24,existing credits paid back duly till now,car (new),2265,500 <= ... < 1000 DM,... >= 7 years,2,female,none,1,"car or other, not in savings account",29,none,own,2,management / self-employed / highly qualified employee / officer,1,"yes, registered under customer's name",yes,1,single
no checking account,4,existing credits paid back duly till now,education,874,... < 100 DM,1 <= ... < 4 years,4,male,none,4,unknown / no property,25,none,own,1,skilled employee / official,1,"yes, registered under customer's name",yes,2,single
0 <= ... < 200 DM,26,critical account / other credits existing (not at this bank),car (used),250,unknown / no savings account,... < 1 year,2,female,none,2,unknown / no property,19,none,own,1,management / self-employed / highly qualified employee / officer,1,none,yes,1,single
... < 0 DM,23,existing credits paid back duly till now,radio/television,2514,... < 100 DM,4 <= ... < 7 years,2,male,none,2,unknown / no property,32,none,own,1,unskilled - resident,1,none,yes,1,single
... < 0 DM,19,critical account / other credits existing (not at this bank),furniture/equipment,2121,unknown / no savings account,1 <= ... < 4 years,4,male,guarantor,4,"car or other, not in savings account",27,none,rent,1,skilled employee / official,1,none,yes,1,divorced/separated
0 <= ... < 200 DM,53,existing credits paid back duly till now,radio/television,250,100 <= ... < 500 DM,... < 1 year,4,male,none,4,"car or other, not in savings account",31,none,own,1,skilled employee / official,1,none,yes,1,divorced/separated
0 <= ... < 200 DM,32,existing credits paid back duly till now,car (used),250,... < 100 DM,1 <= ... < 4 years,4,female,none,4,"car or other, not in savings account",39,bank,own,1,management / self-employed / highly qualified employee / officer,1,none,yes,2,single
no checking account,23,existing credits paid back duly till now,car (new),1314,100 <= ... < 500 DM,1 <= ... < 4 years,1,male,none,2,"car or other, not in savings account",19,none,own,2,skilled employee / official,2,none,no,1,married/widowed
0 <= ... < 200 DM,21,existing credits paid back duly till now,furniture/equipment,1741,100 <= ... < 500 DM,4 <= ... < 7 years,4,male,none,3,"car or other, not in savings account",44,none,for free,1,management / self-employed / highly qualified employee / officer,1,none,yes,2,divorced/separated
no checking account,25,existing credits paid back duly till now,car (new),2404,... >= 1000 DM,... < 1 year,2,male,none,4,unknown / no property,28,bank,own,2,skilled employee / official,1,"yes, registered under customer's name",yes,1,single
... < 0 DM,28,existing credits paid back duly till now,education,2477,... < 100 DM,... >= 7 years,2,male,none,4,unknown / no property,19,none,own,1,skilled employee / official,1,"yes, registered under customer's name",yes,1,divorced/separated
... < 0 DM,24,existing credits paid back duly till now,furniture/equipment,368,... < 100 DM,1 <= ... < 4 years,4,male,none,4,unknown / no property,24,none,rent,2,unskilled - resident,1,none,yes,1,single
0 <= ... < 200 DM,15,critical account / other credits existing (not at this bank),radio/television,7526,unknown / no savings account,1 <= ... < 4 years,1,male,none,4,real estate,28,none,own,2,unskilled - resident,2,none,yes,1,single
0 <= ... < 200 DM,41,existing credits paid back duly till now,radio/television,2905,100 <= ... < 500 DM,1 <= ... < 4 years,2,female,none,4,"car or other, not in savings account",19,none,own,2,management / self-employed / highly qualified employee / officer,1,none,yes,2,divorced/separated
no checking account,29,critical account / other credits existing (not at this bank),car (new),4322,... < 100 DM,1 <= ... < 4 years,1,male,none,2,"car or other, not in savings account",25,bank,own,1,skilled employee / official,1,"yes, registered under customer's name",yes,1,divorced/separated
0 <= ... < 200 DM,11,critical account / other credits existing (not at this bank),radio/television,2088,... < 100 DM,1 <= ... < 4 years,3,female,none,2,building society savings agreement / life insurance,69,none,own,1,skilled employee / official,1,none,yes,1,single
no checking account,19,existing credits paid back duly till now,car (used),4564,... < 100 DM,1 <= ... < 4 years,4,male,none,2,"car or other, not in savings account",30,none,own,3,skilled employee / official,1,none,yes,2,single
no checking account,20,existing credits paid back duly till now,repairs,1907,... < 100 DM,... >= 7 years,4,female,none,2,"car or other, not in savings account",25,none,own,3,unskilled - resident,1,"yes, registered under customer's name",yes,1,single
no checking account,25,delay in paying off in the past,radio/television,2468,... < 100 DM,... < 1 year,1,male,co-applicant,4,real estate,47,none,own,1,skilled employee / official,1,"yes, registered under customer's name",yes,1,single
no checking account,22,existing credits paid back duly till now,car (new),1322,unknown / no savings account,... < 1 year,4,female,none,1,building society savings agreement / life insurance,60,none,for free,1,unskilled - resident,2,none,yes,1,divorced/separated
no checking account,25,delay in paying off in the past,car (new),1636,... < 100 DM,1 <= ... < 4 years,1,female,none,2,unknown / no property,21,none,rent,1,management / self-employed / highly qualified employee / officer,2,"yes, registered under customer's name",yes,1,married/widowed
0 <= ... < 200 DM,17,existing credits paid back duly till now,business,2757,... >= 1000 DM,4 <= ... < 7 years,4,male,none,4,unknown / no property,38,none,own,3,skilled employee / official,1,none,yes,1,divorced/separated
0 <= ... < 200 DM,48,delay in paying off in the past,business,1535,... < 100 DM,... >= 7 years,2,female,none,4,building society savings agreement / life insurance,47,none,own,1,skilled employee / official,1,none,yes,1,married/widowed
... >= 200 DM / salary assignments for at least 1 year,25,critical account / other credits existing (not at this bank),business,8119,... < 100 DM,4 <= ... < 7 years,4,female,co-applicant,3,unknown / no property,34,none,for free,1,management / self-employed / highly qualified employee / officer,1,"yes, registered under customer's name",no,1,married/widowed
0 <= ... < 200 DM,69,existing credits paid back duly till now,radio/television,3020,... < 100 DM,1 <= ... < 4 years,1,male,none,4,building society savings agreement / life insurance,33,none,own,1,skilled employee / official,1,"yes, registered under customer's name",yes,2,single
... < 0 DM,23,existing credits paid back duly till now,furniture/equipment,828,... < 100 DM,4 <= ... < 7 years,4,male,none,4,building society savings agreement / life insurance,38,none,own,1,skilled employee / official,1,none,yes,1,single
no checking account,28,critical account / other credits existing (not at this bank),radio/television,250,500 <= ... < 1000 DM,unemployed,4,male,co-applicant,1,"car or other, not in savings account",75,none,for free,1,unskilled - resident,1,"yes, registered under customer's name",yes,1,single
no checking account,25,delay in paying off in the past,car (new),15945,unknown / no savings account,1 <= ... < 4 years,1,male,none,4,real estate,27,none,rent,1,unskilled - resident,1,"yes, registered under customer's name",yes,1,divorced/separated
0 <= ... < 200 DM,15,critical account / other credits existing (not at this bank),business,764,... < 100 DM,... >= 7 years,1,male,none,2,"car or other, not in savings account",37,none,own,1,management / self-employed / highly qualified employee / officer,1,"yes, registered under customer's name",yes,1,divorced/separated
... < 0 DM,11,existing credits paid back duly till now,retraining,937,... < 100 DM,1 <= ... < 4 years,4,female,none,4,building society savings agreement / life insurance,28,stores,own,2,unemployed / unskilled - non-resident,1,"yes, registered under customer's name",yes,1,single
0 <= ... < 200 DM,33,critical account / other credits existing (not at this bank),furniture/equipment,250,500 <= ... < 1000 DM,1 <= ... < 4 years,4,female,none,4,real estate,29,none,own,1,skilled employee / official,1,"yes, registered under customer's name",yes,1,single
... >= 200 DM / salary assignments for at least 1 year,24,critical account / other credits existing (not at this bank),business,6722,... < 100 DM,... >= 7 years,3,male,none,2,unknown / no property,34,none,own,2,skilled employee / official,1,none,yes,1,single
no checking account,25,no credits taken / all credits paid back duly,radio/television,250,... < 100 DM,unemployed,4,male,none,2,building society savings agreement / life insurance,21,none,for free,1,skilled employee / official,2,none,yes,1,divorced/separated
no checking account,43,critical account / other credits existing (not at this bank),car (new),250,... < 100 DM,4 <= ... < 7 years,3,male,none,1,real estate,29,none,own,1,skilled employee / official,1,none,yes,1,married/widowed
0 <= ... < 200 DM,14,critical account / other credits existing (not at this bank),car (new),727,500 <= ... < 1000 DM,1 <= ... < 4 years,1,female,none,3,building society savings agreement / life insurance,25,none,own,1,management / self-employed / highly qualified employee / officer,1,none,yes,2,single
no checking account,29,existing credits paid back duly till now,radio/television,446,... < 100 DM,... < 1 year,1,female,co-applicant,3,building society savings agreement / life insurance,26,bank,for free,1,skilled employee / official,1,"yes, registered under customer's name",yes,1,single
0 <= ... < 200 DM,40,existing credits paid back duly till now,car (new),2140,... >= 1000 DM,4 <= ... < 7 years,4,male,none,2,real estate,30,none,own,1,unskilled - resident,1,"yes, registered under customer's name",yes,2,divorced/separated
... < 0 DM,39,existing credits paid back duly till now,car (used),1555,unknown / no savings account,... < 1 year,4,female,none,3,building society savings agreement / life insurance,30,none,own,2,skilled employee / official,1,"yes, registered under customer's name",yes,1,divorced/separated
no checking account,19,existing credits paid back duly till now,car (new),250,... < 100 DM,4 <= ... < 7 years,4,male,none,4,building society savings agreement / life insurance,59,none,for free,2,skilled employee / official,1,"yes, registered under customer's name",yes,2,single
... < 0 DM,10,existing credits paid back duly till now,furniture/equipment,3241,... < 100 DM,... < 1 year,1,male,none,4,"car or other, not in savings account",19,none,for free,1,management / self-employed / highly qualified employee / officer,1,"yes, registered under customer's name",yes,2,single
no checking account,17,existing credits paid back duly till now,car (new),8037,unknown / no savings account,unemployed,4,male,none,1,real estate,21,none,own,2,skilled employee / official,1,"yes, registered under customer's name",yes,1,divorced/separated
no checking account,24,critical account / other credits existing (not at this bank),radio/television,535,... < 100 DM,... >= 7 years,1,female,none,1,"car or other, not in savings account",19,bank,for free,2,unskilled - resident,1,"yes, registered under customer's name",yes,1,divorced/separated
0 <= ... < 200 DM,19,critical account / other credits existing (not at this bank),car (used),250,... < 100 DM,1 <= ... < 4 years,4,female,none,3,real estate,25,none,own,1,skilled employee / official,1,"yes, registered under customer's name",no,1,married/widowed
no checking account,26,existing credits paid back duly till now,education,1135,500 <= ... < 1000 DM,1 <= ... < 4 years,4,female,none,4,"car or other, not in savings account",37,none,own,1,management / self-employed / highly qualified employee / officer,1,none,yes,1,married/widowed
no checking account,25,critical account / other credits existing (not at this bank),car (new),1962,unknown / no savings account,... >= 7 years,2,female,none,3,"car or other, not in savings account",23,none,own,1,skilled employee / official,1,"yes, registered under customer's name",yes,2,divorced/separated
no checking account,4,existing credits paid back duly till now,business,250,500 <= ... < 1000 DM,1 <= ... < 4 years,4,male,none,3,"car or other, not in savings account",36,none,own,2,skilled employee / official,1,none,yes,2,divorced/separated
no checking account,25,delay in paying off in the past,radio/television,250,100 <= ... < 500 DM,... >= 7 years,2,male,none,2,"car or other, not in savings account",44,none,rent,1,unskilled - resident,2,none,yes,2,single
no checking account,27,existing credits paid back duly till now,car (new),354,... < 100 DM,... >= 7 years,3,female,none,4,unknown / no property,20,stores,own,2,unskilled - resident,2,"yes, registered under customer's name",yes,2,divorced/separated
0 <= ... < 200 DM,21,existing credits paid back duly till now,education,250,... < 100 DM,4 <= ... < 7 years,4,male,none,3,"car or other, not in savings account",32,none,for free,1,skilled employee / official,2,none,yes,2,single
... < 0 DM,24,all credits at this bank paid back duly,car (new),250,500 <= ... < 1000 DM,1 <= ... < 4 years,4,male,none,3,unknown / no property,21,none,rent,2,skilled employee / official,1,none,yes,1,divorced/separated
0 <= ... < 200 DM,17,delay in paying off in the past,car (used),941,... < 100 DM,4 <= ... < 7 years,1,male,none,1,real estate,35,none,own,1,unskilled - resident,2,none,yes,1,single
no checking account,24,existing credits paid back duly till now,car (new),9867,... < 100 DM,1 <= ... < 4 years,2,female,none,1,real estate,31,none,own,2,management / self-employed / highly qualified employee / officer,2,"yes, registered under customer's name",yes,1,single
... < 0 DM,29,no credits taken / all credits paid back duly,car (new),250,... < 100 DM,... >= 7 years,4,female,none,3,"car or other, not in savings account",54,none,own,1,skilled employee / official,1,none,yes,1,single
no checking account,72,critical account / other credits existing (not at this bank),radio/television,1871,unknown / no savings account,... >= 7 years,4,male,none,2,"car or other, not in savings account",29,none,for free,1,skilled employee / official,1,none,yes,1,divorced/separated
no checking account,17,critical account / other credits existing (not at this bank),radio/television,1654,... < 100 DM,4 <= ... < 7 years,3,male,none,3,"car or other, not in savings account",28,none,rent,2,skilled employee / official,1,"yes, registered under customer's name",yes,1,single
no checking account,36,existing credits paid back duly till now,car (new),250,... < 100 DM,4 <= ... < 7 years,4,male,none,4,"car or other, not in savings account",29,none,own,1,skilled employee / official,1,none,yes,2,single
... < 0 DM,16,critical account / other credits existing (not at this bank),furniture/equipment,250,100 <= ... < 500 DM,1 <= ... < 4 years,1,male,co-applicant,2,real estate,35,none,own,1,skilled employee / official,1,"yes, registered under customer's name",no,1,single
... < 0 DM,26,all credits at this bank paid back duly,furniture/equipment,5658,... < 100 DM,4 <= ... < 7 years,4,male,none,4,"car or other, not in savings account",25,none,own,1,unemployed / unskilled - non-resident,1,"yes, registered under customer's name",yes,1,divorced/separated
no checking account,11,critical account / other credits existing (not at this bank),education,10842,... < 100 DM,1 <= ... < 4 years,4,male,none,2,"car or other, not in savings account",45,none,own,2,skilled employee / official,1,"yes, registered under customer's name",yes,1,married/widowed
... < 0 DM,25,critical account / other credits existing (not at this bank),car (new),5991,... < 100 DM,4 <= ... < 7 years,1,male,none,4,building society savings agreement / life insurance,31,none,own,2,skilled employee / official,1,"yes, registered under customer's name",yes,1,divorced/separated
no checking account,13,critical account / other credits existing (not at this bank),furniture/equipment,912,... < 100 DM,... < 1 year,3,female,none,4,real estate,19,none,rent,2,skilled employee / official,2,"yes, registered under customer's name",yes,1,single
... < 0 DM,24,existing credits paid back duly till now,car (new),250,... < 100 DM,unemployed,2,male,co-applicant,4,"car or other, not in savings account",20,bank,own,1,skilled employee / official,1,"yes, registered under customer's name",yes,2,single
0 <= ... < 200 DM,25,existing credits paid back duly till now,car (used),2305,unknown / no savings account,... < 1 year,4,male,co-applicant,4,"car or other, not in savings account",37,bank,rent,1,skilled employee / official,1,"yes, registered under customer's name",yes,1,single
no checking account,11,existing credits paid back duly till now,car (new),250,... < 100 DM,... >= 7 years,3,male,none,4,"car or other, not in savings account",23,none,own,1,skilled employee / official,1,none,yes,2,single
no checking account,23,existing credits paid back duly till now,radio/television,4472,... < 100 DM,1 <= ... < 4 years,4,male,none,4,building society savings agreement / life insurance,30,none,for free,1,unskilled - resident,2,none,yes,1,single
no checking account,27,existing credits paid back duly till now,repairs,5563,... < 100 DM,unemployed,3,male,none,4,"car or other, not in savings account",19,none,own,2,skilled employee / official,1,none,yes,2,married/widowed
0 <= ... < 200 DM,25,delay in paying off in the past,furniture/equipment,250,... < 100 DM,unemployed,1,female,none,1,"car or other, not in savings account",32,none,own,1,skilled employee / official,2,"yes, registered under customer's name",yes,2,single
0 <= ... < 200 DM,28,critical account / other credits existing (not at this bank),car (used),2385,500 <= ... < 1000 DM,1 <= ... < 4 years,4,female,none,4,building society savings agreement / life insurance,30,none,own,1,skilled employee / official,1,"yes, registered under customer's name",no,1,single
... >= 200 DM / salary assignments for at least 1 year,21,existing credits paid back duly till now,car (used),2633,100 <= ... < 500 DM,4 <= ... < 7 years,1,female,none,2,real estate,41,bank,for free,1,management / self-employed / highly qualified employee / officer,1,none,yes,1,divorced/separated
no checking account,28,critical account / other credits existing (not at this bank),radio/television,15945,... < 100 DM,4 <= ... < 7 years,2,male,none,4,real estate,52,none,own,1,unemployed / unskilled - non-resident,1,"yes, registered under customer's name",yes,2,single
... < 0 DM,51,existing credits paid back duly till now,car (used),1115,... < 100 DM,... >= 7 years,2,female,none,3,"car or other, not in savings account",19,bank,rent,1,skilled employee / official,1,"yes, registered under customer's name",no,1,divorced/separated
no checking account,72,critical account / other credits existing (not at this bank),radio/television,250,... >= 1000 DM,1 <= ... < 4 years,4,male,none,4,"car or other, not in savings account",34,bank,own,1,skilled employee / official,2,none,yes,1,married/widowed
0 <= ... < 200 DM,25,no credits taken / all credits paid back duly,car (new),2047,100 <= ... < 500 DM,... < 1 year,2,female,none,4,building society savings agreement / life insurance,19,none,own,1,management / self-employed / highly qualified employee / officer,1,"yes, registered under customer's name",yes,1,divorced/separated
... < 0 DM,24,critical account / other credits existing (not at this bank),car (used),2804,unknown / no savings account,1 <= ... < 4 years,4,female,none,4,"car or other, not in savings account",25,none,rent,1,skilled employee / official,1,none,yes,2,married/widowed
... < 0 DM,20,delay in paying off in the past,car (new),885,... < 100 DM,4 <= ... < 7 years,1,male,none,4,unknown / no property,25,none,own,1,management / self-employed / highly qualified employee / officer,1,"yes, registered under customer's name",yes,1,divorced/separated
... < 0 DM,20,critical account / other credits existing (not at this bank),radio/television,1934,unknown / no savings account,... >= 7 years,2,male,none,4,real estate,24,bank,own,1,skilled employee / official,1,"yes, registered under customer's name",yes,1,single
0 <= ... < 200 DM,13,existing credits paid back duly till now,car (new),2899,100 <= ... < 500 DM,unemployed,4,male,none,3,real estate,49,none,own,1,skilled employee / official,1,none,no,1,single
no checking account,23,existing credits paid back duly till now,car (new),11649,... < 100 DM,4 <= ... < 7 years,2,male,none,1,"car or other, not in savings account",55,none,own,1,unskilled - resident,2,none,yes,1,single
... < 0 DM,42,existing credits paid back duly till now,car (new),2595,... < 100 DM,unemployed,4,female,co-applicant,4,unknown / no property,27,none,rent,1,unskilled - resident,1,"yes, registered under customer's name",yes,1,divorced/separated
0 <= ... < 200 DM,25,critical account / other credits existing (not at this bank),car (new),259,unknown / no savings account,1 <= ... < 4 years,4,male,none,2,real estate,19,none,own,1,skilled employee / official,1,"yes, registered under customer's name",yes,1,divorced/separated
... < 0 DM,26,critical account / other credits existing (not at this bank),education,406,... < 100 DM,1 <= ... < 4 years,1,female,none,2,real estate,23,bank,own,1,unskilled - resident,1,"yes, registered under customer's name",yes,2,divorced/separated
... < 0 DM,12,delay in paying off in the past,car (new),1979,100 <= ... < 500 DM,... >= 7 years,3,male,none,4,building society savings agreement / life insurance,25,none,own,1,skilled employee / official,1,none,yes,1,single
... < 0 DM,55,all credits at this bank paid back duly,education,1449,unknown / no savings account,1 <= ... < 4 years,4,female,none,2,real estate,25,none,rent,1,skilled employee / official,1,"yes, registered under customer's name",yes,1,single
... >= 200 DM / salary assignments for at least 1 year,17,existing credits paid back duly till now,business,1198,... < 100 DM,1 <= ... < 4 years,2,female,none,4,unknown / no property,28,none,own,1,skilled employee / official,1,"yes, registered under customer's name",yes,2,single
0 <= ... < 200 DM,25,existing credits paid back duly till now,car (used),741,... < 100 DM,1 <= ... < 4 years,4,female,none,3,real estate,22,bank,own,1,unskilled - resident,1,none,yes,1,single
no checking account,23,critical account / other credits existing (not at this bank),radio/television,1046,... < 100 DM,1 <= ... < 4 years,3,female,none,2,"car or other, not in savings account",29,stores,for free,1,skilled employee / official,1,none,yes,1,divorced/separated
... < 0 DM,25,existing credits paid back duly till now,radio/television,250,500 <= ... < 1000 DM,... < 1 year,4,female,none,4,"car or other, not in savings account",62,none,own,2,management / self-employed / highly qualified employee / officer,1,none,yes,2,single
... < 0 DM,23,existing credits paid back duly till now,radio/television,1709,... < 100 DM,4 <= ... < 7 years,2,male,none,1,unknown / no property,20,none,own,2,management / self-employed / highly qualified employee / officer,1,none,yes,2,divorced/separated
no checking account,22,existing credits paid back duly till now,business,4093,100 <= ... < 500 DM,unemployed,3,male,none,2,building society savings agreement / life insurance,35,none,own,3,skilled employee / official,1,none,yes,1,single
no checking account,17,critical account / other credits existing (not at this bank),repairs,3242,... < 100 DM,... >= 7 years,3,male,co-applicant,2,"car or other, not in savings account",40,bank,own,1,skilled employee / official,1,none,yes,2,married/widowed
no checking account,72,existing credits paid back duly till now,furniture/equipment,704,... < 100 DM,... < 1 year,4,female,none,3,"car or other, not in savings account",30,bank,own,2,skilled employee / official,1,"yes, registered under customer's name",yes,1,single
no checking account,48,existing credits paid back duly till now,car (new),9623,... < 100 DM,unemployed,3,male,none,2,"car or other, not in savings account",49,none,own,2,skilled employee / official,1,none,yes,1,divorced/separated
0 <= ... < 200 DM,18,critical account / other credits existing (not at this bank),car (used),262,... < 100 DM,... < 1 year,4,male,none,4,"car or other, not in savings account",20,none,own,2,unemployed / unskilled - non-resident,1,"yes, registered under customer's name",yes,1,divorced/separated
0 <= ... < 200 DM,24,delay in paying off in the past,education,380,unknown / no savings account,4 <= ... < 7 years,2,male,none,1,unknown / no property,31,none,for free,1,skilled employee / official,1,"yes, registered under customer's name",yes,2,divorced/separated
0 <= ... < 200 DM,26,critical account / other credits existing (not at this bank),car (new),250,... < 100 DM,... >= 7 years,3,male,co-applicant,3,building society savings agreement / life insurance,23,none,own,1,management / self-employed / highly qualified employee / officer,1,none,yes,1,married/widowed
no checking account,27,critical account / other credits existing (not at this bank),car (new),2768,... < 100 DM,1 <= ... < 4 years,4,male,none,2,building society savings agreement / life insurance,49,none,own,1,skilled employee / official,1,"yes, registered under customer's name",yes,1,divorced/separated
... < 0 DM,5,critical account / other credits existing (not at this bank),business,1026,100 <= ... < 500 DM,unemployed,3,male,none,3,real estate,22,none,own,2,skilled employee / official,2,none,yes,2,single
no checking account,51,existing credits paid back duly till now,furniture/equipment,250,... < 100 DM,1 <= ... < 4 years,2,male,none,2,"car or other, not in savings account",23,none,own,2,skilled employee / official,1,none,yes,1,married/widowed
no checking account,26,existing credits paid back duly till now,furniture/equipment,1230,... < 100 DM,unemployed,4,male,none,4,"car or other, not in savings account",33,stores,own,2,skilled employee / official,1,none,yes,1,single
no checking account,13,delay in paying off in the past,radio/television,3289,100 <= ... < 500 DM,1 <= ... < 4 years,4,female,none,1,"car or other, not in savings account",24,none,rent,2,management / self-employed / highly qualified employee / officer,1,none,yes,1,divorced/separated
no checking account,18,critical account / other credits existing (not at this bank),business,823,100 <= ... < 500 DM,4 <= ... < 7 years,4,male,none,4,building society savings agreement / life insurance,25,none,own,2,skilled employee / official,1,none,yes,2,single
... < 0 DM,39,existing credits paid back duly till now,radio/television,2620,... < 100 DM,... >= 7 years,4,female,none,3,real estate,33,none,rent,1,skilled employee / official,1,none,yes,1,married/widowed
no checking account,28,existing credits paid back duly till now,education,1431,... < 100 DM,... >= 7 years,2,female,none,3,unknown / no property,22,none,own,4,skilled employee / official,1,none,yes,1,divorced/separated
... < 0 DM,57,existing credits paid back duly till now,radio/television,1456,unknown / no savings account,... >= 7 years,4,male,none,2,"car or other, not in savings account",37,bank,own,1,management / self-employed / highly qualified employee / officer,2,"yes, registered under customer's name",yes,1,single
no checking account,23,all credits at this bank paid back duly,car (new),2755,... < 100 DM,unemployed,4,female,none,3,"car or other, not in savings account",46,none,rent,1,skilled employee / official,1,none,yes,1,divorced/separated
no checking account,21,existing credits paid back duly till now,furniture/equipment,3931,unknown / no savings account,1 <= ... < 4 years,2,male,none,4,building society savings agreement / life insurance,41,bank,own,2,skilled employee / official,1,none,yes,1,divorced/separated
no checking account,30,existing credits paid back duly till now,car (new),8054,... < 100 DM,... >= 7 years,1,male,none,4,building society savings agreement / life insurance,26,none,own,1,management / self-employed / highly qualified employee / officer,1,none,yes,2,divorced/separated
0 <= ... < 200 DM,30,existing credits paid back duly till now,furniture/equipment,1308,... < 100 DM,... < 1 year,2,female,none,4,building society savings agreement / life insurance,27,none,own,1,management / self-employed / highly qualified employee / officer,1,"yes, registered under customer's name",yes,2,single
... < 0 DM,28,no credits taken / all credits paid back duly,car (new),554,100 <= ... < 500 DM,1 <= ... < 4 years,1,male,none,3,real estate,49,bank,for free,1,unskilled - resident,1,"yes, registered under customer's name",yes,2,divorced/separated
0 <= ... < 200 DM,26,no credits taken / all credits paid back duly,car (new),676,unknown / no savings account,... >= 7 years,2,male,none,4,"car or other, not in savings account",33,none,own,2,skilled employee / official,1,none,yes,1,single
no checking account,64,existing credits paid back duly till now,furniture/equipment,814,... < 100 DM,... >= 7 years,3,male,none,4,real estate,30,none,for free,1,skilled employee / official,1,none,no,1,divorced/separated
no checking account,23,existing credits paid back duly till now,car (new),10297,... < 100 DM,4 <= ... < 7 years,4,male,none,2,"car or other, not in savings account",28,bank,own,2,unskilled - resident,1,none,yes,2,divorced/separated
no checking account,13,critical account / other credits existing (not at this bank),car (used),1676,... < 100 DM,... >= 7 years,4,female,none,4,"car or other, not in savings account",22,none,own,3,skilled employee / official,1,"yes, registered under customer's name",yes,1,single
0 <= ... < 200 DM,18,existing credits paid back duly till now,furniture/equipment,5575,... < 100 DM,4 <= ... < 7 years,2,female,none,2,building society savings agreement / life insurance,19,none,rent,1,management / self-employed / highly qualified employee / officer,2,"yes, registered under customer's name",yes,1,single
no checking account,31,existing credits paid back duly till now,furniture/equipment,1214,... < 100 DM,1 <= ... < 4 years,4,male,none,4,building society savings agreement / life insurance,28,none,own,3,unskilled - resident,1,none,yes,1,single
... < 0 DM,26,delay in paying off in the past,business,3813,... < 100 DM,1 <= ... < 4 years,4,male,guarantor,4,building society savings agreement / life insurance,30,none,rent,2,skilled employee / official,1,"yes, registered under customer's name",no,1,divorced/separated
... < 0 DM,27,existing credits paid back duly till now,car (new),359,... < 100 DM,1 <= ... < 4 years,4,male,none,2,"car or other, not in savings account",61,none,own,1,skilled employee / official,1,none,yes,1,single
no checking account,31,all credits at this bank paid back duly,furniture/equipment,323,100 <= ... < 500 DM,1 <= ... < 4 years,4,female,guarantor,4,building society savings agreement / life insurance,19,none,own,2,skilled employee / official,1,"yes, registered under customer's name",yes,2,single
no checking account,10,critical account / other credits existing (not at this bank),business,1771,... < 100 DM,1 <= ... < 4 years,2,male,none,4,"car or other, not in savings account",25,none,for free,2,skilled employee / official,1,"yes, registered under customer's name",yes,1,divorced/separated
0 <= ... < 200 DM,34,critical account / other credits existing (not at this bank),car (new),250,... < 100 DM,1 <= ... < 4 years,4,male,none,4,"car or other, not in savings account",41,none,own,1,skilled employee / official,1,none,yes,2,divorced/separated
... < 0 DM,27,existing credits paid back duly till now,radio/television,1233,unknown / no savings account,4 <= ... < 7 years,1,female,none,4,"car or other, not in savings account",29,none,own,1,skilled employee / official,1,none,yes,2,married/widowed
0 <= ... < 200 DM,18,existing credits paid back duly till now,radio/television,1126,unknown / no savings account,1 <= ... < 4 years,2,male,none,3,"car or other, not in savings account",75,bank,own,2,skilled employee / official,1,none,yes,1,single
0 <= ... < 200 DM,23,critical account / other credits existing (not at this bank),business,1493,... < 100 DM,unemployed,4,female,none,4,"car or other, not in savings account",21,stores,own,2,unskilled - resident,2,"yes, registered under customer's name",yes,2,single
no checking account,30,critical account / other credits existing (not at this bank),radio/television,1582,... >= 1000 DM,1 <= ... < 4 years,2,male,none,2,unknown / no property,21,bank,own,1,unskilled - resident,1,none,yes,1,married/widowed
0 <= ... < 200 DM,40,existing credits paid back duly till now,furniture/equipment,4355,... < 100 DM,1 <= ... < 4 years,4,male,none,3,"car or other, not in savings account",33,none,for free,2,management / self-employed / highly qualified employee / officer,1,none,yes,2,single
no checking account,21,no credits taken / all credits paid back duly,car (new),10600,... < 100 DM,... < 1 year,1,female,none,4,real estate,20,bank,own,1,skilled employee / official,1,"yes, registered under customer's name",yes,1,married/widowed
no checking account,28,existing credits paid back duly till now,furniture/equipment,4316,... >= 1000 DM,... >= 7 years,2,male,none,1,building society savings agreement / life insurance,29,stores,own,1,unskilled - resident,1,none,yes,2,married/widowed
... < 0 DM,21,critical account / other credits existing (not at this bank),education,1598,unknown / no savings account,... >= 7 years,3,male,guarantor,1,"car or other, not in savings account",54,none,for free,2,skilled employee / official,2,"yes, registered under customer's name",yes,2,single
... >= 200 DM / salary assignments for at least 1 year,16,critical account / other credits existing (not at this bank),education,435,... < 100 DM,... < 1 year,2,male,none,2,building society savings agreement / life insurance,31,none,own,1,unskilled - resident,2,none,yes,2,single
0 <= ... < 200 DM,14,delay in paying off in the past,car (used),415,... < 100 DM,1 <= ... < 4 years,4,male,none,4,"car or other, not in savings account",52,none,own,1,skilled employee / official,2,none,yes,1,single
0 <= ... < 200 DM,16,critical account / other credits existing (not at this bank),furniture/equipment,4030,unknown / no savings account,4 <= ... < 7 years,2,female,none,1,real estate,32,none,own,1,skilled employee / official,1,none,yes,2,single
no checking account,25,existing credits paid back duly till now,furniture/equipment,2018,... < 100 DM,... < 1 year,3,female,none,4,building society savings agreement / life insurance,47,none,own,2,management / self-employed / highly qualified employee / officer,1,"yes, registered under customer's name",yes,2,single
no checking account,8,existing credits paid back duly till now,radio/television,3845,... < 100 DM,unemployed,4,male,none,2,"car or other, not in savings account",59,none,own,1,skilled employee / official,1,none,yes,1,divorced/separated
... < 0 DM,26,critical account / other credits existing (not at this bank),furniture/equipment,1918,... < 100 DM,1 <= ... < 4 years,4,male,none,4,building society savings agreement / life insurance,25,none,own,1,skilled employee / official,1,"yes, registered under customer's name",yes,2,single
... < 0 DM,23,no credits taken / all credits paid back duly,car (used),2392,unknown / no savings account,1 <= ... < 4 years,2,female,none,4,unknown / no property,19,none,own,1,unskilled - resident,1,"yes, registered under customer's name",yes,2,single
... >= 200 DM / salary assignments for at least 1 year,28,critical account / other credits existing (not at this bank),radio/television,2023,... < 100 DM,1 <= ... < 4 years,2,male,none,4,"car or other, not in savings account",31,none,for free,1,unskilled - resident,1,none,yes,1,single
0 <= ... < 200 DM,27,existing credits paid back duly till now,business,3855,... < 100 DM,... >= 7 years,1,male,none,3,unknown / no property,50,none,own,1,skilled employee / official,1,none,yes,1,single
no checking account,36,existing credits paid back duly till now,furniture/equipment,1783,... < 100 DM,1 <= ... < 4 years,1,female,guarantor,3,building society savings agreement / life insurance,20,none,own,4,skilled employee / official,1,none,yes,1,divorced/separated
no checking account,26,no credits taken / all credits paid back duly,domestic appliances,1052,... < 100 DM,... >= 7 years,1,male,none,4,real estate,23,none,own,2,unskilled - resident,1,none,no,1,divorced/separated
... < 0 DM,4,delay in paying off in the past,radio/television,1190,unknown / no savings account,4 <= ... < 7 years,3,female,guarantor,3,unknown / no property,42,none,own,1,skilled employee / official,2,none,yes,1,single
0 <= ... < 200 DM,26,critical account / other credits existing (not at this bank),education,1534,... < 100 DM,4 <= ... < 7 years,2,female,none,2,"car or other, not in savings account",19,none,own,2,skilled employee / official,1,none,yes,1,divorced/separated
0 <= ... < 200 DM,21,existing credits paid back duly till now,furniture/equipment,1069,unknown / no savings account,... >= 7 years,4,male,none,3,real estate,24,none,own,2,skilled employee / official,1,none,yes,2,divorced/separated
... < 0 DM,34,delay in paying off in the past,furniture/equipment,250,... < 100 DM,1 <= ... < 4 years,1,male,guarantor,1,building society savings agreement / life insurance,19,none,own,1,skilled employee / official,1,"yes, registered under customer's name",yes,1,divorced/separated
no checking account,40,existing credits paid back duly till now,furniture/equipment,250,... < 100 DM,4 <= ... < 7 years,4,male,none,4,real estate,54,stores,own,1,skilled employee / official,1,"yes, registered under customer's name",yes,1,divorced/separated
... < 0 DM,23,existing credits paid back duly till now,car (used),705,... < 100 DM,1 <= ... < 4 years,2,female,co-applicant,4,unknown / no property,46,none,rent,2,unskilled - resident,1,"yes, registered under customer's name",yes,2,single
... < 0 DM,15,existing credits paid back duly till now,radio/television,7538,unknown / no savings account,1 <= ... < 4 years,2,female,none,4,building society savings agreement / life insurance,29,none,own,1,unskilled - resident,1,none,yes,1,married/widowed
... < 0 DM,23,existing credits paid back duly till now,furniture/equipment,250,... < 100 DM,4 <= ... < 7 years,2,female,none,4,building society savings agreement / life insurance,75,none,own,1,management / self-employed / highly qualified employee / officer,1,none,yes,1,single
0 <= ... < 200 DM,22,existing credits paid back duly till now,furniture/equipment,2369,... < 100 DM,unemployed,4,male,none,4,"car or other, not in savings account",33,none,rent,1,unskilled - resident,1,none,yes,2,divorced/separated
0 <= ... < 200 DM,25,existing credits paid back duly till now,radio/television,2249,... < 100 DM,... < 1 year,3,male,none,2,"car or other, not in savings account",45,none,own,1,unskilled - resident,1,"yes, registered under customer's name",yes,1,single
no checking account,4,critical account / other credits existing (not at this bank),radio/television,1029,... < 100 DM,... >= 7 years,3,male,none,4,building society savings agreement / life insurance,36,none,own,1,management / self-employed / highly qualified employee / officer,1,"yes, registered under customer's name",yes,2,single
... < 0 DM,11,existing credits paid back duly till now,car (new),655,100 <= ... < 500 DM,1 <= ... < 4 years,4,female,none,4,building society savings agreement / life insurance,19,none,own,2,skilled employee / official,1,"yes, registered under customer's name",yes,1,divorced/separated
0 <= ... < 200 DM,23,critical account / other credits existing (not at this bank),car (new),2851,500 <= ... < 1000 DM,1 <= ... < 4 years,2,male,none,2,real estate,40,none,own,1,skilled employee / official,1,none,yes,1,divorced/separated
... < 0 DM,26,existing credits paid back duly till now,car (new),250,... < 100 DM,1 <= ... < 4 years,2,male,none,4,"car or other, not in savings account",51,none,own,1,skilled employee / official,2,"yes, registered under customer's name",yes,1,single
... < 0 DM,8,existing credits paid back duly till now,car (new),924,... < 100 DM,1 <= ... < 4 years,1,male,none,2,real estate,19,none,own,3,skilled employee / official,2,none,yes,1,single
0 <= ... < 200 DM,21,critical account / other credits existing (not at this bank),retraining,860,... < 100 DM,... >= 7 years,4,female,none,2,building society savings agreement / life insurance,33,none,own,1,unskilled - resident,1,none,yes,2,single
no checking account,24,all credits at this bank paid back duly,education,346,... < 100 DM,1 <= ... < 4 years,2,female,none,1,unknown / no property,45,none,own,1,skilled employee / official,1,"yes, registered under customer's name",yes,2,single
... >= 200 DM / salary assignments for at least 1 year,4,critical account / other credits existing (not at this bank),business,250,500 <= ... < 1000 DM,unemployed,1,female,none,4,building society savings agreement / life insurance,19,bank,own,1,unskilled - resident,2,"yes, registered under customer's name",yes,2,divorced/separated
