checking_account_status,duration_months,credit_history,purpose,credit_amount,savings_account,employment_duration,installment_rate,sex,other_debtors,residence_duration,property,age,other_installment_plans,housing,existing_credits,job,num_dependents,telephone,foreign_worker,target,relationship_status
0 <= ... < 200 DM,52,delay in paying off in the past,business,2361,... < 100 DM,unemployed,4,male,none,2,unknown / no property,36,none,own,1,management / self-employed / highly qualified employee / officer,1,"yes, registered under customer's name",yes,2,single
... < 0 DM,28,existing credits paid back duly till now,car (new),1170,unknown / no savings account,1 <= ... < 4 years,2,male,none,3,"car or other, not in savings account",33,none,rent,1,skilled employee / official,1,"yes, registered under customer's name",yes,1,single
... < 0 DM,14,existing credits paid back duly till now,furniture/equipment,857,... < 100 DM,1 <= ... < 4 years,4,female,none,1,real estate,35,none,rent,1,unskilled - resident,1,none,yes,1,divorced/separated
... >= 200 DM / salary assignments for at least 1 year,14,critical account / other credits existing (not at this bank),car (used),309,100 <= ... < 500 DM,unemployed,2,male,none,4,unknown / no property,75,none,own,2,management / self-employed / highly qualified employee / officer,1,"yes, registered under customer's name",yes,1,single
0 <= ... < 200 DM,25,existing credits paid back duly till now,car (used),4424,... < 100 DM,... >= 7 years,2,male,none,4,"car or other, not in savings account",51,none,own,2,unskilled - resident,1,"yes, registered under customer's name",yes,2,single
... < 0 DM,22,existing credits paid back duly till now,car (used),2252,... < 100 DM,4 <= ... < 7 years,4,male,none,3,"car or other, not in savings account",32,none,own,1,skilled employee / official,1,"yes, registered under customer's name",yes,1,divorced/separated
0 <= ... < 200 DM,8,critical account / other credits existing (not at this bank),radio/television,3173,... < 100 DM,1 <= ... < 4 years,3,female,guarantor,1,real estate,48,none,own,1,skilled employee / official,1,none,no,2,divorced/separated
no checking account,25,critical account / other credits existing (not at this bank),furniture/equipment,8461,... < 100 DM,1 <= ... < 4 years,3,male,none,4,building society savings agreement / life insurance,44,none,own,1,skilled employee / official,1,none,yes,1,single
no checking account,22,all credits at this bank paid back duly,radio/television,1143,100 <= ... < 500 DM,... < 1 year,4,female,none,2,building society savings agreement / life insurance,37,none,rent,1,skilled employee / official,1,none,yes,1,married/widowed
0 <= ... < 200 DM,6,existing credits paid back duly till now,car (used),15945,... < 100 DM,4 <= ... < 7 years,1,female,none,1,"car or other, not in savings account",20,stores,own,1,skilled employee / official,1,none,yes,2,divorced/separated
... < 0 DM,28,critical account / other credits existing (not at this bank),business,8025,... < 100 DM,... >= 7 years,2,male,none,2,unknown / no property,36,none,for free,1,skilled employee / official,1,"yes, registered under customer's name",yes,2,single
... < 0 DM,25,delay in paying off in the past,furniture/equipment,2861,... < 100 DM,4 <= ... < 7 years,2,male,none,4,unknown / no property,46,bank,own,1,skilled employee / official,2,"yes, registered under customer's name",no,1,single
no checking account,43,existing credits paid back duly till now,furniture/equipment,2604,... < 100 DM,1 <= ... < 4 years,4,female,none,2,real estate,38,none,own,1,management / self-employed / highly qualified employee / officer,1,none,yes,2,divorced/separated
no checking account,21,existing credits paid back duly till now,car (new),5994,... < 100 DM,... >= 7 years,4,male,none,4,unknown / no property,48,bank,own,1,management / self-employed / highly qualified employee / officer,1,"yes, registered under customer's name",yes,2,single
no checking account,43,existing credits paid back duly till now,car (new),2955,unknown / no savings account,... >= 7 years,4,male,none,4,"car or other, not in savings account",37,bank,own,2,management / self-employed / highly qualified employee / officer,1,"yes, registered under customer's name",yes,1,single
... < 0 DM,51,critical account / other credits existing (not at this bank),car (used),3174,... < 100 DM,1 <= ... < 4 years,4,male,none,3,"car or other, not in savings account",48,none,own,2,skilled employee / official,1,"yes, registered under customer's name",yes,1,single
no checking account,19,existing credits paid back duly till now,radio/television,15945,500 <= ... < 1000 DM,1 <= ... < 4 years,4,male,none,4,unknown / no property,75,none,own,1,skilled employee / official,1,"yes, registered under customer's name",yes,1,divorced/separated
... < 0 DM,21,all credits at this bank paid back duly,car (new),4989,... < 100 DM,4 <= ... < 7 years,2,female,none,4,"car or other, not in savings account",37,none,rent,2,management / self-employed / highly qualified employee / officer,1,none,yes,1,divorced/separated
0 <= ... < 200 DM,4,delay in paying off in the past,car (new),386,500 <= ... < 1000 DM,1 <= ... < 4 years,4,male,none,2,real estate,21,none,rent,2,skilled employee / official,1,none,yes,1,single
0 <= ... < 200 DM,24,existing credits paid back duly till now,radio/television,2032,... < 100 DM,1 <= ... < 4 years,4,female,none,1,real estate,23,none,rent,1,unskilled - resident,1,none,yes,1,divorced/separated
0 <= ... < 200 DM,29,existing credits paid back duly till now,radio/television,2720,unknown / no savings account,... < 1 year,4,male,none,2,real estate,26,none,own,2,skilled employee / official,1,none,yes,1,married/widowed
0 <= ... < 200 DM,23,existing credits paid back duly till now,radio/television,2969,... < 100 DM,4 <= ... < 7 years,2,male,none,4,"car or other, not in savings account",72,none,own,1,skilled employee / official,2,"yes, registered under customer's name",yes,1,single
0 <= ... < 200 DM,22,existing credits paid back duly till now,car (new),963,... < 100 DM,... < 1 year,4,male,co-applicant,1,real estate,21,none,rent,1,unskilled - resident,1,none,yes,2,single
0 <= ... < 200 DM,43,existing credits paid back duly till now,car (new),2802,... < 100 DM,1 <= ... < 4 years,2,female,none,2,real estate,37,none,rent,1,skilled employee / official,1,none,yes,2,divorced/separated
0 <= ... < 200 DM,4,existing credits paid back duly till now,car (new),7749,unknown / no savings account,4 <= ... < 7 years,1,male,none,2,unknown / no property,75,none,for free,1,unskilled - resident,2,"yes, registered under customer's name",yes,1,divorced/separated
... < 0 DM,28,existing credits paid back duly till now,car (new),3467,... < 100 DM,... >= 7 years,4,male,none,4,unknown / no property,41,none,own,2,unskilled - resident,2,"yes, registered under customer's name",yes,2,single
0 <= ... < 200 DM,11,all credits at this bank paid back duly,car (new),3675,... < 100 DM,4 <= ... < 7 years,4,female,none,4,building society savings agreement / life insurance,19,stores,rent,1,management / self-employed / highly qualified employee / officer,1,none,yes,2,divorced/separated
0 <= ... < 200 DM,4,existing credits paid back duly till now,furniture/equipment,4876,... < 100 DM,... < 1 year,3,male,none,1,"car or other, not in savings account",24,none,rent,1,management / self-employed / highly qualified employee / officer,1,none,yes,1,single
no checking account,4,existing credits paid back duly till now,furniture/equipment,1407,... < 100 DM,1 <= ... < 4 years,4,male,none,3,real estate,30,none,own,1,skilled employee / official,1,none,yes,1,single
0 <= ... < 200 DM,68,existing credits paid back duly till now,furniture/equipment,2211,100 <= ... < 500 DM,1 <= ... < 4 years,3,male,none,3,"car or other, not in savings account",24,none,own,1,unskilled - resident,1,none,yes,1,single
no checking account,24,critical account / other credits existing (not at this bank),car (new),1971,... < 100 DM,... >= 7 years,2,male,none,3,unknown / no property,75,none,own,3,management / self-employed / highly qualified employee / officer,1,"yes, registered under customer's name",yes,2,single
... < 0 DM,20,existing credits paid back duly till now,furniture/equipment,2071,500 <= ... < 1000 DM,... >= 7 years,3,male,none,4,unknown / no property,27,none,for free,1,unskilled - resident,2,"yes, registered under customer's name",yes,1,single
... < 0 DM,16,existing credits paid back duly till now,car (new),1539,... < 100 DM,unemployed,4,female,none,1,"car or other, not in savings account",19,none,own,1,skilled employee / official,1,none,yes,1,single
0 <= ... < 200 DM,23,existing credits paid back duly till now,radio/television,2408,... < 100 DM,... < 1 year,4,female,none,1,"car or other, not in savings account",19,none,rent,1,unskilled - resident,1,none,yes,2,married/widowed
... < 0 DM,4,existing credits paid back duly till now,car (new),2289,unknown / no savings account,1 <= ... < 4 years,4,female,none,2,building society savings agreement / life insurance,25,none,for free,1,unskilled - resident,2,none,yes,2,single
0 <= ... < 200 DM,20,existing credits paid back duly till now,radio/television,583,... < 100 DM,... >= 7 years,4,female,none,2,"car or other, not in savings account",28,none,own,1,skilled employee / official,1,none,yes,2,divorced/separated
no checking account,4,critical account / other credits existing (not at this bank),car (used),1195,... < 100 DM,1 <= ... < 4 years,4,male,none,4,"car or other, not in savings account",28,none,own,1,skilled employee / official,1,none,yes,1,single
no checking account,56,critical account / other credits existing (not at this bank),radio/television,12497,unknown / no savings account,... >= 7 years,2,male,co-applicant,2,unknown / no property,63,none,own,1,skilled employee / official,1,"yes, registered under customer's name",yes,1,single
... >= 200 DM / salary assignments for at least 1 year,14,delay in paying off in the past,car (new),3518,... >= 1000 DM,1 <= ... < 4 years,1,female,none,4,building society savings agreement / life insurance,19,none,rent,1,unemployed / unskilled - non-resident,1,none,yes,1,single
0 <= ... < 200 DM,13,no credits taken / all credits paid back duly,retraining,3156,unknown / no savings account,4 <= ... < 7 years,4,female,guarantor,1,real estate,25,none,own,1,skilled employee / official,1,none,yes,2,divorced/separated
... < 0 DM,19,delay in paying off in the past,car (new),3755,... < 100 DM,... >= 7 years,4,male,none,4,"car or other, not in savings account",46,none,own,2,management / self-employed / highly qualified employee / officer,1,"yes, registered under customer's name",yes,1,divorced/separated
0 <= ... < 200 DM,23,delay in paying off in the past,business,6582,... < 100 DM,unemployed,4,male,none,2,"car or other, not in savings account",34,none,own,2,unemployed / unskilled - non-resident,1,"yes, registered under customer's name",yes,1,single
... < 0 DM,25,critical account / other credits existing (not at this bank),furniture/equipment,3490,... >= 1000 DM,... < 1 year,4,female,none,1,building society savings agreement / life insurance,28,stores,rent,1,skilled employee / official,1,none,yes,2,divorced/separated
no checking account,67,critical account / other credits existing (not at this bank),business,15945,unknown / no savings account,1 <= ... < 4 years,4,male,guarantor,3,"car or other, not in savings account",26,none,for free,4,skilled employee / official,1,"yes, registered under customer's name",yes,1,single
0 <= ... < 200 DM,27,existing credits paid back duly till now,furniture/equipment,250,unknown / no savings account,4 <= ... < 7 years,3,male,none,4,building society savings agreement / life insurance,40,none,for free,1,management / self-employed / highly qualified employee / officer,1,"yes, registered under customer's name",yes,1,single
0 <= ... < 200 DM,26,critical account / other credits existing (not at this bank),car (used),13921,... < 100 DM,4 <= ... < 7 years,4,male,none,2,"car or other, not in savings account",48,none,for free,2,unemployed / unskilled - non-resident,2,"yes, registered under customer's name",yes,1,single
0 <= ... < 200 DM,21,existing credits paid back duly till now,business,1580,... < 100 DM,1 <= ... < 4 years,2,female,none,1,building society savings agreement / life insurance,19,none,own,1,skilled employee / official,1,none,yes,2,divorced/separated
0 <= ... < 200 DM,47,critical account / other credits existing (not at this bank),car (used),3466,unknown / no savings account,1 <= ... < 4 years,4,male,none,4,unknown / no property,43,none,own,2,unskilled - resident,1,"yes, registered under customer's name",yes,1,single
... < 0 DM,25,critical account / other credits existing (not at this bank),car (new),4983,100 <= ... < 500 DM,1 <= ... < 4 years,4,male,none,4,real estate,19,none,own,1,unskilled - resident,1,none,yes,2,single
0 <= ... < 200 DM,6,existing credits paid back duly till now,education,3187,... < 100 DM,1 <= ... < 4 years,4,female,guarantor,4,"car or other, not in savings account",33,none,own,1,unskilled - resident,1,none,yes,2,divorced/separated
0 <= ... < 200 DM,67,all credits at this bank paid back duly,radio/television,12517,... < 100 DM,... >= 7 years,3,male,none,4,unknown / no property,51,bank,own,1,management / self-employed / highly qualified employee / officer,2,"yes, registered under customer's name",yes,2,single
... < 0 DM,23,existing credits paid back duly till now,furniture/equipment,1415,... < 100 DM,1 <= ... < 4 years,1,female,none,4,building society savings agreement / life insurance,31,none,own,1,skilled employee / official,1,none,yes,1,divorced/separated
0 <= ... < 200 DM,27,critical account / other credits existing (not at this bank),business,5460,100 <= ... < 500 DM,... < 1 year,1,male,none,4,building society savings agreement / life insurance,48,none,own,2,management / self-employed / highly qualified employee / officer,1,"yes, registered under customer's name",yes,2,single
no checking account,32,all credits at this bank paid back duly,business,2366,100 <= ... < 500 DM,1 <= ... < 4 years,4,male,none,4,building society savings agreement / life insurance,48,none,own,2,management / self-employed / highly qualified employee / officer,1,"yes, registered under customer's name",yes,1,single
0 <= ... < 200 DM,19,existing credits paid back duly till now,radio/television,2952,... < 100 DM,unemployed,2,female,none,2,building society savings agreement / life insurance,19,none,own,1,unskilled - resident,1,none,yes,2,divorced/separated
0 <= ... < 200 DM,25,existing credits paid back duly till now,car (new),1169,100 <= ... < 500 DM,1 <= ... < 4 years,4,male,none,3,"car or other, not in savings account",19,none,own,1,unskilled - resident,1,none,yes,1,married/widowed
... >= 200 DM / salary assignments for at least 1 year,22,all credits at this bank paid back duly,education,2089,... >= 1000 DM,unemployed,4,male,none,4,unknown / no property,21,none,for free,1,skilled employee / official,1,"yes, registered under customer's name",yes,2,single
0 <= ... < 200 DM,49,existing credits paid back duly till now,radio/television,2595,100 <= ... < 500 DM,1 <= ... < 4 years,4,male,none,1,unknown / no property,33,none,own,1,skilled employee / official,1,"yes, registered under customer's name",yes,1,married/widowed
no checking account,27,existing credits paid back duly till now,car (new),2112,... < 100 DM,4 <= ... < 7 years,4,female,none,2,building society savings agreement / life insurance,30,none,rent,1,unskilled - resident,1,none,yes,2,divorced/separated
0 <= ... < 200 DM,14,all credits at this bank paid back duly,retraining,722,100 <= ... < 500 DM,... < 1 year,4,female,none,1,real estate,27,none,rent,1,unemployed / unskilled - non-resident,1,none,yes,2,divorced/separated
0 <= ... < 200 DM,5,critical account / other credits existing (not at this bank),car (used),2604,unknown / no savings account,... >= 7 years,4,male,none,2,"car or other, not in savings account",60,none,for free,1,skilled employee / official,2,"yes, registered under customer's name",yes,1,single
0 <= ... < 200 DM,17,delay in paying off in the past,repairs,1816,... >= 1000 DM,1 <= ... < 4 years,2,male,none,4,building society savings agreement / life insurance,45,none,own,1,skilled employee / official,1,none,yes,2,divorced/separated
0 <= ... < 200 DM,26,delay in paying off in the past,repairs,765,... >= 1000 DM,unemployed,3,male,none,4,real estate,20,none,rent,1,skilled employee / official,1,none,yes,1,single
0 <= ... < 200 DM,6,existing credits paid back duly till now,furniture/equipment,1829,... < 100 DM,4 <= ... < 7 years,2,male,none,4,"car or other, not in savings account",56,none,own,1,unemployed / unskilled - non-resident,1,none,yes,2,single
... < 0 DM,25,existing credits paid back duly till now,car (new),871,unknown / no savings account,4 <= ... < 7 years,3,male,none,3,unknown / no property,46,none,own,2,skilled employee / official,2,none,yes,1,single
0 <= ... < 200 DM,24,all credits at this bank paid back duly,business,1576,... < 100 DM,... >= 7 years,3,male,none,1,real estate,40,none,for free,1,unskilled - resident,1,"yes, registered under customer's name",yes,1,single
... < 0 DM,4,existing credits paid back duly till now,radio/television,696,... < 100 DM,1 <= ... < 4 years,4,female,none,1,real estate,24,none,own,1,unskilled - resident,1,none,yes,2,single
... < 0 DM,16,existing credits paid back duly till now,furniture/equipment,6469,... < 100 DM,1 <= ... < 4 years,3,female,none,3,building society savings agreement / life insurance,28,none,rent,1,unskilled - resident,1,none,yes,2,divorced/separated
... >= 200 DM / salary assignments for at least 1 year,25,existing credits paid back duly till now,radio/television,250,unknown / no savings account,... >= 7 years,4,male,guarantor,4,real estate,75,none,for free,1,management / self-employed / highly qualified employee / officer,2,"yes, registered under customer's name",yes,2,married/widowed
0 <= ... < 200 DM,4,existing credits paid back duly till now,car (new),2610,... < 100 DM,... < 1 year,1,female,none,1,"car or other, not in savings account",62,none,own,1,unskilled - resident,1,none,yes,1,divorced/separated
0 <= ... < 200 DM,72,existing credits paid back duly till now,business,3750,unknown / no savings account,1 <= ... < 4 years,3,male,none,4,unknown / no property,36,none,for free,2,unskilled - resident,2,"yes, registered under customer's name",yes,1,single
0 <= ... < 200 DM,26,delay in paying off in the past,furniture/equipment,2004,100 <= ... < 500 DM,... < 1 year,1,male,guarantor,4,real estate,31,stores,rent,1,unskilled - resident,1,"yes, registered under customer's name",yes,1,single
no checking account,18,delay in paying off in the past,radio/television,430,500 <= ... < 1000 DM,... >= 7 years,3,male,none,2,building society savings agreement / life insurance,24,none,for free,1,unskilled - resident,1,"yes, registered under customer's name",yes,1,single
... < 0 DM,4,existing credits paid back duly till now,radio/television,250,... < 100 DM,1 <= ... < 4 years,4,female,none,4,real estate,31,none,rent,1,unskilled - resident,1,none,yes,1,married/widowed
no checking account,23,existing credits paid back duly till now,furniture/equipment,11352,unknown / no savings account,... >= 7 years,2,male,none,4,"car or other, not in savings account",41,stores,own,1,unskilled - resident,1,none,yes,1,divorced/separated
... < 0 DM,20,delay in paying off in the past,car (new),2781,... < 100 DM,... < 1 year,4,male,none,1,unknown / no property,57,none,own,1,skilled employee / official,1,none,yes,2,married/widowed
no checking account,27,critical account / other credits existing (not at this bank),car (new),11031,unknown / no savings account,4 <= ... < 7 years,2,male,none,4,unknown / no property,61,none,own,1,skilled employee / official,2,"yes, registered under customer's name",yes,1,single
0 <= ... < 200 DM,25,existing credits paid back duly till now,furniture/equipment,3141,... < 100 DM,1 <= ... < 4 years,4,male,none,2,"car or other, not in savings account",40,none,own,1,skilled employee / official,1,none,yes,1,divorced/separated
0 <= ... < 200 DM,24,no credits taken / all credits paid back duly,car (new),688,unknown / no savings account,1 <= ... < 4 years,4,male,none,3,unknown / no property,75,none,for free,1,management / self-employed / highly qualified employee / officer,1,"yes, registered under customer's name",yes,1,single
0 <= ... < 200 DM,26,all credits at this bank paid back duly,radio/television,2665,unknown / no savings account,4 <= ... < 7 years,1,male,none,3,"car or other, not in savings account",30,bank,rent,1,skilled employee / official,1,none,yes,2,divorced/separated
0 <= ... < 200 DM,48,critical account / other credits existing (not at this bank),education,2144,... < 100 DM,unemployed,3,male,none,4,unknown / no property,30,none,for free,1,skilled employee / official,1,"yes, registered under customer's name",yes,1,single
0 <= ... < 200 DM,11,critical account / other credits existing (not at this bank),radio/television,1120,unknown / no savings account,4 <= ... < 7 years,4,male,none,4,unknown / no property,49,none,own,1,skilled employee / official,2,"yes, registered under customer's name",yes,1,married/widowed
no checking account,40,critical account / other credits existing (not at this bank),education,3197,100 <= ... < 500 DM,1 <= ... < 4 years,4,male,co-applicant,3,unknown / no property,34,stores,for free,2,skilled employee / official,2,"yes, registered under customer's name",yes,1,married/widowed
0 <= ... < 200 DM,4,existing credits paid back duly till now,car (new),1914,... < 100 DM,1 <= ... < 4 years,4,female,none,4,"car or other, not in savings account",19,none,own,1,skilled employee / official,1,"yes, registered under customer's name",yes,1,divorced/separated
... < 0 DM,21,existing credits paid back duly till now,retraining,15195,... < 100 DM,... < 1 year,1,female,guarantor,3,"car or other, not in savings account",33,none,rent,1,skilled employee / official,1,none,yes,2,divorced/separated
no checking account,22,existing credits paid back duly till now,business,4799,100 <= ... < 500 DM,1 <= ... < 4 years,2,male,none,4,real estate,33,none,own,2,skilled employee / official,1,none,yes,2,single
... >= 200 DM / salary assignments for at least 1 year,8,critical account / other credits existing (not at this bank),car (new),1095,... < 100 DM,1 <= ... < 4 years,4,male,none,3,"car or other, not in savings account",26,none,own,1,skilled employee / official,1,"yes, registered under customer's name",yes,2,married/widowed
... < 0 DM,17,existing credits paid back duly till now,radio/television,5883,... < 100 DM,1 <= ... < 4 years,4,male,none,2,"car or other, not in savings account",75,none,own,1,unemployed / unskilled - non-resident,1,none,yes,1,single
0 <= ... < 200 DM,59,critical account / other credits existing (not at this bank),car (used),2892,unknown / no savings account,... >= 7 years,4,male,none,4,unknown / no property,62,none,own,2,management / self-employed / highly qualified employee / officer,2,"yes, registered under customer's name",yes,1,single
0 <= ... < 200 DM,24,critical account / other credits existing (not at this bank),car (new),2491,... < 100 DM,... >= 7 years,2,male,none,4,building society savings agreement / life insurance,75,none,for free,2,skilled employee / official,1,"yes, registered under customer's name",yes,2,single
0 <= ... < 200 DM,4,existing credits paid back duly till now,others,2685,... < 100 DM,... >= 7 years,4,male,none,4,building society savings agreement / life insurance,40,none,own,1,skilled employee / official,2,"yes, registered under customer's name",yes,2,single
no checking account,20,critical account / other credits existing (not at this bank),radio/television,250,unknown / no savings account,1 <= ... < 4 years,3,male,none,4,building society savings agreement / life insurance,30,none,own,1,skilled employee / official,1,none,yes,2,married/widowed
0 <= ... < 200 DM,19,existing credits paid back duly till now,furniture/equipment,3147,100 <= ... < 500 DM,1 <= ... < 4 years,1,male,none,2,building society savings agreement / life insurance,46,none,rent,2,unskilled - resident,1,none,yes,1,divorced/separated
0 <= ... < 200 DM,11,existing credits paid back duly till now,car (used),2200,100 <= ... < 500 DM,... >= 7 years,2,male,none,3,building society savings agreement / life insurance,43,none,own,3,skilled employee / official,2,none,yes,1,single
... < 0 DM,26,existing credits paid back duly till now,radio/television,3492,... < 100 DM,1 <= ... < 4 years,4,female,none,1,building society savings agreement / life insurance,36,none,for free,1,skilled employee / official,1,"yes, registered under customer's name",yes,1,divorced/separated
0 <= ... < 200 DM,26,existing credits paid back duly till now,car (used),5134,unknown / no savings account,1 <= ... < 4 years,4,male,none,4,building society savings agreement / life insurance,49,none,own,2,management / self-employed / highly qualified employee / officer,2,"yes, registered under customer's name",yes,1,single
0 <= ... < 200 DM,6,existing credits paid back duly till now,education,3224,100 <= ... < 500 DM,4 <= ... < 7 years,3,female,none,2,building society savings agreement / life insurance,34,none,own,1,skilled employee / official,1,none,yes,1,single
... < 0 DM,29,existing credits paid back duly till now,car (used),3536,100 <= ... < 500 DM,1 <= ... < 4 years,2,male,none,2,"car or other, not in savings account",38,none,rent,1,skilled employee / official,1,"yes, registered under customer's name",yes,2,divorced/separated
0 <= ... < 200 DM,4,existing credits paid back duly till now,car (new),528,100 <= ... < 500 DM,1 <= ... < 4 years,4,male,none,4,"car or other, not in savings account",44,none,own,1,unskilled - resident,1,none,yes,1,single
0 <= ... < 200 DM,22,existing credits paid back duly till now,furniture/equipment,2097,unknown / no savings account,1 <= ... < 4 years,3,male,co-applicant,4,"car or other, not in savings account",44,bank,own,2,skilled employee / official,2,"yes, registered under customer's name",yes,2,single
no checking account,4,existing credits paid back duly till now,car (new),810,... < 100 DM,1 <= ... < 4 years,1,male,none,2,building society savings agreement / life insurance,38,none,own,1,unskilled - resident,1,none,yes,1,single
0 <= ... < 200 DM,27,existing credits paid back duly till now,radio/television,711,100 <= ... < 500 DM,4 <= ... < 7 years,4,female,none,4,real estate,28,none,for free,1,skilled employee / official,1,none,yes,2,divorced/separated
0 <= ... < 200 DM,24,existing credits paid back duly till now,radio/television,250,... >= 1000 DM,1 <= ... < 4 years,4,female,none,1,building society savings agreement / life insurance,31,none,own,1,unskilled - resident,1,none,yes,2,divorced/separated
no checking account,26,existing credits paid back duly till now,car (new),10260,... < 100 DM,4 <= ... < 7 years,2,male,none,3,"car or other, not in savings account",28,none,own,2,skilled employee / official,2,"yes, registered under customer's name",yes,1,married/widowed
no checking account,36,existing credits paid back duly till now,car (used),11691,... < 100 DM,... >= 7 years,2,male,none,4,unknown / no property,57,bank,own,2,management / self-employed / highly qualified employee / officer,1,"yes, registered under customer's name",yes,1,single
0 <= ... < 200 DM,26,all credits at this bank paid back duly,car (new),2136,... < 100 DM,... < 1 year,4,female,guarantor,4,"car or other, not in savings account",29,none,rent,1,skilled employee / official,1,"yes, registered under customer's name",yes,2,divorced/separated
... >= 200 DM / salary assignments for at least 1 year,24,existing credits paid back duly till now,car (new),5527,... < 100 DM,1 <= ... < 4 years,1,male,guarantor,4,building society savings agreement / life insurance,26,none,rent,1,unskilled - resident,1,none,yes,2,divorced/separated
no checking account,20,existing credits paid back duly till now,car (new),3836,... < 100 DM,... >= 7 years,3,male,none,4,unknown / no property,52,none,for free,1,skilled employee / official,1,"yes, registered under customer's name",yes,1,single
0 <= ... < 200 DM,27,existing credits paid back duly till now,furniture/equipment,3035,... < 100 DM,1 <= ... < 4 years,3,female,none,4,real estate,19,none,rent,1,skilled employee / official,1,none,yes,2,single
0 <= ... < 200 DM,12,delay in paying off in the past,radio/television,15945,100 <= ... < 500 DM,4 <= ... < 7 years,4,male,none,4,"car or other, not in savings account",75,none,own,1,unskilled - resident,1,"yes, registered under customer's name",yes,2,single
0 <= ... < 200 DM,30,critical account / other credits existing (not at this bank),car (used),13041,... < 100 DM,4 <= ... < 7 years,3,male,none,4,"car or other, not in savings account",28,none,for free,1,skilled employee / official,1,"yes, registered under customer's name",yes,1,single
0 <= ... < 200 DM,58,delay in paying off in the past,car (used),8912,... < 100 DM,... >= 7 years,2,male,none,2,unknown / no property,47,none,own,1,skilled employee / official,1,none,yes,1,single
no checking account,4,delay in paying off in the past,domestic appliances,1652,... < 100 DM,1 <= ... < 4 years,4,male,none,1,"car or other, not in savings account",35,none,own,2,skilled employee / official,1,"yes, registered under customer's name",yes,1,divorced/separated
... < 0 DM,28,existing credits paid back duly till now,furniture/equipment,2018,100 <= ... < 500 DM,1 <= ... < 4 years,3,female,guarantor,2,real estate,29,none,own,1,skilled employee / official,1,none,no,2,divorced/separated
... < 0 DM,26,existing credits paid back duly till now,radio/television,382,... < 100 DM,1 <= ... < 4 years,4,female,guarantor,4,real estate,36,none,rent,1,unskilled - resident,1,none,yes,2,divorced/separated
no checking account,26,existing credits paid back duly till now,radio/television,11030,100 <= ... < 500 DM,1 <= ... < 4 years,3,male,none,4,"car or other, not in savings account",35,none,for free,2,skilled employee / official,2,"yes, registered under customer's name",yes,1,single
0 <= ... < 200 DM,28,existing credits paid back duly till now,radio/television,899,unknown / no savings account,1 <= ... < 4 years,4,male,none,4,real estate,35,none,rent,1,skilled employee / official,1,"yes, registered under customer's name",yes,1,divorced/separated
no checking account,21,existing credits paid back duly till now,car (used),5317,unknown / no savings account,... >= 7 years,4,male,none,4,unknown / no property,28,none,for free,1,management / self-employed / highly qualified employee / officer,2,"yes, registered under customer's name",yes,1,single
0 <= ... < 200 DM,26,existing credits paid back duly till now,car (new),2840,... < 100 DM,1 <= ... < 4 years,1,female,none,2,real estate,19,none,own,1,skilled employee / official,1,none,yes,2,divorced/separated
no checking account,4,existing credits paid back duly till now,radio/television,2856,... < 100 DM,1 <= ... < 4 years,4,male,none,4,unknown / no property,65,none,for free,3,management / self-employed / highly qualified employee / officer,1,"yes, registered under customer's name",yes,1,single
no checking account,58,existing credits paid back duly till now,radio/television,3418,... < 100 DM,1 <= ... < 4 years,4,female,none,1,"car or other, not in savings account",27,none,own,4,skilled employee / official,1,none,yes,1,married/widowed
no checking account,28,delay in paying off in the past,car (used),3409,100 <= ... < 500 DM,1 <= ... < 4 years,4,male,none,4,building society savings agreement / life insurance,51,bank,own,1,skilled employee / official,1,"yes, registered under customer's name",yes,1,single
no checking account,30,existing credits paid back duly till now,car (new),1310,... < 100 DM,4 <= ... < 7 years,4,female,none,3,building society savings agreement / life insurance,27,none,own,1,skilled employee / official,1,"yes, registered under customer's name",yes,2,divorced/separated
... < 0 DM,25,existing credits paid back duly till now,furniture/equipment,3234,... < 100 DM,1 <= ... < 4 years,3,male,none,3,"car or other, not in savings account",65,none,rent,1,unskilled - resident,1,"yes, registered under customer's name",yes,2,single
0 <= ... < 200 DM,12,existing credits paid back duly till now,car (new),2511,... < 100 DM,1 <= ... < 4 years,4,female,none,1,building society savings agreement / life insurance,21,none,own,1,unskilled - resident,1,none,yes,2,divorced/separated
no checking account,69,existing credits paid back duly till now,radio/television,3448,... < 100 DM,1 <= ... < 4 years,4,male,none,4,"car or other, not in savings account",47,none,own,1,skilled employee / official,2,"yes, registered under customer's name",yes,1,single
0 <= ... < 200 DM,27,critical account / other credits existing (not at this bank),car (new),10979,... < 100 DM,4 <= ... < 7 years,4,male,none,3,building society savings agreement / life insurance,26,stores,own,2,skilled employee / official,1,none,yes,2,divorced/separated
... < 0 DM,21,delay in paying off in the past,car (used),8284,100 <= ... < 500 DM,... >= 7 years,4,male,none,4,unknown / no property,65,bank,for free,1,management / self-employed / highly qualified employee / officer,2,"yes, registered under customer's name",yes,1,single
... < 0 DM,72,no credits taken / all credits paid back duly,car (used),15945,... < 100 DM,4 <= ... < 7 years,4,male,none,3,unknown / no property,27,stores,rent,1,management / self-employed / highly qualified employee / officer,1,"yes, registered under customer's name",yes,1,single
... < 0 DM,20,existing credits paid back duly till now,car (new),280,... >= 1000 DM,... >= 7 years,4,male,none,3,"car or other, not in savings account",55,none,own,2,unskilled - resident,1,"yes, registered under customer's name",yes,1,single
0 <= ... < 200 DM,23,existing credits paid back duly till now,furniture/equipment,2916,... < 100 DM,1 <= ... < 4 years,4,female,none,2,"car or other, not in savings account",24,none,own,1,skilled employee / official,1,none,yes,2,married/widowed
... < 0 DM,16,existing credits paid back duly till now,radio/television,2239,... < 100 DM,4 <= ... < 7 years,4,male,co-applicant,4,"car or other, not in savings account",37,none,own,1,unskilled - resident,1,"yes, registered under customer's name",yes,1,divorced/separated
... < 0 DM,12,all credits at this bank paid back duly,repairs,7226,... < 100 DM,1 <= ... < 4 years,4,male,none,3,real estate,21,none,own,3,unemployed / unskilled - non-resident,1,none,yes,2,single
no checking account,47,critical account / other credits existing (not at this bank),repairs,1324,unknown / no savings account,1 <= ... < 4 years,3,male,none,3,"car or other, not in savings account",26,stores,rent,4,management / self-employed / highly qualified employee / officer,1,"yes, registered under customer's name",yes,2,single
0 <= ... < 200 DM,15,existing credits paid back duly till now,furniture/equipment,2770,... < 100 DM,1 <= ... < 4 years,4,female,co-applicant,4,real estate,31,none,own,1,skilled employee / official,1,none,yes,2,married/widowed
0 <= ... < 200 DM,20,existing credits paid back duly till now,furniture/equipment,2813,100 <= ... < 500 DM,4 <= ... < 7 years,4,male,none,3,"car or other, not in savings account",19,none,rent,1,skilled employee / official,1,none,yes,2,single
0 <= ... < 200 DM,22,critical account / other credits existing (not at this bank),car (new),5442,... >= 1000 DM,1 <= ... < 4 years,4,male,guarantor,4,building society savings agreement / life insurance,19,none,rent,1,unskilled - resident,1,none,yes,1,divorced/separated
0 <= ... < 200 DM,29,delay in paying off in the past,furniture/equipment,2727,... < 100 DM,1 <= ... < 4 years,4,female,co-applicant,1,building society savings agreement / life insurance,21,none,own,2,skilled employee / official,1,none,yes,1,divorced/separated
0 <= ... < 200 DM,20,existing credits paid back duly till now,car (new),5467,... < 100 DM,... < 1 year,4,female,none,1,real estate,40,none,own,2,skilled employee / official,1,none,no,2,divorced/separated
no checking account,4,existing credits paid back duly till now,radio/television,1276,... < 100 DM,4 <= ... < 7 years,4,male,none,1,real estate,19,none,own,1,unskilled - resident,1,none,yes,1,divorced/separated
... < 0 DM,27,existing credits paid back duly till now,radio/television,13336,100 <= ... < 500 DM,... < 1 year,4,male,none,4,building society savings agreement / life insurance,24,none,rent,1,unskilled - resident,1,none,yes,2,divorced/separated
no checking account,31,existing credits paid back duly till now,radio/television,2316,... < 100 DM,1 <= ... < 4 years,4,female,none,4,real estate,27,none,own,1,skilled employee / official,1,none,yes,1,single
0 <= ... < 200 DM,6,existing credits paid back duly till now,education,3441,... < 100 DM,1 <= ... < 4 years,3,male,none,3,unknown / no property,24,stores,rent,1,skilled employee / official,1,"yes, registered under customer's name",yes,1,married/widowed
0 <= ... < 200 DM,28,delay in paying off in the past,domestic appliances,861,... < 100 DM,1 <= ... < 4 years,4,male,guarantor,2,unknown / no property,26,none,own,1,unskilled - resident,1,"yes, registered under customer's name",yes,1,single
0 <= ... < 200 DM,4,existing credits paid back duly till now,furniture/equipment,895,... < 100 DM,1 <= ... < 4 years,4,female,guarantor,2,real estate,33,none,rent,1,skilled employee / official,1,none,yes,2,divorced/separated
... < 0 DM,25,existing credits paid back duly till now,car (new),5563,... < 100 DM,... >= 7 years,3,female,none,4,"car or other, not in savings account",56,bank,own,1,management / self-employed / highly qualified employee / officer,1,"yes, registered under customer's name",yes,1,divorced/separated
... < 0 DM,14,delay in paying off in the past,education,15945,... < 100 DM,1 <= ... < 4 years,4,male,none,4,unknown / no property,21,stores,own,1,management / self-employed / highly qualified employee / officer,1,none,no,2,single
no checking account,16,critical account / other credits existing (not at this bank),business,15945,unknown / no savings account,... >= 7 years,2,male,none,2,"car or other, not in savings account",27,none,own,2,skilled employee / official,1,"yes, registered under customer's name",yes,1,single
... >= 200 DM / salary assignments for at least 1 year,11,existing credits paid back duly till now,education,2477,... < 100 DM,1 <= ... < 4 years,4,female,none,2,building society savings agreement / life insurance,33,none,rent,1,unskilled - resident,1,none,yes,2,divorced/separated
0 <= ... < 200 DM,25,existing credits paid back duly till now,business,1926,... < 100 DM,1 <= ... < 4 years,3,female,none,4,building society savings agreement / life insurance,19,stores,own,2,skilled employee / official,1,none,yes,1,single
... < 0 DM,31,existing credits paid back duly till now,furniture/equipment,3247,... < 100 DM,1 <= ... < 4 years,1,female,none,3,real estate,32,none,rent,1,skilled employee / official,1,none,yes,1,divorced/separated
... >= 200 DM / salary assignments for at least 1 year,22,all credits at this bank paid back duly,radio/television,791,... < 100 DM,... < 1 year,2,female,none,2,"car or other, not in savings account",28,none,own,1,skilled employee / official,1,none,yes,1,single
no checking account,28,critical account / other credits existing (not at this bank),car (used),5321,500 <= ... < 1000 DM,unemployed,3,male,none,3,unknown / no property,45,none,for free,1,management / self-employed / highly qualified employee / officer,2,"yes, registered under customer's name",yes,2,single
0 <= ... < 200 DM,36,critical account / other credits existing (not at this bank),furniture/equipment,3200,... < 100 DM,1 <= ... < 4 years,4,male,none,4,"car or other, not in savings account",40,none,own,1,skilled employee / official,1,none,yes,1,single
no checking account,23,existing credits paid back duly till now,furniture/equipment,250,100 <= ... < 500 DM,1 <= ... < 4 years,4,male,none,3,real estate,31,none,own,1,management / self-employed / highly qualified employee / officer,1,none,yes,1,divorced/separated
0 <= ... < 200 DM,7,critical account / other credits existing (not at this bank),car (used),2374,unknown / no savings account,... < 1 year,4,male,none,4,unknown / no property,38,none,own,2,management / self-employed / highly qualified employee / officer,1,"yes, registered under customer's name",yes,2,single
no checking account,50,critical account / other credits existing (not at this bank),car (used),6772,unknown / no savings account,... >= 7 years,4,male,none,4,"car or other, not in savings account",75,none,own,2,skilled employee / official,2,"yes, registered under customer's name",yes,1,single
0 <= ... < 200 DM,15,delay in paying off in the past,car (new),10666,unknown / no savings account,... >= 7 years,2,male,none,4,unknown / no property,71,none,for free,2,management / self-employed / highly qualified employee / officer,1,"yes, registered under customer's name",yes,1,single
no checking account,28,existing credits paid back duly till now,education,1790,100 <= ... < 500 DM,... >= 7 years,3,male,none,2,unknown / no property,35,none,own,2,unskilled - resident,2,none,yes,1,single
no checking account,20,critical account / other credits existing (not at this bank),car (used),3078,... < 100 DM,... < 1 year,4,male,none,4,"car or other, not in savings account",75,none,own,1,skilled employee / official,1,"yes, registered under customer's name",yes,2,single
... >= 200 DM / salary assignments for at least 1 year,15,existing credits paid back duly till now,furniture/equipment,250,... >= 1000 DM,unemployed,1,female,none,3,building society savings agreement / life insurance,19,none,for free,2,skilled employee / official,1,"yes, registered under customer's name",yes,2,divorced/separated
0 <= ... < 200 DM,4,existing credits paid back duly till now,domestic appliances,250,... < 100 DM,... < 1 year,4,female,guarantor,1,building society savings agreement / life insurance,35,none,own,1,unskilled - resident,1,none,yes,2,divorced/separated
0 <= ... < 200 DM,47,existing credits paid back duly till now,furniture/equipment,6573,unknown / no savings account,1 <= ... < 4 years,1,male,none,4,"car or other, not in savings account",19,none,rent,1,management / self-employed / highly qualified employee / officer,1,"yes, registered under customer's name",yes,2,divorced/separated
... < 0 DM,4,existing credits paid back duly till now,education,3351,... < 100 DM,1 <= ... < 4 years,2,male,guarantor,2,building society savings agreement / life insurance,32,none,own,1,skilled employee / official,1,none,yes,2,divorced/separated
0 <= ... < 200 DM,28,existing credits paid back duly till now,car (used),3405,... < 100 DM,1 <= ... < 4 years,4,male,none,4,"car or other, not in savings account",57,none,rent,1,management / self-employed / highly qualified employee / officer,2,"yes, registered under customer's name",yes,2,single
no checking account,22,all credits at this bank paid back duly,car (used),7820,500 <= ... < 1000 DM,... >= 7 years,2,male,none,3,unknown / no property,39,none,for free,2,management / self-employed / highly qualified employee / officer,1,"yes, registered under customer's name",yes,1,single
0 <= ... < 200 DM,8,all credits at this bank paid back duly,radio/television,2030,100 <= ... < 500 DM,4 <= ... < 7 years,4,male,none,4,unknown / no property,19,none,for free,1,unskilled - resident,1,"yes, registered under customer's name",yes,1,single
... < 0 DM,26,existing credits paid back duly till now,radio/television,368,500 <= ... < 1000 DM,1 <= ... < 4 years,4,female,none,4,building society savings agreement / life insurance,22,none,rent,1,unskilled - resident,1,none,yes,1,divorced/separated
... < 0 DM,8,delay in paying off in the past,car (used),2777,unknown / no savings account,... >= 7 years,4,male,none,4,"car or other, not in savings account",20,bank,own,1,skilled employee / official,1,"yes, registered under customer's name",yes,1,single
no checking account,27,delay in paying off in the past,car (new),6401,100 <= ... < 500 DM,unemployed,4,male,none,4,unknown / no property,42,none,for free,1,skilled employee / official,1,"yes, registered under customer's name",yes,2,single
... >= 200 DM / salary assignments for at least 1 year,47,critical account / other credits existing (not at this bank),car (new),15945,unknown / no savings account,... >= 7 years,1,male,none,2,unknown / no property,38,none,own,2,skilled employee / official,1,"yes, registered under customer's name",yes,1,single
... < 0 DM,4,critical account / other credits existing (not at this bank),furniture/equipment,250,unknown / no savings account,... >= 7 years,2,male,co-applicant,3,building society savings agreement / life insurance,38,bank,own,2,management / self-employed / highly qualified employee / officer,1,none,yes,1,single
0 <= ... < 200 DM,11,existing credits paid back duly till now,furniture/equipment,3077,... < 100 DM,1 <= ... < 4 years,4,female,guarantor,1,real estate,29,none,rent,1,unskilled - resident,1,none,yes,2,divorced/separated
... < 0 DM,24,all credits at this bank paid back duly,car (new),250,... < 100 DM,1 <= ... < 4 years,2,female,none,2,building society savings agreement / life insurance,55,none,own,1,management / self-employed / highly qualified employee / officer,1,none,yes,1,divorced/separated
no checking account,21,delay in paying off in the past,furniture/equipment,2693,... < 100 DM,4 <= ... < 7 years,4,female,none,3,"car or other, not in savings account",19,none,own,1,skilled employee / official,1,"yes, registered under customer's name",yes,2,divorced/separated
... < 0 DM,16,existing credits paid back duly till now,furniture/equipment,2057,... < 100 DM,1 <= ... < 4 years,3,female,none,2,building society savings agreement / life insurance,29,none,own,1,skilled employee / official,1,none,yes,2,divorced/separated
... < 0 DM,4,existing credits paid back duly till now,furniture/equipment,3943,500 <= ... < 1000 DM,1 <= ... < 4 years,4,female,none,1,building society savings agreement / life insurance,27,none,rent,4,skilled employee / official,1,none,yes,1,single
0 <= ... < 200 DM,19,existing credits paid back duly till now,radio/television,12233,... < 100 DM,1 <= ... < 4 years,2,male,none,4,"car or other, not in savings account",27,none,rent,1,skilled employee / official,1,none,yes,1,single
0 <= ... < 200 DM,44,critical account / other credits existing (not at this bank),furniture/equipment,1590,... < 100 DM,unemployed,2,male,co-applicant,4,unknown / no property,36,stores,for free,3,skilled employee / official,1,none,yes,2,single
no checking account,27,critical account / other credits existing (not at this bank),furniture/equipment,1159,... < 100 DM,1 <= ... < 4 years,2,female,none,2,real estate,19,none,own,4,unemployed / unskilled - non-resident,1,none,yes,1,divorced/separated
no checking account,34,existing credits paid back duly till now,radio/television,8081,... < 100 DM,... < 1 year,2,male,none,4,"car or other, not in savings account",30,none,own,1,skilled employee / official,1,none,yes,1,single
... < 0 DM,28,critical account / other credits existing (not at this bank),car (new),10798,unknown / no savings account,1 <= ... < 4 years,2,male,none,4,"car or other, not in savings account",34,none,own,1,skilled employee / official,1,"yes, registered under customer's name",yes,2,single
0 <= ... < 200 DM,28,existing credits paid back duly till now,car (new),1468,... < 100 DM,1 <= ... < 4 years,4,female,none,4,real estate,37,none,own,1,skilled employee / official,1,none,yes,2,divorced/separated
... < 0 DM,25,critical account / other credits existing (not at this bank),business,3202,unknown / no savings account,... >= 7 years,4,male,none,4,"car or other, not in savings account",22,bank,own,2,management / self-employed / highly qualified employee / officer,2,"yes, registered under customer's name",yes,2,single
0 <= ... < 200 DM,25,existing credits paid back duly till now,education,2332,... < 100 DM,... >= 7 years,2,male,none,4,building society savings agreement / life insurance,55,none,own,1,management / self-employed / highly qualified employee / officer,1,none,yes,2,single
... < 0 DM,37,critical account / other credits existing (not at this bank),others,3629,unknown / no savings account,... >= 7 years,4,male,none,2,unknown / no property,46,none,for free,2,management / self-employed / highly qualified employee / officer,1,"yes, registered under customer's name",yes,1,single
no checking account,24,existing credits paid back duly till now,car (new),882,... < 100 DM,unemployed,1,male,none,2,building society savings agreement / life insurance,30,none,own,1,unskilled - resident,1,none,yes,1,divorced/separated
0 <= ... < 200 DM,71,existing credits paid back duly till now,car (new),2357,unknown / no savings account,1 <= ... < 4 years,4,male,none,4,real estate,58,none,own,1,unemployed / unskilled - non-resident,1,none,yes,2,divorced/separated
0 <= ... < 200 DM,9,existing credits paid back duly till now,repairs,1184,... < 100 DM,1 <= ... < 4 years,2,female,guarantor,1,"car or other, not in savings account",37,none,rent,1,skilled employee / official,1,none,yes,1,divorced/separated
0 <= ... < 200 DM,24,existing credits paid back duly till now,radio/television,3399,... < 100 DM,1 <= ... < 4 years,4,male,none,2,building society savings agreement / life insurance,23,none,own,1,skilled employee / official,1,"yes, registered under customer's name",yes,1,single
0 <= ... < 200 DM,20,delay in paying off in the past,furniture/equipment,3553,100 <= ... < 500 DM,4 <= ... < 7 years,4,male,none,4,unknown / no property,28,none,own,1,skilled employee / official,1,none,yes,2,single
0 <= ... < 200 DM,4,critical account / other credits existing (not at this bank),radio/television,2002,... < 100 DM,1 <= ... < 4 years,1,male,none,4,"car or other, not in savings account",46,none,own,1,unskilled - resident,1,none,yes,2,divorced/separated
0 <= ... < 200 DM,16,existing credits paid back duly till now,furniture/equipment,297,... < 100 DM,4 <= ... < 7 years,4,male,none,2,building society savings agreement / life insurance,57,none,own,1,unskilled - resident,1,none,yes,1,divorced/separated
0 <= ... < 200 DM,72,existing credits paid back duly till now,car (new),2549,... >= 1000 DM,1 <= ... < 4 years,2,male,none,3,building society savings agreement / life insurance,34,none,own,2,skilled employee / official,1,"yes, registered under customer's name",yes,2,divorced/separated
0 <= ... < 200 DM,24,all credits at this bank paid back duly,car (new),4857,... < 100 DM,... < 1 year,3,male,none,2,unknown / no property,39,none,own,2,unskilled - resident,1,"yes, registered under customer's name",yes,2,single
no checking account,29,existing credits paid back duly till now,radio/television,2744,... < 100 DM,... < 1 year,4,male,none,2,"car or other, not in savings account",34,none,own,1,skilled employee / official,1,none,yes,1,single
no checking account,72,delay in paying off in the past,radio/television,6037,unknown / no savings account,1 <= ... < 4 years,4,male,none,4,"car or other, not in savings account",44,none,own,1,unemployed / unskilled - non-resident,1,none,yes,1,single
0 <= ... < 200 DM,61,critical account / other credits existing (not at this bank),car (used),15945,... < 100 DM,1 <= ... < 4 years,3,male,none,4,unknown / no property,44,bank,for free,1,skilled employee / official,2,"yes, registered under customer's name",yes,1,single
no checking account,11,critical account / other credits existing (not at this bank),radio/television,250,... < 100 DM,1 <= ... < 4 years,2,male,none,3,unknown / no property,38,bank,own,3,skilled employee / official,1,"yes, registered under customer's name",yes,2,single
... < 0 DM,23,critical account / other credits existing (not at this bank),business,1726,unknown / no savings account,4 <= ... < 7 years,4,male,none,4,unknown / no property,39,none,for free,1,management / self-employed / highly qualified employee / officer,1,"yes, registered under customer's name",yes,1,single
0 <= ... < 200 DM,72,existing credits paid back duly till now,business,15945,500 <= ... < 1000 DM,... >= 7 years,2,male,none,4,unknown / no property,75,none,for free,2,management / self-employed / highly qualified employee / officer,2,"yes, registered under customer's name",yes,2,single
... < 0 DM,24,all credits at this bank paid back duly,car (new),3560,500 <= ... < 1000 DM,unemployed,4,male,none,4,"car or other, not in savings account",35,none,for free,1,skilled employee / official,2,"yes, registered under customer's name",yes,1,single
0 <= ... < 200 DM,24,existing credits paid back duly till now,car (new),2589,... < 100 DM,... >= 7 years,1,male,none,2,building society savings agreement / life insurance,75,none,own,1,skilled employee / official,1,none,yes,2,single
... < 0 DM,11,existing credits paid back duly till now,furniture/equipment,250,... < 100 DM,4 <= ... < 7 years,4,female,none,2,"car or other, not in savings account",28,none,own,1,skilled employee / official,1,none,yes,2,divorced/separated
0 <= ... < 200 DM,23,no credits taken / all credits paid back duly,furniture/equipment,5927,500 <= ... < 1000 DM,... < 1 year,4,male,none,4,unknown / no property,55,none,own,1,skilled employee / official,1,"yes, registered under customer's name",yes,1,married/widowed
... < 0 DM,24,delay in paying off in the past,radio/television,1082,... < 100 DM,1 <= ... < 4 years,4,male,none,4,"car or other, not in savings account",25,none,for free,1,management / self-employed / highly qualified employee / officer,1,"yes, registered under customer's name",yes,1,single
no checking account,23,existing credits paid back duly till now,furniture/equipment,2349,... < 100 DM,1 <= ... < 4 years,4,female,none,4,building society savings agreement / life insurance,35,none,own,1,skilled employee / official,1,none,yes,2,divorced/separated
... < 0 DM,14,existing credits paid back duly till now,furniture/equipment,2440,... < 100 DM,1 <= ... < 4 years,2,female,guarantor,1,real estate,19,none,rent,1,skilled employee / official,1,none,yes,2,divorced/separated
0 <= ... < 200 DM,4,existing credits paid back duly till now,furniture/equipment,1941,... < 100 DM,... < 1 year,4,female,none,2,real estate,20,none,own,1,skilled employee / official,1,none,yes,2,divorced/separated
no checking account,72,existing credits paid back duly till now,radio/television,15945,... < 100 DM,4 <= ... < 7 years,4,male,none,3,real estate,38,none,own,1,management / self-employed / highly qualified employee / officer,1,"yes, registered under customer's name",yes,1,single
... < 0 DM,10,existing credits paid back duly till now,others,5669,... < 100 DM,1 <= ... < 4 years,1,female,none,2,real estate,75,none,own,1,unskilled - resident,1,none,yes,2,single
0 <= ... < 200 DM,46,existing credits paid back duly till now,radio/television,2214,... < 100 DM,1 <= ... < 4 years,4,female,none,3,real estate,29,none,own,1,unskilled - resident,1,none,yes,1,single
... >= 200 DM / salary assignments for at least 1 year,12,existing credits paid back duly till now,car (new),250,... < 100 DM,1 <= ... < 4 years,4,female,none,2,building society savings agreement / life insurance,24,none,rent,1,unskilled - resident,1,none,yes,2,divorced/separated
... < 0 DM,28,all credits at this bank paid back duly,radio/television,1182,... < 100 DM,1 <= ... < 4 years,2,male,none,3,unknown / no property,62,none,own,1,skilled employee / official,1,"yes, registered under customer's name",yes,1,single
... < 0 DM,14,existing credits paid back duly till now,business,1456,unknown / no savings account,1 <= ... < 4 years,1,female,none,4,unknown / no property,19,none,own,1,unskilled - resident,1,none,yes,2,single
0 <= ... < 200 DM,10,existing credits paid back duly till now,furniture/equipment,3393,... < 100 DM,1 <= ... < 4 years,4,female,none,4,real estate,35,none,own,1,unskilled - resident,1,none,yes,1,divorced/separated
... >= 200 DM / salary assignments for at least 1 year,25,existing credits paid back duly till now,car (new),2652,... < 100 DM,... < 1 year,1,female,none,2,"car or other, not in savings account",20,none,own,1,skilled employee / official,1,none,yes,2,divorced/separated
0 <= ... < 200 DM,22,no credits taken / all credits paid back duly,car (used),2341,500 <= ... < 1000 DM,... < 1 year,3,male,none,2,unknown / no property,34,none,rent,1,skilled employee / official,1,none,yes,2,divorced/separated
no checking account,4,delay in paying off in the past,radio/television,272,... < 100 DM,1 <= ... < 4 years,2,male,guarantor,2,real estate,39,none,own,1,unskilled - resident,1,none,yes,1,single
0 <= ... < 200 DM,55,critical account / other credits existing (not at this bank),car (new),12225,unknown / no savings account,4 <= ... < 7 years,2,male,none,4,real estate,39,none,for free,1,skilled employee / official,1,"yes, registered under customer's name",yes,1,single
no checking account,12,delay in paying off in the past,radio/television,6082,... < 100 DM,4 <= ... < 7 years,4,male,none,4,"car or other, not in savings account",36,stores,for free,1,skilled employee / official,1,none,yes,2,single
no checking account,4,no credits taken / all credits paid back duly,car (new),9136,... < 100 DM,4 <= ... < 7 years,2,male,co-applicant,1,"car or other, not in savings account",39,bank,own,1,unskilled - resident,1,"yes, registered under customer's name",yes,1,married/widowed
0 <= ... < 200 DM,27,existing credits paid back duly till now,radio/television,404,... < 100 DM,1 <= ... < 4 years,4,female,guarantor,1,real estate,33,none,own,1,skilled employee / official,1,none,yes,2,divorced/separated
no checking account,28,existing credits paid back duly till now,repairs,2904,unknown / no savings account,... < 1 year,1,male,none,2,"car or other, not in savings account",39,none,own,1,skilled employee / official,1,none,yes,1,divorced/separated
no checking account,72,delay in paying off in the past,car (used),3580,500 <= ... < 1000 DM,4 <= ... < 7 years,2,male,none,4,unknown / no property,22,none,own,2,management / self-employed / highly qualified employee / officer,1,"yes, registered under customer's name",yes,1,single
... < 0 DM,19,existing credits paid back duly till now,business,6626,... < 100 DM,1 <= ... < 4 years,2,male,none,2,"car or other, not in savings account",31,none,own,1,unskilled - resident,1,"yes, registered under customer's name",yes,2,single
0 <= ... < 200 DM,27,existing credits paid back duly till now,others,2681,unknown / no savings account,1 <= ... < 4 years,3,male,guarantor,2,"car or other, not in savings account",27,none,rent,1,unskilled - resident,1,none,yes,2,single
... < 0 DM,8,existing credits paid back duly till now,furniture/equipment,3441,... < 100 DM,... < 1 year,4,male,none,3,"car or other, not in savings account",35,none,own,1,unskilled - resident,1,none,yes,2,divorced/separated
0 <= ... < 200 DM,27,critical account / other credits existing (not at this bank),radio/television,2042,... < 100 DM,1 <= ... < 4 years,4,female,none,4,building society savings agreement / life insurance,41,none,own,1,skilled employee / official,1,none,yes,1,single
... >= 200 DM / salary assignments for at least 1 year,30,existing credits paid back duly till now,furniture/equipment,6117,... < 100 DM,4 <= ... < 7 years,1,female,none,1,unknown / no property,19,none,rent,1,unskilled - resident,1,none,yes,2,divorced/separated
no checking account,32,critical account / other credits existing (not at this bank),car (new),5109,100 <= ... < 500 DM,1 <= ... < 4 years,4,male,none,4,unknown / no property,53,none,own,1,unskilled - resident,2,none,yes,1,single
no checking account,4,existing credits paid back duly till now,repairs,1684,... >= 1000 DM,1 <= ... < 4 years,4,male,none,1,"car or other, not in savings account",55,none,own,1,skilled employee / official,1,none,yes,2,single
... < 0 DM,4,existing credits paid back duly till now,furniture/equipment,2440,... < 100 DM,1 <= ... < 4 years,1,female,guarantor,4,real estate,47,none,own,1,unskilled - resident,1,none,yes,1,divorced/separated
no checking account,23,existing credits paid back duly till now,furniture/equipment,15945,... < 100 DM,... >= 7 years,1,male,none,4,unknown / no property,75,none,rent,1,management / self-employed / highly qualified employee / officer,2,"yes, registered under customer's name",yes,1,single
0 <= ... < 200 DM,4,existing credits paid back duly till now,radio/television,250,... < 100 DM,4 <= ... < 7 years,2,male,none,2,real estate,34,none,own,2,unskilled - resident,1,"yes, registered under customer's name",yes,2,divorced/separated
0 <= ... < 200 DM,31,critical account / other credits existing (not at this bank),furniture/equipment,15945,unknown / no savings account,... >= 7 years,2,male,none,1,building society savings agreement / life insurance,29,none,for free,2,skilled employee / official,2,"yes, registered under customer's name",yes,2,single
0 <= ... < 200 DM,4,critical account / other credits existing (not at this bank),furniture/equipment,2319,unknown / no savings account,1 <= ... < 4 years,4,male,none,4,unknown / no property,75,none,for free,2,unemployed / unskilled - non-resident,1,"yes, registered under customer's name",yes,2,single
... < 0 DM,4,existing credits paid back duly till now,repairs,250,... < 100 DM,unemployed,4,male,none,4,"car or other, not in savings account",22,none,own,1,unskilled - resident,1,none,yes,1,divorced/separated
no checking account,23,existing credits paid back duly till now,radio/television,2066,... < 100 DM,1 <= ... < 4 years,4,female,none,1,building society savings agreement / life insurance,23,none,rent,1,unskilled - resident,1,none,yes,2,divorced/separated
0 <= ... < 200 DM,21,existing credits paid back duly till now,education,1698,... >= 1000 DM,1 <= ... < 4 years,1,male,guarantor,1,building society savings agreement / life insurance,19,none,own,2,unemployed / unskilled - non-resident,1,none,yes,1,divorced/separated
no checking account,41,critical account / other credits existing (not at this bank),car (used),6378,... < 100 DM,1 <= ... < 4 years,4,male,none,4,"car or other, not in savings account",60,none,own,1,management / self-employed / highly qualified employee / officer,2,"yes, registered under customer's name",yes,1,single
0 <= ... < 200 DM,29,existing credits paid back duly till now,car (new),2660,unknown / no savings account,1 <= ... < 4 years,3,female,none,1,unknown / no property,20,none,own,1,unskilled - resident,1,"yes, registered under customer's name",yes,2,divorced/separated
0 <= ... < 200 DM,7,existing credits paid back duly till now,furniture/equipment,3320,... < 100 DM,1 <= ... < 4 years,4,male,none,4,"car or other, not in savings account",31,none,rent,1,skilled employee / official,1,none,yes,2,divorced/separated
... >= 200 DM / salary assignments for at least 1 year,13,existing credits paid back duly till now,business,2270,... < 100 DM,1 <= ... < 4 years,3,male,none,1,unknown / no property,42,none,for free,3,management / self-employed / highly qualified employee / officer,1,"yes, registered under customer's name",yes,1,single
... < 0 DM,4,existing credits paid back duly till now,car (new),1833,unknown / no savings account,4 <= ... < 7 years,3,male,none,1,"car or other, not in savings account",62,none,for free,2,unskilled - resident,1,none,yes,1,single
0 <= ... < 200 DM,12,delay in paying off in the past,car (used),7234,unknown / no savings account,1 <= ... < 4 years,4,male,none,4,"car or other, not in savings account",49,none,rent,2,management / self-employed / highly qualified employee / officer,1,"yes, registered under customer's name",yes,2,single
0 <= ... < 200 DM,25,all credits at this bank paid back duly,radio/television,7275,unknown / no savings account,unemployed,4,male,none,4,"car or other, not in savings account",30,none,own,1,skilled employee / official,1,"yes, registered under customer's name",yes,2,divorced/separated
0 <= ... < 200 DM,23,critical account / other credits existing (not at this bank),car (new),3635,... < 100 DM,4 <= ... < 7 years,3,male,none,1,unknown / no property,20,none,own,2,skilled employee / official,2,"yes, registered under customer's name",yes,1,married/widowed
0 <= ... < 200 DM,4,existing credits paid back duly till now,radio/television,250,... < 100 DM,1 <= ... < 4 years,3,female,guarantor,1,real estate,31,none,rent,1,skilled employee / official,1,none,yes,1,divorced/separated
0 <= ... < 200 DM,25,existing credits paid back duly till now,education,250,... < 100 DM,... < 1 year,1,female,none,3,real estate,40,none,own,1,skilled employee / official,1,none,yes,1,divorced/separated
no checking account,4,existing credits paid back duly till now,radio/television,2263,... < 100 DM,1 <= ... < 4 years,4,male,none,1,"car or other, not in savings account",33,none,rent,1,skilled employee / official,1,none,yes,1,divorced/separated
... < 0 DM,20,delay in paying off in the past,retraining,3136,unknown / no savings account,1 <= ... < 4 years,2,male,none,4,real estate,68,none,own,1,management / self-employed / highly qualified employee / officer,1,none,yes,1,married/widowed
0 <= ... < 200 DM,4,existing credits paid back duly till now,radio/television,6353,unknown / no savings account,unemployed,2,male,none,2,building society savings agreement / life insurance,75,none,own,1,skilled employee / official,1,"yes, registered under customer's name",yes,1,single
0 <= ... < 200 DM,4,existing credits paid back duly till now,furniture/equipment,250,... < 100 DM,... < 1 year,4,female,none,1,real estate,72,none,rent,1,skilled employee / official,1,none,yes,1,divorced/separated
... < 0 DM,20,all credits at this bank paid back duly,car (new),12453,unknown / no savings account,4 <= ... < 7 years,3,male,none,4,unknown / no property,36,bank,for free,1,management / self-employed / highly qualified employee / officer,1,"yes, registered under customer's name",yes,1,single
... < 0 DM,43,existing credits paid back duly till now,radio/television,1129,... < 100 DM,1 <= ... < 4 years,2,male,none,3,building society savings agreement / life insurance,35,none,own,1,skilled employee / official,1,none,yes,1,single
0 <= ... < 200 DM,26,existing credits paid back duly till now,car (used),1824,... < 100 DM,unemployed,1,male,none,4,building society savings agreement / life insurance,37,none,for free,2,unskilled - resident,1,none,yes,2,divorced/separated
... < 0 DM,18,existing credits paid back duly till now,car (new),250,... < 100 DM,unemployed,4,female,none,2,building society savings agreement / life insurance,28,bank,own,1,skilled employee / official,1,none,yes,1,divorced/separated
no checking account,23,critical account / other credits existing (not at this bank),car (used),8489,unknown / no savings account,... >= 7 years,2,male,none,4,unknown / no property,75,none,for free,2,skilled employee / official,2,"yes, registered under customer's name",yes,1,single
0 <= ... < 200 DM,72,existing credits paid back duly till now,car (used),11949,100 <= ... < 500 DM,... >= 7 years,4,male,none,4,unknown / no property,60,none,for free,1,management / self-employed / highly qualified employee / officer,2,"yes, registered under customer's name",yes,1,single
no checking account,70,no credits taken / all credits paid back duly,education,4790,... < 100 DM,... >= 7 years,4,male,none,4,"car or other, not in savings account",41,stores,own,3,skilled employee / official,1,none,yes,1,single
0 <= ... < 200 DM,4,existing credits paid back duly till now,car (new),2919,... < 100 DM,1 <= ... < 4 years,3,male,none,4,building society savings agreement / life insurance,48,none,own,1,management / self-employed / highly qualified employee / officer,1,"yes, registered under customer's name",yes,1,single
no checking account,21,critical account / other credits existing (not at this bank),furniture/equipment,2771,100 <= ... < 500 DM,... >= 7 years,4,male,none,4,real estate,27,none,own,1,unskilled - resident,1,none,yes,1,single
no checking account,64,critical account / other credits existing (not at this bank),car (used),13051,unknown / no savings account,4 <= ... < 7 years,3,male,none,4,unknown / no property,75,none,own,2,management / self-employed / highly qualified employee / officer,2,none,yes,1,single
0 <= ... < 200 DM,25,existing credits paid back duly till now,radio/television,2028,... < 100 DM,1 <= ... < 4 years,2,female,none,2,real estate,19,none,rent,2,skilled employee / official,1,none,yes,1,divorced/separated
... < 0 DM,4,existing credits paid back duly till now,radio/television,3288,100 <= ... < 500 DM,1 <= ... < 4 years,4,female,none,2,real estate,34,none,own,1,unskilled - resident,1,none,yes,2,married/widowed
no checking account,57,delay in paying off in the past,radio/television,3357,... < 100 DM,1 <= ... < 4 years,4,female,guarantor,1,building society savings agreement / life insurance,33,none,own,1,skilled employee / official,1,none,yes,2,single
no checking account,26,no credits taken / all credits paid back duly,car (used),5914,100 <= ... < 500 DM,... >= 7 years,2,male,none,4,unknown / no property,48,bank,own,1,management / self-employed / highly qualified employee / officer,1,"yes, registered under customer's name",yes,1,single
... >= 200 DM / salary assignments for at least 1 year,26,existing credits paid back duly till now,furniture/equipment,3030,... < 100 DM,... < 1 year,4,female,none,3,real estate,46,none,own,1,unskilled - resident,1,none,yes,1,single
0 <= ... < 200 DM,14,critical account / other credits existing (not at this bank),furniture/equipment,1680,... < 100 DM,... < 1 year,4,male,none,2,building society savings agreement / life insurance,29,none,own,2,skilled employee / official,1,none,yes,1,single
no checking account,20,critical account / other credits existing (not at this bank),radio/television,5000,... < 100 DM,... >= 7 years,1,male,none,4,unknown / no property,49,none,own,2,management / self-employed / highly qualified employee / officer,1,"yes, registered under customer's name",yes,1,single
no checking account,24,delay in paying off in the past,others,1871,... < 100 DM,1 <= ... < 4 years,3,male,none,1,building society savings agreement / life insurance,19,none,own,1,unskilled - resident,1,"yes, registered under customer's name",yes,2,divorced/separated
no checking account,5,delay in paying off in the past,business,2641,... < 100 DM,1 <= ... < 4 years,3,male,none,4,building society savings agreement / life insurance,19,none,for free,1,skilled employee / official,1,"yes, registered under customer's name",yes,1,single
no checking account,53,delay in paying off in the past,car (new),12298,500 <= ... < 1000 DM,4 <= ... < 7 years,3,male,none,4,unknown / no property,38,bank,for free,2,management / self-employed / highly qualified employee / officer,1,"yes, registered under customer's name",yes,1,single
... >= 200 DM / salary assignments for at least 1 year,27,existing credits paid back duly till now,car (new),3701,... < 100 DM,... < 1 year,4,male,none,4,unknown / no property,68,none,own,3,skilled employee / official,1,"yes, registered under customer's name",yes,1,single
0 <= ... < 200 DM,25,existing credits paid back duly till now,radio/television,5108,... < 100 DM,unemployed,2,male,none,4,"car or other, not in savings account",32,none,for free,1,management / self-employed / highly qualified employee / officer,1,none,yes,1,single
0 <= ... < 200 DM,21,existing credits paid back duly till now,car (used),10450,... >= 1000 DM,... >= 7 years,4,male,co-applicant,3,building society savings agreement / life insurance,20,none,own,2,management / self-employed / highly qualified employee / officer,2,"yes, registered under customer's name",yes,1,single
no checking account,61,critical account / other credits existing (not at this bank),car (used),15945,unknown / no savings account,1 <= ... < 4 years,2,male,none,2,"car or other, not in savings account",27,none,own,1,skilled employee / official,1,none,yes,2,divorced/separated
0 <= ... < 200 DM,5,delay in paying off in the past,furniture/equipment,1126,... < 100 DM,1 <= ... < 4 years,2,female,none,1,real estate,35,none,rent,1,skilled employee / official,1,none,yes,2,divorced/separated
... < 0 DM,23,critical account / other credits existing (not at this bank),car (new),2898,... < 100 DM,1 <= ... < 4 years,2,male,guarantor,2,building society savings agreement / life insurance,24,none,own,1,management / self-employed / highly qualified employee / officer,1,none,yes,1,single
no checking account,46,existing credits paid back duly till now,car (used),15945,unknown / no savings account,... >= 7 years,4,male,none,2,"car or other, not in savings account",62,none,own,3,unskilled - resident,1,"yes, registered under customer's name",yes,1,single
no checking account,4,all credits at this bank paid back duly,car (used),9471,100 <= ... < 500 DM,... >= 7 years,1,male,none,4,"car or other, not in savings account",46,none,for free,1,skilled employee / official,2,none,yes,1,single
0 <= ... < 200 DM,23,critical account / other credits existing (not at this bank),business,9807,100 <= ... < 500 DM,... >= 7 years,2,male,none,4,"car or other, not in savings account",23,none,for free,1,skilled employee / official,1,"yes, registered under customer's name",yes,1,single
... < 0 DM,4,existing credits paid back duly till now,furniture/equipment,250,... < 100 DM,1 <= ... < 4 years,4,female,none,2,building society savings agreement / life insurance,42,none,own,1,skilled employee / official,1,none,yes,2,married/widowed
0 <= ... < 200 DM,17,existing credits paid back duly till now,others,4952,... < 100 DM,1 <= ... < 4 years,2,female,none,1,"car or other, not in savings account",22,none,rent,1,unskilled - resident,1,none,yes,1,divorced/separated
0 <= ... < 200 DM,22,existing credits paid back duly till now,furniture/equipment,3125,... < 100 DM,... < 1 year,4,female,none,1,real estate,34,none,rent,1,unskilled - resident,1,none,yes,2,divorced/separated
0 <= ... < 200 DM,25,all credits at this bank paid back duly,furniture/equipment,1395,... < 100 DM,1 <= ... < 4 years,4,male,none,1,"car or other, not in savings account",30,none,rent,1,unskilled - resident,1,none,yes,1,divorced/separated
... < 0 DM,22,existing credits paid back duly till now,furniture/equipment,3435,... < 100 DM,1 <= ... < 4 years,2,female,none,1,building society savings agreement / life insurance,25,none,rent,1,skilled employee / official,1,none,yes,2,married/widowed
no checking account,24,delay in paying off in the past,car (used),7294,unknown / no savings account,... >= 7 years,1,male,guarantor,3,real estate,19,stores,rent,1,unskilled - resident,1,none,yes,1,married/widowed
... < 0 DM,8,all credits at this bank paid back duly,furniture/equipment,3166,... < 100 DM,unemployed,4,female,none,4,"car or other, not in savings account",32,none,rent,1,unskilled - resident,1,none,no,2,divorced/separated
... < 0 DM,15,all credits at this bank paid back duly,car (new),9831,100 <= ... < 500 DM,... < 1 year,1,male,none,4,unknown / no property,24,none,rent,1,management / self-employed / highly qualified employee / officer,1,"yes, registered under customer's name",yes,2,single
no checking account,9,existing credits paid back duly till now,radio/television,250,... < 100 DM,1 <= ... < 4 years,1,female,none,2,real estate,19,none,own,1,skilled employee / official,1,none,yes,2,divorced/separated
no checking account,28,existing credits paid back duly till now,retraining,2304,500 <= ... < 1000 DM,1 <= ... < 4 years,4,male,none,4,unknown / no property,52,none,own,1,skilled employee / official,1,"yes, registered under customer's name",yes,1,single
0 <= ... < 200 DM,27,existing credits paid back duly till now,car (new),10813,unknown / no savings account,1 <= ... < 4 years,2,male,none,4,unknown / no property,54,none,rent,1,skilled employee / official,1,none,yes,1,single
0 <= ... < 200 DM,4,critical account / other credits existing (not at this bank),others,1982,... < 100 DM,unemployed,4,male,guarantor,3,unknown / no property,69,bank,own,3,management / self-employed / highly qualified employee / officer,1,none,yes,2,divorced/separated
... < 0 DM,16,existing credits paid back duly till now,radio/television,2723,... >= 1000 DM,... < 1 year,1,female,none,4,real estate,45,none,rent,1,unskilled - resident,1,none,yes,2,divorced/separated
no checking account,33,delay in paying off in the past,car (new),2853,100 <= ... < 500 DM,1 <= ... < 4 years,2,male,none,4,building society savings agreement / life insurance,75,none,for free,1,management / self-employed / highly qualified employee / officer,1,"yes, registered under customer's name",no,1,single
no checking account,44,existing credits paid back duly till now,car (used),3437,500 <= ... < 1000 DM,... >= 7 years,4,male,none,4,unknown / no property,57,bank,for free,1,skilled employee / official,2,"yes, registered under customer's name",yes,1,single
0 <= ... < 200 DM,9,critical account / other credits existing (not at this bank),business,15945,... < 100 DM,... >= 7 years,4,male,none,4,building society savings agreement / life insurance,30,none,own,1,management / self-employed / highly qualified employee / officer,2,"yes, registered under customer's name",yes,1,single
no checking account,20,delay in paying off in the past,furniture/equipment,476,... < 100 DM,1 <= ... < 4 years,2,female,none,3,"car or other, not in savings account",36,none,own,2,skilled employee / official,1,none,yes,1,divorced/separated
... < 0 DM,12,existing credits paid back duly till now,radio/television,2946,500 <= ... < 1000 DM,1 <= ... < 4 years,4,male,none,4,real estate,29,none,rent,1,unskilled - resident,1,none,yes,2,divorced/separated
no checking account,52,critical account / other credits existing (not at this bank),car (used),13280,... < 100 DM,4 <= ... < 7 years,4,male,none,4,"car or other, not in savings account",37,stores,for free,4,unemployed / unskilled - non-resident,1,"yes, registered under customer's name",yes,1,single
no checking account,32,existing credits paid back duly till now,others,3475,500 <= ... < 1000 DM,... >= 7 years,2,male,none,4,unknown / no property,75,none,for free,1,skilled employee / official,2,"yes, registered under customer's name",yes,1,single
... < 0 DM,24,no credits taken / all credits paid back duly,others,12314,unknown / no savings account,... >= 7 years,3,male,none,4,unknown / no property,75,none,rent,1,skilled employee / official,1,"yes, registered under customer's name",yes,2,single
... < 0 DM,49,existing credits paid back duly till now,retraining,2819,unknown / no savings account,... >= 7 years,4,male,co-applicant,1,"car or other, not in savings account",63,none,rent,2,unemployed / unskilled - non-resident,1,none,yes,1,single
0 <= ... < 200 DM,4,existing credits paid back duly till now,car (new),2838,... < 100 DM,1 <= ... < 4 years,4,female,none,2,real estate,24,none,own,1,unemployed / unskilled - non-resident,2,none,yes,1,divorced/separated
... < 0 DM,23,existing credits paid back duly till now,car (new),250,500 <= ... < 1000 DM,1 <= ... < 4 years,2,male,none,4,unknown / no property,39,bank,own,1,unskilled - resident,2,"yes, registered under customer's name",yes,1,single
... < 0 DM,22,existing credits paid back duly till now,car (new),1132,500 <= ... < 1000 DM,... >= 7 years,2,male,none,3,building society savings agreement / life insurance,21,none,rent,2,unskilled - resident,1,none,yes,1,married/widowed
... < 0 DM,10,existing credits paid back duly till now,furniture/equipment,921,... < 100 DM,1 <= ... < 4 years,4,male,none,1,"car or other, not in savings account",19,none,own,1,skilled employee / official,1,none,yes,2,divorced/separated
0 <= ... < 200 DM,17,existing credits paid back duly till now,radio/television,2558,unknown / no savings account,unemployed,4,male,none,4,building society savings agreement / life insurance,32,none,own,1,skilled employee / official,1,"yes, registered under customer's name",yes,1,divorced/separated
no checking account,24,existing credits paid back duly till now,car (new),311,500 <= ... < 1000 DM,4 <= ... < 7 years,4,male,none,4,unknown / no property,33,none,own,1,skilled employee / official,1,"yes, registered under customer's name",yes,1,single
0 <= ... < 200 DM,24,existing credits paid back duly till now,radio/television,3503,... < 100 DM,4 <= ... < 7 years,4,male,none,2,building society savings agreement / life insurance,48,none,own,2,skilled employee / official,1,none,yes,1,single
0 <= ... < 200 DM,23,critical account / other credits existing (not at this bank),car (new),3613,100 <= ... < 500 DM,1 <= ... < 4 years,1,male,none,3,"car or other, not in savings account",20,none,own,1,skilled employee / official,1,none,yes,2,single
0 <= ... < 200 DM,20,existing credits paid back duly till now,furniture/equipment,2749,... < 100 DM,1 <= ... < 4 years,4,female,guarantor,4,building society savings agreement / life insurance,23,none,own,1,unskilled - resident,1,none,yes,2,divorced/separated
... < 0 DM,29,existing credits paid back duly till now,car (new),250,500 <= ... < 1000 DM,... < 1 year,3,male,none,1,"car or other, not in savings account",29,none,rent,2,unskilled - resident,2,none,yes,1,divorced/separated
0 <= ... < 200 DM,4,critical account / other credits existing (not at this bank),radio/television,1508,... < 100 DM,1 <= ... < 4 years,4,male,guarantor,3,real estate,26,stores,own,1,unskilled - resident,1,none,yes,1,single
0 <= ... < 200 DM,26,existing credits paid back duly till now,furniture/equipment,3552,... < 100 DM,1 <= ... < 4 years,1,female,guarantor,4,real estate,24,none,rent,1,unskilled - resident,1,none,yes,2,divorced/separated
... >= 200 DM / salary assignments for at least 1 year,31,no credits taken / all credits paid back duly,others,14074,unknown / no savings account,1 <= ... < 4 years,4,male,guarantor,4,unknown / no property,75,none,own,1,management / self-employed / highly qualified employee / officer,1,"yes, registered under customer's name",yes,1,single
no checking account,20,existing credits paid back duly till now,radio/television,250,unknown / no savings account,1 <= ... < 4 years,4,female,none,3,real estate,31,none,own,1,skilled employee / official,1,none,yes,2,divorced/separated
0 <= ... < 200 DM,4,existing credits paid back duly till now,furniture/equipment,15945,100 <= ... < 500 DM,... < 1 year,2,female,none,4,unknown / no property,72,none,rent,1,skilled employee / official,1,none,yes,2,divorced/separated
0 <= ... < 200 DM,12,existing credits paid back duly till now,car (new),12232,unknown / no savings account,1 <= ... < 4 years,2,male,none,2,building society savings agreement / life insurance,33,none,rent,1,skilled employee / official,1,none,yes,2,divorced/separated
no checking account,21,existing credits paid back duly till now,car (new),303,... < 100 DM,4 <= ... < 7 years,4,female,guarantor,3,building society savings agreement / life insurance,19,none,own,1,skilled employee / official,1,none,yes,1,divorced/separated
no checking account,13,existing credits paid back duly till now,car (new),1998,... < 100 DM,... >= 7 years,3,male,none,4,building society savings agreement / life insurance,23,none,for free,1,unskilled - resident,1,"yes, registered under customer's name",yes,2,divorced/separated
0 <= ... < 200 DM,72,existing credits paid back duly till now,radio/television,1403,... < 100 DM,1 <= ... < 4 years,1,male,none,4,unknown / no property,34,none,own,1,unskilled - resident,1,"yes, registered under customer's name",yes,2,single
0 <= ... < 200 DM,20,critical account / other credits existing (not at this bank),radio/television,4831,unknown / no savings account,unemployed,3,male,none,4,"car or other, not in savings account",23,bank,for free,1,management / self-employed / highly qualified employee / officer,2,"yes, registered under customer's name",yes,1,single
... < 0 DM,15,delay in paying off in the past,car (new),14550,unknown / no savings account,unemployed,4,male,none,4,unknown / no property,75,none,own,1,management / self-employed / highly qualified employee / officer,2,"yes, registered under customer's name",yes,1,single
0 <= ... < 200 DM,26,existing credits paid back duly till now,business,9187,unknown / no savings account,4 <= ... < 7 years,3,male,co-applicant,1,"car or other, not in savings account",45,none,for free,3,unskilled - resident,1,none,yes,2,divorced/separated
0 <= ... < 200 DM,40,critical account / other credits existing (not at this bank),business,4664,100 <= ... < 500 DM,unemployed,4,female,none,4,real estate,38,none,own,1,skilled employee / official,1,"yes, registered under customer's name",yes,2,single
0 <= ... < 200 DM,23,critical account / other credits existing (not at this bank),business,2265,100 <= ... < 500 DM,1 <= ... < 4 years,4,male,none,4,"car or other, not in savings account",19,none,own,2,unskilled - resident,1,none,yes,2,divorced/separated
0 <= ... < 200 DM,21,existing credits paid back duly till now,car (new),3248,... < 100 DM,1 <= ... < 4 years,2,female,none,2,building society savings agreement / life insurance,37,none,for free,1,unskilled - resident,1,"yes, registered under customer's name",yes,1,divorced/separated
0 <= ... < 200 DM,23,no credits taken / all credits paid back duly,car (used),7827,... < 100 DM,1 <= ... < 4 years,4,male,none,4,unknown / no property,40,none,own,3,unskilled - resident,1,"yes, registered under customer's name",yes,2,single
0 <= ... < 200 DM,22,existing credits paid back duly till now,furniture/equipment,1546,... < 100 DM,1 <= ... < 4 years,4,female,none,3,real estate,32,none,own,1,unskilled - resident,1,none,yes,2,divorced/separated
... < 0 DM,11,existing credits paid back duly till now,car (used),3995,100 <= ... < 500 DM,4 <= ... < 7 years,4,male,none,4,real estate,29,none,own,1,skilled employee / official,1,"yes, registered under customer's name",yes,2,single
0 <= ... < 200 DM,26,all credits at this bank paid back duly,car (new),8551,... < 100 DM,4 <= ... < 7 years,4,male,none,2,"car or other, not in savings account",24,none,own,2,skilled employee / official,1,none,yes,1,single
0 <= ... < 200 DM,41,all credits at this bank paid back duly,radio/television,1038,100 <= ... < 500 DM,... >= 7 years,1,male,none,3,"car or other, not in savings account",19,bank,rent,1,management / self-employed / highly qualified employee / officer,1,"yes, registered under customer's name",yes,2,single
0 <= ... < 200 DM,13,critical account / other credits existing (not at this bank),furniture/equipment,1604,500 <= ... < 1000 DM,4 <= ... < 7 years,3,male,none,4,unknown / no property,37,none,own,1,skilled employee / official,1,"yes, registered under customer's name",yes,1,single
no checking account,43,existing credits paid back duly till now,car (used),3330,... < 100 DM,4 <= ... < 7 years,4,male,guarantor,1,real estate,63,none,own,2,skilled employee / official,1,"yes, registered under customer's name",no,2,divorced/separated
no checking account,25,critical account / other credits existing (not at this bank),business,4595,... < 100 DM,4 <= ... < 7 years,4,male,none,3,building society savings agreement / life insurance,48,none,own,2,management / self-employed / highly qualified employee / officer,1,"yes, registered under customer's name",yes,1,single
no checking account,16,existing credits paid back duly till now,repairs,1076,... < 100 DM,... < 1 year,4,female,none,3,real estate,31,none,rent,1,unskilled - resident,1,none,yes,1,divorced/separated
no checking account,24,existing credits paid back duly till now,car (used),15945,100 <= ... < 500 DM,... >= 7 years,2,male,none,2,unknown / no property,22,none,for free,1,management / self-employed / highly qualified employee / officer,1,"yes, registered under customer's name",yes,1,single
... < 0 DM,23,existing credits paid back duly till now,repairs,250,... < 100 DM,1 <= ... < 4 years,4,female,none,3,real estate,24,none,own,1,unskilled - resident,1,none,yes,2,divorced/separated
0 <= ... < 200 DM,43,existing credits paid back duly till now,retraining,250,100 <= ... < 500 DM,1 <= ... < 4 years,4,male,none,2,"car or other, not in savings account",41,none,rent,1,skilled employee / official,1,none,yes,1,divorced/separated
0 <= ... < 200 DM,28,existing credits paid back duly till now,furniture/equipment,8044,... < 100 DM,4 <= ... < 7 years,2,male,co-applicant,4,building society savings agreement / life insurance,27,bank,for free,1,unemployed / unskilled - non-resident,1,"yes, registered under customer's name",yes,2,married/widowed
0 <= ... < 200 DM,9,existing credits paid back duly till now,radio/television,1674,... < 100 DM,1 <= ... < 4 years,2,male,none,2,building society savings agreement / life insurance,34,none,own,1,unskilled - resident,1,none,yes,1,divorced/separated
0 <= ... < 200 DM,20,existing credits paid back duly till now,furniture/equipment,3460,... < 100 DM,... < 1 year,4,male,none,1,"car or other, not in savings account",26,none,own,1,unskilled - resident,1,none,yes,2,divorced/separated
... < 0 DM,4,critical account / other credits existing (not at this bank),radio/television,9340,500 <= ... < 1000 DM,... >= 7 years,3,male,none,4,building society savings agreement / life insurance,38,none,for free,2,management / self-employed / highly qualified employee / officer,1,"yes, registered under customer's name",yes,2,divorced/separated
no checking account,28,existing credits paid back duly till now,radio/television,3384,100 <= ... < 500 DM,unemployed,1,female,co-applicant,4,"car or other, not in savings account",30,none,own,2,skilled employee / official,1,"yes, registered under customer's name",yes,1,divorced/separated
... >= 200 DM / salary assignments for at least 1 year,21,all credits at this bank paid back duly,radio/television,5794,unknown / no savings account,... >= 7 years,3,male,none,4,unknown / no property,30,none,for free,2,management / self-employed / highly qualified employee / officer,1,"yes, registered under customer's name",yes,2,single
0 <= ... < 200 DM,4,critical account / other credits existing (not at this bank),radio/television,661,... < 100 DM,1 <= ... < 4 years,4,male,none,4,building society savings agreement / life insurance,40,none,own,1,skilled employee / official,1,none,yes,1,single
... < 0 DM,26,critical account / other credits existing (not at this bank),furniture/equipment,10913,... < 100 DM,4 <= ... < 7 years,4,male,none,3,"car or other, not in savings account",60,none,own,2,skilled employee / official,1,none,yes,1,divorced/separated
... < 0 DM,19,delay in paying off in the past,retraining,250,... < 100 DM,1 <= ... < 4 years,1,female,none,3,building society savings agreement / life insurance,31,none,rent,1,skilled employee / official,1,none,yes,1,divorced/separated
0 <= ... < 200 DM,30,critical account / other credits existing (not at this bank),car (new),2155,... < 100 DM,... < 1 year,4,female,none,3,real estate,22,none,own,1,skilled employee / official,1,none,yes,2,single
no checking account,10,existing credits paid back duly till now,radio/television,6201,... < 100 DM,1 <= ... < 4 years,4,male,none,2,"car or other, not in savings account",59,none,own,1,unskilled - resident,1,"yes, registered under customer's name",yes,1,married/widowed
0 <= ... < 200 DM,26,delay in paying off in the past,car (new),3577,unknown / no savings account,... >= 7 years,3,male,none,4,unknown / no property,24,none,for free,1,management / self-employed / highly qualified employee / officer,2,"yes, registered under customer's name",yes,1,single
no checking account,22,all credits at this bank paid back duly,car (used),5091,unknown / no savings account,... >= 7 years,4,male,none,4,"car or other, not in savings account",30,none,own,2,skilled employee / official,1,"yes, registered under customer's name",yes,1,single
... < 0 DM,4,delay in paying off in the past,car (new),8822,100 <= ... < 500 DM,4 <= ... < 7 years,4,male,none,4,"car or other, not in savings account",68,none,own,1,skilled employee / official,1,none,yes,1,single
no checking account,21,critical account / other credits existing (not at this bank),radio/television,1563,... < 100 DM,4 <= ... < 7 years,2,male,none,4,building society savings agreement / life insurance,38,bank,for free,2,management / self-employed / highly qualified employee / officer,1,"yes, registered under customer's name",yes,1,single
0 <= ... < 200 DM,27,all credits at this bank paid back duly,car (used),11429,unknown / no savings account,1 <= ... < 4 years,2,male,none,4,unknown / no property,47,none,for free,1,management / self-employed / highly qualified employee / officer,1,"yes, registered under customer's name",yes,2,single
0 <= ... < 200 DM,21,critical account / other credits existing (not at this bank),car (new),1663,... < 100 DM,... >= 7 years,2,male,none,4,unknown / no property,75,bank,for free,2,skilled employee / official,2,"yes, registered under customer's name",yes,1,single
... < 0 DM,18,existing credits paid back duly till now,car (new),2248,unknown / no savings account,1 <= ... < 4 years,4,male,none,4,"car or other, not in savings account",48,none,own,1,unskilled - resident,1,none,yes,2,single
no checking account,29,existing credits paid back duly till now,car (new),2453,... < 100 DM,1 <= ... < 4 years,3,female,none,4,real estate,23,none,rent,1,unskilled - resident,1,none,yes,2,divorced/separated
... >= 200 DM / salary assignments for at least 1 year,60,critical account / other credits existing (not at this bank),car (used),994,... < 100 DM,... < 1 year,4,male,none,2,"car or other, not in savings account",34,none,rent,1,skilled employee / official,1,"yes, registered under customer's name",yes,1,single
0 <= ... < 200 DM,26,existing credits paid back duly till now,business,2555,... >= 1000 DM,... < 1 year,4,male,co-applicant,4,building society savings agreement / life insurance,44,none,rent,1,skilled employee / official,1,none,no,2,single
... < 0 DM,26,existing credits paid back duly till now,radio/television,829,... < 100 DM,1 <= ... < 4 years,1,female,none,2,building society savings agreement / life insurance,28,none,rent,1,skilled employee / official,1,"yes, registered under customer's name",yes,1,single
0 <= ... < 200 DM,26,delay in paying off in the past,car (used),5786,unknown / no savings account,... >= 7 years,4,male,none,4,"car or other, not in savings account",75,none,for free,2,management / self-employed / highly qualified employee / officer,1,"yes, registered under customer's name",yes,1,single
... < 0 DM,28,existing credits paid back duly till now,car (new),1979,... < 100 DM,4 <= ... < 7 years,4,male,none,4,building society savings agreement / life insurance,26,none,rent,1,unskilled - resident,1,none,yes,2,single
... < 0 DM,14,critical account / other credits existing (not at this bank),car (new),4196,unknown / no savings account,1 <= ... < 4 years,4,male,none,4,unknown / no property,75,none,rent,1,skilled employee / official,1,none,yes,2,single
0 <= ... < 200 DM,27,delay in paying off in the past,car (new),6329,... < 100 DM,... >= 7 years,2,male,none,3,building society savings agreement / life insurance,21,none,own,3,skilled employee / official,1,"yes, registered under customer's name",yes,2,single
no checking account,39,existing credits paid back duly till now,education,1149,500 <= ... < 1000 DM,1 <= ... < 4 years,3,male,none,4,unknown / no property,26,none,own,3,skilled employee / official,2,"yes, registered under customer's name",yes,1,single
no checking account,24,critical account / other credits existing (not at this bank),business,1121,... >= 1000 DM,... >= 7 years,4,male,guarantor,4,"car or other, not in savings account",35,none,own,1,management / self-employed / highly qualified employee / officer,1,none,yes,1,single
... >= 200 DM / salary assignments for at least 1 year,28,critical account / other credits existing (not at this bank),business,1292,500 <= ... < 1000 DM,... >= 7 years,4,male,none,4,"car or other, not in savings account",75,none,for free,1,management / self-employed / highly qualified employee / officer,1,"yes, registered under customer's name",yes,1,single
0 <= ... < 200 DM,31,existing credits paid back duly till now,others,2038,... >= 1000 DM,... < 1 year,2,male,none,4,real estate,45,none,own,1,unemployed / unskilled - non-resident,1,none,yes,2,divorced/separated
0 <= ... < 200 DM,11,existing credits paid back duly till now,radio/television,3525,500 <= ... < 1000 DM,1 <= ... < 4 years,2,female,none,4,building society savings agreement / life insurance,33,none,rent,1,skilled employee / official,1,none,yes,2,divorced/separated
... < 0 DM,5,existing credits paid back duly till now,furniture/equipment,250,... < 100 DM,1 <= ... < 4 years,4,female,co-applicant,4,building society savings agreement / life insurance,75,none,rent,1,skilled employee / official,1,"yes, registered under customer's name",yes,2,divorced/separated
0 <= ... < 200 DM,24,existing credits paid back duly till now,car (new),2159,... < 100 DM,... < 1 year,2,male,none,2,building society savings agreement / life insurance,19,none,own,1,skilled employee / official,1,none,yes,2,divorced/separated
0 <= ... < 200 DM,29,existing credits paid back duly till now,furniture/equipment,6064,... < 100 DM,4 <= ... < 7 years,2,male,none,2,building society savings agreement / life insurance,41,none,own,1,skilled employee / official,1,"yes, registered under customer's name",yes,1,single
0 <= ... < 200 DM,26,existing credits paid back duly till now,repairs,3307,... < 100 DM,1 <= ... < 4 years,2,male,none,4,"car or other, not in savings account",37,none,own,2,skilled employee / official,1,"yes, registered under customer's name",yes,1,single
0 <= ... < 200 DM,51,existing credits paid back duly till now,business,1193,100 <= ... < 500 DM,... < 1 year,4,male,co-applicant,4,real estate,23,none,own,1,unskilled - resident,1,none,yes,1,divorced/separated
no checking account,41,existing credits paid back duly till now,radio/television,10758,unknown / no savings account,... >= 7 years,4,male,none,3,unknown / no property,29,none,rent,1,skilled employee / official,1,none,yes,2,single
... < 0 DM,18,existing credits paid back duly till now,radio/television,310,100 <= ... < 500 DM,... < 1 year,1,female,none,1,real estate,19,none,rent,1,unskilled - resident,1,none,yes,2,divorced/separated
... >= 200 DM / salary assignments for at least 1 year,27,existing credits paid back duly till now,car (used),6325,... < 100 DM,1 <= ... < 4 years,4,male,none,2,"car or other, not in savings account",33,none,own,1,unskilled - resident,1,none,yes,1,single
... < 0 DM,45,existing credits paid back duly till now,furniture/equipment,910,... >= 1000 DM,1 <= ... < 4 years,4,male,none,4,real estate,45,none,own,1,skilled employee / official,1,none,yes,1,single
... < 0 DM,4,delay in paying off in the past,furniture/equipment,3530,100 <= ... < 500 DM,1 <= ... < 4 years,4,male,none,2,unknown / no property,32,none,own,2,unskilled - resident,1,none,yes,2,divorced/separated
0 <= ... < 200 DM,28,existing credits paid back duly till now,repairs,9968,unknown / no savings account,... < 1 year,2,male,none,4,"car or other, not in savings account",20,none,own,2,management / self-employed / highly qualified employee / officer,1,"yes, registered under customer's name",yes,2,single
no checking account,63,all credits at this bank paid back duly,car (new),3846,unknown / no savings account,4 <= ... < 7 years,2,female,none,2,"car or other, not in savings account",31,none,own,1,unskilled - resident,1,none,yes,1,single
0 <= ... < 200 DM,24,critical account / other credits existing (not at this bank),furniture/equipment,2413,... < 100 DM,1 <= ... < 4 years,4,female,none,1,building society savings agreement / life insurance,21,none,own,1,skilled employee / official,1,none,yes,1,divorced/separated
0 <= ... < 200 DM,23,critical account / other credits existing (not at this bank),car (new),1598,... < 100 DM,1 <= ... < 4 years,4,male,none,4,unknown / no property,51,none,own,2,management / self-employed / highly qualified employee / officer,1,none,yes,1,single
no checking account,22,all credits at this bank paid back duly,radio/television,13137,100 <= ... < 500 DM,1 <= ... < 4 years,3,male,none,4,"car or other, not in savings account",26,none,for free,1,unskilled - resident,2,"yes, registered under customer's name",yes,1,single
no checking account,22,existing credits paid back duly till now,others,250,... < 100 DM,1 <= ... < 4 years,2,male,none,1,"car or other, not in savings account",62,none,rent,1,unskilled - resident,1,none,yes,1,single
0 <= ... < 200 DM,19,delay in paying off in the past,car (used),9777,unknown / no savings account,4 <= ... < 7 years,1,male,none,1,"car or other, not in savings account",75,bank,own,3,management / self-employed / highly qualified employee / officer,1,"yes, registered under customer's name",yes,1,single
no checking account,25,existing credits paid back duly till now,furniture/equipment,6966,100 <= ... < 500 DM,4 <= ... < 7 years,3,male,none,4,unknown / no property,42,none,for free,2,management / self-employed / highly qualified employee / officer,2,"yes, registered under customer's name",yes,1,single
... < 0 DM,23,delay in paying off in the past,car (used),10755,500 <= ... < 1000 DM,1 <= ... < 4 years,4,male,none,4,"car or other, not in savings account",21,stores,for free,3,management / self-employed / highly qualified employee / officer,1,"yes, registered under customer's name",yes,2,single
0 <= ... < 200 DM,41,existing credits paid back duly till now,radio/television,3901,... < 100 DM,... >= 7 years,4,male,none,4,unknown / no property,38,none,rent,1,skilled employee / official,1,none,yes,2,single
... < 0 DM,43,delay in paying off in the past,car (new),5939,100 <= ... < 500 DM,unemployed,3,male,guarantor,4,unknown / no property,37,bank,own,1,unemployed / unskilled - non-resident,1,"yes, registered under customer's name",no,1,single
0 <= ... < 200 DM,20,critical account / other credits existing (not at this bank),radio/television,250,... < 100 DM,unemployed,3,male,none,4,real estate,34,none,own,1,unskilled - resident,1,none,yes,1,married/widowed
0 <= ... < 200 DM,26,existing credits paid back duly till now,furniture/equipment,3642,... < 100 DM,1 <= ... < 4 years,4,female,none,2,real estate,37,none,rent,1,skilled employee / official,1,none,yes,2,divorced/separated
0 <= ... < 200 DM,24,all credits at this bank paid back duly,car (used),12135,... < 100 DM,... >= 7 years,4,male,none,4,"car or other, not in savings account",40,none,rent,3,management / self-employed / highly qualified employee / officer,1,none,no,1,single
... < 0 DM,52,delay in paying off in the past,car (used),2091,unknown / no savings account,... >= 7 years,2,male,none,4,"car or other, not in savings account",46,none,own,1,management / self-employed / highly qualified employee / officer,2,"yes, registered under customer's name",yes,2,single
... < 0 DM,24,all credits at this bank paid back duly,car (new),12123,... < 100 DM,1 <= ... < 4 years,4,male,co-applicant,4,"car or other, not in savings account",33,none,own,1,unskilled - resident,2,"yes, registered under customer's name",yes,1,single
0 <= ... < 200 DM,22,existing credits paid back duly till now,radio/television,3552,... < 100 DM,... < 1 year,4,male,none,4,building society savings agreement / life insurance,49,none,own,1,unskilled - resident,1,none,yes,1,married/widowed
no checking account,27,critical account / other credits existing (not at this bank),business,1871,... < 100 DM,4 <= ... < 7 years,4,male,none,4,"car or other, not in savings account",26,none,own,1,unskilled - resident,1,"yes, registered under customer's name",yes,1,single
0 <= ... < 200 DM,26,existing credits paid back duly till now,furniture/equipment,634,... < 100 DM,... >= 7 years,4,female,none,4,real estate,31,none,rent,2,skilled employee / official,1,none,yes,1,single
no checking account,12,critical account / other credits existing (not at this bank),radio/television,3223,... < 100 DM,4 <= ... < 7 years,2,male,none,4,unknown / no property,40,none,rent,2,unskilled - resident,1,"yes, registered under customer's name",yes,2,single
... < 0 DM,13,existing credits paid back duly till now,car (new),250,100 <= ... < 500 DM,1 <= ... < 4 years,4,male,none,3,"car or other, not in savings account",28,none,rent,1,unskilled - resident,1,none,yes,1,divorced/separated
no checking account,45,critical account / other credits existing (not at this bank),car (used),4828,unknown / no savings account,... >= 7 years,3,male,none,4,unknown / no property,61,stores,own,1,management / self-employed / highly qualified employee / officer,2,"yes, registered under customer's name",yes,1,single
no checking account,28,delay in paying off in the past,business,250,... < 100 DM,unemployed,4,male,none,3,unknown / no property,41,none,rent,3,management / self-employed / highly qualified employee / officer,2,"yes, registered under customer's name",yes,1,single
... < 0 DM,21,existing credits paid back duly till now,radio/television,2734,... < 100 DM,unemployed,4,male,none,4,real estate,22,none,for free,1,unskilled - resident,2,none,yes,2,single
... < 0 DM,28,existing credits paid back duly till now,repairs,12816,... < 100 DM,... >= 7 years,3,male,none,3,building society savings agreement / life insurance,34,none,for free,1,skilled employee / official,1,"yes, registered under customer's name",yes,2,divorced/separated
no checking account,4,critical account / other credits existing (not at this bank),car (used),6999,unknown / no savings account,1 <= ... < 4 years,2,male,none,4,unknown / no property,60,none,own,1,unskilled - resident,2,none,yes,1,single
... < 0 DM,36,existing credits paid back duly till now,furniture/equipment,2340,... < 100 DM,4 <= ... < 7 years,4,male,none,4,building society savings agreement / life insurance,26,stores,rent,2,unskilled - resident,1,"yes, registered under customer's name",yes,1,single
0 <= ... < 200 DM,25,all credits at this bank paid back duly,car (new),5785,unknown / no savings account,4 <= ... < 7 years,4,male,none,2,real estate,48,none,rent,1,skilled employee / official,1,none,yes,1,divorced/separated
no checking account,21,delay in paying off in the past,car (new),250,... < 100 DM,4 <= ... < 7 years,4,male,none,4,real estate,57,none,own,3,management / self-employed / highly qualified employee / officer,1,none,yes,2,single
0 <= ... < 200 DM,38,delay in paying off in the past,others,12890,unknown / no savings account,1 <= ... < 4 years,4,male,none,4,real estate,19,stores,rent,1,management / self-employed / highly qualified employee / officer,1,"yes, registered under customer's name",yes,2,single
no checking account,28,existing credits paid back duly till now,radio/television,1337,... < 100 DM,... < 1 year,2,female,none,4,real estate,21,none,rent,1,skilled employee / official,1,none,no,2,married/widowed
no checking account,21,critical account / other credits existing (not at this bank),car (used),5563,500 <= ... < 1000 DM,... >= 7 years,2,male,guarantor,4,unknown / no property,49,none,for free,2,skilled employee / official,1,"yes, registered under customer's name",yes,1,single
0 <= ... < 200 DM,24,no credits taken / all credits paid back duly,furniture/equipment,2461,... < 100 DM,... >= 7 years,1,male,none,4,unknown / no property,19,none,for free,1,unskilled - resident,1,"yes, registered under customer's name",yes,2,single
... < 0 DM,10,existing credits paid back duly till now,furniture/equipment,2511,... < 100 DM,4 <= ... < 7 years,4,female,none,4,building society savings agreement / life insurance,19,none,own,1,skilled employee / official,1,none,yes,2,single
0 <= ... < 200 DM,6,critical account / other credits existing (not at this bank),radio/television,1177,unknown / no savings account,1 <= ... < 4 years,3,male,none,4,unknown / no property,19,none,own,1,skilled employee / official,1,"yes, registered under customer's name",yes,2,single
... < 0 DM,20,critical account / other credits existing (not at this bank),car (used),8990,100 <= ... < 500 DM,unemployed,4,male,none,4,unknown / no property,68,none,own,1,management / self-employed / highly qualified employee / officer,1,"yes, registered under customer's name",yes,1,married/widowed
no checking account,47,delay in paying off in the past,car (new),8213,100 <= ... < 500 DM,1 <= ... < 4 years,4,male,none,2,"car or other, not in savings account",23,none,for free,2,management / self-employed / highly qualified employee / officer,1,"yes, registered under customer's name",yes,2,single
no checking account,37,existing credits paid back duly till now,car (used),5081,500 <= ... < 1000 DM,unemployed,3,male,none,4,"car or other, not in savings account",53,none,for free,1,management / self-employed / highly qualified employee / officer,1,none,yes,1,single
no checking account,65,critical account / other credits existing (not at this bank),car (new),3310,... >= 1000 DM,... >= 7 years,4,male,none,4,unknown / no property,61,none,own,2,management / self-employed / highly qualified employee / officer,2,"yes, registered under customer's name",yes,1,single
0 <= ... < 200 DM,28,existing credits paid back duly till now,car (new),3094,500 <= ... < 1000 DM,... >= 7 years,1,male,none,4,real estate,24,none,rent,2,skilled employee / official,1,"yes, registered under customer's name",yes,1,divorced/separated
... < 0 DM,41,existing credits paid back duly till now,radio/television,1341,... < 100 DM,1 <= ... < 4 years,4,female,none,2,real estate,37,none,rent,1,skilled employee / official,1,none,yes,1,divorced/separated
no checking account,37,existing credits paid back duly till now,furniture/equipment,2536,... < 100 DM,4 <= ... < 7 years,3,male,none,3,"car or other, not in savings account",47,none,own,1,skilled employee / official,2,"yes, registered under customer's name",yes,1,single
no checking account,22,existing credits paid back duly till now,repairs,4458,... < 100 DM,1 <= ... < 4 years,4,male,none,4,unknown / no property,45,none,own,1,unskilled - resident,1,none,yes,1,single
0 <= ... < 200 DM,27,existing credits paid back duly till now,radio/television,6530,unknown / no savings account,... >= 7 years,2,male,none,4,"car or other, not in savings account",33,none,own,1,skilled employee / official,1,none,yes,1,married/widowed
0 <= ... < 200 DM,26,critical account / other credits existing (not at this bank),radio/television,2675,... < 100 DM,1 <= ... < 4 years,4,male,none,4,building society savings agreement / life insurance,45,none,own,1,skilled employee / official,1,none,no,1,married/widowed
0 <= ... < 200 DM,22,existing credits paid back duly till now,car (new),6316,... < 100 DM,4 <= ... < 7 years,2,male,none,3,unknown / no property,31,none,rent,1,unskilled - resident,1,"yes, registered under customer's name",yes,1,single
... < 0 DM,28,existing credits paid back duly till now,car (new),2064,100 <= ... < 500 DM,... < 1 year,1,female,none,1,real estate,32,none,own,1,unemployed / unskilled - non-resident,1,none,yes,2,divorced/separated
no checking account,45,critical account / other credits existing (not at this bank),car (new),3979,100 <= ... < 500 DM,... >= 7 years,4,male,none,4,"car or other, not in savings account",26,none,for free,2,management / self-employed / highly qualified employee / officer,2,"yes, registered under customer's name",yes,1,single
0 <= ... < 200 DM,11,existing credits paid back duly till now,furniture/equipment,1592,100 <= ... < 500 DM,1 <= ... < 4 years,4,female,none,4,"car or other, not in savings account",31,none,rent,1,unskilled - resident,1,none,yes,2,divorced/separated
... < 0 DM,8,critical account / other credits existing (not at this bank),car (new),8846,... < 100 DM,1 <= ... < 4 years,3,male,none,2,"car or other, not in savings account",75,none,own,2,skilled employee / official,1,"yes, registered under customer's name",yes,1,single
no checking account,27,critical account / other credits existing (not at this bank),car (used),10420,unknown / no savings account,1 <= ... < 4 years,4,male,none,4,unknown / no property,49,none,for free,2,skilled employee / official,1,"yes, registered under customer's name",yes,1,single
no checking account,21,existing credits paid back duly till now,radio/television,6080,... < 100 DM,... >= 7 years,2,male,none,4,"car or other, not in savings account",41,stores,for free,1,unemployed / unskilled - non-resident,1,"yes, registered under customer's name",yes,1,single
... >= 200 DM / salary assignments for at least 1 year,42,existing credits paid back duly till now,car (used),15763,... < 100 DM,... >= 7 years,2,male,none,3,"car or other, not in savings account",29,bank,rent,1,unskilled - resident,2,"yes, registered under customer's name",yes,1,single
no checking account,5,critical account / other credits existing (not at this bank),radio/television,811,... >= 1000 DM,1 <= ... < 4 years,4,male,none,2,building society savings agreement / life insurance,44,none,own,2,skilled employee / official,1,none,yes,1,divorced/separated
0 <= ... < 200 DM,28,existing credits paid back duly till now,car (new),2738,... < 100 DM,... < 1 year,3,male,none,4,"car or other, not in savings account",24,none,own,1,skilled employee / official,1,none,yes,2,single
... >= 200 DM / salary assignments for at least 1 year,29,existing credits paid back duly till now,car (new),1564,unknown / no savings account,4 <= ... < 7 years,3,female,none,3,real estate,28,none,own,1,unskilled - resident,1,none,yes,1,divorced/separated
... < 0 DM,14,existing credits paid back duly till now,car (new),11308,... < 100 DM,1 <= ... < 4 years,2,male,none,2,unknown / no property,37,none,rent,1,skilled employee / official,1,none,yes,1,single
0 <= ... < 200 DM,4,existing credits paid back duly till now,car (used),10154,unknown / no savings account,unemployed,4,male,none,4,unknown / no property,75,bank,own,1,management / self-employed / highly qualified employee / officer,2,"yes, registered under customer's name",yes,2,single
no checking account,35,existing credits paid back duly till now,domestic appliances,13559,... < 100 DM,4 <= ... < 7 years,2,male,none,4,real estate,71,none,own,1,management / self-employed / highly qualified employee / officer,1,none,yes,1,single
0 <= ... < 200 DM,12,existing credits paid back duly till now,furniture/equipment,250,100 <= ... < 500 DM,... < 1 year,4,male,none,4,real estate,36,none,rent,1,management / self-employed / highly qualified employee / officer,1,none,yes,1,single
0 <= ... < 200 DM,4,existing credits paid back duly till now,car (new),1493,... < 100 DM,1 <= ... < 4 years,4,female,none,2,real estate,33,none,own,1,unskilled - resident,1,"yes, registered under customer's name",yes,2,divorced/separated
no checking account,21,existing credits paid back duly till now,car (new),4791,... < 100 DM,4 <= ... < 7 years,4,male,none,4,"car or other, not in savings account",37,none,for free,1,management / self-employed / highly qualified employee / officer,1,"yes, registered under customer's name",yes,1,single
... >= 200 DM / salary assignments for at least 1 year,26,existing credits paid back duly till now,car (new),1302,unknown / no savings account,unemployed,4,female,none,2,"car or other, not in savings account",31,none,own,1,unemployed / unskilled - non-resident,1,none,yes,1,divorced/separated
no checking account,4,existing credits paid back duly till now,furniture/equipment,464,... < 100 DM,1 <= ... < 4 years,3,female,none,2,real estate,65,none,own,1,unskilled - resident,1,none,yes,1,divorced/separated
no checking account,4,no credits taken / all credits paid back duly,furniture/equipment,712,... < 100 DM,unemployed,2,male,none,1,"car or other, not in savings account",75,none,own,1,skilled employee / official,1,"yes, registered under customer's name",yes,1,divorced/separated
0 <= ... < 200 DM,46,all credits at this bank paid back duly,car (new),4844,... >= 1000 DM,4 <= ... < 7 years,4,male,none,3,"car or other, not in savings account",20,none,rent,3,unemployed / unskilled - non-resident,1,none,yes,2,single
no checking account,72,existing credits paid back duly till now,furniture/equipment,3408,unknown / no savings account,1 <= ... < 4 years,3,male,none,4,building society savings agreement / life insurance,75,none,own,2,skilled employee / official,1,none,yes,2,divorced/separated
0 <= ... < 200 DM,20,existing credits paid back duly till now,business,2690,... < 100 DM,... >= 7 years,2,male,none,4,real estate,38,none,rent,1,skilled employee / official,1,none,yes,1,single
0 <= ... < 200 DM,21,critical account / other credits existing (not at this bank),car (new),1964,... < 100 DM,4 <= ... < 7 years,4,male,none,3,"car or other, not in savings account",29,none,own,1,unskilled - resident,1,"yes, registered under customer's name",yes,1,single
0 <= ... < 200 DM,44,delay in paying off in the past,car (used),12607,unknown / no savings account,... >= 7 years,4,male,none,4,unknown / no property,75,stores,for free,2,management / self-employed / highly qualified employee / officer,1,"yes, registered under customer's name",yes,2,single
no checking account,25,critical account / other credits existing (not at this bank),furniture/equipment,2943,... >= 1000 DM,... >= 7 years,1,male,none,4,building society savings agreement / life insurance,64,none,own,1,skilled employee / official,1,"yes, registered under customer's name",yes,2,single
0 <= ... < 200 DM,8,critical account / other credits existing (not at this bank),business,11660,... >= 1000 DM,1 <= ... < 4 years,2,male,none,4,building society savings agreement / life insurance,33,none,own,1,skilled employee / official,1,"yes, registered under customer's name",yes,2,single
0 <= ... < 200 DM,10,existing credits paid back duly till now,car (new),2810,100 <= ... < 500 DM,1 <= ... < 4 years,1,male,none,4,real estate,33,none,rent,1,unskilled - resident,1,none,yes,2,divorced/separated
0 <= ... < 200 DM,68,existing credits paid back duly till now,business,3957,... < 100 DM,1 <= ... < 4 years,4,male,none,4,unknown / no property,19,bank,own,1,skilled employee / official,1,"yes, registered under customer's name",yes,2,single
0 <= ... < 200 DM,37,existing credits paid back duly till now,car (used),13132,... < 100 DM,... >= 7 years,4,male,none,4,"car or other, not in savings account",49,none,own,2,skilled employee / official,1,"yes, registered under customer's name",yes,2,single
0 <= ... < 200 DM,12,existing credits paid back duly till now,radio/television,428,... < 100 DM,1 <= ... < 4 years,4,female,none,4,building society savings agreement / life insurance,19,none,own,1,unskilled - resident,1,none,yes,2,divorced/separated
... < 0 DM,39,existing credits paid back duly till now,radio/television,2861,... < 100 DM,1 <= ... < 4 years,1,female,none,3,unknown / no property,35,none,rent,1,unskilled - resident,1,none,yes,1,divorced/separated
0 <= ... < 200 DM,29,existing credits paid back duly till now,radio/television,1788,... >= 1000 DM,1 <= ... < 4 years,2,female,none,3,real estate,21,none,own,1,unskilled - resident,1,none,yes,1,divorced/separated
0 <= ... < 200 DM,29,existing credits paid back duly till now,furniture/equipment,2498,... < 100 DM,1 <= ... < 4 years,4,female,none,2,building society savings agreement / life insurance,19,none,own,1,skilled employee / official,1,none,yes,2,divorced/separated
no checking account,22,existing credits paid back duly till now,radio/television,3074,100 <= ... < 500 DM,1 <= ... < 4 years,4,female,none,1,real estate,38,none,rent,1,unskilled - resident,1,none,yes,1,divorced/separated
no checking account,55,delay in paying off in the past,car (used),1738,... < 100 DM,... >= 7 years,4,male,co-applicant,4,unknown / no property,64,none,own,1,skilled employee / official,1,"yes, registered under customer's name",no,1,single
no checking account,22,existing credits paid back duly till now,radio/television,5472,... < 100 DM,... < 1 year,2,male,none,1,real estate,22,none,rent,1,skilled employee / official,1,"yes, registered under customer's name",yes,1,married/widowed
... < 0 DM,32,delay in paying off in the past,radio/television,2270,... < 100 DM,4 <= ... < 7 years,4,male,none,2,"car or other, not in savings account",33,none,rent,2,unskilled - resident,1,none,yes,2,single
no checking account,5,all credits at this bank paid back duly,car (new),5971,unknown / no savings account,unemployed,2,female,none,4,building society savings agreement / life insurance,35,stores,rent,1,unskilled - resident,1,none,yes,1,single
... < 0 DM,4,critical account / other credits existing (not at this bank),furniture/equipment,10427,100 <= ... < 500 DM,1 <= ... < 4 years,4,male,none,4,unknown / no property,26,none,for free,1,unskilled - resident,1,none,yes,1,single
0 <= ... < 200 DM,4,existing credits paid back duly till now,car (new),1632,... < 100 DM,1 <= ... < 4 years,4,male,none,4,"car or other, not in savings account",36,none,rent,2,unskilled - resident,1,none,yes,2,single
0 <= ... < 200 DM,57,existing credits paid back duly till now,furniture/equipment,1797,unknown / no savings account,4 <= ... < 7 years,1,male,none,4,"car or other, not in savings account",48,none,own,1,skilled employee / official,1,"yes, registered under customer's name",yes,1,single
0 <= ... < 200 DM,48,existing credits paid back duly till now,radio/television,2829,... < 100 DM,... >= 7 years,3,male,none,4,"car or other, not in savings account",33,none,own,1,skilled employee / official,1,"yes, registered under customer's name",yes,2,single
... < 0 DM,7,critical account / other credits existing (not at this bank),car (used),3031,... < 100 DM,... < 1 year,4,male,none,3,real estate,30,none,for free,1,unskilled - resident,2,none,yes,2,single
no checking account,72,existing credits paid back duly till now,radio/television,3270,500 <= ... < 1000 DM,... < 1 year,3,male,guarantor,4,unknown / no property,25,none,own,1,management / self-employed / highly qualified employee / officer,1,"yes, registered under customer's name",yes,1,single
... < 0 DM,19,delay in paying off in the past,radio/television,2220,... < 100 DM,... >= 7 years,2,male,guarantor,2,"car or other, not in savings account",34,bank,own,2,skilled employee / official,1,none,yes,1,single
no checking account,23,critical account / other credits existing (not at this bank),repairs,2835,100 <= ... < 500 DM,1 <= ... < 4 years,3,male,none,2,"car or other, not in savings account",26,none,rent,1,skilled employee / official,1,none,yes,1,single
no checking account,4,existing credits paid back duly till now,education,2894,... < 100 DM,... < 1 year,2,male,none,2,building society savings agreement / life insurance,38,bank,rent,2,unskilled - resident,1,none,yes,2,divorced/separated
0 <= ... < 200 DM,18,existing credits paid back duly till now,furniture/equipment,15945,100 <= ... < 500 DM,1 <= ... < 4 years,2,male,none,3,building society savings agreement / life insurance,40,none,rent,1,unskilled - resident,1,none,yes,1,divorced/separated
... < 0 DM,4,critical account / other credits existing (not at this bank),radio/television,15945,... < 100 DM,4 <= ... < 7 years,4,male,none,4,unknown / no property,27,none,for free,2,management / self-employed / highly qualified employee / officer,2,none,yes,1,single
0 <= ... < 200 DM,22,critical account / other credits existing (not at this bank),furniture/equipment,2563,100 <= ... < 500 DM,unemployed,4,male,none,1,building society savings agreement / life insurance,41,none,for free,1,unskilled - resident,1,none,yes,2,married/widowed
0 <= ... < 200 DM,10,critical account / other credits existing (not at this bank),radio/television,3637,500 <= ... < 1000 DM,... >= 7 years,4,male,none,4,unknown / no property,41,none,own,1,management / self-employed / highly qualified employee / officer,1,"yes, registered under customer's name",yes,1,single
0 <= ... < 200 DM,18,existing credits paid back duly till now,car (new),5155,... < 100 DM,1 <= ... < 4 years,3,female,none,1,building society savings agreement / life insurance,21,none,rent,1,unskilled - resident,1,none,yes,2,divorced/separated
0 <= ... < 200 DM,23,existing credits paid back duly till now,furniture/equipment,1561,... < 100 DM,1 <= ... < 4 years,4,female,none,4,building society savings agreement / life insurance,75,none,rent,2,unskilled - resident,1,none,yes,1,divorced/separated
0 <= ... < 200 DM,56,existing credits paid back duly till now,business,2871,... < 100 DM,1 <= ... < 4 years,4,female,none,2,"car or other, not in savings account",64,none,own,1,unskilled - resident,1,"yes, registered under customer's name",yes,1,married/widowed
no checking account,27,existing credits paid back duly till now,furniture/equipment,7659,unknown / no savings account,1 <= ... < 4 years,4,female,none,4,building society savings agreement / life insurance,38,none,rent,1,unskilled - resident,1,none,yes,2,divorced/separated
0 <= ... < 200 DM,72,existing credits paid back duly till now,car (new),2182,... < 100 DM,1 <= ... < 4 years,4,male,none,3,building society savings agreement / life insurance,20,none,own,1,skilled employee / official,1,none,yes,2,divorced/separated
0 <= ... < 200 DM,25,existing credits paid back duly till now,furniture/equipment,1980,unknown / no savings account,1 <= ... < 4 years,3,male,co-applicant,4,unknown / no property,44,bank,rent,1,unskilled - resident,1,"yes, registered under customer's name",yes,1,single
0 <= ... < 200 DM,37,critical account / other credits existing (not at this bank),car (new),1141,... < 100 DM,1 <= ... < 4 years,2,male,none,4,"car or other, not in savings account",27,stores,own,2,unskilled - resident,1,none,yes,1,married/widowed
no checking account,4,existing credits paid back duly till now,business,2523,... < 100 DM,1 <= ... < 4 years,4,male,none,4,"car or other, not in savings account",19,none,own,1,unskilled - resident,1,none,yes,1,married/widowed
no checking account,4,critical account / other credits existing (not at this bank),car (used),2419,unknown / no savings account,4 <= ... < 7 years,4,male,none,4,"car or other, not in savings account",45,none,own,2,unskilled - resident,1,"yes, registered under customer's name",yes,1,single
no checking account,45,critical account / other credits existing (not at this bank),business,755,unknown / no savings account,4 <= ... < 7 years,3,male,none,2,"car or other, not in savings account",34,none,own,1,management / self-employed / highly qualified employee / officer,1,"yes, registered under customer's name",yes,1,single
0 <= ... < 200 DM,23,existing credits paid back duly till now,radio/television,1185,... < 100 DM,1 <= ... < 4 years,4,female,none,3,real estate,25,none,rent,1,unskilled - resident,1,none,yes,2,married/widowed
0 <= ... < 200 DM,25,all credits at this bank paid back duly,business,250,unknown / no savings account,1 <= ... < 4 years,2,female,none,2,"car or other, not in savings account",30,none,own,1,unemployed / unskilled - non-resident,1,"yes, registered under customer's name",yes,2,divorced/separated
no checking account,4,existing credits paid back duly till now,business,1029,unknown / no savings account,1 <= ... < 4 years,2,male,none,4,unknown / no property,55,none,rent,2,unemployed / unskilled - non-resident,2,"yes, registered under customer's name",yes,1,single
0 <= ... < 200 DM,49,existing credits paid back duly till now,furniture/equipment,700,... < 100 DM,... < 1 year,1,male,none,1,"car or other, not in savings account",36,none,own,1,unskilled - resident,1,none,yes,2,divorced/separated
0 <= ... < 200 DM,28,critical account / other credits existing (not at this bank),education,1297,... >= 1000 DM,... >= 7 years,4,male,none,2,unknown / no property,34,none,rent,1,management / self-employed / highly qualified employee / officer,1,"yes, registered under customer's name",yes,2,single
... < 0 DM,28,delay in paying off in the past,radio/television,5724,... < 100 DM,... < 1 year,4,female,none,3,real estate,35,none,rent,1,unskilled - resident,1,"yes, registered under customer's name",yes,2,divorced/separated
0 <= ... < 200 DM,21,existing credits paid back duly till now,radio/television,3125,... < 100 DM,4 <= ... < 7 years,4,male,none,4,building society savings agreement / life insurance,39,none,for free,1,management / self-employed / highly qualified employee / officer,1,"yes, registered under customer's name",yes,2,single
no checking account,4,all credits at this bank paid back duly,car (used),1342,... < 100 DM,1 <= ... < 4 years,4,male,none,2,real estate,29,none,own,1,skilled employee / official,1,none,yes,1,single
0 <= ... < 200 DM,72,delay in paying off in the past,car (new),10240,... < 100 DM,... >= 7 years,4,male,none,4,"car or other, not in savings account",39,none,own,1,management / self-employed / highly qualified employee / officer,1,"yes, registered under customer's name",yes,1,single
0 <= ... < 200 DM,6,existing credits paid back duly till now,repairs,979,... < 100 DM,1 <= ... < 4 years,2,female,guarantor,4,real estate,25,none,own,3,unskilled - resident,1,none,no,1,single
0 <= ... < 200 DM,26,existing credits paid back duly till now,radio/television,2362,100 <= ... < 500 DM,... < 1 year,4,male,none,4,unknown / no property,25,none,rent,1,skilled employee / official,1,none,yes,2,married/widowed
0 <= ... < 200 DM,5,existing credits paid back duly till now,car (new),433,... < 100 DM,... < 1 year,3,female,none,1,building society savings agreement / life insurance,32,none,rent,1,skilled employee / official,1,none,yes,2,divorced/separated
no checking account,21,delay in paying off in the past,radio/television,4373,... < 100 DM,1 <= ... < 4 years,4,male,guarantor,2,building society savings agreement / life insurance,28,none,rent,1,unemployed / unskilled - non-resident,1,"yes, registered under customer's name",yes,1,single
no checking account,17,existing credits paid back duly till now,car (new),2009,... < 100 DM,... < 1 year,1,female,none,4,"car or other, not in savings account",34,none,own,1,management / self-employed / highly qualified employee / officer,1,none,yes,1,married/widowed
no checking account,10,existing credits paid back duly till now,radio/television,5972,100 <= ... < 500 DM,4 <= ... < 7 years,4,male,none,2,real estate,33,none,own,2,skilled employee / official,1,none,yes,1,single
no checking account,11,critical account / other credits existing (not at this bank),radio/television,269,100 <= ... < 500 DM,... >= 7 years,2,male,none,2,real estate,59,none,own,1,unskilled - resident,2,"yes, registered under customer's name",yes,1,single
0 <= ... < 200 DM,21,existing credits paid back duly till now,furniture/equipment,250,... < 100 DM,1 <= ... < 4 years,4,female,none,1,"car or other, not in savings account",36,none,rent,1,skilled employee / official,1,none,yes,2,divorced/separated
0 <= ... < 200 DM,52,delay in paying off in the past,car (new),8164,... >= 1000 DM,4 <= ... < 7 years,3,female,guarantor,2,building society savings agreement / life insurance,42,none,rent,1,skilled employee / official,1,"yes, registered under customer's name",yes,2,married/widowed
no checking account,26,critical account / other credits existing (not at this bank),business,250,100 <= ... < 500 DM,... >= 7 years,4,male,none,4,unknown / no property,30,none,own,2,unskilled - resident,1,"yes, registered under customer's name",yes,1,single
0 <= ... < 200 DM,18,existing credits paid back duly till now,furniture/equipment,847,... < 100 DM,... < 1 year,4,female,none,2,"car or other, not in savings account",21,none,own,1,skilled employee / official,1,none,yes,1,divorced/separated
... < 0 DM,4,existing credits paid back duly till now,radio/television,4403,... < 100 DM,1 <= ... < 4 years,2,female,none,2,real estate,25,none,own,1,unskilled - resident,1,none,yes,2,single
0 <= ... < 200 DM,13,existing credits paid back duly till now,radio/television,8907,100 <= ... < 500 DM,4 <= ... < 7 years,2,male,none,1,unknown / no property,75,bank,rent,2,skilled employee / official,1,"yes, registered under customer's name",yes,1,single
0 <= ... < 200 DM,13,existing credits paid back duly till now,radio/television,3847,100 <= ... < 500 DM,... >= 7 years,2,male,guarantor,3,"car or other, not in savings account",37,none,own,1,unskilled - resident,1,none,yes,1,single
0 <= ... < 200 DM,4,existing credits paid back duly till now,car (used),1384,100 <= ... < 500 DM,4 <= ... < 7 years,4,female,co-applicant,4,real estate,34,none,rent,1,skilled employee / official,1,none,yes,2,divorced/separated
no checking account,12,critical account / other credits existing (not at this bank),business,6826,... < 100 DM,... >= 7 years,1,male,none,3,real estate,34,none,for free,3,skilled employee / official,1,"yes, registered under customer's name",yes,1,single
... >= 200 DM / salary assignments for at least 1 year,21,existing credits paid back duly till now,business,2448,500 <= ... < 1000 DM,1 <= ... < 4 years,4,female,none,1,building society savings agreement / life insurance,33,none,own,4,unskilled - resident,1,"yes, registered under customer's name",yes,1,single
... < 0 DM,23,existing credits paid back duly till now,radio/television,4602,... < 100 DM,... < 1 year,4,male,none,3,real estate,27,none,own,1,unemployed / unskilled - non-resident,1,none,yes,1,divorced/separated
... >= 200 DM / salary assignments for at least 1 year,29,existing credits paid back duly till now,car (used),7842,unknown / no savings account,4 <= ... < 7 years,4,male,none,4,building society savings agreement / life insurance,39,none,for free,1,management / self-employed / highly qualified employee / officer,2,none,yes,2,married/widowed
no checking account,43,no credits taken / all credits paid back duly,car (new),9439,... < 100 DM,4 <= ... < 7 years,4,male,none,4,"car or other, not in savings account",19,none,rent,4,management / self-employed / highly qualified employee / officer,1,"yes, registered under customer's name",yes,1,single
... < 0 DM,27,existing credits paid back duly till now,car (used),830,500 <= ... < 1000 DM,4 <= ... < 7 years,4,male,none,4,"car or other, not in savings account",33,none,own,1,unemployed / unskilled - non-resident,1,"yes, registered under customer's name",yes,2,divorced/separated
... < 0 DM,10,existing credits paid back duly till now,car (new),3359,100 <= ... < 500 DM,... >= 7 years,4,male,none,4,"car or other, not in savings account",27,none,for free,1,skilled employee / official,1,none,yes,1,single
... < 0 DM,54,critical account / other credits existing (not at this bank),car (new),1962,... >= 1000 DM,... >= 7 years,4,male,co-applicant,4,building society savings agreement / life insurance,23,none,own,1,skilled employee / official,2,"yes, registered under customer's name",yes,2,single
0 <= ... < 200 DM,6,delay in paying off in the past,furniture/equipment,620,... < 100 DM,4 <= ... < 7 years,4,male,none,1,real estate,36,none,rent,1,unskilled - resident,1,none,yes,2,single
0 <= ... < 200 DM,7,existing credits paid back duly till now,business,1376,unknown / no savings account,unemployed,4,male,none,4,"car or other, not in savings account",30,none,own,1,unskilled - resident,1,none,yes,2,married/widowed
0 <= ... < 200 DM,4,existing credits paid back duly till now,car (new),250,unknown / no savings account,1 <= ... < 4 years,1,male,none,4,unknown / no property,24,none,rent,1,unskilled - resident,1,"yes, registered under customer's name",yes,1,single
0 <= ... < 200 DM,4,existing credits paid back duly till now,furniture/equipment,2262,100 <= ... < 500 DM,... >= 7 years,4,male,none,4,building society savings agreement / life insurance,47,none,rent,1,management / self-employed / highly qualified employee / officer,1,"yes, registered under customer's name",yes,2,single
0 <= ... < 200 DM,4,all credits at this bank paid back duly,business,2004,... < 100 DM,1 <= ... < 4 years,3,male,none,4,building society savings agreement / life insurance,51,none,for free,1,management / self-employed / highly qualified employee / officer,2,"yes, registered under customer's name",yes,1,single
... < 0 DM,22,critical account / other credits existing (not at this bank),furniture/equipment,5969,100 <= ... < 500 DM,unemployed,4,male,none,4,real estate,36,bank,rent,1,management / self-employed / highly qualified employee / officer,1,"yes, registered under customer's name",yes,1,single
0 <= ... < 200 DM,22,no credits taken / all credits paid back duly,car (new),1688,unknown / no savings account,... >= 7 years,3,male,none,4,"car or other, not in savings account",57,bank,for free,1,skilled employee / official,2,"yes, registered under customer's name",yes,1,single
0 <= ... < 200 DM,29,existing credits paid back duly till now,car (new),1434,... < 100 DM,... < 1 year,2,female,none,4,"car or other, not in savings account",19,none,own,1,skilled employee / official,1,none,yes,1,single
0 <= ... < 200 DM,23,existing credits paid back duly till now,furniture/equipment,1701,unknown / no savings account,4 <= ... < 7 years,2,male,none,3,"car or other, not in savings account",19,none,rent,2,skilled employee / official,1,none,yes,1,single
no checking account,43,no credits taken / all credits paid back duly,radio/television,3306,... < 100 DM,4 <= ... < 7 years,2,male,none,2,"car or other, not in savings account",32,none,own,2,unskilled - resident,2,none,yes,1,single
0 <= ... < 200 DM,4,existing credits paid back duly till now,car (used),4770,... < 100 DM,1 <= ... < 4 years,2,male,none,1,"car or other, not in savings account",43,none,own,1,skilled employee / official,1,"yes, registered under customer's name",yes,1,single
0 <= ... < 200 DM,4,delay in paying off in the past,car (new),10566,100 <= ... < 500 DM,... >= 7 years,2,female,none,3,"car or other, not in savings account",75,none,own,1,skilled employee / official,1,none,yes,2,married/widowed
... < 0 DM,7,existing credits paid back duly till now,furniture/equipment,1124,... < 100 DM,1 <= ... < 4 years,4,male,none,4,building society savings agreement / life insurance,43,none,rent,1,skilled employee / official,1,none,yes,2,single
... < 0 DM,14,existing credits paid back duly till now,car (new),1967,unknown / no savings account,1 <= ... < 4 years,4,male,none,1,real estate,38,none,own,1,skilled employee / official,1,"yes, registered under customer's name",yes,1,single
no checking account,27,critical account / other credits existing (not at this bank),furniture/equipment,1558,... < 100 DM,1 <= ... < 4 years,4,male,none,1,"car or other, not in savings account",55,none,own,3,unskilled - resident,1,none,yes,2,divorced/separated
0 <= ... < 200 DM,40,delay in paying off in the past,radio/television,250,100 <= ... < 500 DM,... >= 7 years,1,male,none,4,"car or other, not in savings account",27,none,own,1,unskilled - resident,1,none,yes,2,single
0 <= ... < 200 DM,4,existing credits paid back duly till now,furniture/equipment,4531,unknown / no savings account,4 <= ... < 7 years,1,male,none,4,unknown / no property,71,none,own,1,unemployed / unskilled - non-resident,1,"yes, registered under customer's name",yes,1,divorced/separated
0 <= ... < 200 DM,31,existing credits paid back duly till now,car (new),6276,100 <= ... < 500 DM,... < 1 year,4,male,none,2,"car or other, not in savings account",55,bank,for free,2,unemployed / unskilled - non-resident,1,"yes, registered under customer's name",yes,1,single
... < 0 DM,28,existing credits paid back duly till now,car (new),4593,... < 100 DM,4 <= ... < 7 years,4,female,none,3,real estate,24,none,rent,1,unskilled - resident,1,"yes, registered under customer's name",yes,2,divorced/separated
no checking account,16,existing credits paid back duly till now,car (used),5529,... < 100 DM,1 <= ... < 4 years,4,male,none,4,building society savings agreement / life insurance,75,none,for free,1,unskilled - resident,1,"yes, registered under customer's name",yes,1,single
0 <= ... < 200 DM,7,no credits taken / all credits paid back duly,radio/television,3322,... < 100 DM,1 <= ... < 4 years,3,male,none,4,unknown / no property,53,none,own,1,skilled employee / official,1,"yes, registered under customer's name",yes,1,single
... < 0 DM,57,existing credits paid back duly till now,repairs,6419,... >= 1000 DM,1 <= ... < 4 years,1,male,none,4,unknown / no property,35,none,own,1,skilled employee / official,1,"yes, registered under customer's name",yes,2,single
0 <= ... < 200 DM,27,existing credits paid back duly till now,business,2175,... < 100 DM,1 <= ... < 4 years,4,male,none,1,building society savings agreement / life insurance,30,none,own,1,skilled employee / official,1,none,yes,1,single
0 <= ... < 200 DM,6,existing credits paid back duly till now,furniture/equipment,631,unknown / no savings account,unemployed,4,female,none,2,building society savings agreement / life insurance,29,none,own,1,skilled employee / official,1,none,yes,2,married/widowed
0 <= ... < 200 DM,28,existing credits paid back duly till now,repairs,989,... < 100 DM,1 <= ... < 4 years,4,male,none,4,"car or other, not in savings account",19,none,rent,1,unskilled - resident,1,none,yes,2,divorced/separated
no checking account,72,existing credits paid back duly till now,car (used),990,500 <= ... < 1000 DM,1 <= ... < 4 years,2,male,none,4,"car or other, not in savings account",71,none,for free,1,skilled employee / official,1,"yes, registered under customer's name",yes,2,single
0 <= ... < 200 DM,22,critical account / other credits existing (not at this bank),business,250,unknown / no savings account,... >= 7 years,4,male,none,4,unknown / no property,56,none,own,1,unskilled - resident,1,"yes, registered under customer's name",yes,2,single
0 <= ... < 200 DM,24,existing credits paid back duly till now,furniture/equipment,2488,... < 100 DM,1 <= ... < 4 years,4,female,none,2,"car or other, not in savings account",19,none,own,1,unskilled - resident,1,none,yes,2,single
0 <= ... < 200 DM,15,existing credits paid back duly till now,furniture/equipment,2953,... < 100 DM,1 <= ... < 4 years,1,female,none,1,building society savings agreement / life insurance,31,none,rent,1,skilled employee / official,1,none,yes,2,divorced/separated
no checking account,23,critical account / other credits existing (not at this bank),repairs,1294,... < 100 DM,... >= 7 years,4,male,none,4,"car or other, not in savings account",39,stores,own,2,unskilled - resident,1,"yes, registered under customer's name",yes,2,married/widowed
... < 0 DM,14,existing credits paid back duly till now,furniture/equipment,3446,... < 100 DM,... < 1 year,2,female,none,3,"car or other, not in savings account",19,none,own,1,unskilled - resident,1,none,yes,2,divorced/separated
0 <= ... < 200 DM,59,critical account / other credits existing (not at this bank),business,10497,unknown / no savings account,... >= 7 years,3,male,none,4,building society savings agreement / life insurance,75,none,for free,1,management / self-employed / highly qualified employee / officer,1,"yes, registered under customer's name",yes,1,single
0 <= ... < 200 DM,45,no credits taken / all credits paid back duly,furniture/equipment,1541,... < 100 DM,4 <= ... < 7 years,4,female,none,2,"car or other, not in savings account",37,none,own,2,skilled employee / official,1,none,yes,1,divorced/separated
no checking account,4,existing credits paid back duly till now,furniture/equipment,3298,100 <= ... < 500 DM,1 <= ... < 4 years,4,male,none,4,"car or other, not in savings account",34,bank,own,1,unskilled - resident,1,none,yes,2,single
no checking account,4,existing credits paid back duly till now,radio/television,250,500 <= ... < 1000 DM,1 <= ... < 4 years,4,male,guarantor,1,building society savings agreement / life insurance,33,none,own,2,unskilled - resident,1,none,yes,1,divorced/separated
... >= 200 DM / salary assignments for at least 1 year,4,existing credits paid back duly till now,radio/television,5462,... < 100 DM,1 <= ... < 4 years,4,male,none,1,building society savings agreement / life insurance,75,none,own,1,unskilled - resident,1,none,yes,2,single
0 <= ... < 200 DM,4,existing credits paid back duly till now,furniture/equipment,1008,... < 100 DM,1 <= ... < 4 years,4,female,none,4,real estate,37,none,rent,1,unskilled - resident,1,none,yes,1,divorced/separated
0 <= ... < 200 DM,13,critical account / other credits existing (not at this bank),car (new),6249,... < 100 DM,1 <= ... < 4 years,4,male,none,3,"car or other, not in savings account",47,bank,own,2,skilled employee / official,1,"yes, registered under customer's name",yes,1,single
0 <= ... < 200 DM,26,existing credits paid back duly till now,furniture/equipment,882,... < 100 DM,... < 1 year,1,female,none,4,"car or other, not in savings account",19,none,rent,1,unskilled - resident,1,none,yes,2,divorced/separated
0 <= ... < 200 DM,27,existing credits paid back duly till now,furniture/equipment,3535,... < 100 DM,1 <= ... < 4 years,2,male,none,1,building society savings agreement / life insurance,75,none,own,1,skilled employee / official,1,none,yes,1,single
0 <= ... < 200 DM,28,existing credits paid back duly till now,others,2636,... < 100 DM,... < 1 year,4,female,none,4,building society savings agreement / life insurance,29,none,rent,1,unskilled - resident,1,none,yes,2,divorced/separated
... < 0 DM,28,existing credits paid back duly till now,furniture/equipment,3075,... < 100 DM,unemployed,4,male,none,1,real estate,25,bank,own,1,skilled employee / official,1,none,no,1,single
... < 0 DM,45,no credits taken / all credits paid back duly,car (new),10290,unknown / no savings account,4 <= ... < 7 years,3,male,none,4,unknown / no property,59,none,own,2,management / self-employed / highly qualified employee / officer,1,"yes, registered under customer's name",yes,2,single
no checking account,44,no credits taken / all credits paid back duly,car (used),15945,unknown / no savings account,4 <= ... < 7 years,4,male,none,4,unknown / no property,36,none,own,1,skilled employee / official,2,"yes, registered under customer's name",yes,1,single
... < 0 DM,13,no credits taken / all credits paid back duly,car (new),1239,100 <= ... < 500 DM,1 <= ... < 4 years,2,male,none,3,building society savings agreement / life insurance,21,none,for free,1,unskilled - resident,1,"yes, registered under customer's name",yes,1,single
... < 0 DM,19,existing credits paid back duly till now,radio/television,12230,500 <= ... < 1000 DM,... < 1 year,4,male,none,2,real estate,35,none,own,1,skilled employee / official,1,none,yes,2,divorced/separated
0 <= ... < 200 DM,24,all credits at this bank paid back duly,car (new),10529,... >= 1000 DM,... < 1 year,2,male,none,1,building society savings agreement / life insurance,26,none,rent,1,skilled employee / official,2,none,yes,1,divorced/separated
no checking account,22,all credits at this bank paid back duly,car (new),2407,... < 100 DM,... < 1 year,3,female,guarantor,3,real estate,26,none,own,1,unskilled - resident,1,none,yes,2,single
... < 0 DM,21,critical account / other credits existing (not at this bank),furniture/equipment,1970,500 <= ... < 1000 DM,... >= 7 years,4,male,none,3,building society savings agreement / life insurance,75,bank,rent,1,unskilled - resident,1,"yes, registered under customer's name",yes,2,married/widowed
0 <= ... < 200 DM,13,delay in paying off in the past,car (used),5821,... >= 1000 DM,4 <= ... < 7 years,2,female,co-applicant,4,building society savings agreement / life insurance,75,none,rent,1,unemployed / unskilled - non-resident,1,"yes, registered under customer's name",yes,1,divorced/separated
... < 0 DM,4,critical account / other credits existing (not at this bank),education,1917,unknown / no savings account,unemployed,2,male,none,4,building society savings agreement / life insurance,47,none,own,4,unemployed / unskilled - non-resident,1,"yes, registered under customer's name",yes,1,single
no checking account,72,existing credits paid back duly till now,radio/television,6360,... < 100 DM,4 <= ... < 7 years,2,female,none,2,real estate,22,none,rent,1,skilled employee / official,1,none,yes,2,married/widowed
0 <= ... < 200 DM,23,existing credits paid back duly till now,radio/television,1305,... < 100 DM,1 <= ... < 4 years,3,male,none,4,real estate,51,none,rent,1,unskilled - resident,1,"yes, registered under customer's name",yes,1,single
no checking account,4,critical account / other credits existing (not at this bank),repairs,507,... < 100 DM,4 <= ... < 7 years,2,male,none,4,building society savings agreement / life insurance,32,none,own,1,unskilled - resident,1,"yes, registered under customer's name",yes,2,married/widowed
... >= 200 DM / salary assignments for at least 1 year,48,critical account / other credits existing (not at this bank),others,2274,unknown / no savings account,... >= 7 years,3,male,none,3,"car or other, not in savings account",45,none,own,2,unskilled - resident,1,none,yes,2,single
0 <= ... < 200 DM,23,no credits taken / all credits paid back duly,business,9578,100 <= ... < 500 DM,1 <= ... < 4 years,4,male,none,2,building society savings agreement / life insurance,35,none,rent,1,skilled employee / official,2,none,yes,1,single
0 <= ... < 200 DM,39,critical account / other credits existing (not at this bank),radio/television,2119,... < 100 DM,1 <= ... < 4 years,4,male,none,4,"car or other, not in savings account",19,none,for free,2,skilled employee / official,1,"yes, registered under customer's name",yes,1,single
no checking account,9,existing credits paid back duly till now,furniture/equipment,1047,... < 100 DM,1 <= ... < 4 years,1,female,none,3,building society savings agreement / life insurance,25,none,for free,1,unemployed / unskilled - non-resident,1,none,yes,1,divorced/separated
no checking account,22,existing credits paid back duly till now,radio/television,11217,... < 100 DM,1 <= ... < 4 years,4,male,none,4,building society savings agreement / life insurance,35,none,rent,2,skilled employee / official,1,none,yes,1,married/widowed
no checking account,23,existing credits paid back duly till now,radio/television,3882,... < 100 DM,... < 1 year,4,male,none,4,unknown / no property,35,none,for free,1,skilled employee / official,1,none,yes,1,married/widowed
0 <= ... < 200 DM,23,no credits taken / all credits paid back duly,car (new),2649,100 <= ... < 500 DM,... >= 7 years,1,male,co-applicant,4,unknown / no property,42,none,own,3,unskilled - resident,1,none,yes,1,single
... < 0 DM,44,no credits taken / all credits paid back duly,business,5829,... < 100 DM,... >= 7 years,4,male,none,4,unknown / no property,43,none,own,1,unemployed / unskilled - non-resident,1,"yes, registered under customer's name",yes,1,single
... < 0 DM,9,existing credits paid back duly till now,furniture/equipment,546,... < 100 DM,unemployed,1,male,none,4,"car or other, not in savings account",75,none,for free,1,skilled employee / official,2,none,yes,1,single
... < 0 DM,12,existing credits paid back duly till now,radio/television,2408,... < 100 DM,1 <= ... < 4 years,1,female,none,3,real estate,19,none,rent,1,skilled employee / official,1,none,yes,2,divorced/separated
no checking account,29,existing credits paid back duly till now,furniture/equipment,2112,... < 100 DM,1 <= ... < 4 years,4,male,none,4,"car or other, not in savings account",51,none,own,2,unskilled - resident,1,"yes, registered under customer's name",yes,1,single
0 <= ... < 200 DM,4,delay in paying off in the past,business,617,... < 100 DM,... < 1 year,4,male,none,1,"car or other, not in savings account",45,none,own,1,unskilled - resident,1,"yes, registered under customer's name",yes,2,single
0 <= ... < 200 DM,31,existing credits paid back duly till now,furniture/equipment,2418,... >= 1000 DM,... < 1 year,2,female,guarantor,2,real estate,23,none,rent,1,unemployed / unskilled - non-resident,1,none,yes,2,divorced/separated
no checking account,16,existing credits paid back duly till now,furniture/equipment,2143,... < 100 DM,... < 1 year,4,female,none,1,real estate,21,none,rent,1,skilled employee / official,1,none,no,2,divorced/separated
no checking account,26,existing credits paid back duly till now,car (used),3643,... < 100 DM,1 <= ... < 4 years,3,male,none,2,building society savings agreement / life insurance,19,none,own,1,unskilled - resident,1,"yes, registered under customer's name",yes,2,single
... < 0 DM,25,delay in paying off in the past,furniture/equipment,2926,100 <= ... < 500 DM,unemployed,1,male,none,4,"car or other, not in savings account",20,none,for free,2,skilled employee / official,1,"yes, registered under customer's name",yes,2,single
no checking account,30,all credits at this bank paid back duly,car (used),2945,unknown / no savings account,... < 1 year,4,male,none,4,"car or other, not in savings account",65,none,rent,2,skilled employee / official,1,"yes, registered under customer's name",yes,1,single
0 <= ... < 200 DM,15,existing credits paid back duly till now,education,12335,... < 100 DM,4 <= ... < 7 years,2,female,none,4,building society savings agreement / life insurance,29,none,own,1,skilled employee / official,1,"yes, registered under customer's name",yes,2,divorced/separated
... < 0 DM,22,critical account / other credits existing (not at this bank),radio/television,4001,... < 100 DM,... < 1 year,1,male,none,3,building society savings agreement / life insurance,30,stores,own,1,skilled employee / official,1,none,yes,2,married/widowed
no checking account,29,existing credits paid back duly till now,education,697,... >= 1000 DM,... >= 7 years,4,male,none,4,building society savings agreement / life insurance,45,bank,own,2,skilled employee / official,1,none,yes,2,married/widowed
0 <= ... < 200 DM,25,delay in paying off in the past,car (new),1594,... < 100 DM,1 <= ... < 4 years,4,female,none,4,"car or other, not in savings account",20,none,own,1,skilled employee / official,1,"yes, registered under customer's name",yes,2,divorced/separated
0 <= ... < 200 DM,25,existing credits paid back duly till now,furniture/equipment,552,500 <= ... < 1000 DM,1 <= ... < 4 years,1,female,none,1,real estate,22,none,rent,1,unemployed / unskilled - non-resident,1,none,yes,2,divorced/separated
0 <= ... < 200 DM,26,existing credits paid back duly till now,radio/television,11799,unknown / no savings account,4 <= ... < 7 years,2,male,none,1,real estate,20,none,own,1,unskilled - resident,1,none,yes,1,divorced/separated
... < 0 DM,27,existing credits paid back duly till now,radio/television,3395,... < 100 DM,4 <= ... < 7 years,4,female,none,1,real estate,47,none,own,1,skilled employee / official,1,none,yes,1,divorced/separated
... >= 200 DM / salary assignments for at least 1 year,4,existing credits paid back duly till now,education,5756,... < 100 DM,unemployed,2,male,none,4,"car or other, not in savings account",68,none,for free,1,skilled employee / official,1,"yes, registered under customer's name",yes,2,divorced/separated
0 <= ... < 200 DM,19,existing credits paid back duly till now,car (new),2582,... < 100 DM,... < 1 year,3,female,none,2,building society savings agreement / life insurance,20,none,rent,1,unskilled - resident,1,none,yes,2,divorced/separated
no checking account,24,existing credits paid back duly till now,radio/television,3217,unknown / no savings account,1 <= ... < 4 years,3,female,none,2,real estate,30,none,rent,1,skilled employee / official,1,"yes, registered under customer's name",yes,2,divorced/separated
no checking account,16,critical account / other credits existing (not at this bank),car (new),3996,500 <= ... < 1000 DM,1 <= ... < 4 years,1,male,none,2,"car or other, not in savings account",44,bank,own,2,skilled employee / official,2,"yes, registered under customer's name",yes,1,single
0 <= ... < 200 DM,8,existing credits paid back duly till now,radio/television,15945,... < 100 DM,1 <= ... < 4 years,4,male,none,4,"car or other, not in savings account",75,bank,own,2,skilled employee / official,1,"yes, registered under customer's name",yes,1,single
0 <= ... < 200 DM,4,all credits at this bank paid back duly,car (new),6373,... < 100 DM,1 <= ... < 4 years,4,female,co-applicant,1,"car or other, not in savings account",24,none,own,1,unskilled - resident,1,none,yes,2,divorced/separated
... < 0 DM,18,delay in paying off in the past,radio/television,2096,unknown / no savings account,1 <= ... < 4 years,3,male,none,4,unknown / no property,19,none,for free,2,management / self-employed / highly qualified employee / officer,1,none,yes,1,single
no checking account,44,critical account / other credits existing (not at this bank),car (used),4937,unknown / no savings account,... >= 7 years,4,male,none,4,unknown / no property,50,none,for free,1,management / self-employed / highly qualified employee / officer,1,"yes, registered under customer's name",yes,1,single
... < 0 DM,22,existing credits paid back duly till now,car (new),250,100 <= ... < 500 DM,1 <= ... < 4 years,4,male,none,2,real estate,25,none,own,1,unskilled - resident,1,none,yes,1,divorced/separated
0 <= ... < 200 DM,72,critical account / other credits existing (not at this bank),education,8555,unknown / no savings account,1 <= ... < 4 years,1,male,none,3,unknown / no property,41,none,own,2,management / self-employed / highly qualified employee / officer,2,"yes, registered under customer's name",yes,1,single
0 <= ... < 200 DM,5,critical account / other credits existing (not at this bank),car (used),4980,unknown / no savings account,1 <= ... < 4 years,4,male,none,3,"car or other, not in savings account",68,none,own,2,skilled employee / official,2,"yes, registered under customer's name",yes,1,single
... < 0 DM,29,existing credits paid back duly till now,radio/television,3084,... < 100 DM,... < 1 year,4,female,none,2,building society savings agreement / life insurance,24,none,own,1,skilled employee / official,1,none,yes,1,divorced/separated
... >= 200 DM / salary assignments for at least 1 year,19,all credits at this bank paid back duly,furniture/equipment,2639,unknown / no savings account,... >= 7 years,3,male,none,3,unknown / no property,56,none,own,2,management / self-employed / highly qualified employee / officer,1,"yes, registered under customer's name",yes,1,single
0 <= ... < 200 DM,28,existing credits paid back duly till now,car (new),1310,... < 100 DM,1 <= ... < 4 years,2,female,guarantor,2,building society savings agreement / life insurance,19,none,rent,1,unskilled - resident,1,none,no,2,divorced/separated
0 <= ... < 200 DM,12,no credits taken / all credits paid back duly,car (used),604,... >= 1000 DM,1 <= ... < 4 years,3,male,co-applicant,2,building society savings agreement / life insurance,55,none,own,1,management / self-employed / highly qualified employee / officer,1,none,yes,1,divorced/separated
... < 0 DM,20,existing credits paid back duly till now,furniture/equipment,3625,... < 100 DM,1 <= ... < 4 years,4,male,none,4,building society savings agreement / life insurance,42,none,own,2,unskilled - resident,1,none,yes,2,single
0 <= ... < 200 DM,4,existing credits paid back duly till now,radio/television,450,... < 100 DM,1 <= ... < 4 years,4,male,none,2,building society savings agreement / life insurance,34,none,own,1,unskilled - resident,1,none,yes,1,married/widowed
no checking account,19,existing credits paid back duly till now,car (used),250,unknown / no savings account,1 <= ... < 4 years,4,male,none,3,real estate,59,none,own,1,unskilled - resident,1,none,yes,2,single
no checking account,72,delay in paying off in the past,business,2191,500 <= ... < 1000 DM,1 <= ... < 4 years,4,male,guarantor,1,building society savings agreement / life insurance,22,none,rent,1,unskilled - resident,1,"yes, registered under customer's name",yes,1,single
no checking account,20,existing credits paid back duly till now,others,3229,100 <= ... < 500 DM,1 <= ... < 4 years,3,male,none,4,building society savings agreement / life insurance,47,none,rent,1,unskilled - resident,1,none,yes,1,single
no checking account,24,existing credits paid back duly till now,car (new),3360,100 <= ... < 500 DM,4 <= ... < 7 years,2,female,none,3,"car or other, not in savings account",26,bank,rent,1,skilled employee / official,1,none,yes,2,divorced/separated
0 <= ... < 200 DM,21,existing credits paid back duly till now,car (new),250,100 <= ... < 500 DM,1 <= ... < 4 years,1,male,none,4,"car or other, not in savings account",32,none,own,1,unskilled - resident,1,none,yes,2,single
0 <= ... < 200 DM,4,existing credits paid back duly till now,radio/television,1716,... < 100 DM,... < 1 year,3,female,none,2,real estate,35,none,rent,1,unskilled - resident,1,none,yes,2,divorced/separated
0 <= ... < 200 DM,12,existing credits paid back duly till now,business,6533,100 <= ... < 500 DM,... < 1 year,3,male,none,4,unknown / no property,24,none,rent,1,unskilled - resident,1,"yes, registered under customer's name",yes,1,divorced/separated
0 <= ... < 200 DM,25,existing credits paid back duly till now,furniture/equipment,2933,... < 100 DM,... < 1 year,4,female,none,4,real estate,20,none,rent,1,skilled employee / official,1,none,yes,1,divorced/separated
0 <= ... < 200 DM,47,existing credits paid back duly till now,education,12270,100 <= ... < 500 DM,unemployed,3,male,none,4,"car or other, not in savings account",39,none,own,1,unskilled - resident,1,"yes, registered under customer's name",yes,2,single
no checking account,20,existing credits paid back duly till now,radio/television,2977,... < 100 DM,4 <= ... < 7 years,2,male,none,4,real estate,29,none,own,2,skilled employee / official,1,"yes, registered under customer's name",yes,2,married/widowed
... < 0 DM,11,existing credits paid back duly till now,furniture/equipment,4280,... < 100 DM,1 <= ... < 4 years,3,male,none,3,"car or other, not in savings account",32,none,for free,1,skilled employee / official,1,none,yes,1,single
0 <= ... < 200 DM,4,existing credits paid back duly till now,car (new),2379,100 <= ... < 500 DM,1 <= ... < 4 years,2,female,guarantor,4,"car or other, not in savings account",31,none,own,1,skilled employee / official,1,none,yes,1,divorced/separated
0 <= ... < 200 DM,22,existing credits paid back duly till now,radio/television,2479,unknown / no savings account,1 <= ... < 4 years,3,female,none,3,building society savings agreement / life insurance,35,none,rent,1,skilled employee / official,1,none,yes,1,divorced/separated
no checking account,28,existing credits paid back duly till now,radio/television,2019,... < 100 DM,1 <= ... < 4 years,2,male,none,4,"car or other, not in savings account",48,none,own,1,skilled employee / official,2,"yes, registered under customer's name",yes,1,single
no checking account,40,critical account / other credits existing (not at this bank),furniture/equipment,1446,... < 100 DM,1 <= ... < 4 years,1,female,co-applicant,4,building society savings agreement / life insurance,34,none,rent,2,skilled employee / official,1,none,yes,1,single
no checking account,28,delay in paying off in the past,car (new),6950,... < 100 DM,... >= 7 years,3,male,none,4,unknown / no property,75,bank,for free,2,management / self-employed / highly qualified employee / officer,1,"yes, registered under customer's name",yes,1,single
... < 0 DM,24,existing credits paid back duly till now,retraining,2815,unknown / no savings account,1 <= ... < 4 years,3,female,none,4,real estate,23,none,rent,1,skilled employee / official,1,none,yes,2,divorced/separated
0 <= ... < 200 DM,25,existing credits paid back duly till now,business,6441,100 <= ... < 500 DM,4 <= ... < 7 years,3,male,none,4,"car or other, not in savings account",20,stores,own,1,skilled employee / official,1,none,yes,1,single
0 <= ... < 200 DM,21,existing credits paid back duly till now,education,3121,100 <= ... < 500 DM,... >= 7 years,4,male,none,4,building society savings agreement / life insurance,50,none,rent,1,management / self-employed / highly qualified employee / officer,1,none,yes,2,divorced/separated
... < 0 DM,13,critical account / other credits existing (not at this bank),radio/television,2850,unknown / no savings account,1 <= ... < 4 years,4,male,none,4,"car or other, not in savings account",68,none,rent,1,management / self-employed / highly qualified employee / officer,1,"yes, registered under customer's name",yes,1,single
0 <= ... < 200 DM,72,critical account / other credits existing (not at this bank),furniture/equipment,2412,... < 100 DM,unemployed,3,male,none,2,building society savings agreement / life insurance,23,none,for free,1,management / self-employed / highly qualified employee / officer,1,"yes, registered under customer's name",yes,2,single
0 <= ... < 200 DM,11,existing credits paid back duly till now,car (used),12454,500 <= ... < 1000 DM,unemployed,4,male,none,4,building society savings agreement / life insurance,45,bank,for free,1,management / self-employed / highly qualified employee / officer,1,"yes, registered under customer's name",yes,2,divorced/separated
0 <= ... < 200 DM,22,existing credits paid back duly till now,others,250,100 <= ... < 500 DM,1 <= ... < 4 years,4,female,none,3,"car or other, not in savings account",34,none,rent,1,unskilled - resident,1,none,yes,2,divorced/separated
... < 0 DM,4,existing credits paid back duly till now,furniture/equipment,1334,... < 100 DM,... < 1 year,3,female,none,2,real estate,19,none,own,1,unskilled - resident,1,none,yes,2,divorced/separated
... >= 200 DM / salary assignments for at least 1 year,23,existing credits paid back duly till now,business,323,... < 100 DM,4 <= ... < 7 years,4,male,none,4,"car or other, not in savings account",22,none,own,1,skilled employee / official,1,"yes, registered under customer's name",yes,1,single
0 <= ... < 200 DM,17,existing credits paid back duly till now,radio/television,883,... >= 1000 DM,1 <= ... < 4 years,4,female,none,4,"car or other, not in savings account",20,none,own,2,unskilled - resident,1,none,yes,1,married/widowed
0 <= ... < 200 DM,8,existing credits paid back duly till now,radio/television,6385,... < 100 DM,1 <= ... < 4 years,3,male,none,2,real estate,32,none,own,1,unskilled - resident,1,none,yes,1,divorced/separated
no checking account,10,critical account / other credits existing (not at this bank),car (used),736,100 <= ... < 500 DM,1 <= ... < 4 years,4,male,none,4,unknown / no property,46,bank,for free,1,skilled employee / official,2,"yes, registered under customer's name",yes,1,single
... < 0 DM,4,critical account / other credits existing (not at this bank),car (new),10345,unknown / no savings account,1 <= ... < 4 years,4,male,none,2,"car or other, not in savings account",42,none,own,2,skilled employee / official,1,"yes, registered under customer's name",yes,2,single
... < 0 DM,37,critical account / other credits existing (not at this bank),car (used),3680,... < 100 DM,1 <= ... < 4 years,2,male,none,4,"car or other, not in savings account",19,none,own,2,skilled employee / official,1,"yes, registered under customer's name",yes,1,single
0 <= ... < 200 DM,12,critical account / other credits existing (not at this bank),business,1150,unknown / no savings account,unemployed,4,male,none,4,building society savings agreement / life insurance,21,none,for free,2,management / self-employed / highly qualified employee / officer,2,"yes, registered under customer's name",yes,2,single
... >= 200 DM / salary assignments for at least 1 year,28,existing credits paid back duly till now,radio/television,3219,... < 100 DM,... < 1 year,3,male,co-applicant,1,real estate,35,none,rent,1,unskilled - resident,1,"yes, registered under customer's name",no,2,divorced/separated
... < 0 DM,28,existing credits paid back duly till now,furniture/equipment,1052,... < 100 DM,1 <= ... < 4 years,4,female,none,2,"car or other, not in savings account",23,none,rent,1,skilled employee / official,1,none,yes,1,divorced/separated
0 <= ... < 200 DM,14,all credits at this bank paid back duly,radio/television,852,... >= 1000 DM,unemployed,1,male,none,2,real estate,39,none,rent,1,unskilled - resident,1,none,yes,1,single
no checking account,60,existing credits paid back duly till now,car (new),758,100 <= ... < 500 DM,1 <= ... < 4 years,4,male,none,2,unknown / no property,40,none,own,2,management / self-employed / highly qualified employee / officer,1,none,yes,1,single
0 <= ... < 200 DM,22,critical account / other credits existing (not at this bank),car (used),6885,unknown / no savings account,... >= 7 years,4,male,none,4,unknown / no property,26,none,own,2,management / self-employed / highly qualified employee / officer,1,"yes, registered under customer's name",yes,2,single
0 <= ... < 200 DM,25,existing credits paid back duly till now,car (new),2932,100 <= ... < 500 DM,1 <= ... < 4 years,2,male,none,3,unknown / no property,29,none,own,1,unemployed / unskilled - non-resident,1,none,yes,1,divorced/separated
... < 0 DM,20,existing credits paid back duly till now,car (new),12425,... >= 1000 DM,1 <= ... < 4 years,4,male,none,2,"car or other, not in savings account",25,none,own,3,unemployed / unskilled - non-resident,2,"yes, registered under customer's name",yes,2,single
0 <= ... < 200 DM,16,existing credits paid back duly till now,car (new),3140,... < 100 DM,1 <= ... < 4 years,2,female,none,2,building society savings agreement / life insurance,29,none,rent,1,skilled employee / official,1,none,yes,2,divorced/separated
... < 0 DM,4,no credits taken / all credits paid back duly,car (new),3364,unknown / no savings account,1 <= ... < 4 years,4,male,none,4,building society savings agreement / life insurance,34,stores,for free,1,unskilled - resident,1,none,no,1,married/widowed
0 <= ... < 200 DM,22,existing credits paid back duly till now,furniture/equipment,343,... < 100 DM,1 <= ... < 4 years,1,female,none,2,real estate,19,none,rent,1,skilled employee / official,1,none,yes,1,divorced/separated
no checking account,12,critical account / other credits existing (not at this bank),car (new),3584,... < 100 DM,4 <= ... < 7 years,4,male,none,3,"car or other, not in savings account",38,none,own,1,skilled employee / official,1,none,yes,2,married/widowed
no checking account,4,existing credits paid back duly till now,car (used),534,... < 100 DM,1 <= ... < 4 years,4,male,none,4,"car or other, not in savings account",75,none,own,2,skilled employee / official,1,"yes, registered under customer's name",yes,1,single
0 <= ... < 200 DM,54,all credits at this bank paid back duly,furniture/equipment,1512,... < 100 DM,... < 1 year,4,female,co-applicant,4,real estate,19,none,rent,1,unskilled - resident,1,none,yes,2,divorced/separated
0 <= ... < 200 DM,38,delay in paying off in the past,furniture/equipment,3564,... < 100 DM,... < 1 year,1,male,none,4,building society savings agreement / life insurance,46,bank,for free,2,skilled employee / official,1,"yes, registered under customer's name",yes,1,single
0 <= ... < 200 DM,39,existing credits paid back duly till now,car (new),6099,... < 100 DM,... >= 7 years,1,female,none,2,building society savings agreement / life insurance,33,none,for free,2,skilled employee / official,1,none,yes,2,divorced/separated
0 <= ... < 200 DM,13,all credits at this bank paid back duly,furniture/equipment,2694,unknown / no savings account,1 <= ... < 4 years,2,male,none,3,"car or other, not in savings account",41,none,for free,1,skilled employee / official,2,"yes, registered under customer's name",yes,1,single
no checking account,22,existing credits paid back duly till now,business,3549,... < 100 DM,1 <= ... < 4 years,4,male,none,1,"car or other, not in savings account",58,none,own,1,skilled employee / official,1,"yes, registered under customer's name",yes,1,single
... < 0 DM,45,all credits at this bank paid back duly,repairs,3391,... < 100 DM,1 <= ... < 4 years,4,male,none,4,real estate,75,none,rent,1,unskilled - resident,1,none,yes,2,divorced/separated
... < 0 DM,59,critical account / other credits existing (not at this bank),furniture/equipment,6958,... < 100 DM,1 <= ... < 4 years,4,male,none,4,"car or other, not in savings account",38,none,rent,1,skilled employee / official,2,none,yes,1,single
0 <= ... < 200 DM,31,no credits taken / all credits paid back duly,furniture/equipment,11916,100 <= ... < 500 DM,... < 1 year,3,female,none,4,"car or other, not in savings account",42,bank,rent,1,management / self-employed / highly qualified employee / officer,1,none,yes,2,married/widowed
... >= 200 DM / salary assignments for at least 1 year,8,existing credits paid back duly till now,furniture/equipment,12443,... < 100 DM,1 <= ... < 4 years,1,male,none,3,unknown / no property,30,none,own,1,management / self-employed / highly qualified employee / officer,1,none,yes,1,single
... >= 200 DM / salary assignments for at least 1 year,8,existing credits paid back duly till now,business,2439,... < 100 DM,1 <= ... < 4 years,2,male,none,4,"car or other, not in savings account",38,none,own,1,unemployed / unskilled - non-resident,1,none,yes,2,divorced/separated
no checking account,8,existing credits paid back duly till now,education,2196,... < 100 DM,4 <= ... < 7 years,4,male,guarantor,2,"car or other, not in savings account",75,none,own,1,unskilled - resident,1,none,yes,1,single
no checking account,12,existing credits paid back duly till now,car (new),591,... >= 1000 DM,1 <= ... < 4 years,4,female,none,3,"car or other, not in savings account",38,none,rent,2,skilled employee / official,1,none,yes,1,single
0 <= ... < 200 DM,60,critical account / other credits existing (not at this bank),domestic appliances,802,... < 100 DM,4 <= ... < 7 years,3,male,none,4,building society savings agreement / life insurance,47,none,rent,1,management / self-employed / highly qualified employee / officer,1,"yes, registered under customer's name",yes,1,divorced/separated
0 <= ... < 200 DM,35,critical account / other credits existing (not at this bank),business,6872,... < 100 DM,... < 1 year,2,male,none,4,"car or other, not in savings account",59,none,own,1,management / self-employed / highly qualified employee / officer,1,none,yes,2,single
0 <= ... < 200 DM,25,existing credits paid back duly till now,furniture/equipment,2656,... < 100 DM,1 <= ... < 4 years,1,female,none,1,real estate,22,none,rent,1,unskilled - resident,1,none,yes,2,divorced/separated
0 <= ... < 200 DM,21,delay in paying off in the past,car (new),2558,100 <= ... < 500 DM,... >= 7 years,2,male,none,3,building society savings agreement / life insurance,26,none,own,1,unskilled - resident,1,"yes, registered under customer's name",yes,1,single
... < 0 DM,27,existing credits paid back duly till now,car (new),3044,... < 100 DM,... >= 7 years,2,male,none,4,"car or other, not in savings account",43,bank,own,2,management / self-employed / highly qualified employee / officer,1,"yes, registered under customer's name",yes,1,single
no checking account,22,critical account / other credits existing (not at this bank),car (used),7173,... < 100 DM,4 <= ... < 7 years,4,male,none,2,unknown / no property,52,none,own,1,skilled employee / official,1,"yes, registered under customer's name",yes,1,single
... < 0 DM,40,existing credits paid back duly till now,domestic appliances,1951,100 <= ... < 500 DM,1 <= ... < 4 years,2,male,none,3,building society savings agreement / life insurance,74,none,own,1,skilled employee / official,1,"yes, registered under customer's name",yes,1,single
no checking account,23,existing credits paid back duly till now,business,11389,... < 100 DM,... >= 7 years,2,male,none,2,building society savings agreement / life insurance,45,none,rent,1,management / self-employed / highly qualified employee / officer,1,"yes, registered under customer's name",yes,1,single
0 <= ... < 200 DM,20,existing credits paid back duly till now,radio/television,501,... < 100 DM,4 <= ... < 7 years,2,female,none,4,real estate,26,none,own,1,skilled employee / official,1,none,yes,1,divorced/separated
0 <= ... < 200 DM,17,existing credits paid back duly till now,radio/television,2292,... < 100 DM,1 <= ... < 4 years,3,female,none,4,building society savings agreement / life insurance,50,none,own,1,skilled employee / official,1,none,yes,1,single
no checking account,71,existing credits paid back duly till now,car (used),15945,unknown / no savings account,4 <= ... < 7 years,2,male,none,4,"car or other, not in savings account",65,none,rent,1,management / self-employed / highly qualified employee / officer,1,"yes, registered under customer's name",yes,1,single
no checking account,38,delay in paying off in the past,car (new),3878,... >= 1000 DM,... >= 7 years,2,male,none,4,unknown / no property,23,none,own,1,unemployed / unskilled - non-resident,2,"yes, registered under customer's name",yes,2,single
0 <= ... < 200 DM,10,existing credits paid back duly till now,car (new),1830,... < 100 DM,1 <= ... < 4 years,4,male,none,4,real estate,66,none,own,1,unskilled - resident,1,none,yes,1,single
... < 0 DM,44,existing credits paid back duly till now,car (new),3171,... < 100 DM,1 <= ... < 4 years,4,female,none,3,real estate,19,none,own,1,skilled employee / official,1,none,yes,1,married/widowed
0 <= ... < 200 DM,20,existing credits paid back duly till now,furniture/equipment,3623,... < 100 DM,... < 1 year,4,female,none,3,real estate,19,none,rent,1,unskilled - resident,1,none,yes,2,divorced/separated
0 <= ... < 200 DM,24,existing credits paid back duly till now,radio/television,3172,... < 100 DM,1 <= ... < 4 years,4,female,none,1,"car or other, not in savings account",19,none,own,1,skilled employee / official,1,none,yes,2,divorced/separated
no checking account,51,critical account / other credits existing (not at this bank),business,13109,unknown / no savings account,... >= 7 years,3,male,none,4,unknown / no property,19,bank,for free,1,management / self-employed / highly qualified employee / officer,2,"yes, registered under customer's name",yes,2,single
0 <= ... < 200 DM,11,existing credits paid back duly till now,car (used),4550,500 <= ... < 1000 DM,1 <= ... < 4 years,2,male,none,2,unknown / no property,50,stores,own,1,skilled employee / official,1,none,yes,1,single
... >= 200 DM / salary assignments for at least 1 year,25,critical account / other credits existing (not at this bank),education,910,... >= 1000 DM,... >= 7 years,2,male,none,4,unknown / no property,65,none,own,1,management / self-employed / highly qualified employee / officer,1,"yes, registered under customer's name",yes,1,single
... < 0 DM,19,delay in paying off in the past,retraining,10191,unknown / no savings account,... >= 7 years,3,male,guarantor,4,building society savings agreement / life insurance,75,none,own,2,management / self-employed / highly qualified employee / officer,1,"yes, registered under customer's name",yes,1,single
0 <= ... < 200 DM,23,existing credits paid back duly till now,furniture/equipment,3568,... >= 1000 DM,1 <= ... < 4 years,3,male,co-applicant,2,"car or other, not in savings account",37,bank,own,1,unskilled - resident,1,none,yes,2,married/widowed
0 <= ... < 200 DM,30,existing credits paid back duly till now,radio/television,250,... < 100 DM,... < 1 year,1,female,none,3,real estate,19,none,rent,1,unskilled - resident,1,none,yes,2,divorced/separated
0 <= ... < 200 DM,59,critical account / other credits existing (not at this bank),car (used),11697,... < 100 DM,... >= 7 years,4,male,none,3,unknown / no property,36,none,own,2,management / self-employed / highly qualified employee / officer,1,none,yes,1,single
0 <= ... < 200 DM,16,existing credits paid back duly till now,radio/television,2739,... < 100 DM,1 <= ... < 4 years,4,female,none,2,real estate,44,none,own,2,skilled employee / official,1,none,yes,1,married/widowed
no checking account,20,existing credits paid back duly till now,radio/television,2221,... < 100 DM,1 <= ... < 4 years,4,female,none,1,real estate,27,none,own,1,unskilled - resident,1,none,yes,2,divorced/separated
no checking account,10,existing credits paid back duly till now,radio/television,2424,... < 100 DM,1 <= ... < 4 years,4,male,none,3,real estate,37,none,own,1,unskilled - resident,1,none,yes,1,married/widowed
... < 0 DM,10,existing credits paid back duly till now,car (new),3127,... < 100 DM,... < 1 year,4,female,none,4,"car or other, not in savings account",31,none,own,1,unskilled - resident,1,none,yes,2,divorced/separated
no checking account,17,existing credits paid back duly till now,education,250,100 <= ... < 500 DM,... >= 7 years,2,male,none,4,"car or other, not in savings account",75,none,own,2,skilled employee / official,2,"yes, registered under customer's name",yes,1,single
no checking account,26,existing credits paid back duly till now,radio/television,2099,... < 100 DM,... >= 7 years,4,male,none,4,building society savings agreement / life insurance,31,none,own,2,skilled employee / official,1,"yes, registered under customer's name",yes,2,divorced/separated
no checking account,20,existing credits paid back duly till now,radio/television,2944,... < 100 DM,1 <= ... < 4 years,3,male,co-applicant,1,real estate,30,none,own,1,unskilled - resident,1,none,yes,1,divorced/separated
... < 0 DM,71,existing credits paid back duly till now,business,1619,unknown / no savings account,unemployed,3,male,none,4,building society savings agreement / life insurance,44,none,rent,1,unskilled - resident,1,"yes, registered under customer's name",yes,2,single
0 <= ... < 200 DM,27,critical account / other credits existing (not at this bank),radio/television,11810,... < 100 DM,... >= 7 years,2,male,none,3,"car or other, not in savings account",24,none,own,1,skilled employee / official,1,"yes, registered under customer's name",yes,2,single
... < 0 DM,8,all credits at this bank paid back duly,furniture/equipment,841,... < 100 DM,1 <= ... < 4 years,2,male,none,4,unknown / no property,38,none,for free,3,unskilled - resident,1,"yes, registered under customer's name",yes,1,single
no checking account,7,existing credits paid back duly till now,car (new),1881,... < 100 DM,... < 1 year,3,female,none,3,"car or other, not in savings account",28,none,own,1,skilled employee / official,1,none,yes,2,single
no checking account,22,critical account / other credits existing (not at this bank),car (used),11315,... < 100 DM,... >= 7 years,4,male,none,4,"car or other, not in savings account",46,none,for free,2,skilled employee / official,2,"yes, registered under customer's name",yes,1,single
... < 0 DM,35,existing credits paid back duly till now,radio/television,1028,... < 100 DM,1 <= ... < 4 years,4,male,co-applicant,4,unknown / no property,32,none,own,2,skilled employee / official,2,none,yes,1,married/widowed
no checking account,8,critical account / other credits existing (not at this bank),car (new),4328,unknown / no savings account,4 <= ... < 7 years,4,male,none,4,real estate,34,bank,for free,1,management / self-employed / highly qualified employee / officer,1,none,yes,2,single
0 <= ... < 200 DM,26,existing credits paid back duly till now,domestic appliances,4551,100 <= ... < 500 DM,4 <= ... < 7 years,4,male,none,2,"car or other, not in savings account",57,none,own,2,management / self-employed / highly qualified employee / officer,1,"yes, registered under customer's name",yes,2,divorced/separated
... < 0 DM,14,delay in paying off in the past,radio/television,4704,100 <= ... < 500 DM,1 <= ... < 4 years,4,male,none,4,"car or other, not in savings account",20,none,rent,1,skilled employee / official,1,none,yes,1,single
0 <= ... < 200 DM,39,existing credits paid back duly till now,radio/television,656,500 <= ... < 1000 DM,... < 1 year,3,male,none,1,building society savings agreement / life insurance,37,none,own,2,skilled employee / official,1,none,yes,2,single
... < 0 DM,21,existing credits paid back duly till now,furniture/equipment,250,500 <= ... < 1000 DM,1 <= ... < 4 years,4,female,none,3,unknown / no property,61,none,rent,1,unskilled - resident,1,none,yes,1,divorced/separated
no checking account,26,existing credits paid back duly till now,car (new),1109,... < 100 DM,1 <= ... < 4 years,1,male,none,3,unknown / no property,47,none,rent,1,unskilled - resident,1,none,yes,1,divorced/separated
0 <= ... < 200 DM,29,existing credits paid back duly till now,car (new),2081,... < 100 DM,1 <= ... < 4 years,2,female,none,2,real estate,23,none,own,1,unskilled - resident,1,none,yes,2,single
no checking account,20,existing credits paid back duly till now,radio/television,1709,100 <= ... < 500 DM,1 <= ... < 4 years,4,female,none,2,real estate,20,none,own,1,unskilled - resident,1,none,yes,2,divorced/separated
0 <= ... < 200 DM,28,no credits taken / all credits paid back duly,furniture/equipment,2467,100 <= ... < 500 DM,... < 1 year,4,male,none,3,building society savings agreement / life insurance,37,none,own,4,unemployed / unskilled - non-resident,1,none,yes,1,single
no checking account,27,no credits taken / all credits paid back duly,car (new),2346,unknown / no savings account,unemployed,4,male,none,4,unknown / no property,32,none,own,2,skilled employee / official,1,"yes, registered under customer's name",yes,1,single
no checking account,54,delay in paying off in the past,business,3871,unknown / no savings account,... < 1 year,2,male,none,4,unknown / no property,24,none,own,2,skilled employee / official,1,"yes, registered under customer's name",yes,1,single
no checking account,26,existing credits paid back duly till now,furniture/equipment,12986,... < 100 DM,1 <= ... < 4 years,4,male,none,4,"car or other, not in savings account",41,none,for free,1,unemployed / unskilled - non-resident,1,"yes, registered under customer's name",yes,1,single
0 <= ... < 200 DM,16,existing credits paid back duly till now,furniture/equipment,988,100 <= ... < 500 DM,... < 1 year,4,female,none,1,real estate,23,none,rent,1,skilled employee / official,1,"yes, registered under customer's name",yes,2,divorced/separated
0 <= ... < 200 DM,4,existing credits paid back duly till now,furniture/equipment,2144,... < 100 DM,4 <= ... < 7 years,2,female,none,2,building society savings agreement / life insurance,34,none,own,1,skilled employee / official,1,none,yes,1,divorced/separated
0 <= ... < 200 DM,4,existing credits paid back duly till now,radio/television,5720,500 <= ... < 1000 DM,1 <= ... < 4 years,2,male,none,3,"car or other, not in savings account",45,none,own,2,skilled employee / official,1,"yes, registered under customer's name",yes,1,single
... < 0 DM,25,critical account / other credits existing (not at this bank),car (used),4082,unknown / no savings account,... >= 7 years,2,male,none,3,building society savings agreement / life insurance,75,bank,own,2,management / self-employed / highly qualified employee / officer,2,"yes, registered under customer's name",yes,1,single
0 <= ... < 200 DM,27,existing credits paid back duly till now,radio/television,5533,... < 100 DM,... < 1 year,4,male,none,4,building society savings agreement / life insurance,19,bank,own,1,skilled employee / official,1,none,yes,2,single
no checking account,25,existing credits paid back duly till now,business,6538,... < 100 DM,... >= 7 years,4,male,none,4,unknown / no property,25,none,own,1,skilled employee / official,2,"yes, registered under customer's name",yes,2,single
no checking account,15,existing credits paid back duly till now,radio/television,2613,500 <= ... < 1000 DM,... >= 7 years,2,female,co-applicant,3,real estate,28,none,own,3,skilled employee / official,1,none,yes,2,divorced/separated
... < 0 DM,30,existing credits paid back duly till now,radio/television,2664,... < 100 DM,1 <= ... < 4 years,4,male,none,4,"car or other, not in savings account",52,none,rent,2,skilled employee / official,1,none,yes,2,divorced/separated
... >= 200 DM / salary assignments for at least 1 year,21,existing credits paid back duly till now,business,4718,... < 100 DM,unemployed,1,male,none,4,building society savings agreement / life insurance,52,none,for free,1,management / self-employed / highly qualified employee / officer,1,"yes, registered under customer's name",yes,1,single
no checking account,29,critical account / other credits existing (not at this bank),radio/television,11455,unknown / no savings account,1 <= ... < 4 years,2,male,none,4,"car or other, not in savings account",51,bank,own,2,management / self-employed / highly qualified employee / officer,2,"yes, registered under customer's name",yes,1,single
no checking account,28,delay in paying off in the past,car (new),2822,... < 100 DM,1 <= ... < 4 years,2,male,none,4,"car or other, not in savings account",37,stores,rent,1,skilled employee / official,2,none,yes,1,single
no checking account,26,existing credits paid back duly till now,car (new),3227,... < 100 DM,1 <= ... < 4 years,1,male,none,4,"car or other, not in savings account",34,none,own,2,skilled employee / official,1,none,yes,1,divorced/separated
no checking account,20,existing credits paid back duly till now,car (new),6384,100 <= ... < 500 DM,... >= 7 years,4,male,none,3,unknown / no property,48,none,own,1,unskilled - resident,2,none,yes,1,single
0 <= ... < 200 DM,18,existing credits paid back duly till now,car (new),6500,... < 100 DM,1 <= ... < 4 years,4,male,none,4,real estate,24,none,for free,1,skilled employee / official,1,none,yes,1,divorced/separated
0 <= ... < 200 DM,26,existing credits paid back duly till now,radio/television,250,... < 100 DM,unemployed,4,female,none,3,"car or other, not in savings account",75,none,own,2,skilled employee / official,1,"yes, registered under customer's name",yes,1,single
no checking account,27,existing credits paid back duly till now,radio/television,4680,100 <= ... < 500 DM,4 <= ... < 7 years,1,male,none,1,real estate,19,none,own,1,unskilled - resident,1,none,yes,1,divorced/separated
no checking account,4,existing credits paid back duly till now,furniture/equipment,5240,unknown / no savings account,1 <= ... < 4 years,1,male,none,2,building society savings agreement / life insurance,24,none,own,1,skilled employee / official,1,none,yes,2,divorced/separated
... < 0 DM,18,all credits at this bank paid back duly,others,1338,... < 100 DM,1 <= ... < 4 years,4,female,guarantor,2,real estate,35,none,rent,1,skilled employee / official,1,none,yes,2,divorced/separated
no checking account,4,critical account / other credits existing (not at this bank),furniture/equipment,9792,unknown / no savings account,... >= 7 years,4,male,none,4,unknown / no property,24,none,for free,1,management / self-employed / highly qualified employee / officer,2,"yes, registered under customer's name",yes,1,single
... < 0 DM,21,existing credits paid back duly till now,car (used),1944,... < 100 DM,1 <= ... < 4 years,2,male,none,4,unknown / no property,62,none,for free,2,management / self-employed / highly qualified employee / officer,2,"yes, registered under customer's name",yes,1,single
0 <= ... < 200 DM,18,existing credits paid back duly till now,furniture/equipment,1175,... < 100 DM,1 <= ... < 4 years,4,male,none,1,real estate,29,none,own,1,unskilled - resident,1,none,yes,2,divorced/separated
0 <= ... < 200 DM,28,critical account / other credits existing (not at this bank),business,3570,500 <= ... < 1000 DM,1 <= ... < 4 years,4,male,none,4,"car or other, not in savings account",19,none,own,1,management / self-employed / highly qualified employee / officer,1,none,yes,1,single
0 <= ... < 200 DM,5,delay in paying off in the past,radio/television,2812,... < 100 DM,1 <= ... < 4 years,2,male,none,2,"car or other, not in savings account",46,none,own,1,skilled employee / official,2,none,yes,1,single
no checking account,46,all credits at this bank paid back duly,car (new),2562,500 <= ... < 1000 DM,4 <= ... < 7 years,4,male,none,4,unknown / no property,60,none,own,1,management / self-employed / highly qualified employee / officer,1,"yes, registered under customer's name",yes,2,single
0 <= ... < 200 DM,4,existing credits paid back duly till now,furniture/equipment,1358,100 <= ... < 500 DM,1 <= ... < 4 years,3,female,none,4,building society savings agreement / life insurance,36,none,own,1,skilled employee / official,1,none,yes,2,divorced/separated
... < 0 DM,18,existing credits paid back duly till now,retraining,2718,... < 100 DM,1 <= ... < 4 years,4,female,none,1,real estate,20,none,own,1,skilled employee / official,2,"yes, registered under customer's name",yes,1,divorced/separated
0 <= ... < 200 DM,4,existing credits paid back duly till now,radio/television,3717,... < 100 DM,1 <= ... < 4 years,2,male,none,2,"car or other, not in savings account",23,none,rent,1,unskilled - resident,1,none,yes,2,divorced/separated
... >= 200 DM / salary assignments for at least 1 year,25,existing credits paid back duly till now,radio/television,3196,... < 100 DM,... < 1 year,4,female,none,1,building society savings agreement / life insurance,19,none,own,1,skilled employee / official,2,none,yes,1,divorced/separated
0 <= ... < 200 DM,23,existing credits paid back duly till now,car (new),2861,... < 100 DM,1 <= ... < 4 years,4,male,none,3,building society savings agreement / life insurance,37,none,own,2,unskilled - resident,1,"yes, registered under customer's name",yes,1,single
... >= 200 DM / salary assignments for at least 1 year,25,existing credits paid back duly till now,radio/television,618,unknown / no savings account,1 <= ... < 4 years,1,male,none,2,building society savings agreement / life insurance,19,none,rent,1,skilled employee / official,1,none,yes,2,divorced/separated
no checking account,28,existing credits paid back duly till now,repairs,2414,... < 100 DM,4 <= ... < 7 years,4,female,none,2,"car or other, not in savings account",19,none,own,1,unskilled - resident,1,none,yes,2,divorced/separated
... < 0 DM,4,critical account / other credits existing (not at this bank),business,762,... < 100 DM,1 <= ... < 4 years,4,male,none,4,"car or other, not in savings account",42,none,own,2,skilled employee / official,1,none,yes,1,divorced/separated
0 <= ... < 200 DM,4,delay in paying off in the past,car (new),11689,... >= 1000 DM,4 <= ... < 7 years,4,male,none,2,"car or other, not in savings account",32,none,own,1,unskilled - resident,1,"yes, registered under customer's name",yes,1,single
no checking account,34,all credits at this bank paid back duly,business,10253,unknown / no savings account,... >= 7 years,3,male,none,4,unknown / no property,55,none,for free,2,management / self-employed / highly qualified employee / officer,2,"yes, registered under customer's name",yes,1,single
... >= 200 DM / salary assignments for at least 1 year,14,existing credits paid back duly till now,education,15945,unknown / no savings account,unemployed,4,male,none,2,building society savings agreement / life insurance,42,bank,own,1,skilled employee / official,1,"yes, registered under customer's name",yes,1,single
no checking account,6,delay in paying off in the past,car (new),1785,... < 100 DM,1 <= ... < 4 years,2,male,none,2,"car or other, not in savings account",75,none,rent,1,skilled employee / official,1,"yes, registered under customer's name",yes,2,single
0 <= ... < 200 DM,17,existing credits paid back duly till now,radio/television,3139,... < 100 DM,1 <= ... < 4 years,4,female,none,1,"car or other, not in savings account",31,stores,rent,1,unskilled - resident,1,none,yes,2,married/widowed
0 <= ... < 200 DM,24,existing credits paid back duly till now,furniture/equipment,1662,... < 100 DM,1 <= ... < 4 years,4,female,none,3,real estate,34,none,rent,1,management / self-employed / highly qualified employee / officer,1,none,yes,1,divorced/separated
0 <= ... < 200 DM,4,critical account / other credits existing (not at this bank),education,4078,unknown / no savings account,... >= 7 years,3,male,none,4,unknown / no property,59,none,for free,3,management / self-employed / highly qualified employee / officer,2,"yes, registered under customer's name",yes,1,single
0 <= ... < 200 DM,22,no credits taken / all credits paid back duly,car (used),12803,100 <= ... < 500 DM,... >= 7 years,4,male,none,4,"car or other, not in savings account",50,none,for free,2,management / self-employed / highly qualified employee / officer,2,"yes, registered under customer's name",yes,1,single
0 <= ... < 200 DM,24,existing credits paid back duly till now,furniture/equipment,250,... < 100 DM,1 <= ... < 4 years,3,male,none,3,"car or other, not in savings account",27,none,rent,2,skilled employee / official,1,none,yes,1,divorced/separated
0 <= ... < 200 DM,27,existing credits paid back duly till now,furniture/equipment,3486,... < 100 DM,... < 1 year,4,male,none,1,"car or other, not in savings account",19,none,rent,1,skilled employee / official,1,none,yes,2,divorced/separated
0 <= ... < 200 DM,10,critical account / other credits existing (not at this bank),car (new),6076,unknown / no savings account,... >= 7 years,4,male,none,4,unknown / no property,47,none,for free,1,skilled employee / official,1,"yes, registered under customer's name",yes,1,single
no checking account,11,existing credits paid back duly till now,car (used),7310,unknown / no savings account,... < 1 year,4,male,none,4,unknown / no property,38,bank,own,1,unskilled - resident,2,"yes, registered under customer's name",no,1,single
0 <= ... < 200 DM,38,existing credits paid back duly till now,car (new),250,100 <= ... < 500 DM,1 <= ... < 4 years,2,male,none,2,"car or other, not in savings account",25,none,for free,2,unskilled - resident,1,"yes, registered under customer's name",yes,1,single
0 <= ... < 200 DM,24,all credits at this bank paid back duly,radio/television,3197,... < 100 DM,... >= 7 years,4,female,none,2,building society savings agreement / life insurance,38,none,rent,1,management / self-employed / highly qualified employee / officer,1,none,yes,2,divorced/separated
0 <= ... < 200 DM,72,delay in paying off in the past,car (used),11677,unknown / no savings account,unemployed,4,male,none,4,unknown / no property,33,none,own,2,management / self-employed / highly qualified employee / officer,1,"yes, registered under customer's name",yes,1,single
no checking account,9,critical account / other credits existing (not at this bank),car (new),7989,... < 100 DM,1 <= ... < 4 years,4,male,none,4,"car or other, not in savings account",42,none,own,3,management / self-employed / highly qualified employee / officer,1,"yes, registered under customer's name",yes,1,single
no checking account,4,delay in paying off in the past,furniture/equipment,1774,... < 100 DM,1 <= ... < 4 years,2,male,none,1,building society savings agreement / life insurance,37,none,own,2,unskilled - resident,1,none,yes,1,single
0 <= ... < 200 DM,41,existing credits paid back duly till now,car (used),15945,500 <= ... < 1000 DM,unemployed,4,male,none,4,"car or other, not in savings account",33,bank,for free,1,skilled employee / official,1,"yes, registered under customer's name",yes,2,single
... < 0 DM,4,delay in paying off in the past,car (new),2080,... < 100 DM,1 <= ... < 4 years,4,male,none,4,real estate,40,none,rent,1,skilled employee / official,1,"yes, registered under customer's name",yes,1,single
0 <= ... < 200 DM,24,critical account / other credits existing (not at this bank),furniture/equipment,10734,100 <= ... < 500 DM,4 <= ... < 7 years,3,male,none,4,building society savings agreement / life insurance,58,none,for free,3,management / self-employed / highly qualified employee / officer,2,"yes, registered under customer's name",yes,1,single
... >= 200 DM / salary assignments for at least 1 year,11,existing credits paid back duly till now,furniture/equipment,2100,... < 100 DM,unemployed,4,female,none,4,building society savings agreement / life insurance,36,none,rent,1,unskilled - resident,1,none,yes,2,married/widowed
... < 0 DM,27,delay in paying off in the past,car (used),2712,100 <= ... < 500 DM,4 <= ... < 7 years,1,female,guarantor,3,"car or other, not in savings account",39,none,own,1,unemployed / unskilled - non-resident,1,none,yes,1,single
no checking account,9,delay in paying off in the past,car (new),2234,... < 100 DM,1 <= ... < 4 years,4,male,none,2,real estate,20,none,own,2,skilled employee / official,1,none,yes,2,single
0 <= ... < 200 DM,26,existing credits paid back duly till now,car (new),1834,unknown / no savings account,1 <= ... < 4 years,3,male,none,4,real estate,45,none,own,1,skilled employee / official,1,none,yes,1,single
0 <= ... < 200 DM,25,existing credits paid back duly till now,furniture/equipment,7631,... < 100 DM,... < 1 year,2,female,none,4,unknown / no property,31,none,rent,1,skilled employee / official,1,none,yes,2,divorced/separated
0 <= ... < 200 DM,22,all credits at this bank paid back duly,furniture/equipment,3418,... < 100 DM,... >= 7 years,3,male,none,1,building society savings agreement / life insurance,36,none,rent,1,skilled employee / official,1,none,yes,2,divorced/separated
... < 0 DM,15,existing credits paid back duly till now,radio/television,3329,... < 100 DM,1 <= ... < 4 years,1,female,none,4,real estate,27,none,own,1,skilled employee / official,1,none,yes,2,divorced/separated
0 <= ... < 200 DM,26,critical account / other credits existing (not at this bank),radio/television,1541,100 <= ... < 500 DM,4 <= ... < 7 years,4,male,guarantor,4,"car or other, not in savings account",45,none,own,2,unskilled - resident,2,"yes, registered under customer's name",yes,1,divorced/separated
0 <= ... < 200 DM,20,existing credits paid back duly till now,car (new),2305,500 <= ... < 1000 DM,... >= 7 years,4,male,none,4,building society savings agreement / life insurance,27,none,rent,2,skilled employee / official,2,"yes, registered under customer's name",yes,1,married/widowed
0 <= ... < 200 DM,23,existing credits paid back duly till now,car (used),2503,... < 100 DM,1 <= ... < 4 years,2,male,none,4,building society savings agreement / life insurance,75,none,own,2,unskilled - resident,1,none,yes,1,single
0 <= ... < 200 DM,27,existing credits paid back duly till now,car (new),714,... < 100 DM,4 <= ... < 7 years,3,male,none,3,building society savings agreement / life insurance,24,none,rent,1,skilled employee / official,1,"yes, registered under customer's name",yes,2,single
0 <= ... < 200 DM,69,existing credits paid back duly till now,car (used),2160,unknown / no savings account,4 <= ... < 7 years,1,male,none,4,"car or other, not in savings account",19,none,rent,1,management / self-employed / highly qualified employee / officer,1,none,yes,2,divorced/separated
... < 0 DM,5,existing credits paid back duly till now,car (new),5229,... >= 1000 DM,1 <= ... < 4 years,4,female,guarantor,2,"car or other, not in savings account",22,none,own,1,unskilled - resident,1,none,yes,2,divorced/separated
... < 0 DM,22,critical account / other credits existing (not at this bank),car (new),3337,... < 100 DM,unemployed,4,male,none,3,unknown / no property,44,none,own,2,skilled employee / official,1,"yes, registered under customer's name",yes,1,single
... < 0 DM,14,existing credits paid back duly till now,education,1493,... < 100 DM,1 <= ... < 4 years,4,male,guarantor,2,building society savings agreement / life insurance,23,none,own,2,unskilled - resident,1,none,yes,1,married/widowed
no checking account,24,delay in paying off in the past,radio/television,14983,... < 100 DM,1 <= ... < 4 years,4,male,none,4,"car or other, not in savings account",45,none,for free,1,skilled employee / official,1,none,yes,2,single
no checking account,10,delay in paying off in the past,furniture/equipment,10051,unknown / no savings account,... >= 7 years,2,male,none,4,unknown / no property,37,none,own,3,skilled employee / official,1,none,yes,2,single
no checking account,4,critical account / other credits existing (not at this bank),radio/television,13411,unknown / no savings account,unemployed,3,male,none,3,unknown / no property,67,none,for free,2,skilled employee / official,2,none,yes,1,single
0 <= ... < 200 DM,14,existing credits paid back duly till now,furniture/equipment,250,... < 100 DM,1 <= ... < 4 years,1,female,none,3,real estate,22,none,own,1,unskilled - resident,1,none,yes,1,divorced/separated
0 <= ... < 200 DM,22,existing credits paid back duly till now,furniture/equipment,841,... < 100 DM,... < 1 year,2,female,none,1,"car or other, not in savings account",22,none,for free,1,unskilled - resident,1,none,yes,2,divorced/separated
no checking account,15,existing credits paid back duly till now,furniture/equipment,2191,... < 100 DM,1 <= ... < 4 years,4,male,none,4,"car or other, not in savings account",41,none,own,2,unskilled - resident,1,none,yes,1,single
no checking account,28,existing credits paid back duly till now,radio/television,2909,unknown / no savings account,1 <= ... < 4 years,4,male,none,2,building society savings agreement / life insurance,45,none,rent,2,skilled employee / official,1,none,yes,1,single
0 <= ... < 200 DM,29,all credits at this bank paid back duly,furniture/equipment,3255,... < 100 DM,4 <= ... < 7 years,4,male,none,3,"car or other, not in savings account",30,none,rent,2,skilled employee / official,1,none,yes,1,divorced/separated
... < 0 DM,16,existing credits paid back duly till now,radio/television,1599,... < 100 DM,1 <= ... < 4 years,4,male,none,3,building society savings agreement / life insurance,58,none,own,1,unskilled - resident,1,none,yes,1,single
... < 0 DM,4,delay in paying off in the past,car (new),1888,... < 100 DM,4 <= ... < 7 years,4,male,none,4,"car or other, not in savings account",35,none,own,1,skilled employee / official,1,none,yes,2,married/widowed
0 <= ... < 200 DM,10,existing credits paid back duly till now,radio/television,5164,... < 100 DM,1 <= ... < 4 years,4,male,none,4,building society savings agreement / life insurance,51,none,own,1,skilled employee / official,1,"yes, registered under customer's name",yes,2,single
0 <= ... < 200 DM,23,existing credits paid back duly till now,furniture/equipment,3236,unknown / no savings account,... < 1 year,2,female,co-applicant,4,real estate,24,none,own,1,management / self-employed / highly qualified employee / officer,1,none,yes,2,divorced/separated
0 <= ... < 200 DM,21,existing credits paid back duly till now,radio/television,3537,... < 100 DM,... < 1 year,4,female,none,4,real estate,31,none,rent,1,skilled employee / official,1,none,yes,2,divorced/separated
0 <= ... < 200 DM,29,existing credits paid back duly till now,radio/television,1778,... < 100 DM,4 <= ... < 7 years,4,male,none,4,real estate,35,none,own,1,skilled employee / official,1,none,yes,2,divorced/separated
0 <= ... < 200 DM,17,critical account / other credits existing (not at this bank),education,4391,unknown / no savings account,1 <= ... < 4 years,4,male,none,4,"car or other, not in savings account",30,none,own,1,skilled employee / official,1,none,yes,2,single
0 <= ... < 200 DM,13,delay in paying off in the past,car (new),3314,500 <= ... < 1000 DM,4 <= ... < 7 years,4,female,none,2,real estate,75,none,own,1,skilled employee / official,1,"yes, registered under customer's name",yes,2,single
no checking account,45,existing credits paid back duly till now,car (new),15945,unknown / no savings account,... >= 7 years,4,male,none,4,unknown / no property,57,none,for free,2,management / self-employed / highly qualified employee / officer,1,"yes, registered under customer's name",yes,1,single
... < 0 DM,14,critical account / other credits existing (not at this bank),furniture/equipment,6414,unknown / no savings account,1 <= ... < 4 years,4,male,none,1,real estate,46,none,own,1,skilled employee / official,1,"yes, registered under customer's name",yes,1,single
0 <= ... < 200 DM,4,no credits taken / all credits paid back duly,car (used),5165,100 <= ... < 500 DM,... >= 7 years,4,male,none,4,"car or other, not in savings account",48,bank,for free,2,management / self-employed / highly qualified employee / officer,2,"yes, registered under customer's name",yes,1,single
... < 0 DM,61,existing credits paid back duly till now,car (new),5027,... < 100 DM,unemployed,4,male,none,1,building society savings agreement / life insurance,33,none,own,2,skilled employee / official,2,"yes, registered under customer's name",yes,1,single
no checking account,20,existing credits paid back duly till now,radio/television,250,... < 100 DM,1 <= ... < 4 years,4,male,co-applicant,4,building society savings agreement / life insurance,30,none,rent,1,unskilled - resident,1,"yes, registered under customer's name",yes,2,divorced/separated
... < 0 DM,26,all credits at this bank paid back duly,car (used),5758,... < 100 DM,1 <= ... < 4 years,1,female,none,3,"car or other, not in savings account",22,none,rent,2,unskilled - resident,1,"yes, registered under customer's name",yes,1,divorced/separated
no checking account,42,delay in paying off in the past,radio/television,2578,100 <= ... < 500 DM,4 <= ... < 7 years,4,female,none,2,unknown / no property,47,bank,own,2,skilled employee / official,1,"yes, registered under customer's name",yes,2,divorced/separated
... < 0 DM,25,delay in paying off in the past,car (used),1998,... < 100 DM,4 <= ... < 7 years,4,male,none,3,unknown / no property,40,none,for free,1,skilled employee / official,1,"yes, registered under customer's name",yes,2,single
0 <= ... < 200 DM,52,delay in paying off in the past,car (new),3170,unknown / no savings account,1 <= ... < 4 years,3,male,none,4,unknown / no property,40,none,own,2,management / self-employed / highly qualified employee / officer,1,"yes, registered under customer's name",yes,2,single
... < 0 DM,10,all credits at this bank paid back duly,repairs,4709,... < 100 DM,unemployed,2,male,none,2,"car or other, not in savings account",43,none,own,1,skilled employee / official,1,"yes, registered under customer's name",yes,1,divorced/separated
... >= 200 DM / salary assignments for at least 1 year,20,delay in paying off in the past,radio/television,2294,500 <= ... < 1000 DM,1 <= ... < 4 years,4,male,none,4,real estate,24,none,own,2,unskilled - resident,1,"yes, registered under customer's name",yes,1,single
0 <= ... < 200 DM,26,existing credits paid back duly till now,radio/television,509,... < 100 DM,1 <= ... < 4 years,4,female,guarantor,2,real estate,26,none,own,1,skilled employee / official,1,none,yes,2,divorced/separated
0 <= ... < 200 DM,72,critical account / other credits existing (not at this bank),radio/television,10404,unknown / no savings account,... >= 7 years,4,male,none,3,"car or other, not in savings account",25,stores,own,2,management / self-employed / highly qualified employee / officer,2,"yes, registered under customer's name",yes,1,single
no checking account,25,delay in paying off in the past,car (new),2151,... < 100 DM,... >= 7 years,2,male,none,3,"car or other, not in savings account",51,none,own,2,skilled employee / official,2,"yes, registered under customer's name",yes,1,single
... >= 200 DM / salary assignments for at least 1 year,29,no credits taken / all credits paid back duly,business,9555,... < 100 DM,4 <= ... < 7 years,4,male,none,3,real estate,66,none,own,1,skilled employee / official,1,none,yes,2,single
no checking account,23,existing credits paid back duly till now,car (new),15945,100 <= ... < 500 DM,1 <= ... < 4 years,4,male,none,3,"car or other, not in savings account",41,none,own,1,management / self-employed / highly qualified employee / officer,1,none,yes,1,single
0 <= ... < 200 DM,26,delay in paying off in the past,furniture/equipment,3222,100 <= ... < 500 DM,4 <= ... < 7 years,4,male,none,2,"car or other, not in savings account",31,none,own,1,skilled employee / official,1,none,yes,2,divorced/separated
no checking account,16,critical account / other credits existing (not at this bank),education,8138,... < 100 DM,unemployed,4,male,none,2,real estate,75,none,own,2,skilled employee / official,1,none,yes,1,single
0 <= ... < 200 DM,19,existing credits paid back duly till now,furniture/equipment,10438,500 <= ... < 1000 DM,1 <= ... < 4 years,4,female,none,4,real estate,27,none,own,1,unskilled - resident,1,"yes, registered under customer's name",yes,2,divorced/separated
no checking account,17,critical account / other credits existing (not at this bank),radio/television,3483,unknown / no savings account,1 <= ... < 4 years,3,male,none,4,"car or other, not in savings account",40,stores,own,2,skilled employee / official,1,none,yes,2,single
0 <= ... < 200 DM,29,existing credits paid back duly till now,radio/television,1536,... < 100 DM,1 <= ... < 4 years,4,female,guarantor,3,real estate,25,none,rent,1,unskilled - resident,1,none,yes,2,divorced/separated
no checking account,21,critical account / other credits existing (not at this bank),car (used),12332,unknown / no savings account,... >= 7 years,4,male,none,3,building society savings agreement / life insurance,54,none,own,1,management / self-employed / highly qualified employee / officer,2,"yes, registered under customer's name",yes,1,single
no checking account,28,all credits at this bank paid back duly,education,5180,... < 100 DM,1 <= ... < 4 years,2,male,none,2,real estate,19,none,rent,2,unskilled - resident,1,"yes, registered under customer's name",yes,1,single
no checking account,4,critical account / other credits existing (not at this bank),business,1478,... < 100 DM,4 <= ... < 7 years,4,male,none,2,unknown / no property,19,none,for free,2,unskilled - resident,1,"yes, registered under customer's name",yes,1,divorced/separated
0 <= ... < 200 DM,13,existing credits paid back duly till now,furniture/equipment,1087,500 <= ... < 1000 DM,4 <= ... < 7 years,4,female,none,3,real estate,35,none,rent,2,unskilled - resident,1,none,yes,2,divorced/separated
... >= 200 DM / salary assignments for at least 1 year,20,critical account / other credits existing (not at this bank),business,11909,unknown / no savings account,1 <= ... < 4 years,1,male,none,2,unknown / no property,58,none,own,2,skilled employee / official,1,"yes, registered under customer's name",yes,1,single
no checking account,24,existing credits paid back duly till now,radio/television,1510,500 <= ... < 1000 DM,1 <= ... < 4 years,2,male,none,1,"car or other, not in savings account",44,none,own,1,management / self-employed / highly qualified employee / officer,1,none,yes,1,single
0 <= ... < 200 DM,29,existing credits paid back duly till now,furniture/equipment,5719,... >= 1000 DM,... < 1 year,1,male,none,1,building society savings agreement / life insurance,75,none,rent,1,skilled employee / official,1,none,yes,1,divorced/separated
... < 0 DM,72,existing credits paid back duly till now,furniture/equipment,10910,unknown / no savings account,... >= 7 years,1,male,none,4,"car or other, not in savings account",28,none,own,1,unskilled - resident,1,none,yes,1,single
0 <= ... < 200 DM,11,existing credits paid back duly till now,furniture/equipment,1553,... < 100 DM,... < 1 year,2,female,none,1,real estate,20,none,rent,1,skilled employee / official,1,none,yes,2,divorced/separated
0 <= ... < 200 DM,22,existing credits paid back duly till now,furniture/equipment,3169,... < 100 DM,1 <= ... < 4 years,2,female,none,4,real estate,32,none,own,1,skilled employee / official,1,none,yes,2,divorced/separated
... < 0 DM,15,all credits at this bank paid back duly,radio/television,5657,unknown / no savings account,1 <= ... < 4 years,4,female,none,2,real estate,19,none,rent,1,unskilled - resident,1,"yes, registered under customer's name",yes,1,divorced/separated
0 <= ... < 200 DM,12,critical account / other credits existing (not at this bank),furniture/equipment,15945,... < 100 DM,unemployed,4,male,co-applicant,3,building society savings agreement / life insurance,28,none,for free,2,skilled employee / official,1,"yes, registered under customer's name",yes,1,married/widowed
no checking account,10,existing credits paid back duly till now,others,5838,500 <= ... < 1000 DM,unemployed,2,male,guarantor,4,real estate,41,none,for free,2,skilled employee / official,2,"yes, registered under customer's name",yes,1,married/widowed
no checking account,72,delay in paying off in the past,car (used),1007,... < 100 DM,unemployed,4,male,none,4,unknown / no property,70,bank,own,4,skilled employee / official,1,"yes, registered under customer's name",yes,2,single
0 <= ... < 200 DM,12,all credits at this bank paid back duly,car (new),250,100 <= ... < 500 DM,4 <= ... < 7 years,2,male,none,4,building society savings agreement / life insurance,42,none,own,2,unskilled - resident,1,none,yes,1,single
no checking account,22,existing credits paid back duly till now,radio/television,2115,... < 100 DM,1 <= ... < 4 years,4,male,none,1,real estate,31,none,own,1,skilled employee / official,1,none,yes,1,single
... < 0 DM,35,critical account / other credits existing (not at this bank),radio/television,12792,... < 100 DM,... >= 7 years,4,male,none,3,"car or other, not in savings account",48,none,for free,2,skilled employee / official,1,none,yes,1,single
no checking account,13,existing credits paid back duly till now,radio/television,11386,... < 100 DM,1 <= ... < 4 years,4,male,none,4,unknown / no property,75,none,own,1,skilled employee / official,1,none,yes,2,single
no checking account,24,critical account / other credits existing (not at this bank),furniture/equipment,3529,unknown / no savings account,1 <= ... < 4 years,4,male,none,4,unknown / no property,37,bank,for free,3,unskilled - resident,1,"yes, registered under customer's name",yes,1,single
no checking account,9,existing credits paid back duly till now,radio/television,11539,500 <= ... < 1000 DM,1 <= ... < 4 years,3,male,none,1,building society savings agreement / life insurance,70,none,rent,2,skilled employee / official,1,"yes, registered under customer's name",yes,1,single
0 <= ... < 200 DM,31,existing credits paid back duly till now,radio/television,1353,... < 100 DM,4 <= ... < 7 years,4,male,guarantor,4,building society savings agreement / life insurance,30,none,own,1,skilled employee / official,1,none,yes,2,married/widowed
0 <= ... < 200 DM,20,delay in paying off in the past,radio/television,6618,... < 100 DM,... >= 7 years,4,male,guarantor,4,unknown / no property,49,none,own,4,skilled employee / official,2,"yes, registered under customer's name",yes,1,single
0 <= ... < 200 DM,11,existing credits paid back duly till now,car (used),5739,... < 100 DM,4 <= ... < 7 years,4,male,none,2,"car or other, not in savings account",30,stores,own,1,management / self-employed / highly qualified employee / officer,1,none,yes,2,single
no checking account,27,critical account / other credits existing (not at this bank),car (used),4705,unknown / no savings account,... >= 7 years,3,male,none,4,unknown / no property,54,none,for free,1,management / self-employed / highly qualified employee / officer,2,"yes, registered under customer's name",yes,1,single
... < 0 DM,22,existing credits paid back duly till now,car (new),2898,... < 100 DM,1 <= ... < 4 years,1,male,none,4,building society savings agreement / life insurance,23,none,own,2,unskilled - resident,1,none,yes,1,divorced/separated
no checking account,31,existing credits paid back duly till now,furniture/equipment,6018,... < 100 DM,1 <= ... < 4 years,3,female,none,3,"car or other, not in savings account",23,none,rent,1,skilled employee / official,1,none,yes,1,divorced/separated
... >= 200 DM / salary assignments for at least 1 year,21,existing credits paid back duly till now,education,1085,500 <= ... < 1000 DM,... >= 7 years,4,male,guarantor,4,"car or other, not in savings account",55,none,for free,2,management / self-employed / highly qualified employee / officer,1,"yes, registered under customer's name",yes,2,single
0 <= ... < 200 DM,23,existing credits paid back duly till now,radio/television,3020,... < 100 DM,1 <= ... < 4 years,4,male,none,3,"car or other, not in savings account",34,none,own,1,unskilled - resident,1,none,yes,2,divorced/separated
0 <= ... < 200 DM,20,delay in paying off in the past,business,2434,100 <= ... < 500 DM,1 <= ... < 4 years,4,male,none,3,unknown / no property,36,none,own,1,skilled employee / official,1,"yes, registered under customer's name",yes,1,married/widowed
... < 0 DM,14,critical account / other credits existing (not at this bank),radio/television,2857,unknown / no savings account,... >= 7 years,2,male,none,2,building society savings agreement / life insurance,66,none,own,2,management / self-employed / highly qualified employee / officer,2,"yes, registered under customer's name",yes,1,single
0 <= ... < 200 DM,23,existing credits paid back duly till now,education,1758,... < 100 DM,4 <= ... < 7 years,4,male,none,4,unknown / no property,34,none,rent,1,skilled employee / official,1,none,yes,1,single
no checking account,12,existing credits paid back duly till now,furniture/equipment,1998,... < 100 DM,4 <= ... < 7 years,4,male,none,2,building society savings agreement / life insurance,27,none,own,2,skilled employee / official,1,none,yes,1,single
0 <= ... < 200 DM,25,existing credits paid back duly till now,furniture/equipment,2743,... < 100 DM,1 <= ... < 4 years,1,male,none,1,"car or other, not in savings account",37,none,own,1,skilled employee / official,1,none,yes,1,married/widowed
0 <= ... < 200 DM,24,existing credits paid back duly till now,furniture/equipment,2632,... < 100 DM,1 <= ... < 4 years,4,male,none,2,"car or other, not in savings account",50,none,rent,2,management / self-employed / highly qualified employee / officer,1,"yes, registered under customer's name",yes,1,married/widowed
no checking account,24,existing credits paid back duly till now,car (new),2348,100 <= ... < 500 DM,... < 1 year,4,female,none,3,unknown / no property,41,none,own,1,management / self-employed / highly qualified employee / officer,1,none,yes,2,single
0 <= ... < 200 DM,15,existing credits paid back duly till now,radio/television,1103,... < 100 DM,1 <= ... < 4 years,4,female,none,1,"car or other, not in savings account",20,none,rent,1,skilled employee / official,1,none,yes,1,divorced/separated
0 <= ... < 200 DM,19,existing credits paid back duly till now,radio/television,2790,... < 100 DM,4 <= ... < 7 years,1,female,co-applicant,2,real estate,19,none,rent,1,unskilled - resident,1,none,yes,2,divorced/separated
0 <= ... < 200 DM,10,existing credits paid back duly till now,car (new),2841,... < 100 DM,1 <= ... < 4 years,1,female,guarantor,2,"car or other, not in savings account",34,none,own,1,skilled employee / official,1,none,yes,2,divorced/separated
... < 0 DM,56,critical account / other credits existing (not at this bank),car (used),8970,500 <= ... < 1000 DM,unemployed,1,male,none,4,unknown / no property,57,none,own,2,management / self-employed / highly qualified employee / officer,2,"yes, registered under customer's name",yes,1,single
no checking account,63,no credits taken / all credits paid back duly,car (used),3692,100 <= ... < 500 DM,... >= 7 years,4,male,none,4,unknown / no property,43,none,for free,4,management / self-employed / highly qualified employee / officer,1,"yes, registered under customer's name",yes,1,single
no checking account,15,critical account / other credits existing (not at this bank),car (new),1746,unknown / no savings account,unemployed,4,male,none,4,"car or other, not in savings account",37,none,own,1,management / self-employed / highly qualified employee / officer,1,"yes, registered under customer's name",yes,1,single
0 <= ... < 200 DM,61,all credits at this bank paid back duly,car (new),683,unknown / no savings account,... >= 7 years,4,male,none,4,building society savings agreement / life insurance,38,none,own,1,management / self-employed / highly qualified employee / officer,1,"yes, registered under customer's name",yes,2,single
no checking account,70,existing credits paid back duly till now,business,11178,unknown / no savings account,1 <= ... < 4 years,4,male,none,4,unknown / no property,34,none,for free,1,skilled employee / official,1,"yes, registered under customer's name",yes,1,single
0 <= ... < 200 DM,52,existing credits paid back duly till now,furniture/equipment,11759,100 <= ... < 500 DM,... >= 7 years,2,male,none,4,building society savings agreement / life insurance,50,bank,for free,1,management / self-employed / highly qualified employee / officer,1,"yes, registered under customer's name",yes,1,single
no checking account,38,critical account / other credits existing (not at this bank),business,250,... < 100 DM,1 <= ... < 4 years,2,male,none,4,unknown / no property,37,none,for free,1,skilled employee / official,1,"yes, registered under customer's name",yes,1,single
... < 0 DM,20,existing credits paid back duly till now,car (new),5614,500 <= ... < 1000 DM,1 <= ... < 4 years,4,male,co-applicant,4,"car or other, not in savings account",36,bank,own,2,unskilled - resident,1,"yes, registered under customer's name",yes,1,single
no checking account,23,critical account / other credits existing (not at this bank),car (new),2867,... < 100 DM,1 <= ... < 4 years,1,female,none,4,"car or other, not in savings account",33,bank,rent,1,unskilled - resident,1,"yes, registered under customer's name",yes,2,single
0 <= ... < 200 DM,13,existing credits paid back duly till now,furniture/equipment,2480,... < 100 DM,1 <= ... < 4 years,4,female,none,2,real estate,31,none,own,1,unskilled - resident,1,none,yes,1,divorced/separated
... < 0 DM,29,existing credits paid back duly till now,furniture/equipment,2708,... < 100 DM,1 <= ... < 4 years,4,female,none,4,real estate,19,none,for free,1,skilled employee / official,1,none,yes,2,single
0 <= ... < 200 DM,34,existing credits paid back duly till now,car (new),9342,100 <= ... < 500 DM,1 <= ... < 4 years,3,male,none,4,unknown / no property,35,none,for free,1,management / self-employed / highly qualified employee / officer,1,none,yes,1,single
... < 0 DM,25,existing credits paid back duly till now,education,1711,... < 100 DM,... >= 7 years,4,male,none,4,unknown / no property,44,none,own,2,management / self-employed / highly qualified employee / officer,1,"yes, registered under customer's name",yes,1,single
no checking account,32,critical account / other credits existing (not at this bank),business,6214,unknown / no savings account,... >= 7 years,2,male,none,4,unknown / no property,75,none,for free,1,management / self-employed / highly qualified employee / officer,2,"yes, registered under customer's name",yes,1,single
0 <= ... < 200 DM,27,existing credits paid back duly till now,car (new),2298,... < 100 DM,1 <= ... < 4 years,4,male,none,2,building society savings agreement / life insurance,27,none,own,1,unskilled - resident,1,none,yes,1,married/widowed
0 <= ... < 200 DM,24,existing credits paid back duly till now,car (new),2530,... >= 1000 DM,1 <= ... < 4 years,4,male,none,2,"car or other, not in savings account",29,none,own,2,skilled employee / official,1,"yes, registered under customer's name",yes,1,single
0 <= ... < 200 DM,28,existing credits paid back duly till now,furniture/equipment,1091,... < 100 DM,1 <= ... < 4 years,4,female,none,4,building society savings agreement / life insurance,23,none,rent,1,skilled employee / official,1,none,yes,1,divorced/separated
... < 0 DM,66,existing credits paid back duly till now,furniture/equipment,1129,unknown / no savings account,1 <= ... < 4 years,1,male,co-applicant,4,"car or other, not in savings account",21,none,own,1,skilled employee / official,1,none,yes,1,divorced/separated
0 <= ... < 200 DM,21,critical account / other credits existing (not at this bank),radio/television,2141,... < 100 DM,1 <= ... < 4 years,4,male,none,3,unknown / no property,47,none,own,1,skilled employee / official,2,none,yes,2,divorced/separated
0 <= ... < 200 DM,23,existing credits paid back duly till now,radio/television,3426,... < 100 DM,4 <= ... < 7 years,4,male,none,3,"car or other, not in savings account",47,none,own,1,skilled employee / official,1,"yes, registered under customer's name",yes,2,single
... < 0 DM,14,critical account / other credits existing (not at this bank),car (new),2214,... < 100 DM,... >= 7 years,3,male,none,2,unknown / no property,19,none,for free,1,unskilled - resident,2,none,yes,1,single
no checking account,29,existing credits paid back duly till now,car (used),3082,... < 100 DM,4 <= ... < 7 years,4,male,none,2,"car or other, not in savings account",48,none,own,1,skilled employee / official,1,none,yes,1,single
0 <= ... < 200 DM,28,existing credits paid back duly till now,radio/television,250,... < 100 DM,1 <= ... < 4 years,2,female,none,2,"car or other, not in savings account",24,none,own,1,skilled employee / official,1,none,yes,2,divorced/separated
... < 0 DM,27,existing credits paid back duly till now,car (new),6186,unknown / no savings account,... < 1 year,3,male,none,4,"car or other, not in savings account",44,none,own,2,management / self-employed / highly qualified employee / officer,1,"yes, registered under customer's name",no,1,married/widowed
... >= 200 DM / salary assignments for at least 1 year,29,existing credits paid back duly till now,domestic appliances,2152,unknown / no savings account,unemployed,4,female,none,3,building society savings agreement / life insurance,19,none,rent,1,unskilled - resident,1,none,yes,1,married/widowed
... >= 200 DM / salary assignments for at least 1 year,29,delay in paying off in the past,car (used),5522,... >= 1000 DM,1 <= ... < 4 years,3,female,none,4,real estate,57,none,rent,1,unskilled - resident,1,none,yes,2,divorced/separated
no checking account,16,existing credits paid back duly till now,education,9638,... < 100 DM,1 <= ... < 4 years,2,male,none,4,building society savings agreement / life insurance,19,none,own,1,unskilled - resident,1,none,yes,2,divorced/separated
no checking account,57,delay in paying off in the past,car (used),7375,... < 100 DM,... >= 7 years,4,male,none,4,building society savings agreement / life insurance,48,bank,for free,2,skilled employee / official,2,"yes, registered under customer's name",yes,1,single
0 <= ... < 200 DM,4,existing credits paid back duly till now,furniture/equipment,840,... < 100 DM,... < 1 year,2,female,none,3,"car or other, not in savings account",28,none,own,1,unskilled - resident,1,none,yes,2,divorced/separated
... < 0 DM,21,critical account / other credits existing (not at this bank),car (new),2093,unknown / no savings account,... >= 7 years,2,male,none,4,unknown / no property,53,none,for free,2,skilled employee / official,1,"yes, registered under customer's name",yes,2,single
... < 0 DM,25,existing credits paid back duly till now,furniture/equipment,1595,... < 100 DM,1 <= ... < 4 years,4,female,none,4,real estate,25,none,rent,1,unskilled - resident,1,none,yes,2,divorced/separated
0 <= ... < 200 DM,28,existing credits paid back duly till now,radio/television,1075,100 <= ... < 500 DM,1 <= ... < 4 years,1,male,guarantor,2,real estate,30,none,own,1,skilled employee / official,1,none,no,1,single
... >= 200 DM / salary assignments for at least 1 year,20,existing credits paid back duly till now,car (new),1092,... < 100 DM,1 <= ... < 4 years,4,male,none,4,building society savings agreement / life insurance,73,none,own,1,skilled employee / official,2,"yes, registered under customer's name",yes,1,single
no checking account,19,existing credits paid back duly till now,car (new),3614,... < 100 DM,1 <= ... < 4 years,1,female,none,1,real estate,37,none,own,1,skilled employee / official,1,none,yes,2,divorced/separated
0 <= ... < 200 DM,23,existing credits paid back duly till now,car (new),4740,... < 100 DM,... >= 7 years,2,male,none,2,building society savings agreement / life insurance,45,none,own,2,skilled employee / official,1,"yes, registered under customer's name",yes,1,single
... < 0 DM,16,existing credits paid back duly till now,car (used),3657,500 <= ... < 1000 DM,4 <= ... < 7 years,4,male,none,4,real estate,47,none,own,2,skilled employee / official,1,"yes, registered under customer's name",yes,1,single
0 <= ... < 200 DM,12,existing credits paid back duly till now,car (used),3313,... < 100 DM,1 <= ... < 4 years,2,male,none,2,building society savings agreement / life insurance,30,none,own,1,skilled employee / official,1,none,yes,1,single
0 <= ... < 200 DM,20,delay in paying off in the past,car (new),250,unknown / no savings account,... < 1 year,1,male,co-applicant,4,building society savings agreement / life insurance,55,none,for free,2,skilled employee / official,1,none,no,2,divorced/separated
no checking account,15,all credits at this bank paid back duly,car (new),930,100 <= ... < 500 DM,1 <= ... < 4 years,4,female,none,4,real estate,35,none,rent,1,skilled employee / official,1,none,yes,1,divorced/separated
... < 0 DM,9,critical account / other credits existing (not at this bank),car (new),10835,... < 100 DM,... >= 7 years,4,male,none,3,building society savings agreement / life insurance,69,none,for free,1,skilled employee / official,1,none,yes,1,single
0 <= ... < 200 DM,22,existing credits paid back duly till now,radio/television,15945,unknown / no savings account,... >= 7 years,4,male,none,4,real estate,27,bank,own,1,skilled employee / official,1,none,yes,1,divorced/separated
0 <= ... < 200 DM,24,existing credits paid back duly till now,radio/television,2478,... < 100 DM,... < 1 year,4,female,none,1,real estate,19,none,rent,1,skilled employee / official,1,none,yes,2,divorced/separated
0 <= ... < 200 DM,17,critical account / other credits existing (not at this bank),education,15945,... < 100 DM,... >= 7 years,4,female,co-applicant,4,"car or other, not in savings account",24,none,rent,2,skilled employee / official,1,none,yes,1,divorced/separated
... < 0 DM,23,existing credits paid back duly till now,radio/television,1345,... < 100 DM,1 <= ... < 4 years,4,female,co-applicant,1,real estate,23,none,rent,1,unskilled - resident,1,none,yes,1,divorced/separated
0 <= ... < 200 DM,4,existing credits paid back duly till now,furniture/equipment,1098,... < 100 DM,1 <= ... < 4 years,4,female,none,4,unknown / no property,55,none,own,1,unskilled - resident,1,none,yes,1,single
... < 0 DM,28,critical account / other credits existing (not at this bank),car (used),12887,... < 100 DM,unemployed,4,female,none,4,unknown / no property,30,none,rent,2,skilled employee / official,2,none,yes,2,divorced/separated
0 <= ... < 200 DM,26,existing credits paid back duly till now,repairs,1891,... < 100 DM,... < 1 year,4,female,none,1,building society savings agreement / life insurance,19,none,rent,1,skilled employee / official,1,none,yes,2,divorced/separated
... < 0 DM,26,delay in paying off in the past,business,1354,... < 100 DM,1 <= ... < 4 years,1,male,none,4,unknown / no property,33,none,rent,1,skilled employee / official,1,"yes, registered under customer's name",yes,1,single
no checking account,40,critical account / other credits existing (not at this bank),car (new),2109,... < 100 DM,1 <= ... < 4 years,4,male,none,3,unknown / no property,48,none,own,1,skilled employee / official,1,"yes, registered under customer's name",yes,1,married/widowed
no checking account,21,critical account / other credits existing (not at this bank),car (used),5804,... < 100 DM,4 <= ... < 7 years,3,male,none,4,building society savings agreement / life insurance,45,bank,for free,2,skilled employee / official,2,"yes, registered under customer's name",yes,2,single
no checking account,5,existing credits paid back duly till now,furniture/equipment,2479,... < 100 DM,1 <= ... < 4 years,4,male,none,3,building society savings agreement / life insurance,51,none,own,1,unemployed / unskilled - non-resident,1,none,yes,2,single
... < 0 DM,26,existing credits paid back duly till now,car (new),4492,unknown / no savings account,... < 1 year,4,male,none,3,real estate,33,none,rent,1,unskilled - resident,1,none,yes,2,divorced/separated
0 <= ... < 200 DM,55,all credits at this bank paid back duly,car (used),11358,unknown / no savings account,... >= 7 years,2,male,none,4,unknown / no property,61,none,for free,1,management / self-employed / highly qualified employee / officer,2,"yes, registered under customer's name",yes,2,single
no checking account,31,critical account / other credits existing (not at this bank),car (new),5980,100 <= ... < 500 DM,... >= 7 years,4,male,none,4,unknown / no property,30,bank,own,2,management / self-employed / highly qualified employee / officer,2,none,yes,1,single
... < 0 DM,50,no credits taken / all credits paid back duly,business,2207,... < 100 DM,... >= 7 years,2,male,none,4,unknown / no property,48,stores,for free,3,management / self-employed / highly qualified employee / officer,1,"yes, registered under customer's name",yes,2,single
no checking account,6,existing credits paid back duly till now,furniture/equipment,2800,500 <= ... < 1000 DM,... < 1 year,4,female,none,2,real estate,19,none,own,1,unskilled - resident,1,none,yes,2,divorced/separated
no checking account,24,delay in paying off in the past,car (used),13317,... < 100 DM,... >= 7 years,4,male,none,3,unknown / no property,32,none,own,2,management / self-employed / highly qualified employee / officer,1,"yes, registered under customer's name",yes,1,single
no checking account,19,critical account / other credits existing (not at this bank),radio/television,1910,... < 100 DM,... >= 7 years,4,male,none,2,building society savings agreement / life insurance,34,none,own,2,management / self-employed / highly qualified employee / officer,1,none,yes,1,single
0 <= ... < 200 DM,29,critical account / other credits existing (not at this bank),car (new),3430,unknown / no savings account,1 <= ... < 4 years,4,male,none,4,unknown / no property,57,none,own,1,skilled employee / official,1,"yes, registered under customer's name",yes,2,single
no checking account,38,critical account / other credits existing (not at this bank),car (new),3442,unknown / no savings account,... >= 7 years,3,male,none,4,unknown / no property,56,none,for free,2,management / self-employed / highly qualified employee / officer,2,"yes, registered under customer's name",yes,2,single
0 <= ... < 200 DM,35,existing credits paid back duly till now,radio/television,1243,... >= 1000 DM,1 <= ... < 4 years,2,male,none,2,building society savings agreement / life insurance,37,none,own,1,unskilled - resident,1,none,yes,1,divorced/separated
0 <= ... < 200 DM,20,existing credits paid back duly till now,radio/television,14710,... < 100 DM,4 <= ... < 7 years,3,female,none,4,real estate,19,none,rent,1,unskilled - resident,1,none,yes,1,divorced/separated
no checking account,20,existing credits paid back duly till now,radio/television,11870,unknown / no savings account,... >= 7 years,4,male,none,4,"car or other, not in savings account",33,none,for free,1,unskilled - resident,2,"yes, registered under customer's name",yes,1,single
no checking account,30,critical account / other credits existing (not at this bank),car (used),2318,... < 100 DM,... >= 7 years,2,male,guarantor,4,"car or other, not in savings account",27,none,own,1,skilled employee / official,1,"yes, registered under customer's name",yes,2,single
0 <= ... < 200 DM,10,existing credits paid back duly till now,car (new),15945,... < 100 DM,1 <= ... < 4 years,3,male,none,2,real estate,54,none,rent,1,skilled employee / official,1,none,yes,1,single
0 <= ... < 200 DM,14,critical account / other credits existing (not at this bank),repairs,3098,100 <= ... < 500 DM,... >= 7 years,4,male,none,4,building society savings agreement / life insurance,30,none,own,2,skilled employee / official,1,none,yes,1,single
0 <= ... < 200 DM,4,existing credits paid back duly till now,radio/television,1006,100 <= ... < 500 DM,4 <= ... < 7 years,3,female,none,1,"car or other, not in savings account",33,none,rent,1,unskilled - resident,1,"yes, registered under customer's name",yes,1,divorced/separated
0 <= ... < 200 DM,13,existing credits paid back duly till now,radio/television,3005,... < 100 DM,... < 1 year,4,female,none,1,real estate,19,none,rent,1,skilled employee / official,1,none,yes,2,divorced/separated
... < 0 DM,23,existing credits paid back duly till now,radio/television,250,... < 100 DM,... < 1 year,4,female,none,1,real estate,28,stores,rent,1,unskilled - resident,1,none,no,2,divorced/separated
0 <= ... < 200 DM,4,existing credits paid back duly till now,furniture/equipment,413,... < 100 DM,1 <= ... < 4 years,4,female,none,1,"car or other, not in savings account",35,none,own,1,unskilled - resident,1,none,yes,2,divorced/separated
0 <= ... < 200 DM,40,existing credits paid back duly till now,furniture/equipment,3510,unknown / no savings account,1 <= ... < 4 years,3,male,none,4,building society savings agreement / life insurance,36,none,rent,1,skilled employee / official,1,"yes, registered under customer's name",yes,1,married/widowed
0 <= ... < 200 DM,18,existing credits paid back duly till now,radio/television,250,... < 100 DM,1 <= ... < 4 years,4,female,none,1,"car or other, not in savings account",38,none,own,1,unskilled - resident,1,none,yes,1,married/widowed
... < 0 DM,6,existing credits paid back duly till now,radio/television,1832,... < 100 DM,1 <= ... < 4 years,4,male,none,2,building society savings agreement / life insurance,31,none,own,1,unskilled - resident,1,none,yes,1,divorced/separated
... < 0 DM,36,existing credits paid back duly till now,business,1192,500 <= ... < 1000 DM,... >= 7 years,4,male,none,2,building society savings agreement / life insurance,62,stores,own,1,unemployed / unskilled - non-resident,2,"yes, registered under customer's name",yes,2,single
no checking account,26,existing credits paid back duly till now,car (new),3515,... < 100 DM,... < 1 year,4,female,guarantor,4,real estate,20,none,own,1,skilled employee / official,1,none,yes,2,divorced/separated
0 <= ... < 200 DM,24,existing credits paid back duly till now,furniture/equipment,3149,... < 100 DM,1 <= ... < 4 years,1,female,none,1,"car or other, not in savings account",26,none,own,1,skilled employee / official,1,none,yes,2,married/widowed
no checking account,69,critical account / other credits existing (not at this bank),business,5389,unknown / no savings account,... >= 7 years,4,male,none,4,unknown / no property,30,none,own,1,unskilled - resident,1,"yes, registered under customer's name",yes,2,single
0 <= ... < 200 DM,7,existing credits paid back duly till now,car (new),1400,500 <= ... < 1000 DM,1 <= ... < 4 years,4,male,none,4,unknown / no property,38,none,own,1,unemployed / unskilled - non-resident,2,"yes, registered under customer's name",yes,2,single
no checking account,5,all credits at this bank paid back duly,furniture/equipment,344,500 <= ... < 1000 DM,1 <= ... < 4 years,4,male,none,4,building society savings agreement / life insurance,57,none,rent,1,skilled employee / official,1,none,yes,2,married/widowed
no checking account,72,existing credits paid back duly till now,business,3133,500 <= ... < 1000 DM,... >= 7 years,4,female,none,3,"car or other, not in savings account",66,none,own,1,unskilled - resident,1,"yes, registered under customer's name",yes,1,divorced/separated
no checking account,28,critical account / other credits existing (not at this bank),radio/television,250,... < 100 DM,1 <= ... < 4 years,4,male,none,3,"car or other, not in savings account",49,stores,rent,1,skilled employee / official,1,none,yes,2,divorced/separated
... >= 200 DM / salary assignments for at least 1 year,20,critical account / other credits existing (not at this bank),furniture/equipment,6533,500 <= ... < 1000 DM,4 <= ... < 7 years,2,male,none,2,"car or other, not in savings account",43,none,own,3,skilled employee / official,1,"yes, registered under customer's name",yes,2,single
no checking account,72,no credits taken / all credits paid back duly,car (new),5462,... < 100 DM,1 <= ... < 4 years,2,male,none,4,real estate,44,bank,for free,1,management / self-employed / highly qualified employee / officer,1,"yes, registered under customer's name",yes,1,single
... < 0 DM,17,existing credits paid back duly till now,radio/television,2682,... < 100 DM,unemployed,4,female,none,4,"car or other, not in savings account",28,none,rent,1,skilled employee / official,1,none,yes,2,divorced/separated
no checking account,29,existing credits paid back duly till now,business,12731,... < 100 DM,1 <= ... < 4 years,2,female,none,4,real estate,29,none,own,2,skilled employee / official,1,"yes, registered under customer's name",yes,1,single
0 <= ... < 200 DM,21,existing credits paid back duly till now,car (new),250,unknown / no savings account,4 <= ... < 7 years,4,male,none,4,real estate,26,none,own,2,unskilled - resident,1,none,yes,1,divorced/separated
... < 0 DM,43,existing credits paid back duly till now,radio/television,2168,... < 100 DM,1 <= ... < 4 years,4,female,none,3,"car or other, not in savings account",35,none,own,1,skilled employee / official,1,none,yes,2,divorced/separated
0 <= ... < 200 DM,22,existing credits paid back duly till now,furniture/equipment,3125,unknown / no savings account,1 <= ... < 4 years,4,male,none,1,real estate,25,none,own,2,unskilled - resident,1,none,yes,2,divorced/separated
0 <= ... < 200 DM,28,existing credits paid back duly till now,retraining,6580,... < 100 DM,... >= 7 years,4,male,co-applicant,4,unknown / no property,27,none,for free,2,management / self-employed / highly qualified employee / officer,1,"yes, registered under customer's name",yes,2,single
0 <= ... < 200 DM,25,critical account / other credits existing (not at this bank),others,2563,100 <= ... < 500 DM,... < 1 year,4,male,none,3,"car or other, not in savings account",50,none,own,2,skilled employee / official,1,none,yes,1,single
no checking account,20,existing credits paid back duly till now,car (new),250,... < 100 DM,... < 1 year,4,female,none,3,building society savings agreement / life insurance,43,none,rent,1,skilled employee / official,1,none,yes,1,divorced/separated
no checking account,54,all credits at this bank paid back duly,car (used),12875,unknown / no savings account,... < 1 year,2,male,none,3,"car or other, not in savings account",37,none,rent,1,management / self-employed / highly qualified employee / officer,2,"yes, registered under customer's name",yes,1,divorced/separated
... < 0 DM,28,all credits at this bank paid back duly,car (new),12510,... < 100 DM,1 <= ... < 4 years,3,male,none,3,"car or other, not in savings account",20,none,own,2,skilled employee / official,1,"yes, registered under customer's name",yes,1,married/widowed
... < 0 DM,16,existing credits paid back duly till now,car (new),2226,... < 100 DM,1 <= ... < 4 years,1,female,co-applicant,2,real estate,19,none,own,1,unskilled - resident,1,none,yes,2,divorced/separated
no checking account,44,existing credits paid back duly till now,radio/television,4845,100 <= ... < 500 DM,1 <= ... < 4 years,4,female,none,1,"car or other, not in savings account",34,none,own,1,unskilled - resident,1,none,yes,1,single
no checking account,4,delay in paying off in the past,domestic appliances,620,... < 100 DM,... < 1 year,4,male,none,4,building society savings agreement / life insurance,75,bank,own,2,skilled employee / official,1,none,yes,2,single
... < 0 DM,10,delay in paying off in the past,car (new),2407,500 <= ... < 1000 DM,... >= 7 years,1,male,none,4,"car or other, not in savings account",25,none,for free,2,unskilled - resident,1,"yes, registered under customer's name",no,1,single
... < 0 DM,19,existing credits paid back duly till now,car (new),250,... < 100 DM,1 <= ... < 4 years,2,male,none,2,building society savings agreement / life insurance,19,bank,own,2,skilled employee / official,1,none,yes,1,single
no checking account,43,existing credits paid back duly till now,radio/television,3199,unknown / no savings account,4 <= ... < 7 years,4,male,none,4,building society savings agreement / life insurance,45,none,own,2,management / self-employed / highly qualified employee / officer,1,"yes, registered under customer's name",no,1,single
no checking account,6,existing credits paid back duly till now,radio/television,4845,100 <= ... < 500 DM,unemployed,1,male,none,4,"car or other, not in savings account",50,none,own,1,skilled employee / official,1,"yes, registered under customer's name",yes,2,single
0 <= ... < 200 DM,46,existing credits paid back duly till now,business,717,unknown / no savings account,1 <= ... < 4 years,4,female,none,4,"car or other, not in savings account",52,stores,own,3,management / self-employed / highly qualified employee / officer,1,"yes, registered under customer's name",yes,1,divorced/separated
... >= 200 DM / salary assignments for at least 1 year,12,critical account / other credits existing (not at this bank),car (new),13319,unknown / no savings account,1 <= ... < 4 years,1,male,none,4,unknown / no property,31,none,for free,2,unskilled - resident,2,"yes, registered under customer's name",yes,2,married/widowed
... < 0 DM,8,existing credits paid back duly till now,furniture/equipment,896,... < 100 DM,1 <= ... < 4 years,4,male,none,3,"car or other, not in savings account",27,bank,own,1,unskilled - resident,1,none,yes,1,single
0 <= ... < 200 DM,26,no credits taken / all credits paid back duly,car (new),13078,... < 100 DM,1 <= ... < 4 years,4,female,none,4,"car or other, not in savings account",75,bank,own,1,skilled employee / official,1,none,yes,1,single
0 <= ... < 200 DM,28,existing credits paid back duly till now,furniture/equipment,2395,... < 100 DM,... < 1 year,3,male,none,4,building society savings agreement / life insurance,30,none,own,1,skilled employee / official,1,none,yes,1,married/widowed
... < 0 DM,21,existing credits paid back duly till now,others,1812,... < 100 DM,1 <= ... < 4 years,2,male,guarantor,4,building society savings agreement / life insurance,52,none,for free,1,unskilled - resident,1,none,yes,2,single
0 <= ... < 200 DM,23,existing credits paid back duly till now,others,6273,... < 100 DM,unemployed,4,female,none,4,"car or other, not in savings account",31,stores,rent,1,management / self-employed / highly qualified employee / officer,1,"yes, registered under customer's name",yes,2,married/widowed
0 <= ... < 200 DM,21,existing credits paid back duly till now,domestic appliances,4394,... < 100 DM,1 <= ... < 4 years,2,male,none,2,unknown / no property,25,none,own,1,unskilled - resident,1,"yes, registered under customer's name",yes,2,married/widowed
... < 0 DM,17,existing credits paid back duly till now,education,250,100 <= ... < 500 DM,... < 1 year,1,male,guarantor,1,unknown / no property,46,none,rent,1,unskilled - resident,1,none,yes,1,single
0 <= ... < 200 DM,37,all credits at this bank paid back duly,furniture/equipment,1086,100 <= ... < 500 DM,1 <= ... < 4 years,4,male,guarantor,3,building society savings agreement / life insurance,23,none,own,2,management / self-employed / highly qualified employee / officer,1,"yes, registered under customer's name",yes,2,single
no checking account,24,delay in paying off in the past,car (new),250,... < 100 DM,1 <= ... < 4 years,2,male,none,4,real estate,55,none,own,2,unskilled - resident,2,"yes, registered under customer's name",yes,2,single
no checking account,4,existing credits paid back duly till now,furniture/equipment,482,... < 100 DM,4 <= ... < 7 years,1,female,none,1,real estate,21,none,rent,1,skilled employee / official,1,none,no,2,divorced/separated
... < 0 DM,29,existing credits paid back duly till now,furniture/equipment,1050,... < 100 DM,4 <= ... < 7 years,4,female,none,4,building society savings agreement / life insurance,24,none,own,1,skilled employee / official,1,none,yes,1,single
0 <= ... < 200 DM,63,existing credits paid back duly till now,radio/television,2978,... < 100 DM,1 <= ... < 4 years,4,female,none,2,"car or other, not in savings account",19,none,own,1,skilled employee / official,1,none,yes,2,divorced/separated
no checking account,26,existing credits paid back duly till now,furniture/equipment,2465,100 <= ... < 500 DM,1 <= ... < 4 years,4,female,guarantor,2,"car or other, not in savings account",42,stores,own,1,skilled employee / official,1,none,no,2,divorced/separated
no checking account,12,critical account / other credits existing (not at this bank),business,11786,... < 100 DM,... >= 7 years,4,male,none,4,unknown / no property,72,none,own,1,unskilled - resident,1,"yes, registered under customer's name",yes,1,single
no checking account,22,no credits taken / all credits paid back duly,car (new),953,unknown / no savings account,... >= 7 years,2,male,none,3,unknown / no property,39,stores,own,2,unskilled - resident,2,"yes, registered under customer's name",yes,1,single
0 <= ... < 200 DM,24,existing credits paid back duly till now,car (new),7168,... >= 1000 DM,1 <= ... < 4 years,1,male,none,4,"car or other, not in savings account",44,none,own,2,management / self-employed / highly qualified employee / officer,1,"yes, registered under customer's name",yes,2,single
no checking account,43,critical account / other credits existing (not at this bank),furniture/equipment,2182,500 <= ... < 1000 DM,4 <= ... < 7 years,2,male,none,1,unknown / no property,20,none,own,4,skilled employee / official,1,"yes, registered under customer's name",yes,1,divorced/separated
... < 0 DM,11,existing credits paid back duly till now,car (new),2934,unknown / no savings account,... < 1 year,3,male,none,4,real estate,45,none,for free,2,skilled employee / official,2,"yes, registered under customer's name",yes,1,single
... < 0 DM,63,existing credits paid back duly till now,furniture/equipment,307,100 <= ... < 500 DM,unemployed,4,male,none,2,"car or other, not in savings account",49,none,own,1,skilled employee / official,2,none,no,1,single
no checking account,4,existing credits paid back duly till now,car (new),1914,... < 100 DM,1 <= ... < 4 years,3,male,guarantor,4,real estate,40,none,rent,1,unskilled - resident,1,none,yes,1,divorced/separated
... < 0 DM,28,existing credits paid back duly till now,radio/television,2315,... < 100 DM,1 <= ... < 4 years,4,male,guarantor,2,building society savings agreement / life insurance,30,none,own,1,skilled employee / official,1,none,yes,2,divorced/separated
0 <= ... < 200 DM,45,existing credits paid back duly till now,radio/television,3249,... < 100 DM,1 <= ... < 4 years,4,female,guarantor,4,"car or other, not in savings account",21,none,own,1,unemployed / unskilled - non-resident,1,"yes, registered under customer's name",yes,1,divorced/separated
0 <= ... < 200 DM,28,existing credits paid back duly till now,furniture/equipment,3590,100 <= ... < 500 DM,... < 1 year,4,female,none,2,real estate,20,none,rent,1,unskilled - resident,1,none,yes,2,divorced/separated
... >= 200 DM / salary assignments for at least 1 year,46,delay in paying off in the past,radio/television,1602,... < 100 DM,4 <= ... < 7 years,1,male,none,4,"car or other, not in savings account",23,none,own,4,skilled employee / official,1,"yes, registered under customer's name",yes,2,single
0 <= ... < 200 DM,26,existing credits paid back duly till now,car (new),12446,... < 100 DM,1 <= ... < 4 years,3,male,none,4,building society savings agreement / life insurance,58,none,own,1,skilled employee / official,1,"yes, registered under customer's name",yes,1,married/widowed
no checking account,15,no credits taken / all credits paid back duly,furniture/equipment,1202,500 <= ... < 1000 DM,unemployed,4,male,guarantor,4,"car or other, not in savings account",30,bank,for free,1,management / self-employed / highly qualified employee / officer,1,none,yes,1,single
0 <= ... < 200 DM,21,existing credits paid back duly till now,radio/television,15945,... < 100 DM,... < 1 year,4,male,none,4,building society savings agreement / life insurance,22,none,for free,1,skilled employee / official,1,"yes, registered under customer's name",yes,2,divorced/separated
0 <= ... < 200 DM,21,existing credits paid back duly till now,car (new),1114,500 <= ... < 1000 DM,1 <= ... < 4 years,4,female,none,2,building society savings agreement / life insurance,58,bank,for free,1,management / self-employed / highly qualified employee / officer,1,"yes, registered under customer's name",no,2,single
0 <= ... < 200 DM,27,existing credits paid back duly till now,education,6402,100 <= ... < 500 DM,1 <= ... < 4 years,4,male,none,4,"car or other, not in savings account",58,none,own,1,skilled employee / official,1,"yes, registered under customer's name",yes,2,single
0 <= ... < 200 DM,8,existing credits paid back duly till now,furniture/equipment,537,... < 100 DM,... < 1 year,4,male,none,4,building society savings agreement / life insurance,29,none,own,1,unskilled - resident,1,none,yes,1,divorced/separated
no checking account,20,existing credits paid back duly till now,car (new),2361,... < 100 DM,... >= 7 years,4,male,none,4,unknown / no property,39,none,own,2,management / self-employed / highly qualified employee / officer,1,"yes, registered under customer's name",yes,2,single
... < 0 DM,20,existing credits paid back duly till now,furniture/equipment,2133,... < 100 DM,1 <= ... < 4 years,4,male,none,4,real estate,32,none,for free,1,skilled employee / official,2,none,yes,2,single
0 <= ... < 200 DM,4,existing credits paid back duly till now,furniture/equipment,1063,... < 100 DM,... < 1 year,4,female,none,3,"car or other, not in savings account",19,none,own,1,skilled employee / official,1,none,yes,2,divorced/separated
0 <= ... < 200 DM,20,critical account / other credits existing (not at this bank),others,12113,unknown / no savings account,... >= 7 years,3,male,none,4,unknown / no property,75,none,for free,2,management / self-employed / highly qualified employee / officer,1,"yes, registered under customer's name",yes,1,single
... < 0 DM,4,existing credits paid back duly till now,car (used),2862,... < 100 DM,... < 1 year,4,female,none,2,"car or other, not in savings account",41,none,own,1,skilled employee / official,1,"yes, registered under customer's name",yes,1,divorced/separated
no checking account,27,delay in paying off in the past,others,7068,unknown / no savings account,... >= 7 years,4,male,guarantor,4,unknown / no property,19,none,for free,2,management / self-employed / highly qualified employee / officer,2,"yes, registered under customer's name",yes,2,single
