checking_account_status,duration_months,credit_history,purpose,credit_amount,savings_account,employment_duration,installment_rate,sex,other_debtors,residence_duration,property,age,other_installment_plans,housing,existing_credits,job,num_dependents,telephone,foreign_worker,target,relationship_status
0 <= ... < 200 DM,23,delay in paying off in the past,car (used),4462,... >= 1000 DM,... >= 7 years,4,female,guarantor,3,"car or other, not in savings account",32,none,rent,3,management / self-employed / highly qualified employee / officer,2,"yes, registered under customer's name",no,1,single
0 <= ... < 200 DM,24,critical account / other credits existing (not at this bank),car (used),3046,500 <= ... < 1000 DM,unemployed,2,male,none,4,building society savings agreement / life insurance,31,bank,own,3,management / self-employed / highly qualified employee / officer,1,"yes, registered under customer's name",no,2,single
... >= 200 DM / salary assignments for at least 1 year,52,no credits taken / all credits paid back duly,car (new),2272,500 <= ... < 1000 DM,1 <= ... < 4 years,4,male,none,4,unknown / no property,65,stores,own,2,skilled employee / official,1,none,yes,1,divorced/separated
0 <= ... < 200 DM,21,critical account / other credits existing (not at this bank),radio/television,8732,unknown / no savings account,1 <= ... < 4 years,1,female,none,4,"car or other, not in savings account",51,stores,for free,2,management / self-employed / highly qualified employee / officer,2,none,no,2,single
... < 0 DM,24,no credits taken / all credits paid back duly,radio/television,15023,100 <= ... < 500 DM,... < 1 year,4,male,guarantor,2,"car or other, not in savings account",55,none,own,1,skilled employee / official,1,"yes, registered under customer's name",yes,2,divorced/separated
... >= 200 DM / salary assignments for at least 1 year,25,existing credits paid back duly till now,education,11321,unknown / no savings account,... < 1 year,1,male,none,4,"car or other, not in savings account",41,bank,rent,1,unskilled - resident,2,"yes, registered under customer's name",no,2,divorced/separated
... >= 200 DM / salary assignments for at least 1 year,23,critical account / other credits existing (not at this bank),business,6072,... < 100 DM,1 <= ... < 4 years,4,male,co-applicant,2,real estate,22,bank,for free,2,management / self-employed / highly qualified employee / officer,2,none,yes,1,single
0 <= ... < 200 DM,19,no credits taken / all credits paid back duly,car (used),6023,100 <= ... < 500 DM,... < 1 year,4,male,co-applicant,2,"car or other, not in savings account",34,none,rent,3,management / self-employed / highly qualified employee / officer,2,"yes, registered under customer's name",yes,2,divorced/separated
0 <= ... < 200 DM,15,existing credits paid back duly till now,others,3518,100 <= ... < 500 DM,4 <= ... < 7 years,3,male,none,1,"car or other, not in savings account",19,bank,own,1,management / self-employed / highly qualified employee / officer,1,"yes, registered under customer's name",yes,1,single
0 <= ... < 200 DM,14,existing credits paid back duly till now,car (new),7755,unknown / no savings account,unemployed,2,male,none,2,"car or other, not in savings account",50,bank,own,4,management / self-employed / highly qualified employee / officer,2,none,yes,1,married/widowed
... >= 200 DM / salary assignments for at least 1 year,4,critical account / other credits existing (not at this bank),education,2651,100 <= ... < 500 DM,unemployed,3,female,guarantor,3,building society savings agreement / life insurance,29,stores,rent,3,management / self-employed / highly qualified employee / officer,1,none,yes,1,divorced/separated
... < 0 DM,19,no credits taken / all credits paid back duly,car (new),3558,100 <= ... < 500 DM,... >= 7 years,2,female,none,4,unknown / no property,40,stores,rent,2,unemployed / unskilled - non-resident,2,none,yes,1,married/widowed
... < 0 DM,34,no credits taken / all credits paid back duly,radio/television,2095,... >= 1000 DM,1 <= ... < 4 years,4,female,co-applicant,1,"car or other, not in savings account",33,none,own,2,skilled employee / official,1,"yes, registered under customer's name",no,1,divorced/separated
no checking account,7,all credits at this bank paid back duly,repairs,4036,... < 100 DM,1 <= ... < 4 years,2,male,co-applicant,3,real estate,56,bank,for free,1,unemployed / unskilled - non-resident,2,none,yes,2,divorced/separated
0 <= ... < 200 DM,23,delay in paying off in the past,radio/television,2531,unknown / no savings account,unemployed,2,male,co-applicant,1,unknown / no property,40,none,for free,4,unemployed / unskilled - non-resident,2,"yes, registered under customer's name",no,1,single
... < 0 DM,23,critical account / other credits existing (not at this bank),others,1548,... >= 1000 DM,unemployed,2,female,none,4,unknown / no property,22,none,own,1,management / self-employed / highly qualified employee / officer,1,"yes, registered under customer's name",yes,2,divorced/separated
no checking account,18,all credits at this bank paid back duly,education,1626,100 <= ... < 500 DM,... >= 7 years,3,male,none,1,unknown / no property,26,stores,own,4,unskilled - resident,1,"yes, registered under customer's name",no,2,married/widowed
no checking account,18,critical account / other credits existing (not at this bank),car (used),2390,... < 100 DM,unemployed,3,male,guarantor,1,"car or other, not in savings account",31,none,own,3,management / self-employed / highly qualified employee / officer,2,"yes, registered under customer's name",no,2,single
... >= 200 DM / salary assignments for at least 1 year,31,all credits at this bank paid back duly,car (used),2522,... >= 1000 DM,... >= 7 years,2,female,none,4,unknown / no property,24,none,rent,3,unskilled - resident,1,none,no,2,single
0 <= ... < 200 DM,18,all credits at this bank paid back duly,radio/television,1023,... >= 1000 DM,4 <= ... < 7 years,3,male,guarantor,4,"car or other, not in savings account",37,bank,for free,2,skilled employee / official,1,none,yes,1,married/widowed
0 <= ... < 200 DM,53,all credits at this bank paid back duly,retraining,9455,100 <= ... < 500 DM,unemployed,3,male,co-applicant,2,"car or other, not in savings account",45,stores,own,1,unemployed / unskilled - non-resident,1,"yes, registered under customer's name",no,2,married/widowed
no checking account,22,all credits at this bank paid back duly,furniture/equipment,4618,500 <= ... < 1000 DM,... < 1 year,1,male,co-applicant,3,real estate,45,bank,own,2,management / self-employed / highly qualified employee / officer,2,none,yes,1,married/widowed
... < 0 DM,14,critical account / other credits existing (not at this bank),repairs,8301,100 <= ... < 500 DM,1 <= ... < 4 years,3,female,none,4,"car or other, not in savings account",34,none,own,4,unemployed / unskilled - non-resident,2,"yes, registered under customer's name",yes,1,divorced/separated
0 <= ... < 200 DM,39,no credits taken / all credits paid back duly,retraining,13110,... < 100 DM,1 <= ... < 4 years,1,male,guarantor,4,unknown / no property,35,none,rent,3,skilled employee / official,2,none,yes,1,married/widowed
... < 0 DM,4,critical account / other credits existing (not at this bank),car (new),3241,500 <= ... < 1000 DM,1 <= ... < 4 years,3,female,none,3,real estate,60,stores,own,2,management / self-employed / highly qualified employee / officer,1,none,yes,1,married/widowed
no checking account,4,critical account / other credits existing (not at this bank),repairs,6021,unknown / no savings account,... >= 7 years,2,male,guarantor,3,building society savings agreement / life insurance,41,none,rent,4,management / self-employed / highly qualified employee / officer,1,"yes, registered under customer's name",no,2,married/widowed
... >= 200 DM / salary assignments for at least 1 year,25,delay in paying off in the past,repairs,15945,... < 100 DM,4 <= ... < 7 years,4,male,co-applicant,2,real estate,42,stores,for free,1,skilled employee / official,2,"yes, registered under customer's name",yes,1,divorced/separated
... < 0 DM,21,delay in paying off in the past,radio/television,15945,unknown / no savings account,unemployed,2,female,none,3,"car or other, not in savings account",30,bank,own,2,unskilled - resident,1,"yes, registered under customer's name",no,1,single
no checking account,26,all credits at this bank paid back duly,car (new),2401,500 <= ... < 1000 DM,unemployed,2,male,guarantor,1,unknown / no property,64,bank,for free,3,unemployed / unskilled - non-resident,1,"yes, registered under customer's name",yes,2,married/widowed
... >= 200 DM / salary assignments for at least 1 year,20,critical account / other credits existing (not at this bank),radio/television,2603,500 <= ... < 1000 DM,1 <= ... < 4 years,1,female,guarantor,3,"car or other, not in savings account",58,stores,own,1,unskilled - resident,2,none,yes,1,married/widowed
no checking account,7,delay in paying off in the past,business,1781,... < 100 DM,... < 1 year,2,male,co-applicant,4,"car or other, not in savings account",26,stores,for free,3,skilled employee / official,1,"yes, registered under customer's name",yes,1,married/widowed
no checking account,21,existing credits paid back duly till now,furniture/equipment,1285,unknown / no savings account,... >= 7 years,2,female,guarantor,4,real estate,33,none,rent,4,management / self-employed / highly qualified employee / officer,1,"yes, registered under customer's name",yes,1,divorced/separated
... >= 200 DM / salary assignments for at least 1 year,4,critical account / other credits existing (not at this bank),business,2318,unknown / no savings account,... >= 7 years,2,female,none,1,building society savings agreement / life insurance,31,none,rent,1,skilled employee / official,1,"yes, registered under customer's name",no,2,single
... < 0 DM,22,existing credits paid back duly till now,others,2341,... >= 1000 DM,unemployed,2,male,co-applicant,1,real estate,37,stores,for free,1,unemployed / unskilled - non-resident,1,none,yes,2,married/widowed
... >= 200 DM / salary assignments for at least 1 year,4,no credits taken / all credits paid back duly,car (new),3753,unknown / no savings account,4 <= ... < 7 years,2,male,guarantor,2,building society savings agreement / life insurance,23,bank,rent,2,management / self-employed / highly qualified employee / officer,2,"yes, registered under customer's name",no,2,married/widowed
... < 0 DM,28,existing credits paid back duly till now,education,15945,500 <= ... < 1000 DM,... < 1 year,2,female,none,3,unknown / no property,51,stores,for free,3,skilled employee / official,2,none,yes,2,divorced/separated
no checking account,36,delay in paying off in the past,furniture/equipment,4819,... >= 1000 DM,unemployed,2,male,none,4,building society savings agreement / life insurance,22,none,own,1,management / self-employed / highly qualified employee / officer,1,none,no,1,single
... >= 200 DM / salary assignments for at least 1 year,21,all credits at this bank paid back duly,business,2654,unknown / no savings account,1 <= ... < 4 years,4,male,guarantor,1,"car or other, not in savings account",58,none,for free,1,management / self-employed / highly qualified employee / officer,2,"yes, registered under customer's name",yes,2,divorced/separated
0 <= ... < 200 DM,21,existing credits paid back duly till now,others,15945,unknown / no savings account,unemployed,1,female,guarantor,4,unknown / no property,75,bank,rent,2,management / self-employed / highly qualified employee / officer,1,none,no,1,married/widowed
0 <= ... < 200 DM,28,existing credits paid back duly till now,car (new),4007,... < 100 DM,4 <= ... < 7 years,1,male,none,2,"car or other, not in savings account",61,stores,own,3,skilled employee / official,1,"yes, registered under customer's name",yes,2,married/widowed
... < 0 DM,8,all credits at this bank paid back duly,car (new),2349,100 <= ... < 500 DM,1 <= ... < 4 years,1,male,guarantor,2,"car or other, not in savings account",52,none,for free,1,unemployed / unskilled - non-resident,1,"yes, registered under customer's name",yes,1,married/widowed
no checking account,36,existing credits paid back duly till now,car (new),2596,unknown / no savings account,1 <= ... < 4 years,2,female,co-applicant,4,unknown / no property,49,bank,for free,1,unemployed / unskilled - non-resident,2,"yes, registered under customer's name",yes,1,married/widowed
... >= 200 DM / salary assignments for at least 1 year,30,delay in paying off in the past,others,8738,500 <= ... < 1000 DM,1 <= ... < 4 years,3,male,none,4,building society savings agreement / life insurance,54,bank,for free,2,skilled employee / official,1,"yes, registered under customer's name",no,1,married/widowed
0 <= ... < 200 DM,60,critical account / other credits existing (not at this bank),car (new),2203,unknown / no savings account,unemployed,3,male,none,4,unknown / no property,30,stores,rent,4,unskilled - resident,2,none,yes,1,divorced/separated
no checking account,4,all credits at this bank paid back duly,education,5208,... >= 1000 DM,1 <= ... < 4 years,3,male,co-applicant,1,real estate,27,bank,own,2,management / self-employed / highly qualified employee / officer,2,"yes, registered under customer's name",yes,1,married/widowed
... < 0 DM,47,existing credits paid back duly till now,retraining,2356,unknown / no savings account,... >= 7 years,1,male,guarantor,4,"car or other, not in savings account",46,none,own,4,unskilled - resident,2,none,no,2,single
no checking account,21,no credits taken / all credits paid back duly,car (new),12013,500 <= ... < 1000 DM,unemployed,3,male,none,1,real estate,43,none,own,1,unskilled - resident,2,"yes, registered under customer's name",no,2,divorced/separated
0 <= ... < 200 DM,17,no credits taken / all credits paid back duly,business,2349,500 <= ... < 1000 DM,... >= 7 years,4,male,none,4,"car or other, not in savings account",53,none,own,2,unemployed / unskilled - non-resident,2,none,no,1,married/widowed
... >= 200 DM / salary assignments for at least 1 year,22,all credits at this bank paid back duly,education,6609,500 <= ... < 1000 DM,1 <= ... < 4 years,2,female,none,4,"car or other, not in savings account",59,none,for free,4,unemployed / unskilled - non-resident,2,none,yes,1,married/widowed
... >= 200 DM / salary assignments for at least 1 year,64,all credits at this bank paid back duly,car (new),3095,unknown / no savings account,... >= 7 years,1,male,guarantor,1,building society savings agreement / life insurance,40,stores,own,1,unemployed / unskilled - non-resident,2,"yes, registered under customer's name",yes,2,single
... < 0 DM,22,all credits at this bank paid back duly,others,2429,unknown / no savings account,1 <= ... < 4 years,3,female,co-applicant,2,real estate,47,none,rent,2,unskilled - resident,1,none,yes,1,divorced/separated
... < 0 DM,59,all credits at this bank paid back duly,radio/television,15945,unknown / no savings account,unemployed,1,male,guarantor,1,building society savings agreement / life insurance,31,stores,rent,2,unskilled - resident,2,"yes, registered under customer's name",yes,1,single
... >= 200 DM / salary assignments for at least 1 year,25,existing credits paid back duly till now,business,3103,100 <= ... < 500 DM,unemployed,4,female,guarantor,1,"car or other, not in savings account",41,none,for free,2,skilled employee / official,1,"yes, registered under customer's name",yes,2,divorced/separated
no checking account,11,existing credits paid back duly till now,others,2057,500 <= ... < 1000 DM,... < 1 year,1,male,none,2,"car or other, not in savings account",30,stores,own,4,unemployed / unskilled - non-resident,2,"yes, registered under customer's name",no,2,single
... >= 200 DM / salary assignments for at least 1 year,24,no credits taken / all credits paid back duly,repairs,6987,500 <= ... < 1000 DM,... < 1 year,4,female,none,4,"car or other, not in savings account",33,stores,own,4,management / self-employed / highly qualified employee / officer,2,none,yes,1,divorced/separated
no checking account,18,critical account / other credits existing (not at this bank),business,15945,500 <= ... < 1000 DM,1 <= ... < 4 years,2,male,guarantor,1,unknown / no property,37,stores,own,1,unemployed / unskilled - non-resident,1,"yes, registered under customer's name",yes,1,single
... < 0 DM,47,critical account / other credits existing (not at this bank),domestic appliances,4571,100 <= ... < 500 DM,... >= 7 years,4,male,none,1,building society savings agreement / life insurance,50,stores,rent,4,skilled employee / official,2,"yes, registered under customer's name",yes,2,single
... >= 200 DM / salary assignments for at least 1 year,6,no credits taken / all credits paid back duly,others,6354,... < 100 DM,4 <= ... < 7 years,1,male,guarantor,4,real estate,49,stores,rent,2,unskilled - resident,2,"yes, registered under customer's name",no,2,single
... >= 200 DM / salary assignments for at least 1 year,23,no credits taken / all credits paid back duly,domestic appliances,15945,... < 100 DM,4 <= ... < 7 years,1,female,none,4,"car or other, not in savings account",33,bank,own,4,unemployed / unskilled - non-resident,1,"yes, registered under customer's name",yes,2,married/widowed
... >= 200 DM / salary assignments for at least 1 year,21,delay in paying off in the past,business,15945,unknown / no savings account,4 <= ... < 7 years,1,male,none,2,building society savings agreement / life insurance,22,stores,own,3,skilled employee / official,1,"yes, registered under customer's name",yes,1,single
... >= 200 DM / salary assignments for at least 1 year,22,all credits at this bank paid back duly,car (used),2385,... >= 1000 DM,unemployed,2,female,guarantor,3,"car or other, not in savings account",60,none,own,1,unemployed / unskilled - non-resident,1,"yes, registered under customer's name",no,1,single
... < 0 DM,55,no credits taken / all credits paid back duly,radio/television,1707,... < 100 DM,4 <= ... < 7 years,2,male,guarantor,1,"car or other, not in savings account",58,bank,own,1,unskilled - resident,2,none,no,1,single
no checking account,30,critical account / other credits existing (not at this bank),car (used),3436,... >= 1000 DM,4 <= ... < 7 years,2,female,guarantor,4,"car or other, not in savings account",44,none,own,4,skilled employee / official,1,"yes, registered under customer's name",yes,2,single
... >= 200 DM / salary assignments for at least 1 year,20,critical account / other credits existing (not at this bank),repairs,988,unknown / no savings account,... < 1 year,3,male,co-applicant,4,unknown / no property,31,stores,own,2,skilled employee / official,1,"yes, registered under customer's name",yes,1,single
... >= 200 DM / salary assignments for at least 1 year,38,all credits at this bank paid back duly,car (new),4135,100 <= ... < 500 DM,1 <= ... < 4 years,1,male,guarantor,1,"car or other, not in savings account",57,bank,own,1,unskilled - resident,1,"yes, registered under customer's name",yes,1,married/widowed
0 <= ... < 200 DM,12,critical account / other credits existing (not at this bank),furniture/equipment,2544,... >= 1000 DM,unemployed,2,male,none,4,building society savings agreement / life insurance,55,none,own,4,management / self-employed / highly qualified employee / officer,2,"yes, registered under customer's name",yes,2,married/widowed
... < 0 DM,16,delay in paying off in the past,repairs,5509,unknown / no savings account,unemployed,4,male,co-applicant,2,real estate,61,none,for free,3,skilled employee / official,2,"yes, registered under customer's name",no,1,single
... >= 200 DM / salary assignments for at least 1 year,28,all credits at this bank paid back duly,others,11017,... >= 1000 DM,... >= 7 years,2,male,guarantor,3,real estate,28,bank,rent,3,unemployed / unskilled - non-resident,1,none,yes,2,single
... < 0 DM,12,existing credits paid back duly till now,retraining,7207,unknown / no savings account,1 <= ... < 4 years,3,female,none,2,"car or other, not in savings account",36,none,own,3,management / self-employed / highly qualified employee / officer,1,"yes, registered under customer's name",yes,1,married/widowed
... < 0 DM,22,no credits taken / all credits paid back duly,furniture/equipment,2031,100 <= ... < 500 DM,... < 1 year,3,male,co-applicant,1,building society savings agreement / life insurance,53,stores,own,2,unemployed / unskilled - non-resident,1,none,yes,1,divorced/separated
no checking account,21,no credits taken / all credits paid back duly,radio/television,8630,... >= 1000 DM,... < 1 year,2,female,none,2,real estate,47,bank,own,2,unemployed / unskilled - non-resident,1,"yes, registered under customer's name",yes,1,single
0 <= ... < 200 DM,22,delay in paying off in the past,others,11541,unknown / no savings account,... >= 7 years,3,male,guarantor,2,unknown / no property,48,bank,own,1,unskilled - resident,2,"yes, registered under customer's name",no,2,married/widowed
no checking account,4,delay in paying off in the past,business,2482,unknown / no savings account,unemployed,1,male,none,2,real estate,32,none,for free,4,management / self-employed / highly qualified employee / officer,1,"yes, registered under customer's name",no,1,single
... < 0 DM,14,existing credits paid back duly till now,retraining,15331,... >= 1000 DM,... >= 7 years,1,female,none,2,unknown / no property,52,stores,for free,1,unemployed / unskilled - non-resident,2,none,yes,1,married/widowed
no checking account,14,existing credits paid back duly till now,radio/television,5712,... < 100 DM,1 <= ... < 4 years,4,male,none,3,unknown / no property,46,bank,own,1,skilled employee / official,1,"yes, registered under customer's name",yes,1,divorced/separated
no checking account,21,critical account / other credits existing (not at this bank),car (new),5280,100 <= ... < 500 DM,unemployed,2,female,co-applicant,3,unknown / no property,37,bank,rent,2,unskilled - resident,1,none,yes,1,divorced/separated
... >= 200 DM / salary assignments for at least 1 year,26,all credits at this bank paid back duly,car (new),10859,... >= 1000 DM,4 <= ... < 7 years,4,male,co-applicant,2,unknown / no property,36,stores,rent,1,unemployed / unskilled - non-resident,2,"yes, registered under customer's name",yes,1,divorced/separated
no checking account,24,no credits taken / all credits paid back duly,car (new),4340,500 <= ... < 1000 DM,unemployed,4,male,none,3,building society savings agreement / life insurance,39,bank,own,3,management / self-employed / highly qualified employee / officer,1,"yes, registered under customer's name",yes,2,single
no checking account,10,delay in paying off in the past,radio/television,6052,unknown / no savings account,1 <= ... < 4 years,4,female,none,4,building society savings agreement / life insurance,22,stores,own,4,management / self-employed / highly qualified employee / officer,1,"yes, registered under customer's name",no,2,single
no checking account,27,delay in paying off in the past,business,857,unknown / no savings account,... >= 7 years,1,male,guarantor,1,real estate,42,bank,for free,1,skilled employee / official,2,"yes, registered under customer's name",yes,1,single
0 <= ... < 200 DM,13,delay in paying off in the past,radio/television,540,100 <= ... < 500 DM,... >= 7 years,4,male,none,1,"car or other, not in savings account",55,bank,for free,2,unemployed / unskilled - non-resident,2,"yes, registered under customer's name",yes,1,married/widowed
no checking account,26,existing credits paid back duly till now,business,1129,... < 100 DM,1 <= ... < 4 years,2,male,guarantor,1,unknown / no property,40,stores,own,3,unskilled - resident,1,none,no,2,single
... >= 200 DM / salary assignments for at least 1 year,21,delay in paying off in the past,furniture/equipment,4811,... >= 1000 DM,... >= 7 years,4,female,guarantor,4,building society savings agreement / life insurance,28,none,for free,1,management / self-employed / highly qualified employee / officer,1,none,yes,1,divorced/separated
... < 0 DM,46,existing credits paid back duly till now,repairs,250,... < 100 DM,... >= 7 years,2,male,guarantor,2,"car or other, not in savings account",19,bank,own,2,management / self-employed / highly qualified employee / officer,1,none,yes,2,divorced/separated
... >= 200 DM / salary assignments for at least 1 year,4,delay in paying off in the past,car (new),2018,100 <= ... < 500 DM,... >= 7 years,2,female,guarantor,2,unknown / no property,25,bank,own,1,skilled employee / official,2,"yes, registered under customer's name",yes,2,divorced/separated
... < 0 DM,10,no credits taken / all credits paid back duly,business,1907,unknown / no savings account,... >= 7 years,3,female,none,1,unknown / no property,75,none,own,1,unemployed / unskilled - non-resident,2,none,no,2,married/widowed
... >= 200 DM / salary assignments for at least 1 year,21,delay in paying off in the past,business,1844,... < 100 DM,unemployed,2,female,none,4,building society savings agreement / life insurance,27,stores,rent,1,unemployed / unskilled - non-resident,1,"yes, registered under customer's name",yes,2,divorced/separated
no checking account,20,delay in paying off in the past,retraining,1679,500 <= ... < 1000 DM,4 <= ... < 7 years,2,male,co-applicant,4,unknown / no property,27,bank,own,4,skilled employee / official,1,none,yes,2,divorced/separated
0 <= ... < 200 DM,9,no credits taken / all credits paid back duly,furniture/equipment,5964,unknown / no savings account,... >= 7 years,1,female,co-applicant,1,building society savings agreement / life insurance,19,bank,rent,4,unskilled - resident,2,"yes, registered under customer's name",no,1,single
no checking account,5,existing credits paid back duly till now,business,4454,... >= 1000 DM,... < 1 year,3,female,none,1,unknown / no property,75,bank,rent,2,unemployed / unskilled - non-resident,2,"yes, registered under customer's name",no,2,divorced/separated
0 <= ... < 200 DM,26,delay in paying off in the past,car (new),7552,100 <= ... < 500 DM,... < 1 year,3,female,none,2,real estate,19,bank,own,2,skilled employee / official,1,"yes, registered under customer's name",no,2,divorced/separated
... >= 200 DM / salary assignments for at least 1 year,28,delay in paying off in the past,car (new),1125,500 <= ... < 1000 DM,... >= 7 years,4,female,guarantor,2,building society savings agreement / life insurance,53,bank,rent,1,management / self-employed / highly qualified employee / officer,2,"yes, registered under customer's name",yes,1,single
0 <= ... < 200 DM,4,critical account / other credits existing (not at this bank),repairs,2478,100 <= ... < 500 DM,1 <= ... < 4 years,1,male,co-applicant,3,building society savings agreement / life insurance,20,stores,rent,1,unskilled - resident,2,"yes, registered under customer's name",yes,2,divorced/separated
... < 0 DM,30,delay in paying off in the past,car (new),13004,... < 100 DM,4 <= ... < 7 years,1,female,none,3,real estate,35,none,own,2,unskilled - resident,1,none,yes,2,single
... >= 200 DM / salary assignments for at least 1 year,22,delay in paying off in the past,business,4342,500 <= ... < 1000 DM,4 <= ... < 7 years,1,male,guarantor,1,real estate,49,none,rent,4,skilled employee / official,2,"yes, registered under customer's name",yes,2,single
... < 0 DM,22,all credits at this bank paid back duly,repairs,5617,100 <= ... < 500 DM,1 <= ... < 4 years,4,male,guarantor,1,unknown / no property,35,none,for free,2,skilled employee / official,1,"yes, registered under customer's name",yes,2,married/widowed
0 <= ... < 200 DM,22,critical account / other credits existing (not at this bank),car (new),1586,100 <= ... < 500 DM,... >= 7 years,2,male,none,3,"car or other, not in savings account",25,none,own,4,unemployed / unskilled - non-resident,1,"yes, registered under customer's name",yes,2,single
no checking account,27,existing credits paid back duly till now,others,5636,unknown / no savings account,unemployed,4,male,co-applicant,4,building society savings agreement / life insurance,25,none,own,1,unemployed / unskilled - non-resident,1,none,yes,2,single
... < 0 DM,39,delay in paying off in the past,others,8012,unknown / no savings account,1 <= ... < 4 years,2,female,guarantor,4,unknown / no property,75,none,own,4,unskilled - resident,2,"yes, registered under customer's name",yes,2,divorced/separated
... < 0 DM,41,no credits taken / all credits paid back duly,radio/television,1363,... >= 1000 DM,... >= 7 years,2,male,none,1,"car or other, not in savings account",19,bank,own,2,management / self-employed / highly qualified employee / officer,2,"yes, registered under customer's name",no,1,single
... < 0 DM,11,critical account / other credits existing (not at this bank),others,10337,... < 100 DM,4 <= ... < 7 years,1,female,none,2,unknown / no property,34,stores,own,4,unskilled - resident,1,none,yes,1,single
... >= 200 DM / salary assignments for at least 1 year,25,critical account / other credits existing (not at this bank),repairs,4914,... < 100 DM,... < 1 year,2,male,none,4,"car or other, not in savings account",28,none,rent,4,skilled employee / official,2,"yes, registered under customer's name",yes,1,single
... < 0 DM,22,delay in paying off in the past,retraining,9800,500 <= ... < 1000 DM,unemployed,4,male,guarantor,2,unknown / no property,25,bank,for free,4,management / self-employed / highly qualified employee / officer,1,"yes, registered under customer's name",yes,2,divorced/separated
0 <= ... < 200 DM,25,all credits at this bank paid back duly,car (used),9500,500 <= ... < 1000 DM,unemployed,4,male,none,4,building society savings agreement / life insurance,26,stores,for free,1,management / self-employed / highly qualified employee / officer,1,"yes, registered under customer's name",yes,1,divorced/separated
no checking account,24,critical account / other credits existing (not at this bank),others,7905,... >= 1000 DM,4 <= ... < 7 years,1,male,none,3,unknown / no property,33,bank,own,1,unemployed / unskilled - non-resident,2,"yes, registered under customer's name",no,2,single
... >= 200 DM / salary assignments for at least 1 year,5,critical account / other credits existing (not at this bank),car (new),6157,unknown / no savings account,unemployed,2,male,none,1,"car or other, not in savings account",33,none,rent,4,skilled employee / official,2,"yes, registered under customer's name",no,1,divorced/separated
... < 0 DM,21,existing credits paid back duly till now,furniture/equipment,4711,unknown / no savings account,unemployed,3,male,none,2,"car or other, not in savings account",31,none,own,1,unemployed / unskilled - non-resident,2,none,yes,1,married/widowed
... < 0 DM,23,no credits taken / all credits paid back duly,furniture/equipment,9297,100 <= ... < 500 DM,1 <= ... < 4 years,2,female,guarantor,2,unknown / no property,34,bank,own,3,unskilled - resident,1,none,yes,2,single
0 <= ... < 200 DM,9,no credits taken / all credits paid back duly,retraining,3538,unknown / no savings account,1 <= ... < 4 years,4,female,none,2,unknown / no property,31,none,for free,3,skilled employee / official,2,none,yes,1,single
... >= 200 DM / salary assignments for at least 1 year,20,existing credits paid back duly till now,others,15945,500 <= ... < 1000 DM,4 <= ... < 7 years,3,male,co-applicant,3,"car or other, not in savings account",51,none,own,1,skilled employee / official,2,"yes, registered under customer's name",yes,2,divorced/separated
no checking account,27,no credits taken / all credits paid back duly,repairs,1672,... < 100 DM,... < 1 year,1,female,none,3,unknown / no property,50,none,for free,3,management / self-employed / highly qualified employee / officer,2,"yes, registered under customer's name",no,1,single
0 <= ... < 200 DM,22,existing credits paid back duly till now,retraining,5594,500 <= ... < 1000 DM,unemployed,3,male,co-applicant,3,"car or other, not in savings account",30,bank,own,3,skilled employee / official,2,"yes, registered under customer's name",no,1,married/widowed
no checking account,6,existing credits paid back duly till now,car (new),4986,500 <= ... < 1000 DM,1 <= ... < 4 years,4,female,co-applicant,2,"car or other, not in savings account",45,stores,for free,3,unemployed / unskilled - non-resident,2,"yes, registered under customer's name",no,2,single
no checking account,6,critical account / other credits existing (not at this bank),car (new),2159,500 <= ... < 1000 DM,unemployed,1,male,guarantor,4,"car or other, not in savings account",51,none,own,3,unskilled - resident,1,none,yes,2,single
no checking account,43,all credits at this bank paid back duly,car (new),7616,500 <= ... < 1000 DM,... < 1 year,4,male,guarantor,3,building society savings agreement / life insurance,51,none,rent,1,skilled employee / official,2,"yes, registered under customer's name",yes,1,divorced/separated
no checking account,67,existing credits paid back duly till now,car (used),958,100 <= ... < 500 DM,1 <= ... < 4 years,3,male,guarantor,2,"car or other, not in savings account",52,none,for free,3,skilled employee / official,1,none,yes,1,married/widowed
... >= 200 DM / salary assignments for at least 1 year,23,critical account / other credits existing (not at this bank),furniture/equipment,4801,... < 100 DM,1 <= ... < 4 years,4,male,co-applicant,3,unknown / no property,35,stores,own,1,skilled employee / official,2,none,yes,2,single
... >= 200 DM / salary assignments for at least 1 year,63,critical account / other credits existing (not at this bank),car (new),2710,100 <= ... < 500 DM,1 <= ... < 4 years,1,female,none,3,real estate,25,bank,own,2,skilled employee / official,2,"yes, registered under customer's name",yes,1,single
0 <= ... < 200 DM,19,critical account / other credits existing (not at this bank),car (new),7606,... >= 1000 DM,1 <= ... < 4 years,4,female,co-applicant,2,"car or other, not in savings account",42,none,for free,4,unskilled - resident,2,"yes, registered under customer's name",yes,2,single
... >= 200 DM / salary assignments for at least 1 year,17,all credits at this bank paid back duly,repairs,2394,500 <= ... < 1000 DM,unemployed,1,female,co-applicant,1,unknown / no property,49,bank,for free,2,unemployed / unskilled - non-resident,2,none,yes,2,divorced/separated
0 <= ... < 200 DM,10,critical account / other credits existing (not at this bank),car (new),1387,... >= 1000 DM,unemployed,3,male,guarantor,1,unknown / no property,39,bank,own,1,skilled employee / official,1,none,no,1,divorced/separated
... >= 200 DM / salary assignments for at least 1 year,4,existing credits paid back duly till now,business,1769,500 <= ... < 1000 DM,1 <= ... < 4 years,2,male,co-applicant,1,unknown / no property,30,bank,for free,2,skilled employee / official,1,none,yes,2,married/widowed
0 <= ... < 200 DM,20,delay in paying off in the past,repairs,7157,500 <= ... < 1000 DM,unemployed,4,female,none,3,building society savings agreement / life insurance,24,none,own,3,skilled employee / official,1,none,yes,2,divorced/separated
... >= 200 DM / salary assignments for at least 1 year,42,existing credits paid back duly till now,education,250,100 <= ... < 500 DM,unemployed,2,male,none,4,"car or other, not in savings account",73,none,own,2,skilled employee / official,1,none,no,1,married/widowed
... < 0 DM,13,existing credits paid back duly till now,car (used),338,... < 100 DM,... >= 7 years,3,male,none,4,building society savings agreement / life insurance,34,none,rent,1,skilled employee / official,1,"yes, registered under customer's name",yes,2,single
... >= 200 DM / salary assignments for at least 1 year,4,delay in paying off in the past,domestic appliances,1871,... >= 1000 DM,... >= 7 years,2,male,co-applicant,2,building society savings agreement / life insurance,23,bank,for free,1,unemployed / unskilled - non-resident,1,"yes, registered under customer's name",yes,1,married/widowed
... >= 200 DM / salary assignments for at least 1 year,31,delay in paying off in the past,car (new),15945,unknown / no savings account,unemployed,3,female,guarantor,4,building society savings agreement / life insurance,69,bank,own,4,unemployed / unskilled - non-resident,1,"yes, registered under customer's name",yes,1,married/widowed
no checking account,23,critical account / other credits existing (not at this bank),others,2486,100 <= ... < 500 DM,4 <= ... < 7 years,3,female,co-applicant,4,unknown / no property,23,none,own,1,skilled employee / official,2,"yes, registered under customer's name",no,1,single
... >= 200 DM / salary assignments for at least 1 year,15,critical account / other credits existing (not at this bank),business,2353,... >= 1000 DM,... < 1 year,2,male,guarantor,2,real estate,50,bank,own,1,unskilled - resident,1,none,yes,2,single
... < 0 DM,17,all credits at this bank paid back duly,car (used),1452,500 <= ... < 1000 DM,... < 1 year,3,female,guarantor,3,real estate,27,stores,rent,1,management / self-employed / highly qualified employee / officer,1,none,yes,1,single
no checking account,9,all credits at this bank paid back duly,furniture/equipment,6013,unknown / no savings account,... < 1 year,4,male,guarantor,4,"car or other, not in savings account",21,bank,own,2,unskilled - resident,1,"yes, registered under customer's name",yes,1,married/widowed
no checking account,55,critical account / other credits existing (not at this bank),car (new),8784,500 <= ... < 1000 DM,1 <= ... < 4 years,1,male,none,4,unknown / no property,20,stores,own,3,skilled employee / official,2,"yes, registered under customer's name",no,1,single
no checking account,7,all credits at this bank paid back duly,car (used),250,100 <= ... < 500 DM,1 <= ... < 4 years,3,male,co-applicant,2,"car or other, not in savings account",47,stores,own,1,skilled employee / official,2,"yes, registered under customer's name",yes,1,divorced/separated
no checking account,22,existing credits paid back duly till now,business,15566,500 <= ... < 1000 DM,1 <= ... < 4 years,2,male,guarantor,2,building society savings agreement / life insurance,28,bank,for free,1,management / self-employed / highly qualified employee / officer,1,"yes, registered under customer's name",no,2,single
0 <= ... < 200 DM,9,all credits at this bank paid back duly,radio/television,11862,... < 100 DM,4 <= ... < 7 years,4,male,co-applicant,4,"car or other, not in savings account",32,none,rent,2,skilled employee / official,2,"yes, registered under customer's name",yes,1,married/widowed
no checking account,7,no credits taken / all credits paid back duly,domestic appliances,5222,... < 100 DM,unemployed,3,male,co-applicant,4,unknown / no property,50,bank,own,1,unskilled - resident,2,none,no,1,divorced/separated
... >= 200 DM / salary assignments for at least 1 year,4,critical account / other credits existing (not at this bank),others,10812,100 <= ... < 500 DM,unemployed,3,male,none,2,unknown / no property,55,stores,own,1,skilled employee / official,2,none,yes,2,divorced/separated
... >= 200 DM / salary assignments for at least 1 year,21,no credits taken / all credits paid back duly,furniture/equipment,4978,100 <= ... < 500 DM,unemployed,2,male,none,3,unknown / no property,44,stores,own,1,unskilled - resident,1,"yes, registered under customer's name",yes,2,married/widowed
0 <= ... < 200 DM,27,delay in paying off in the past,car (used),5582,100 <= ... < 500 DM,unemployed,1,male,co-applicant,2,real estate,51,none,rent,1,management / self-employed / highly qualified employee / officer,1,"yes, registered under customer's name",no,1,divorced/separated
... < 0 DM,43,critical account / other credits existing (not at this bank),repairs,2027,... >= 1000 DM,unemployed,1,male,none,4,building society savings agreement / life insurance,63,bank,own,2,unskilled - resident,1,"yes, registered under customer's name",yes,2,married/widowed
no checking account,61,no credits taken / all credits paid back duly,domestic appliances,449,... < 100 DM,unemployed,1,female,none,4,"car or other, not in savings account",19,stores,own,3,management / self-employed / highly qualified employee / officer,2,"yes, registered under customer's name",yes,1,divorced/separated
... < 0 DM,4,all credits at this bank paid back duly,car (used),3236,100 <= ... < 500 DM,4 <= ... < 7 years,4,female,none,2,real estate,30,none,rent,2,unemployed / unskilled - non-resident,1,none,yes,2,divorced/separated
... >= 200 DM / salary assignments for at least 1 year,4,existing credits paid back duly till now,furniture/equipment,15945,... < 100 DM,4 <= ... < 7 years,2,female,co-applicant,2,building society savings agreement / life insurance,44,none,own,3,unemployed / unskilled - non-resident,1,"yes, registered under customer's name",no,2,single
... >= 200 DM / salary assignments for at least 1 year,43,critical account / other credits existing (not at this bank),business,9293,unknown / no savings account,1 <= ... < 4 years,2,female,none,4,unknown / no property,30,none,rent,3,skilled employee / official,1,"yes, registered under customer's name",yes,1,single
... >= 200 DM / salary assignments for at least 1 year,24,all credits at this bank paid back duly,car (used),2330,unknown / no savings account,... < 1 year,1,female,guarantor,4,"car or other, not in savings account",55,bank,rent,3,unemployed / unskilled - non-resident,2,"yes, registered under customer's name",yes,2,divorced/separated
no checking account,26,no credits taken / all credits paid back duly,car (used),2338,100 <= ... < 500 DM,4 <= ... < 7 years,1,male,none,3,building society savings agreement / life insurance,45,bank,rent,1,skilled employee / official,2,"yes, registered under customer's name",no,2,divorced/separated
no checking account,4,critical account / other credits existing (not at this bank),radio/television,5189,500 <= ... < 1000 DM,... < 1 year,2,female,guarantor,1,real estate,30,bank,own,2,management / self-employed / highly qualified employee / officer,2,"yes, registered under customer's name",yes,2,married/widowed
0 <= ... < 200 DM,26,no credits taken / all credits paid back duly,others,8624,... < 100 DM,unemployed,2,male,none,4,"car or other, not in savings account",39,bank,for free,4,management / self-employed / highly qualified employee / officer,1,"yes, registered under customer's name",yes,1,married/widowed
... >= 200 DM / salary assignments for at least 1 year,32,existing credits paid back duly till now,education,7281,100 <= ... < 500 DM,unemployed,2,male,guarantor,3,"car or other, not in savings account",24,stores,for free,2,skilled employee / official,1,"yes, registered under customer's name",no,2,married/widowed
... >= 200 DM / salary assignments for at least 1 year,67,all credits at this bank paid back duly,car (used),635,... < 100 DM,4 <= ... < 7 years,2,male,co-applicant,4,"car or other, not in savings account",33,bank,for free,1,unskilled - resident,1,"yes, registered under customer's name",no,1,married/widowed
... < 0 DM,21,existing credits paid back duly till now,car (new),3218,... < 100 DM,... >= 7 years,4,female,co-applicant,4,real estate,45,stores,rent,1,unemployed / unskilled - non-resident,2,"yes, registered under customer's name",no,2,single
no checking account,54,delay in paying off in the past,others,3725,... >= 1000 DM,1 <= ... < 4 years,3,female,co-applicant,4,"car or other, not in savings account",35,stores,rent,1,unskilled - resident,1,none,yes,1,divorced/separated
0 <= ... < 200 DM,24,no credits taken / all credits paid back duly,radio/television,5594,unknown / no savings account,unemployed,2,female,none,3,unknown / no property,19,stores,for free,4,unemployed / unskilled - non-resident,2,none,yes,1,divorced/separated
... >= 200 DM / salary assignments for at least 1 year,37,critical account / other credits existing (not at this bank),business,2408,500 <= ... < 1000 DM,... >= 7 years,1,male,guarantor,4,building society savings agreement / life insurance,46,bank,own,1,unemployed / unskilled - non-resident,2,none,yes,1,married/widowed
... >= 200 DM / salary assignments for at least 1 year,20,existing credits paid back duly till now,car (new),6289,... < 100 DM,4 <= ... < 7 years,1,male,co-applicant,2,real estate,59,stores,rent,1,unemployed / unskilled - non-resident,1,"yes, registered under customer's name",yes,2,divorced/separated
no checking account,22,no credits taken / all credits paid back duly,car (used),2163,unknown / no savings account,... >= 7 years,3,male,co-applicant,4,"car or other, not in savings account",37,stores,own,3,skilled employee / official,1,"yes, registered under customer's name",no,1,single
0 <= ... < 200 DM,56,critical account / other credits existing (not at this bank),repairs,7479,100 <= ... < 500 DM,4 <= ... < 7 years,2,male,co-applicant,1,real estate,59,none,rent,2,unemployed / unskilled - non-resident,1,none,no,2,married/widowed
0 <= ... < 200 DM,8,critical account / other credits existing (not at this bank),furniture/equipment,3632,unknown / no savings account,4 <= ... < 7 years,2,male,none,3,unknown / no property,59,bank,own,1,management / self-employed / highly qualified employee / officer,2,none,no,1,married/widowed
... < 0 DM,6,critical account / other credits existing (not at this bank),car (used),15945,500 <= ... < 1000 DM,... < 1 year,4,male,guarantor,3,real estate,59,none,rent,1,skilled employee / official,1,none,no,2,divorced/separated
... >= 200 DM / salary assignments for at least 1 year,25,no credits taken / all credits paid back duly,furniture/equipment,2639,... >= 1000 DM,1 <= ... < 4 years,1,female,co-applicant,1,real estate,30,bank,own,1,management / self-employed / highly qualified employee / officer,2,"yes, registered under customer's name",no,1,divorced/separated
... < 0 DM,7,no credits taken / all credits paid back duly,others,6596,unknown / no savings account,1 <= ... < 4 years,1,male,co-applicant,3,building society savings agreement / life insurance,25,stores,rent,4,unskilled - resident,1,"yes, registered under customer's name",yes,1,single
... < 0 DM,24,critical account / other credits existing (not at this bank),education,2274,... >= 1000 DM,... >= 7 years,1,male,none,3,building society savings agreement / life insurance,21,none,rent,4,unemployed / unskilled - non-resident,2,"yes, registered under customer's name",yes,1,divorced/separated
0 <= ... < 200 DM,10,all credits at this bank paid back duly,car (used),6719,... >= 1000 DM,1 <= ... < 4 years,3,female,none,4,unknown / no property,58,stores,own,3,skilled employee / official,2,"yes, registered under customer's name",no,1,married/widowed
no checking account,24,existing credits paid back duly till now,education,2326,500 <= ... < 1000 DM,... >= 7 years,1,male,none,2,real estate,36,bank,own,2,management / self-employed / highly qualified employee / officer,2,none,yes,1,married/widowed
no checking account,19,existing credits paid back duly till now,radio/television,2267,... >= 1000 DM,... >= 7 years,4,female,guarantor,2,"car or other, not in savings account",39,bank,own,2,skilled employee / official,1,none,yes,1,single
0 <= ... < 200 DM,13,all credits at this bank paid back duly,car (used),4155,... < 100 DM,... >= 7 years,1,female,guarantor,3,building society savings agreement / life insurance,40,none,rent,4,unskilled - resident,2,"yes, registered under customer's name",no,2,divorced/separated
0 <= ... < 200 DM,26,critical account / other credits existing (not at this bank),repairs,15945,... >= 1000 DM,unemployed,2,male,guarantor,4,real estate,53,stores,own,4,unemployed / unskilled - non-resident,2,none,no,2,divorced/separated
... < 0 DM,11,delay in paying off in the past,repairs,4849,100 <= ... < 500 DM,4 <= ... < 7 years,4,male,none,1,real estate,23,bank,rent,1,skilled employee / official,2,none,yes,1,married/widowed
... >= 200 DM / salary assignments for at least 1 year,30,all credits at this bank paid back duly,retraining,4348,... >= 1000 DM,... >= 7 years,2,female,co-applicant,3,"car or other, not in savings account",65,stores,own,3,unemployed / unskilled - non-resident,2,none,yes,2,single
... < 0 DM,67,existing credits paid back duly till now,car (used),7322,... >= 1000 DM,1 <= ... < 4 years,3,male,guarantor,3,"car or other, not in savings account",43,bank,rent,3,unskilled - resident,2,none,yes,2,single
no checking account,4,no credits taken / all credits paid back duly,education,7788,100 <= ... < 500 DM,unemployed,2,male,none,4,"car or other, not in savings account",35,none,rent,2,skilled employee / official,1,"yes, registered under customer's name",no,2,single
no checking account,44,critical account / other credits existing (not at this bank),others,3087,100 <= ... < 500 DM,unemployed,1,female,guarantor,4,building society savings agreement / life insurance,55,none,rent,3,unemployed / unskilled - non-resident,1,none,yes,2,married/widowed
... >= 200 DM / salary assignments for at least 1 year,54,critical account / other credits existing (not at this bank),furniture/equipment,3777,100 <= ... < 500 DM,... >= 7 years,4,female,none,3,building society savings agreement / life insurance,56,stores,for free,1,unskilled - resident,1,none,yes,2,married/widowed
no checking account,4,existing credits paid back duly till now,others,1361,unknown / no savings account,unemployed,1,female,none,1,unknown / no property,56,stores,for free,3,skilled employee / official,1,none,no,2,single
... >= 200 DM / salary assignments for at least 1 year,37,existing credits paid back duly till now,car (used),2910,... < 100 DM,4 <= ... < 7 years,4,male,none,1,"car or other, not in savings account",35,none,for free,3,unskilled - resident,1,"yes, registered under customer's name",yes,2,married/widowed
no checking account,28,no credits taken / all credits paid back duly,business,10203,unknown / no savings account,4 <= ... < 7 years,3,male,guarantor,2,real estate,23,stores,for free,1,unskilled - resident,1,"yes, registered under customer's name",no,2,married/widowed
... < 0 DM,22,existing credits paid back duly till now,radio/television,9785,500 <= ... < 1000 DM,... >= 7 years,4,female,none,3,building society savings agreement / life insurance,26,bank,own,4,unemployed / unskilled - non-resident,1,none,no,1,divorced/separated
... < 0 DM,23,all credits at this bank paid back duly,education,9226,500 <= ... < 1000 DM,... >= 7 years,4,female,guarantor,1,"car or other, not in savings account",65,bank,own,3,management / self-employed / highly qualified employee / officer,1,"yes, registered under customer's name",yes,1,divorced/separated
0 <= ... < 200 DM,29,delay in paying off in the past,business,9219,... >= 1000 DM,... >= 7 years,1,female,co-applicant,4,building society savings agreement / life insurance,63,stores,for free,4,management / self-employed / highly qualified employee / officer,2,"yes, registered under customer's name",yes,2,divorced/separated
... >= 200 DM / salary assignments for at least 1 year,43,all credits at this bank paid back duly,business,816,... >= 1000 DM,1 <= ... < 4 years,4,male,none,1,unknown / no property,24,none,own,1,unemployed / unskilled - non-resident,1,"yes, registered under customer's name",yes,1,single
... < 0 DM,37,no credits taken / all credits paid back duly,business,3530,... >= 1000 DM,... < 1 year,1,female,co-applicant,4,unknown / no property,44,bank,own,2,management / self-employed / highly qualified employee / officer,1,"yes, registered under customer's name",yes,2,divorced/separated
... < 0 DM,4,existing credits paid back duly till now,car (used),15945,100 <= ... < 500 DM,unemployed,2,male,co-applicant,4,"car or other, not in savings account",75,stores,rent,4,unemployed / unskilled - non-resident,1,"yes, registered under customer's name",no,1,married/widowed
... < 0 DM,19,no credits taken / all credits paid back duly,car (new),602,unknown / no savings account,1 <= ... < 4 years,2,male,none,4,real estate,27,none,for free,1,management / self-employed / highly qualified employee / officer,2,none,no,1,divorced/separated
... < 0 DM,23,delay in paying off in the past,furniture/equipment,11279,500 <= ... < 1000 DM,1 <= ... < 4 years,4,male,guarantor,1,building society savings agreement / life insurance,39,none,for free,1,management / self-employed / highly qualified employee / officer,2,"yes, registered under customer's name",yes,1,single
... >= 200 DM / salary assignments for at least 1 year,43,delay in paying off in the past,domestic appliances,4202,100 <= ... < 500 DM,... < 1 year,3,male,none,2,real estate,52,none,rent,4,unskilled - resident,1,"yes, registered under customer's name",no,1,divorced/separated
0 <= ... < 200 DM,9,no credits taken / all credits paid back duly,radio/television,5119,... < 100 DM,1 <= ... < 4 years,3,male,co-applicant,3,real estate,60,none,for free,2,management / self-employed / highly qualified employee / officer,2,"yes, registered under customer's name",no,1,single
... >= 200 DM / salary assignments for at least 1 year,28,critical account / other credits existing (not at this bank),repairs,3487,100 <= ... < 500 DM,unemployed,2,female,none,1,real estate,59,none,rent,3,skilled employee / official,2,"yes, registered under customer's name",yes,1,married/widowed
... < 0 DM,36,no credits taken / all credits paid back duly,education,1273,500 <= ... < 1000 DM,4 <= ... < 7 years,2,female,none,3,"car or other, not in savings account",47,stores,own,4,skilled employee / official,2,"yes, registered under customer's name",yes,2,married/widowed
... < 0 DM,41,existing credits paid back duly till now,business,12238,... >= 1000 DM,unemployed,4,male,none,1,building society savings agreement / life insurance,41,bank,for free,2,unemployed / unskilled - non-resident,2,"yes, registered under customer's name",no,1,divorced/separated
0 <= ... < 200 DM,28,critical account / other credits existing (not at this bank),retraining,6172,... >= 1000 DM,... < 1 year,4,female,guarantor,2,"car or other, not in savings account",20,stores,own,2,skilled employee / official,2,"yes, registered under customer's name",yes,1,single
... < 0 DM,34,no credits taken / all credits paid back duly,domestic appliances,15945,... < 100 DM,1 <= ... < 4 years,2,female,guarantor,3,"car or other, not in savings account",54,none,for free,3,management / self-employed / highly qualified employee / officer,2,"yes, registered under customer's name",yes,1,divorced/separated
0 <= ... < 200 DM,26,no credits taken / all credits paid back duly,repairs,11208,500 <= ... < 1000 DM,unemployed,1,male,co-applicant,2,real estate,48,bank,own,1,skilled employee / official,1,"yes, registered under customer's name",no,2,divorced/separated
no checking account,30,delay in paying off in the past,education,15945,... >= 1000 DM,... < 1 year,4,male,co-applicant,1,unknown / no property,45,none,rent,2,skilled employee / official,2,"yes, registered under customer's name",no,1,divorced/separated
0 <= ... < 200 DM,8,all credits at this bank paid back duly,repairs,13018,100 <= ... < 500 DM,... < 1 year,2,female,guarantor,2,building society savings agreement / life insurance,41,bank,for free,3,management / self-employed / highly qualified employee / officer,1,"yes, registered under customer's name",no,1,married/widowed
... >= 200 DM / salary assignments for at least 1 year,9,existing credits paid back duly till now,retraining,2063,500 <= ... < 1000 DM,1 <= ... < 4 years,1,male,guarantor,4,building society savings agreement / life insurance,19,bank,rent,3,management / self-employed / highly qualified employee / officer,1,"yes, registered under customer's name",yes,1,divorced/separated
... >= 200 DM / salary assignments for at least 1 year,13,no credits taken / all credits paid back duly,radio/television,11282,100 <= ... < 500 DM,1 <= ... < 4 years,4,male,guarantor,2,real estate,28,none,for free,4,skilled employee / official,1,none,yes,1,divorced/separated
no checking account,38,critical account / other credits existing (not at this bank),car (used),4620,500 <= ... < 1000 DM,unemployed,3,male,guarantor,2,building society savings agreement / life insurance,56,none,rent,3,management / self-employed / highly qualified employee / officer,1,none,no,2,married/widowed
0 <= ... < 200 DM,43,all credits at this bank paid back duly,others,3056,... < 100 DM,1 <= ... < 4 years,3,male,none,4,building society savings agreement / life insurance,35,stores,own,4,unemployed / unskilled - non-resident,1,none,no,2,single
... >= 200 DM / salary assignments for at least 1 year,4,no credits taken / all credits paid back duly,others,4211,... < 100 DM,4 <= ... < 7 years,3,female,none,1,building society savings agreement / life insurance,52,bank,for free,2,management / self-employed / highly qualified employee / officer,2,"yes, registered under customer's name",yes,1,married/widowed
... >= 200 DM / salary assignments for at least 1 year,26,existing credits paid back duly till now,car (used),5251,100 <= ... < 500 DM,... < 1 year,2,female,guarantor,4,real estate,50,bank,rent,3,management / self-employed / highly qualified employee / officer,1,"yes, registered under customer's name",yes,2,married/widowed
0 <= ... < 200 DM,4,delay in paying off in the past,furniture/equipment,2309,100 <= ... < 500 DM,unemployed,1,male,none,2,"car or other, not in savings account",24,stores,rent,3,skilled employee / official,2,none,no,2,married/widowed
... < 0 DM,56,delay in paying off in the past,car (used),10910,... < 100 DM,1 <= ... < 4 years,1,male,none,2,"car or other, not in savings account",48,stores,own,4,skilled employee / official,2,"yes, registered under customer's name",no,1,married/widowed
... < 0 DM,4,existing credits paid back duly till now,business,3817,unknown / no savings account,4 <= ... < 7 years,3,female,none,4,real estate,39,bank,for free,2,management / self-employed / highly qualified employee / officer,2,none,yes,1,divorced/separated
no checking account,32,existing credits paid back duly till now,car (used),250,... >= 1000 DM,unemployed,1,female,guarantor,3,unknown / no property,22,bank,own,1,skilled employee / official,1,none,yes,2,single
... >= 200 DM / salary assignments for at least 1 year,18,existing credits paid back duly till now,car (used),3887,unknown / no savings account,... >= 7 years,4,male,co-applicant,2,real estate,34,none,own,3,unskilled - resident,2,none,yes,1,married/widowed
0 <= ... < 200 DM,16,all credits at this bank paid back duly,repairs,4026,100 <= ... < 500 DM,1 <= ... < 4 years,4,male,co-applicant,1,"car or other, not in savings account",38,bank,own,2,unemployed / unskilled - non-resident,2,none,no,1,single
0 <= ... < 200 DM,40,delay in paying off in the past,retraining,3065,100 <= ... < 500 DM,... >= 7 years,1,female,guarantor,4,real estate,40,bank,for free,1,unskilled - resident,2,none,no,1,divorced/separated
... < 0 DM,18,existing credits paid back duly till now,furniture/equipment,1834,500 <= ... < 1000 DM,unemployed,1,male,co-applicant,1,"car or other, not in savings account",56,bank,rent,2,unskilled - resident,2,"yes, registered under customer's name",yes,1,divorced/separated
... >= 200 DM / salary assignments for at least 1 year,25,all credits at this bank paid back duly,repairs,3677,500 <= ... < 1000 DM,1 <= ... < 4 years,4,female,guarantor,4,unknown / no property,35,stores,for free,2,skilled employee / official,2,"yes, registered under customer's name",yes,2,single
... >= 200 DM / salary assignments for at least 1 year,24,no credits taken / all credits paid back duly,business,8756,500 <= ... < 1000 DM,1 <= ... < 4 years,3,female,none,3,real estate,34,bank,own,1,unskilled - resident,2,"yes, registered under customer's name",no,1,married/widowed
... < 0 DM,13,delay in paying off in the past,business,7163,... >= 1000 DM,4 <= ... < 7 years,3,male,guarantor,4,"car or other, not in savings account",52,bank,own,2,unemployed / unskilled - non-resident,2,"yes, registered under customer's name",no,1,single
... >= 200 DM / salary assignments for at least 1 year,18,existing credits paid back duly till now,retraining,9323,... < 100 DM,... >= 7 years,3,female,none,1,building society savings agreement / life insurance,46,bank,for free,2,unskilled - resident,2,none,no,1,married/widowed
no checking account,36,no credits taken / all credits paid back duly,retraining,6959,... < 100 DM,unemployed,2,male,none,1,"car or other, not in savings account",47,bank,own,2,skilled employee / official,2,"yes, registered under customer's name",no,1,single
0 <= ... < 200 DM,28,all credits at this bank paid back duly,car (new),1852,unknown / no savings account,1 <= ... < 4 years,4,female,co-applicant,4,building society savings agreement / life insurance,38,none,for free,1,unemployed / unskilled - non-resident,1,"yes, registered under customer's name",no,2,married/widowed
no checking account,4,critical account / other credits existing (not at this bank),car (new),1360,... < 100 DM,4 <= ... < 7 years,4,male,co-applicant,2,"car or other, not in savings account",24,none,own,2,unemployed / unskilled - non-resident,1,"yes, registered under customer's name",no,1,married/widowed
no checking account,42,critical account / other credits existing (not at this bank),furniture/equipment,8483,unknown / no savings account,... >= 7 years,1,male,none,3,building society savings agreement / life insurance,36,bank,own,4,unskilled - resident,2,none,no,2,married/widowed
... >= 200 DM / salary assignments for at least 1 year,61,all credits at this bank paid back duly,furniture/equipment,2455,... >= 1000 DM,4 <= ... < 7 years,3,female,guarantor,4,"car or other, not in savings account",31,stores,rent,2,management / self-employed / highly qualified employee / officer,1,none,yes,1,married/widowed
no checking account,10,critical account / other credits existing (not at this bank),furniture/equipment,3882,100 <= ... < 500 DM,4 <= ... < 7 years,4,male,guarantor,3,building society savings agreement / life insurance,35,none,for free,1,unemployed / unskilled - non-resident,1,none,yes,1,married/widowed
no checking account,39,no credits taken / all credits paid back duly,others,10388,... < 100 DM,... < 1 year,3,male,co-applicant,2,"car or other, not in savings account",20,none,own,2,skilled employee / official,1,"yes, registered under customer's name",no,2,divorced/separated
... < 0 DM,32,critical account / other credits existing (not at this bank),car (used),8864,unknown / no savings account,... >= 7 years,2,female,none,4,real estate,68,none,own,1,skilled employee / official,1,"yes, registered under customer's name",no,2,single
0 <= ... < 200 DM,13,delay in paying off in the past,education,2340,... < 100 DM,unemployed,2,female,none,1,"car or other, not in savings account",65,stores,own,1,unemployed / unskilled - non-resident,2,"yes, registered under customer's name",yes,2,divorced/separated
... >= 200 DM / salary assignments for at least 1 year,39,critical account / other credits existing (not at this bank),car (used),1918,... >= 1000 DM,4 <= ... < 7 years,2,female,guarantor,4,unknown / no property,57,stores,for free,1,unemployed / unskilled - non-resident,2,none,no,1,married/widowed
0 <= ... < 200 DM,24,critical account / other credits existing (not at this bank),business,1643,unknown / no savings account,unemployed,4,female,guarantor,4,building society savings agreement / life insurance,58,stores,own,1,skilled employee / official,2,none,no,2,married/widowed
no checking account,72,critical account / other credits existing (not at this bank),radio/television,5418,100 <= ... < 500 DM,1 <= ... < 4 years,4,male,none,2,real estate,33,bank,for free,2,skilled employee / official,1,none,no,1,single
no checking account,11,no credits taken / all credits paid back duly,business,3024,... < 100 DM,... < 1 year,4,male,none,3,building society savings agreement / life insurance,38,none,own,1,unskilled - resident,1,"yes, registered under customer's name",no,1,divorced/separated
... >= 200 DM / salary assignments for at least 1 year,11,all credits at this bank paid back duly,furniture/equipment,9706,500 <= ... < 1000 DM,... >= 7 years,4,female,co-applicant,1,real estate,32,stores,own,4,skilled employee / official,2,"yes, registered under customer's name",no,1,single
... < 0 DM,59,delay in paying off in the past,car (new),10473,unknown / no savings account,unemployed,1,male,guarantor,1,unknown / no property,19,none,rent,3,unskilled - resident,1,"yes, registered under customer's name",no,1,divorced/separated
0 <= ... < 200 DM,4,critical account / other credits existing (not at this bank),retraining,4600,100 <= ... < 500 DM,1 <= ... < 4 years,3,female,none,1,"car or other, not in savings account",49,stores,for free,1,management / self-employed / highly qualified employee / officer,2,"yes, registered under customer's name",yes,2,married/widowed
... >= 200 DM / salary assignments for at least 1 year,24,delay in paying off in the past,car (new),1732,500 <= ... < 1000 DM,unemployed,2,female,none,1,"car or other, not in savings account",44,bank,for free,1,unemployed / unskilled - non-resident,2,"yes, registered under customer's name",yes,1,married/widowed
0 <= ... < 200 DM,6,critical account / other credits existing (not at this bank),car (new),13643,100 <= ... < 500 DM,4 <= ... < 7 years,2,female,co-applicant,4,"car or other, not in savings account",34,stores,for free,3,skilled employee / official,2,none,yes,1,married/widowed
... >= 200 DM / salary assignments for at least 1 year,4,delay in paying off in the past,retraining,11174,unknown / no savings account,4 <= ... < 7 years,3,male,guarantor,2,"car or other, not in savings account",75,bank,rent,2,unskilled - resident,2,"yes, registered under customer's name",yes,1,divorced/separated
0 <= ... < 200 DM,4,critical account / other credits existing (not at this bank),furniture/equipment,15945,100 <= ... < 500 DM,... < 1 year,2,male,none,4,real estate,29,none,rent,3,unskilled - resident,2,"yes, registered under customer's name",no,1,married/widowed
... < 0 DM,43,delay in paying off in the past,car (new),5712,500 <= ... < 1000 DM,4 <= ... < 7 years,2,male,none,1,unknown / no property,42,none,own,2,unemployed / unskilled - non-resident,1,"yes, registered under customer's name",no,1,single
no checking account,27,no credits taken / all credits paid back duly,car (new),250,... >= 1000 DM,... >= 7 years,3,male,guarantor,3,building society savings agreement / life insurance,31,none,rent,1,management / self-employed / highly qualified employee / officer,2,"yes, registered under customer's name",yes,1,divorced/separated
... < 0 DM,14,all credits at this bank paid back duly,business,11293,... < 100 DM,unemployed,2,male,none,3,"car or other, not in savings account",34,stores,for free,4,skilled employee / official,1,"yes, registered under customer's name",no,2,single
no checking account,55,existing credits paid back duly till now,retraining,15945,100 <= ... < 500 DM,1 <= ... < 4 years,2,male,guarantor,1,"car or other, not in savings account",27,stores,rent,3,unskilled - resident,2,none,no,1,married/widowed
... >= 200 DM / salary assignments for at least 1 year,23,delay in paying off in the past,education,8203,unknown / no savings account,... >= 7 years,4,male,none,4,unknown / no property,33,bank,own,4,skilled employee / official,2,none,no,1,married/widowed
... >= 200 DM / salary assignments for at least 1 year,45,no credits taken / all credits paid back duly,car (used),2120,... < 100 DM,unemployed,4,female,co-applicant,4,unknown / no property,30,none,rent,1,unskilled - resident,2,"yes, registered under customer's name",yes,1,married/widowed
no checking account,6,critical account / other credits existing (not at this bank),education,3291,... >= 1000 DM,... < 1 year,4,male,none,3,building society savings agreement / life insurance,37,bank,rent,2,skilled employee / official,1,"yes, registered under customer's name",yes,2,single
0 <= ... < 200 DM,29,critical account / other credits existing (not at this bank),domestic appliances,3636,... >= 1000 DM,1 <= ... < 4 years,1,female,none,1,"car or other, not in savings account",62,none,own,2,management / self-employed / highly qualified employee / officer,1,none,no,1,divorced/separated
0 <= ... < 200 DM,4,no credits taken / all credits paid back duly,car (used),4417,500 <= ... < 1000 DM,1 <= ... < 4 years,1,male,none,1,real estate,41,stores,own,4,unskilled - resident,2,none,yes,1,single
... >= 200 DM / salary assignments for at least 1 year,9,existing credits paid back duly till now,radio/television,2908,100 <= ... < 500 DM,1 <= ... < 4 years,2,female,none,4,real estate,75,none,own,2,unskilled - resident,2,"yes, registered under customer's name",no,1,married/widowed
no checking account,23,critical account / other credits existing (not at this bank),furniture/equipment,1065,500 <= ... < 1000 DM,... >= 7 years,4,female,co-applicant,4,"car or other, not in savings account",51,none,own,3,skilled employee / official,2,"yes, registered under customer's name",yes,1,single
... >= 200 DM / salary assignments for at least 1 year,24,existing credits paid back duly till now,business,15945,100 <= ... < 500 DM,... < 1 year,2,female,none,4,building society savings agreement / life insurance,27,stores,own,1,unemployed / unskilled - non-resident,1,"yes, registered under customer's name",no,1,single
... < 0 DM,24,delay in paying off in the past,car (new),1251,unknown / no savings account,unemployed,3,male,co-applicant,1,"car or other, not in savings account",37,stores,rent,1,management / self-employed / highly qualified employee / officer,2,none,yes,2,single
0 <= ... < 200 DM,11,delay in paying off in the past,car (used),3337,100 <= ... < 500 DM,1 <= ... < 4 years,3,male,guarantor,1,building society savings agreement / life insurance,40,bank,rent,2,management / self-employed / highly qualified employee / officer,2,none,no,1,single
0 <= ... < 200 DM,32,no credits taken / all credits paid back duly,car (new),2007,unknown / no savings account,4 <= ... < 7 years,2,male,co-applicant,4,unknown / no property,48,none,own,3,management / self-employed / highly qualified employee / officer,2,none,yes,1,single
0 <= ... < 200 DM,13,critical account / other credits existing (not at this bank),business,2967,unknown / no savings account,4 <= ... < 7 years,1,male,co-applicant,4,unknown / no property,31,bank,own,3,unemployed / unskilled - non-resident,1,"yes, registered under customer's name",no,1,single
... < 0 DM,53,no credits taken / all credits paid back duly,car (used),4090,100 <= ... < 500 DM,... >= 7 years,3,female,none,3,unknown / no property,28,none,own,1,unemployed / unskilled - non-resident,1,"yes, registered under customer's name",no,1,married/widowed
... >= 200 DM / salary assignments for at least 1 year,22,all credits at this bank paid back duly,repairs,7126,100 <= ... < 500 DM,4 <= ... < 7 years,3,female,co-applicant,4,"car or other, not in savings account",19,bank,rent,4,unskilled - resident,2,"yes, registered under customer's name",no,2,married/widowed
0 <= ... < 200 DM,37,no credits taken / all credits paid back duly,others,3553,100 <= ... < 500 DM,... >= 7 years,4,female,co-applicant,1,unknown / no property,34,none,rent,2,skilled employee / official,1,none,yes,2,divorced/separated
... >= 200 DM / salary assignments for at least 1 year,29,no credits taken / all credits paid back duly,furniture/equipment,1984,100 <= ... < 500 DM,... >= 7 years,2,female,none,3,building society savings agreement / life insurance,33,stores,for free,1,skilled employee / official,2,none,yes,2,single
... >= 200 DM / salary assignments for at least 1 year,4,no credits taken / all credits paid back duly,retraining,2981,100 <= ... < 500 DM,unemployed,3,male,none,1,building society savings agreement / life insurance,45,none,own,1,unemployed / unskilled - non-resident,1,"yes, registered under customer's name",yes,2,married/widowed
... >= 200 DM / salary assignments for at least 1 year,21,delay in paying off in the past,retraining,250,... >= 1000 DM,... < 1 year,2,male,none,1,unknown / no property,40,stores,for free,2,unskilled - resident,1,none,yes,1,divorced/separated
no checking account,72,delay in paying off in the past,car (new),673,unknown / no savings account,1 <= ... < 4 years,1,male,guarantor,1,real estate,31,bank,for free,3,skilled employee / official,2,"yes, registered under customer's name",no,1,single
... < 0 DM,25,no credits taken / all credits paid back duly,radio/television,2433,... < 100 DM,... < 1 year,2,female,co-applicant,2,real estate,23,none,rent,1,management / self-employed / highly qualified employee / officer,2,none,yes,2,single
... < 0 DM,46,existing credits paid back duly till now,furniture/equipment,1877,100 <= ... < 500 DM,1 <= ... < 4 years,1,male,guarantor,3,unknown / no property,39,stores,rent,3,unemployed / unskilled - non-resident,2,"yes, registered under customer's name",no,2,divorced/separated
no checking account,4,delay in paying off in the past,education,1363,... >= 1000 DM,... >= 7 years,4,male,guarantor,4,real estate,55,none,own,2,unemployed / unskilled - non-resident,2,"yes, registered under customer's name",yes,1,single
... >= 200 DM / salary assignments for at least 1 year,20,critical account / other credits existing (not at this bank),car (new),2597,... >= 1000 DM,... < 1 year,3,male,guarantor,2,building society savings agreement / life insurance,19,bank,rent,2,unemployed / unskilled - non-resident,2,"yes, registered under customer's name",no,2,single
no checking account,33,existing credits paid back duly till now,domestic appliances,5802,unknown / no savings account,... < 1 year,1,male,guarantor,3,building society savings agreement / life insurance,41,stores,for free,4,unskilled - resident,1,"yes, registered under customer's name",no,1,divorced/separated
... >= 200 DM / salary assignments for at least 1 year,23,delay in paying off in the past,radio/television,2417,unknown / no savings account,... >= 7 years,1,male,guarantor,4,real estate,75,none,for free,1,management / self-employed / highly qualified employee / officer,2,"yes, registered under customer's name",yes,1,divorced/separated
... < 0 DM,26,existing credits paid back duly till now,car (new),15761,... >= 1000 DM,unemployed,4,male,none,4,real estate,54,bank,for free,1,management / self-employed / highly qualified employee / officer,1,none,no,1,married/widowed
... >= 200 DM / salary assignments for at least 1 year,21,existing credits paid back duly till now,radio/television,15945,... < 100 DM,... < 1 year,4,female,none,2,"car or other, not in savings account",30,bank,rent,3,unemployed / unskilled - non-resident,1,"yes, registered under customer's name",yes,2,single
no checking account,20,delay in paying off in the past,car (new),2138,100 <= ... < 500 DM,4 <= ... < 7 years,3,female,guarantor,2,unknown / no property,36,stores,for free,4,skilled employee / official,2,none,yes,1,married/widowed
0 <= ... < 200 DM,57,delay in paying off in the past,others,5700,unknown / no savings account,... < 1 year,3,male,co-applicant,3,"car or other, not in savings account",19,stores,for free,1,skilled employee / official,2,"yes, registered under customer's name",no,1,single
0 <= ... < 200 DM,25,critical account / other credits existing (not at this bank),business,1602,100 <= ... < 500 DM,unemployed,1,female,co-applicant,1,"car or other, not in savings account",20,stores,rent,4,management / self-employed / highly qualified employee / officer,1,"yes, registered under customer's name",no,1,divorced/separated
0 <= ... < 200 DM,4,delay in paying off in the past,business,1587,... >= 1000 DM,1 <= ... < 4 years,3,female,none,4,"car or other, not in savings account",39,stores,for free,4,skilled employee / official,2,none,yes,1,married/widowed
... < 0 DM,27,existing credits paid back duly till now,car (used),3343,... < 100 DM,unemployed,2,male,none,3,"car or other, not in savings account",37,bank,for free,3,unemployed / unskilled - non-resident,1,"yes, registered under customer's name",no,1,single
... >= 200 DM / salary assignments for at least 1 year,43,existing credits paid back duly till now,education,2158,unknown / no savings account,unemployed,2,female,co-applicant,2,"car or other, not in savings account",65,none,own,4,unemployed / unskilled - non-resident,2,"yes, registered under customer's name",yes,2,single
... >= 200 DM / salary assignments for at least 1 year,19,delay in paying off in the past,retraining,3389,500 <= ... < 1000 DM,... >= 7 years,4,female,none,3,building society savings agreement / life insurance,36,none,own,1,management / self-employed / highly qualified employee / officer,2,"yes, registered under customer's name",yes,1,divorced/separated
0 <= ... < 200 DM,13,existing credits paid back duly till now,car (new),11239,... < 100 DM,unemployed,4,female,none,2,unknown / no property,30,none,own,3,skilled employee / official,1,"yes, registered under customer's name",yes,1,married/widowed
... < 0 DM,15,no credits taken / all credits paid back duly,business,3462,unknown / no savings account,unemployed,2,female,none,2,"car or other, not in savings account",25,none,own,1,unskilled - resident,1,none,no,1,single
no checking account,26,critical account / other credits existing (not at this bank),business,2712,unknown / no savings account,1 <= ... < 4 years,1,female,co-applicant,4,building society savings agreement / life insurance,43,stores,for free,2,unskilled - resident,1,"yes, registered under customer's name",yes,1,single
... >= 200 DM / salary assignments for at least 1 year,17,existing credits paid back duly till now,business,6034,... >= 1000 DM,1 <= ... < 4 years,2,male,guarantor,2,unknown / no property,64,none,own,4,unemployed / unskilled - non-resident,1,"yes, registered under customer's name",yes,2,married/widowed
... < 0 DM,49,all credits at this bank paid back duly,business,12463,500 <= ... < 1000 DM,unemployed,1,male,guarantor,4,unknown / no property,54,stores,rent,2,skilled employee / official,1,none,yes,1,married/widowed
... >= 200 DM / salary assignments for at least 1 year,45,delay in paying off in the past,business,3646,100 <= ... < 500 DM,... < 1 year,1,male,guarantor,2,building society savings agreement / life insurance,39,bank,for free,1,management / self-employed / highly qualified employee / officer,2,"yes, registered under customer's name",yes,2,divorced/separated
... < 0 DM,14,critical account / other credits existing (not at this bank),car (new),456,500 <= ... < 1000 DM,unemployed,4,female,co-applicant,1,"car or other, not in savings account",25,none,rent,1,unskilled - resident,1,none,yes,1,divorced/separated
no checking account,67,delay in paying off in the past,others,4483,100 <= ... < 500 DM,... >= 7 years,4,male,guarantor,4,real estate,53,none,rent,2,management / self-employed / highly qualified employee / officer,1,none,no,1,single
0 <= ... < 200 DM,21,no credits taken / all credits paid back duly,others,15945,100 <= ... < 500 DM,... >= 7 years,3,female,co-applicant,2,unknown / no property,35,stores,rent,2,unemployed / unskilled - non-resident,1,"yes, registered under customer's name",no,1,divorced/separated
... < 0 DM,15,critical account / other credits existing (not at this bank),furniture/equipment,1349,500 <= ... < 1000 DM,unemployed,2,male,none,4,unknown / no property,50,bank,for free,1,unskilled - resident,2,none,no,1,single
no checking account,21,existing credits paid back duly till now,radio/television,4169,... >= 1000 DM,... >= 7 years,3,male,none,2,building society savings agreement / life insurance,20,none,rent,2,skilled employee / official,2,"yes, registered under customer's name",no,1,married/widowed
... < 0 DM,22,all credits at this bank paid back duly,radio/television,4139,500 <= ... < 1000 DM,4 <= ... < 7 years,1,male,guarantor,4,"car or other, not in savings account",25,bank,for free,1,unemployed / unskilled - non-resident,2,none,yes,2,single
0 <= ... < 200 DM,30,delay in paying off in the past,radio/television,1639,unknown / no savings account,... >= 7 years,2,male,co-applicant,1,unknown / no property,62,bank,for free,2,unskilled - resident,1,"yes, registered under customer's name",no,1,single
... < 0 DM,6,no credits taken / all credits paid back duly,education,4472,100 <= ... < 500 DM,... >= 7 years,4,male,co-applicant,2,unknown / no property,37,bank,own,3,unskilled - resident,2,"yes, registered under customer's name",yes,1,divorced/separated
... >= 200 DM / salary assignments for at least 1 year,17,existing credits paid back duly till now,others,8901,... >= 1000 DM,1 <= ... < 4 years,2,male,none,2,unknown / no property,23,none,own,2,unemployed / unskilled - non-resident,1,"yes, registered under customer's name",no,1,single
... < 0 DM,46,existing credits paid back duly till now,radio/television,6393,500 <= ... < 1000 DM,unemployed,4,male,none,3,"car or other, not in savings account",22,stores,for free,3,management / self-employed / highly qualified employee / officer,1,"yes, registered under customer's name",no,2,married/widowed
0 <= ... < 200 DM,42,existing credits paid back duly till now,car (new),1275,... < 100 DM,1 <= ... < 4 years,4,female,co-applicant,2,"car or other, not in savings account",22,bank,own,3,unskilled - resident,1,none,no,2,divorced/separated
0 <= ... < 200 DM,25,existing credits paid back duly till now,others,4428,unknown / no savings account,1 <= ... < 4 years,3,male,co-applicant,4,real estate,54,none,own,2,unemployed / unskilled - non-resident,1,none,yes,1,married/widowed
... < 0 DM,23,critical account / other credits existing (not at this bank),repairs,4294,100 <= ... < 500 DM,... >= 7 years,3,female,co-applicant,3,real estate,30,stores,for free,2,unskilled - resident,2,"yes, registered under customer's name",no,1,single
... < 0 DM,13,existing credits paid back duly till now,repairs,4034,... < 100 DM,... >= 7 years,2,male,co-applicant,3,"car or other, not in savings account",20,stores,own,2,skilled employee / official,2,none,no,1,single
... >= 200 DM / salary assignments for at least 1 year,13,all credits at this bank paid back duly,car (used),2435,100 <= ... < 500 DM,... >= 7 years,4,female,guarantor,1,unknown / no property,56,stores,for free,3,unemployed / unskilled - non-resident,1,none,no,2,married/widowed
... < 0 DM,22,all credits at this bank paid back duly,others,2016,... < 100 DM,... >= 7 years,2,male,guarantor,2,building society savings agreement / life insurance,45,bank,own,3,unemployed / unskilled - non-resident,2,none,no,2,married/widowed
0 <= ... < 200 DM,27,no credits taken / all credits paid back duly,car (new),2537,500 <= ... < 1000 DM,... >= 7 years,3,female,none,3,building society savings agreement / life insurance,19,bank,own,2,skilled employee / official,2,"yes, registered under customer's name",yes,2,single
... < 0 DM,52,delay in paying off in the past,radio/television,11571,... >= 1000 DM,... < 1 year,1,male,co-applicant,3,building society savings agreement / life insurance,46,stores,for free,4,unskilled - resident,2,none,no,1,married/widowed
... < 0 DM,33,critical account / other credits existing (not at this bank),education,6800,unknown / no savings account,4 <= ... < 7 years,3,male,co-applicant,4,building society savings agreement / life insurance,39,stores,for free,4,unskilled - resident,1,none,yes,1,married/widowed
... >= 200 DM / salary assignments for at least 1 year,34,no credits taken / all credits paid back duly,education,1973,... < 100 DM,4 <= ... < 7 years,3,male,co-applicant,4,unknown / no property,37,stores,own,2,unemployed / unskilled - non-resident,1,"yes, registered under customer's name",no,1,single
0 <= ... < 200 DM,23,all credits at this bank paid back duly,others,10934,... >= 1000 DM,4 <= ... < 7 years,3,female,co-applicant,3,building society savings agreement / life insurance,35,bank,for free,2,unskilled - resident,2,"yes, registered under customer's name",yes,1,single
... < 0 DM,23,existing credits paid back duly till now,radio/television,1812,500 <= ... < 1000 DM,unemployed,1,male,co-applicant,4,"car or other, not in savings account",27,none,for free,1,management / self-employed / highly qualified employee / officer,1,none,no,1,single
... < 0 DM,53,critical account / other credits existing (not at this bank),others,1471,... >= 1000 DM,... < 1 year,2,male,guarantor,3,"car or other, not in savings account",23,none,own,1,management / self-employed / highly qualified employee / officer,2,"yes, registered under customer's name",yes,1,single
no checking account,20,delay in paying off in the past,education,11923,... >= 1000 DM,1 <= ... < 4 years,1,male,none,4,building society savings agreement / life insurance,45,none,rent,3,management / self-employed / highly qualified employee / officer,1,none,no,2,single
... < 0 DM,7,critical account / other credits existing (not at this bank),repairs,1327,100 <= ... < 500 DM,... >= 7 years,4,male,guarantor,2,building society savings agreement / life insurance,52,bank,for free,3,unemployed / unskilled - non-resident,2,"yes, registered under customer's name",no,1,divorced/separated
no checking account,18,existing credits paid back duly till now,car (used),4810,unknown / no savings account,1 <= ... < 4 years,3,male,none,4,real estate,65,none,own,4,unskilled - resident,1,"yes, registered under customer's name",no,1,divorced/separated
... >= 200 DM / salary assignments for at least 1 year,19,existing credits paid back duly till now,business,12427,... < 100 DM,1 <= ... < 4 years,4,male,none,1,unknown / no property,49,bank,for free,1,unemployed / unskilled - non-resident,1,none,yes,2,married/widowed
no checking account,29,existing credits paid back duly till now,car (used),12437,... < 100 DM,... >= 7 years,4,male,none,3,unknown / no property,61,bank,rent,4,unemployed / unskilled - non-resident,2,"yes, registered under customer's name",no,2,divorced/separated
... < 0 DM,19,critical account / other credits existing (not at this bank),domestic appliances,12066,unknown / no savings account,unemployed,1,male,guarantor,4,real estate,29,stores,own,3,unskilled - resident,2,none,yes,1,single
... < 0 DM,42,delay in paying off in the past,education,5464,... >= 1000 DM,4 <= ... < 7 years,1,male,none,2,building society savings agreement / life insurance,39,stores,rent,2,unemployed / unskilled - non-resident,2,"yes, registered under customer's name",no,1,married/widowed
... < 0 DM,39,delay in paying off in the past,car (used),11431,... < 100 DM,... < 1 year,3,female,none,1,unknown / no property,22,stores,for free,3,management / self-employed / highly qualified employee / officer,1,"yes, registered under customer's name",no,1,divorced/separated
... >= 200 DM / salary assignments for at least 1 year,34,existing credits paid back duly till now,car (used),1269,100 <= ... < 500 DM,1 <= ... < 4 years,2,male,none,1,real estate,54,none,own,1,unemployed / unskilled - non-resident,2,"yes, registered under customer's name",yes,1,single
... >= 200 DM / salary assignments for at least 1 year,22,critical account / other credits existing (not at this bank),car (used),12426,... < 100 DM,1 <= ... < 4 years,1,female,guarantor,2,"car or other, not in savings account",50,bank,own,3,management / self-employed / highly qualified employee / officer,2,"yes, registered under customer's name",yes,2,married/widowed
... >= 200 DM / salary assignments for at least 1 year,8,critical account / other credits existing (not at this bank),education,15945,500 <= ... < 1000 DM,4 <= ... < 7 years,1,female,none,3,unknown / no property,38,none,for free,2,unskilled - resident,2,"yes, registered under customer's name",no,2,single
0 <= ... < 200 DM,29,no credits taken / all credits paid back duly,domestic appliances,13413,500 <= ... < 1000 DM,... < 1 year,2,male,none,1,unknown / no property,66,none,rent,3,unemployed / unskilled - non-resident,2,"yes, registered under customer's name",yes,1,divorced/separated
... < 0 DM,28,delay in paying off in the past,domestic appliances,8605,... < 100 DM,1 <= ... < 4 years,4,male,none,4,unknown / no property,40,bank,own,2,skilled employee / official,1,none,yes,2,single
... >= 200 DM / salary assignments for at least 1 year,22,delay in paying off in the past,repairs,1289,100 <= ... < 500 DM,... >= 7 years,2,male,none,3,"car or other, not in savings account",40,stores,own,1,unemployed / unskilled - non-resident,1,none,yes,1,married/widowed
0 <= ... < 200 DM,20,no credits taken / all credits paid back duly,business,4581,... < 100 DM,... >= 7 years,3,male,co-applicant,1,"car or other, not in savings account",41,none,rent,1,skilled employee / official,2,none,no,1,single
no checking account,6,all credits at this bank paid back duly,business,2494,... < 100 DM,1 <= ... < 4 years,3,male,co-applicant,1,real estate,30,bank,own,4,unskilled - resident,1,none,no,1,single
... < 0 DM,4,delay in paying off in the past,furniture/equipment,1883,... >= 1000 DM,1 <= ... < 4 years,1,female,none,2,"car or other, not in savings account",26,stores,own,2,skilled employee / official,1,none,yes,1,married/widowed
... < 0 DM,4,existing credits paid back duly till now,car (new),15945,... < 100 DM,1 <= ... < 4 years,3,female,co-applicant,2,real estate,41,stores,for free,3,unemployed / unskilled - non-resident,2,none,yes,2,married/widowed
no checking account,4,no credits taken / all credits paid back duly,domestic appliances,2056,... < 100 DM,1 <= ... < 4 years,4,male,guarantor,2,building society savings agreement / life insurance,28,stores,own,3,unemployed / unskilled - non-resident,2,none,yes,1,divorced/separated
no checking account,29,no credits taken / all credits paid back duly,car (new),13063,500 <= ... < 1000 DM,4 <= ... < 7 years,1,male,guarantor,1,building society savings agreement / life insurance,58,none,rent,3,skilled employee / official,2,"yes, registered under customer's name",no,1,single
0 <= ... < 200 DM,64,critical account / other credits existing (not at this bank),car (new),250,... < 100 DM,4 <= ... < 7 years,3,male,none,4,real estate,28,stores,rent,2,unemployed / unskilled - non-resident,2,"yes, registered under customer's name",no,2,divorced/separated
... < 0 DM,18,critical account / other credits existing (not at this bank),radio/television,8638,... < 100 DM,... >= 7 years,2,female,none,1,building society savings agreement / life insurance,48,none,rent,3,management / self-employed / highly qualified employee / officer,1,"yes, registered under customer's name",no,1,divorced/separated
... < 0 DM,21,no credits taken / all credits paid back duly,radio/television,7977,500 <= ... < 1000 DM,... < 1 year,1,male,co-applicant,2,building society savings agreement / life insurance,53,none,for free,4,skilled employee / official,2,none,no,1,divorced/separated
... < 0 DM,26,no credits taken / all credits paid back duly,repairs,4314,100 <= ... < 500 DM,1 <= ... < 4 years,4,female,none,3,unknown / no property,27,none,for free,2,management / self-employed / highly qualified employee / officer,1,"yes, registered under customer's name",no,2,married/widowed
0 <= ... < 200 DM,23,critical account / other credits existing (not at this bank),business,5693,unknown / no savings account,unemployed,2,female,none,1,"car or other, not in savings account",27,stores,rent,1,unemployed / unskilled - non-resident,1,none,yes,1,single
0 <= ... < 200 DM,12,all credits at this bank paid back duly,repairs,14700,500 <= ... < 1000 DM,unemployed,3,male,co-applicant,1,"car or other, not in savings account",37,bank,own,1,skilled employee / official,1,none,yes,1,married/widowed
no checking account,15,delay in paying off in the past,radio/television,1992,... >= 1000 DM,... >= 7 years,3,female,guarantor,1,unknown / no property,30,bank,own,4,unskilled - resident,2,"yes, registered under customer's name",yes,2,married/widowed
no checking account,17,no credits taken / all credits paid back duly,car (new),4007,... < 100 DM,4 <= ... < 7 years,2,female,co-applicant,2,unknown / no property,35,stores,rent,4,unskilled - resident,1,none,yes,2,single
... >= 200 DM / salary assignments for at least 1 year,22,no credits taken / all credits paid back duly,car (new),8895,500 <= ... < 1000 DM,... >= 7 years,2,female,guarantor,1,unknown / no property,34,bank,own,3,unemployed / unskilled - non-resident,1,none,yes,2,divorced/separated
... < 0 DM,25,existing credits paid back duly till now,car (used),1878,500 <= ... < 1000 DM,1 <= ... < 4 years,3,female,guarantor,3,building society savings agreement / life insurance,19,none,own,2,unemployed / unskilled - non-resident,2,none,no,1,single
no checking account,9,delay in paying off in the past,car (used),6640,... >= 1000 DM,unemployed,4,female,none,4,"car or other, not in savings account",33,stores,for free,3,unskilled - resident,1,"yes, registered under customer's name",no,2,single
... >= 200 DM / salary assignments for at least 1 year,7,critical account / other credits existing (not at this bank),radio/television,2096,500 <= ... < 1000 DM,4 <= ... < 7 years,1,female,guarantor,1,real estate,40,stores,for free,3,unemployed / unskilled - non-resident,1,"yes, registered under customer's name",no,1,single
... < 0 DM,11,all credits at this bank paid back duly,car (used),1901,... < 100 DM,... < 1 year,1,female,guarantor,3,real estate,46,bank,own,1,unemployed / unskilled - non-resident,1,none,yes,2,single
... < 0 DM,22,no credits taken / all credits paid back duly,furniture/equipment,844,500 <= ... < 1000 DM,... >= 7 years,1,male,guarantor,2,real estate,38,stores,for free,4,unskilled - resident,1,"yes, registered under customer's name",no,1,single
0 <= ... < 200 DM,32,existing credits paid back duly till now,car (new),474,... >= 1000 DM,unemployed,1,female,none,1,unknown / no property,32,none,rent,2,skilled employee / official,1,"yes, registered under customer's name",no,2,married/widowed
... < 0 DM,52,critical account / other credits existing (not at this bank),domestic appliances,13029,... >= 1000 DM,unemployed,4,male,none,2,unknown / no property,34,stores,rent,3,skilled employee / official,2,none,yes,1,married/widowed
... < 0 DM,42,existing credits paid back duly till now,retraining,1285,unknown / no savings account,1 <= ... < 4 years,3,male,guarantor,3,"car or other, not in savings account",42,none,for free,1,unemployed / unskilled - non-resident,2,"yes, registered under customer's name",no,2,single
0 <= ... < 200 DM,24,existing credits paid back duly till now,radio/television,2577,... < 100 DM,... >= 7 years,4,male,guarantor,3,unknown / no property,26,none,own,1,unskilled - resident,1,"yes, registered under customer's name",yes,2,divorced/separated
... < 0 DM,5,existing credits paid back duly till now,others,1200,100 <= ... < 500 DM,... < 1 year,2,male,none,3,real estate,56,none,for free,1,skilled employee / official,2,"yes, registered under customer's name",no,2,married/widowed
no checking account,18,no credits taken / all credits paid back duly,furniture/equipment,8091,... < 100 DM,... < 1 year,4,female,none,2,building society savings agreement / life insurance,25,stores,for free,4,management / self-employed / highly qualified employee / officer,1,none,no,2,single
0 <= ... < 200 DM,4,existing credits paid back duly till now,business,3036,... >= 1000 DM,4 <= ... < 7 years,3,male,guarantor,4,real estate,22,none,for free,1,management / self-employed / highly qualified employee / officer,2,none,yes,2,married/widowed
0 <= ... < 200 DM,19,no credits taken / all credits paid back duly,retraining,1455,100 <= ... < 500 DM,unemployed,3,female,guarantor,2,"car or other, not in savings account",51,stores,rent,1,skilled employee / official,2,"yes, registered under customer's name",no,1,married/widowed
... >= 200 DM / salary assignments for at least 1 year,55,existing credits paid back duly till now,others,1674,500 <= ... < 1000 DM,unemployed,1,female,guarantor,4,real estate,45,bank,rent,3,unskilled - resident,1,"yes, registered under customer's name",no,1,married/widowed
0 <= ... < 200 DM,23,existing credits paid back duly till now,repairs,857,100 <= ... < 500 DM,1 <= ... < 4 years,1,female,none,4,unknown / no property,38,none,rent,2,management / self-employed / highly qualified employee / officer,2,none,no,2,divorced/separated
... < 0 DM,8,all credits at this bank paid back duly,education,10588,... < 100 DM,1 <= ... < 4 years,3,female,guarantor,4,"car or other, not in savings account",56,stores,own,4,unemployed / unskilled - non-resident,2,"yes, registered under customer's name",no,2,divorced/separated
... >= 200 DM / salary assignments for at least 1 year,23,no credits taken / all credits paid back duly,education,2873,500 <= ... < 1000 DM,... >= 7 years,4,male,guarantor,4,"car or other, not in savings account",39,stores,own,1,unskilled - resident,2,"yes, registered under customer's name",yes,1,divorced/separated
0 <= ... < 200 DM,4,delay in paying off in the past,education,15945,... >= 1000 DM,... < 1 year,2,male,none,4,unknown / no property,36,stores,rent,2,unskilled - resident,1,none,yes,1,married/widowed
no checking account,33,critical account / other credits existing (not at this bank),radio/television,9826,... < 100 DM,... < 1 year,4,male,none,3,"car or other, not in savings account",42,none,for free,4,unskilled - resident,2,"yes, registered under customer's name",yes,2,married/widowed
... >= 200 DM / salary assignments for at least 1 year,12,delay in paying off in the past,business,2418,... >= 1000 DM,unemployed,3,male,co-applicant,1,unknown / no property,62,none,rent,1,management / self-employed / highly qualified employee / officer,1,"yes, registered under customer's name",yes,1,single
0 <= ... < 200 DM,31,all credits at this bank paid back duly,business,5168,unknown / no savings account,unemployed,3,female,guarantor,2,building society savings agreement / life insurance,30,stores,own,2,skilled employee / official,2,none,no,1,married/widowed
no checking account,22,critical account / other credits existing (not at this bank),furniture/equipment,6141,... < 100 DM,... >= 7 years,2,female,co-applicant,3,"car or other, not in savings account",43,stores,own,3,unskilled - resident,2,none,no,2,single
0 <= ... < 200 DM,26,all credits at this bank paid back duly,car (used),3949,... >= 1000 DM,... >= 7 years,2,female,none,4,building society savings agreement / life insurance,37,bank,for free,4,management / self-employed / highly qualified employee / officer,2,none,yes,1,single
... >= 200 DM / salary assignments for at least 1 year,22,all credits at this bank paid back duly,car (new),10780,... < 100 DM,4 <= ... < 7 years,2,female,none,1,"car or other, not in savings account",29,stores,own,4,unemployed / unskilled - non-resident,2,none,yes,2,married/widowed
... >= 200 DM / salary assignments for at least 1 year,45,critical account / other credits existing (not at this bank),furniture/equipment,609,100 <= ... < 500 DM,4 <= ... < 7 years,2,male,guarantor,4,unknown / no property,51,bank,for free,2,skilled employee / official,1,"yes, registered under customer's name",yes,1,divorced/separated
0 <= ... < 200 DM,20,existing credits paid back duly till now,retraining,250,... < 100 DM,... >= 7 years,2,male,guarantor,3,unknown / no property,27,stores,for free,1,skilled employee / official,1,none,yes,2,single
... < 0 DM,21,delay in paying off in the past,furniture/equipment,3326,100 <= ... < 500 DM,1 <= ... < 4 years,3,male,guarantor,4,unknown / no property,50,bank,for free,1,management / self-employed / highly qualified employee / officer,1,"yes, registered under customer's name",yes,1,divorced/separated
... >= 200 DM / salary assignments for at least 1 year,37,delay in paying off in the past,car (used),2999,... >= 1000 DM,1 <= ... < 4 years,4,male,none,4,"car or other, not in savings account",26,stores,own,4,skilled employee / official,2,"yes, registered under customer's name",yes,2,single
no checking account,18,no credits taken / all credits paid back duly,others,4184,... >= 1000 DM,4 <= ... < 7 years,3,male,none,1,real estate,34,bank,own,2,unskilled - resident,2,none,yes,1,single
0 <= ... < 200 DM,26,critical account / other credits existing (not at this bank),furniture/equipment,10131,100 <= ... < 500 DM,... >= 7 years,3,female,guarantor,2,"car or other, not in savings account",42,stores,for free,1,skilled employee / official,1,"yes, registered under customer's name",yes,2,married/widowed
... < 0 DM,17,no credits taken / all credits paid back duly,education,4328,500 <= ... < 1000 DM,1 <= ... < 4 years,2,male,co-applicant,4,building society savings agreement / life insurance,24,stores,own,1,management / self-employed / highly qualified employee / officer,1,"yes, registered under customer's name",yes,2,single
... < 0 DM,24,existing credits paid back duly till now,radio/television,2255,... >= 1000 DM,... >= 7 years,3,male,co-applicant,2,unknown / no property,42,none,for free,3,skilled employee / official,2,"yes, registered under customer's name",no,1,single
0 <= ... < 200 DM,31,no credits taken / all credits paid back duly,others,2317,unknown / no savings account,unemployed,2,male,co-applicant,1,"car or other, not in savings account",30,bank,own,4,unemployed / unskilled - non-resident,2,none,no,1,married/widowed
no checking account,18,critical account / other credits existing (not at this bank),car (new),15945,100 <= ... < 500 DM,unemployed,1,female,none,2,unknown / no property,47,bank,rent,2,unemployed / unskilled - non-resident,2,none,no,1,married/widowed
no checking account,4,critical account / other credits existing (not at this bank),repairs,3032,... >= 1000 DM,unemployed,1,male,none,1,"car or other, not in savings account",31,none,for free,4,skilled employee / official,2,"yes, registered under customer's name",yes,1,single
0 <= ... < 200 DM,23,no credits taken / all credits paid back duly,education,6840,unknown / no savings account,1 <= ... < 4 years,4,female,co-applicant,2,unknown / no property,19,none,own,3,skilled employee / official,2,"yes, registered under customer's name",yes,2,single
... < 0 DM,24,all credits at this bank paid back duly,car (new),6808,100 <= ... < 500 DM,... >= 7 years,1,male,none,2,"car or other, not in savings account",33,stores,own,1,skilled employee / official,2,none,no,1,married/widowed
no checking account,59,delay in paying off in the past,retraining,2974,500 <= ... < 1000 DM,unemployed,4,male,guarantor,3,building society savings agreement / life insurance,26,none,rent,3,skilled employee / official,1,"yes, registered under customer's name",no,1,married/widowed
no checking account,35,no credits taken / all credits paid back duly,repairs,3543,... >= 1000 DM,4 <= ... < 7 years,2,female,none,3,"car or other, not in savings account",68,stores,rent,3,unskilled - resident,1,"yes, registered under customer's name",yes,2,divorced/separated
... >= 200 DM / salary assignments for at least 1 year,24,critical account / other credits existing (not at this bank),domestic appliances,1944,500 <= ... < 1000 DM,... >= 7 years,2,male,guarantor,3,"car or other, not in savings account",36,stores,rent,4,management / self-employed / highly qualified employee / officer,1,none,no,2,single
no checking account,14,critical account / other credits existing (not at this bank),business,13509,500 <= ... < 1000 DM,... >= 7 years,3,male,guarantor,4,building society savings agreement / life insurance,37,bank,rent,2,unskilled - resident,1,"yes, registered under customer's name",no,1,single
0 <= ... < 200 DM,4,all credits at this bank paid back duly,car (used),5826,500 <= ... < 1000 DM,unemployed,1,female,none,1,unknown / no property,33,none,own,1,unemployed / unskilled - non-resident,1,none,no,2,married/widowed
... >= 200 DM / salary assignments for at least 1 year,23,all credits at this bank paid back duly,domestic appliances,1724,... < 100 DM,unemployed,4,male,co-applicant,4,"car or other, not in savings account",56,none,own,2,management / self-employed / highly qualified employee / officer,2,"yes, registered under customer's name",yes,2,divorced/separated
... < 0 DM,16,delay in paying off in the past,car (new),15945,unknown / no savings account,1 <= ... < 4 years,4,female,none,2,unknown / no property,68,bank,own,2,skilled employee / official,2,"yes, registered under customer's name",yes,1,single
0 <= ... < 200 DM,11,existing credits paid back duly till now,furniture/equipment,3960,unknown / no savings account,... >= 7 years,3,male,guarantor,4,real estate,34,none,for free,3,management / self-employed / highly qualified employee / officer,2,"yes, registered under customer's name",yes,1,married/widowed
... < 0 DM,4,critical account / other credits existing (not at this bank),retraining,4933,unknown / no savings account,1 <= ... < 4 years,2,male,co-applicant,1,building society savings agreement / life insurance,47,stores,for free,3,unemployed / unskilled - non-resident,2,"yes, registered under customer's name",no,1,single
... < 0 DM,4,delay in paying off in the past,domestic appliances,11102,unknown / no savings account,unemployed,3,male,guarantor,2,unknown / no property,38,bank,own,1,skilled employee / official,2,none,yes,2,married/widowed
0 <= ... < 200 DM,25,no credits taken / all credits paid back duly,furniture/equipment,4887,... < 100 DM,4 <= ... < 7 years,3,male,none,3,real estate,39,none,rent,3,unskilled - resident,1,none,no,1,single
... < 0 DM,24,critical account / other credits existing (not at this bank),car (new),12602,unknown / no savings account,1 <= ... < 4 years,3,female,guarantor,4,"car or other, not in savings account",56,none,rent,2,unskilled - resident,1,none,no,2,married/widowed
0 <= ... < 200 DM,29,critical account / other credits existing (not at this bank),car (new),2872,... >= 1000 DM,4 <= ... < 7 years,3,female,co-applicant,3,building society savings agreement / life insurance,34,none,own,4,management / self-employed / highly qualified employee / officer,1,none,yes,1,divorced/separated
no checking account,59,critical account / other credits existing (not at this bank),car (used),2340,unknown / no savings account,... < 1 year,2,male,none,3,real estate,54,none,own,1,management / self-employed / highly qualified employee / officer,2,"yes, registered under customer's name",yes,2,married/widowed
... >= 200 DM / salary assignments for at least 1 year,6,delay in paying off in the past,radio/television,2719,unknown / no savings account,... < 1 year,4,female,none,2,"car or other, not in savings account",44,none,own,4,management / self-employed / highly qualified employee / officer,2,none,yes,1,married/widowed
... >= 200 DM / salary assignments for at least 1 year,62,all credits at this bank paid back duly,radio/television,8394,unknown / no savings account,4 <= ... < 7 years,1,male,none,2,building society savings agreement / life insurance,56,none,for free,2,skilled employee / official,2,none,no,1,divorced/separated
no checking account,67,delay in paying off in the past,others,6620,... < 100 DM,... < 1 year,4,female,co-applicant,2,"car or other, not in savings account",29,bank,for free,2,unskilled - resident,2,none,no,2,single
... < 0 DM,58,all credits at this bank paid back duly,car (used),7523,500 <= ... < 1000 DM,unemployed,2,female,none,1,real estate,20,stores,own,2,management / self-employed / highly qualified employee / officer,1,"yes, registered under customer's name",yes,1,married/widowed
... < 0 DM,26,critical account / other credits existing (not at this bank),radio/television,3140,unknown / no savings account,1 <= ... < 4 years,4,female,co-applicant,3,real estate,73,stores,rent,3,skilled employee / official,2,"yes, registered under customer's name",no,2,divorced/separated
no checking account,21,no credits taken / all credits paid back duly,car (new),7846,unknown / no savings account,... >= 7 years,2,female,guarantor,4,real estate,44,bank,rent,3,management / self-employed / highly qualified employee / officer,1,none,no,1,divorced/separated
no checking account,4,all credits at this bank paid back duly,education,8642,unknown / no savings account,unemployed,4,female,none,2,real estate,71,none,for free,2,unskilled - resident,2,none,yes,2,married/widowed
... < 0 DM,4,existing credits paid back duly till now,education,3274,... >= 1000 DM,... < 1 year,2,female,none,2,unknown / no property,39,bank,own,1,management / self-employed / highly qualified employee / officer,2,"yes, registered under customer's name",no,2,married/widowed
no checking account,24,all credits at this bank paid back duly,car (new),9740,100 <= ... < 500 DM,... < 1 year,1,female,none,1,building society savings agreement / life insurance,23,none,rent,3,unskilled - resident,1,"yes, registered under customer's name",yes,2,single
no checking account,23,existing credits paid back duly till now,radio/television,1070,... < 100 DM,unemployed,4,male,guarantor,4,building society savings agreement / life insurance,33,none,for free,4,skilled employee / official,1,none,yes,1,single
... >= 200 DM / salary assignments for at least 1 year,54,all credits at this bank paid back duly,car (used),8729,500 <= ... < 1000 DM,4 <= ... < 7 years,3,female,co-applicant,3,"car or other, not in savings account",32,stores,own,3,management / self-employed / highly qualified employee / officer,1,none,no,2,single
no checking account,54,existing credits paid back duly till now,retraining,15945,... >= 1000 DM,unemployed,4,male,none,3,building society savings agreement / life insurance,36,stores,own,2,management / self-employed / highly qualified employee / officer,2,"yes, registered under customer's name",no,1,married/widowed
... >= 200 DM / salary assignments for at least 1 year,11,existing credits paid back duly till now,car (used),15223,500 <= ... < 1000 DM,unemployed,3,female,guarantor,1,"car or other, not in savings account",66,stores,for free,2,unemployed / unskilled - non-resident,1,none,yes,2,married/widowed
0 <= ... < 200 DM,26,all credits at this bank paid back duly,furniture/equipment,9986,... < 100 DM,1 <= ... < 4 years,4,male,none,4,real estate,50,none,rent,4,management / self-employed / highly qualified employee / officer,1,"yes, registered under customer's name",yes,2,divorced/separated
0 <= ... < 200 DM,21,critical account / other credits existing (not at this bank),furniture/equipment,3932,unknown / no savings account,... < 1 year,4,male,guarantor,2,building society savings agreement / life insurance,43,bank,rent,4,unskilled - resident,2,none,no,1,married/widowed
... < 0 DM,5,existing credits paid back duly till now,others,3688,unknown / no savings account,... >= 7 years,3,male,none,1,building society savings agreement / life insurance,73,stores,for free,1,management / self-employed / highly qualified employee / officer,2,"yes, registered under customer's name",no,1,single
... >= 200 DM / salary assignments for at least 1 year,4,existing credits paid back duly till now,repairs,10187,unknown / no savings account,... >= 7 years,1,male,none,1,real estate,75,stores,for free,1,skilled employee / official,1,"yes, registered under customer's name",yes,2,single
0 <= ... < 200 DM,32,no credits taken / all credits paid back duly,radio/television,2671,unknown / no savings account,1 <= ... < 4 years,4,male,guarantor,3,"car or other, not in savings account",21,none,rent,2,skilled employee / official,2,none,no,1,married/widowed
... < 0 DM,47,existing credits paid back duly till now,radio/television,9658,100 <= ... < 500 DM,1 <= ... < 4 years,1,female,none,2,real estate,69,stores,own,1,management / self-employed / highly qualified employee / officer,2,none,no,1,single
0 <= ... < 200 DM,22,delay in paying off in the past,business,250,unknown / no savings account,4 <= ... < 7 years,2,male,co-applicant,1,unknown / no property,44,none,for free,2,management / self-employed / highly qualified employee / officer,2,"yes, registered under customer's name",no,1,married/widowed
no checking account,4,delay in paying off in the past,repairs,2432,... >= 1000 DM,... < 1 year,2,female,guarantor,3,unknown / no property,27,stores,for free,1,skilled employee / official,1,none,no,1,married/widowed
0 <= ... < 200 DM,18,no credits taken / all credits paid back duly,radio/television,2986,unknown / no savings account,4 <= ... < 7 years,3,male,co-applicant,3,"car or other, not in savings account",45,stores,own,1,skilled employee / official,2,none,yes,2,divorced/separated
no checking account,4,critical account / other credits existing (not at this bank),repairs,7646,... >= 1000 DM,... < 1 year,1,female,co-applicant,4,unknown / no property,75,bank,for free,4,management / self-employed / highly qualified employee / officer,2,none,no,2,single
... < 0 DM,44,critical account / other credits existing (not at this bank),car (used),10180,100 <= ... < 500 DM,... >= 7 years,4,female,none,4,real estate,28,none,rent,1,unskilled - resident,2,"yes, registered under customer's name",yes,1,married/widowed
... < 0 DM,26,no credits taken / all credits paid back duly,car (used),3966,unknown / no savings account,1 <= ... < 4 years,2,male,co-applicant,2,"car or other, not in savings account",40,stores,own,4,unemployed / unskilled - non-resident,1,"yes, registered under customer's name",yes,1,divorced/separated
... >= 200 DM / salary assignments for at least 1 year,17,existing credits paid back duly till now,furniture/equipment,3897,unknown / no savings account,4 <= ... < 7 years,2,male,co-applicant,3,"car or other, not in savings account",43,stores,for free,2,unemployed / unskilled - non-resident,2,"yes, registered under customer's name",no,1,divorced/separated
no checking account,23,critical account / other credits existing (not at this bank),furniture/equipment,5424,... < 100 DM,1 <= ... < 4 years,1,female,none,3,"car or other, not in savings account",32,bank,for free,3,unskilled - resident,1,"yes, registered under customer's name",no,2,divorced/separated
0 <= ... < 200 DM,36,critical account / other credits existing (not at this bank),radio/television,8191,... >= 1000 DM,... >= 7 years,4,male,none,2,unknown / no property,32,stores,rent,3,skilled employee / official,1,"yes, registered under customer's name",yes,2,married/widowed
no checking account,39,existing credits paid back duly till now,retraining,10805,... < 100 DM,4 <= ... < 7 years,3,female,none,4,real estate,75,none,for free,2,skilled employee / official,1,"yes, registered under customer's name",no,2,married/widowed
no checking account,47,delay in paying off in the past,car (new),6240,... < 100 DM,... < 1 year,2,male,none,2,unknown / no property,29,stores,own,4,management / self-employed / highly qualified employee / officer,2,"yes, registered under customer's name",no,2,divorced/separated
no checking account,26,critical account / other credits existing (not at this bank),education,3325,... >= 1000 DM,... >= 7 years,3,male,none,4,building society savings agreement / life insurance,44,bank,for free,4,skilled employee / official,2,"yes, registered under customer's name",yes,2,married/widowed
no checking account,36,critical account / other credits existing (not at this bank),others,2718,... < 100 DM,... < 1 year,1,male,guarantor,4,unknown / no property,37,bank,own,1,management / self-employed / highly qualified employee / officer,1,"yes, registered under customer's name",no,2,divorced/separated
... >= 200 DM / salary assignments for at least 1 year,27,existing credits paid back duly till now,car (used),8461,... >= 1000 DM,1 <= ... < 4 years,3,male,none,1,building society savings agreement / life insurance,45,stores,own,1,skilled employee / official,2,"yes, registered under customer's name",no,1,single
... < 0 DM,16,critical account / other credits existing (not at this bank),business,7939,... >= 1000 DM,4 <= ... < 7 years,2,female,guarantor,2,unknown / no property,37,stores,own,1,skilled employee / official,2,none,yes,1,single
... >= 200 DM / salary assignments for at least 1 year,14,delay in paying off in the past,domestic appliances,10659,500 <= ... < 1000 DM,... >= 7 years,1,male,co-applicant,4,building society savings agreement / life insurance,38,stores,own,1,unemployed / unskilled - non-resident,1,"yes, registered under customer's name",no,2,divorced/separated
... < 0 DM,16,all credits at this bank paid back duly,car (used),10858,... >= 1000 DM,1 <= ... < 4 years,3,male,co-applicant,1,real estate,22,stores,rent,3,management / self-employed / highly qualified employee / officer,1,none,no,1,single
0 <= ... < 200 DM,20,no credits taken / all credits paid back duly,radio/television,7711,... < 100 DM,unemployed,4,male,co-applicant,2,"car or other, not in savings account",39,stores,rent,4,unskilled - resident,2,none,no,2,single
0 <= ... < 200 DM,16,delay in paying off in the past,car (new),7981,500 <= ... < 1000 DM,unemployed,1,male,none,2,real estate,32,bank,own,4,skilled employee / official,2,"yes, registered under customer's name",yes,2,divorced/separated
no checking account,4,critical account / other credits existing (not at this bank),business,15945,100 <= ... < 500 DM,1 <= ... < 4 years,1,male,guarantor,3,real estate,51,bank,rent,4,skilled employee / official,1,"yes, registered under customer's name",no,2,single
... < 0 DM,6,no credits taken / all credits paid back duly,business,8989,... < 100 DM,1 <= ... < 4 years,4,female,none,4,"car or other, not in savings account",61,bank,for free,2,unemployed / unskilled - non-resident,2,"yes, registered under customer's name",no,2,single
... < 0 DM,22,no credits taken / all credits paid back duly,others,10476,... >= 1000 DM,unemployed,2,female,none,4,building society savings agreement / life insurance,35,none,rent,2,unskilled - resident,1,"yes, registered under customer's name",yes,2,single
... < 0 DM,21,no credits taken / all credits paid back duly,furniture/equipment,11665,500 <= ... < 1000 DM,1 <= ... < 4 years,2,male,guarantor,3,building society savings agreement / life insurance,24,none,rent,1,unskilled - resident,2,"yes, registered under customer's name",no,1,divorced/separated
no checking account,7,all credits at this bank paid back duly,others,880,500 <= ... < 1000 DM,unemployed,3,male,none,1,real estate,39,stores,own,3,management / self-employed / highly qualified employee / officer,1,"yes, registered under customer's name",no,2,divorced/separated
... < 0 DM,5,all credits at this bank paid back duly,education,3178,... < 100 DM,1 <= ... < 4 years,2,female,co-applicant,1,building society savings agreement / life insurance,39,bank,rent,2,skilled employee / official,2,"yes, registered under customer's name",yes,1,married/widowed
no checking account,11,no credits taken / all credits paid back duly,furniture/equipment,4712,... >= 1000 DM,... < 1 year,1,female,none,4,building society savings agreement / life insurance,62,bank,own,4,skilled employee / official,1,"yes, registered under customer's name",yes,1,single
... < 0 DM,21,no credits taken / all credits paid back duly,others,11923,... < 100 DM,unemployed,2,female,none,2,unknown / no property,46,stores,for free,3,management / self-employed / highly qualified employee / officer,2,none,yes,1,single
... < 0 DM,26,delay in paying off in the past,furniture/equipment,4001,100 <= ... < 500 DM,1 <= ... < 4 years,4,male,guarantor,2,building society savings agreement / life insurance,26,stores,rent,4,skilled employee / official,2,"yes, registered under customer's name",no,2,single
... >= 200 DM / salary assignments for at least 1 year,11,delay in paying off in the past,retraining,2681,... >= 1000 DM,... >= 7 years,4,female,none,2,unknown / no property,49,bank,own,1,unemployed / unskilled - non-resident,1,"yes, registered under customer's name",yes,1,married/widowed
... >= 200 DM / salary assignments for at least 1 year,20,all credits at this bank paid back duly,others,10087,... >= 1000 DM,4 <= ... < 7 years,4,male,co-applicant,3,real estate,46,bank,rent,3,skilled employee / official,1,"yes, registered under customer's name",no,1,married/widowed
... < 0 DM,60,critical account / other credits existing (not at this bank),retraining,7028,500 <= ... < 1000 DM,4 <= ... < 7 years,4,female,guarantor,3,"car or other, not in savings account",29,stores,for free,3,skilled employee / official,1,none,yes,1,divorced/separated
0 <= ... < 200 DM,4,delay in paying off in the past,furniture/equipment,2331,500 <= ... < 1000 DM,1 <= ... < 4 years,4,male,none,4,real estate,70,none,for free,2,unemployed / unskilled - non-resident,2,"yes, registered under customer's name",no,1,married/widowed
... >= 200 DM / salary assignments for at least 1 year,26,existing credits paid back duly till now,retraining,1973,500 <= ... < 1000 DM,... >= 7 years,4,female,none,1,real estate,26,bank,rent,4,management / self-employed / highly qualified employee / officer,1,none,yes,1,divorced/separated
no checking account,26,critical account / other credits existing (not at this bank),domestic appliances,1562,... >= 1000 DM,... < 1 year,1,female,none,2,real estate,68,stores,own,4,skilled employee / official,2,none,yes,2,divorced/separated
... >= 200 DM / salary assignments for at least 1 year,4,delay in paying off in the past,furniture/equipment,1537,unknown / no savings account,... < 1 year,1,male,guarantor,2,unknown / no property,50,stores,rent,4,skilled employee / official,1,none,yes,1,married/widowed
0 <= ... < 200 DM,38,all credits at this bank paid back duly,furniture/equipment,930,... >= 1000 DM,4 <= ... < 7 years,2,female,none,3,building society savings agreement / life insurance,33,bank,for free,4,skilled employee / official,1,none,no,1,single
... < 0 DM,22,all credits at this bank paid back duly,education,7243,100 <= ... < 500 DM,... < 1 year,2,male,none,4,"car or other, not in savings account",33,bank,for free,1,skilled employee / official,1,"yes, registered under customer's name",no,1,single
... < 0 DM,23,no credits taken / all credits paid back duly,business,11361,500 <= ... < 1000 DM,4 <= ... < 7 years,3,male,co-applicant,4,"car or other, not in savings account",43,stores,own,2,management / self-employed / highly qualified employee / officer,2,"yes, registered under customer's name",no,1,single
no checking account,13,no credits taken / all credits paid back duly,car (used),2039,... < 100 DM,unemployed,3,male,guarantor,2,real estate,41,bank,for free,1,management / self-employed / highly qualified employee / officer,2,none,yes,2,divorced/separated
no checking account,20,no credits taken / all credits paid back duly,car (used),2810,unknown / no savings account,... < 1 year,3,male,guarantor,2,building society savings agreement / life insurance,41,stores,own,4,unemployed / unskilled - non-resident,1,none,yes,2,single
... < 0 DM,22,critical account / other credits existing (not at this bank),business,6284,500 <= ... < 1000 DM,unemployed,2,male,co-applicant,1,building society savings agreement / life insurance,25,bank,own,3,skilled employee / official,1,"yes, registered under customer's name",no,2,single
... < 0 DM,43,critical account / other credits existing (not at this bank),car (used),250,100 <= ... < 500 DM,1 <= ... < 4 years,3,male,co-applicant,4,real estate,33,none,rent,2,management / self-employed / highly qualified employee / officer,2,none,no,1,single
... >= 200 DM / salary assignments for at least 1 year,69,existing credits paid back duly till now,car (new),2626,unknown / no savings account,1 <= ... < 4 years,2,female,co-applicant,3,unknown / no property,62,bank,for free,3,management / self-employed / highly qualified employee / officer,1,"yes, registered under customer's name",yes,1,single
0 <= ... < 200 DM,40,delay in paying off in the past,furniture/equipment,3422,500 <= ... < 1000 DM,... < 1 year,2,female,co-applicant,4,"car or other, not in savings account",41,none,own,4,skilled employee / official,2,"yes, registered under customer's name",no,2,single
... < 0 DM,11,delay in paying off in the past,business,1792,unknown / no savings account,... >= 7 years,4,male,guarantor,4,"car or other, not in savings account",25,bank,own,4,management / self-employed / highly qualified employee / officer,2,"yes, registered under customer's name",yes,1,divorced/separated
0 <= ... < 200 DM,14,all credits at this bank paid back duly,radio/television,15945,unknown / no savings account,... >= 7 years,2,female,none,2,unknown / no property,32,none,own,1,skilled employee / official,2,"yes, registered under customer's name",yes,2,married/widowed
0 <= ... < 200 DM,26,delay in paying off in the past,car (used),4567,100 <= ... < 500 DM,1 <= ... < 4 years,3,female,none,3,"car or other, not in savings account",29,stores,own,2,management / self-employed / highly qualified employee / officer,2,"yes, registered under customer's name",yes,2,divorced/separated
no checking account,14,no credits taken / all credits paid back duly,repairs,6514,500 <= ... < 1000 DM,... >= 7 years,1,female,co-applicant,1,unknown / no property,19,none,for free,3,management / self-employed / highly qualified employee / officer,2,"yes, registered under customer's name",no,1,single
... < 0 DM,4,no credits taken / all credits paid back duly,radio/television,5336,500 <= ... < 1000 DM,4 <= ... < 7 years,4,male,co-applicant,2,"car or other, not in savings account",35,none,rent,1,unemployed / unskilled - non-resident,2,"yes, registered under customer's name",no,1,divorced/separated
... >= 200 DM / salary assignments for at least 1 year,29,existing credits paid back duly till now,radio/television,3023,... < 100 DM,... >= 7 years,3,male,none,1,"car or other, not in savings account",26,bank,own,3,management / self-employed / highly qualified employee / officer,1,none,no,2,divorced/separated
... >= 200 DM / salary assignments for at least 1 year,32,critical account / other credits existing (not at this bank),radio/television,14763,500 <= ... < 1000 DM,4 <= ... < 7 years,2,male,co-applicant,4,unknown / no property,59,bank,rent,2,skilled employee / official,2,none,yes,2,married/widowed
no checking account,26,delay in paying off in the past,domestic appliances,10712,... >= 1000 DM,4 <= ... < 7 years,4,male,co-applicant,1,"car or other, not in savings account",39,bank,rent,2,skilled employee / official,2,"yes, registered under customer's name",no,1,single
no checking account,9,all credits at this bank paid back duly,furniture/equipment,924,500 <= ... < 1000 DM,1 <= ... < 4 years,2,female,guarantor,4,"car or other, not in savings account",34,bank,own,1,management / self-employed / highly qualified employee / officer,1,"yes, registered under customer's name",yes,2,married/widowed
no checking account,22,critical account / other credits existing (not at this bank),business,1060,100 <= ... < 500 DM,4 <= ... < 7 years,1,male,guarantor,4,building society savings agreement / life insurance,47,bank,rent,4,skilled employee / official,2,none,no,1,divorced/separated
... >= 200 DM / salary assignments for at least 1 year,44,all credits at this bank paid back duly,furniture/equipment,3176,... >= 1000 DM,4 <= ... < 7 years,1,male,none,2,unknown / no property,48,bank,own,4,unskilled - resident,2,"yes, registered under customer's name",no,2,divorced/separated
no checking account,9,all credits at this bank paid back duly,furniture/equipment,250,... >= 1000 DM,1 <= ... < 4 years,3,male,none,3,building society savings agreement / life insurance,27,none,for free,3,unskilled - resident,2,none,yes,2,divorced/separated
0 <= ... < 200 DM,23,critical account / other credits existing (not at this bank),business,2921,... < 100 DM,4 <= ... < 7 years,3,female,co-applicant,2,"car or other, not in savings account",49,bank,rent,1,unskilled - resident,2,none,no,2,single
no checking account,29,all credits at this bank paid back duly,others,12214,... < 100 DM,... >= 7 years,3,male,none,3,unknown / no property,28,bank,for free,4,skilled employee / official,1,none,yes,2,married/widowed
... >= 200 DM / salary assignments for at least 1 year,4,existing credits paid back duly till now,car (used),5719,... < 100 DM,1 <= ... < 4 years,4,male,guarantor,2,unknown / no property,40,bank,for free,1,skilled employee / official,1,none,yes,2,divorced/separated
... < 0 DM,54,no credits taken / all credits paid back duly,retraining,13555,... < 100 DM,... >= 7 years,2,female,none,3,"car or other, not in savings account",31,stores,own,3,skilled employee / official,2,"yes, registered under customer's name",no,1,single
... >= 200 DM / salary assignments for at least 1 year,9,critical account / other credits existing (not at this bank),car (used),2697,100 <= ... < 500 DM,1 <= ... < 4 years,3,male,co-applicant,3,real estate,62,none,for free,4,skilled employee / official,1,none,yes,1,married/widowed
0 <= ... < 200 DM,29,no credits taken / all credits paid back duly,others,6437,... >= 1000 DM,4 <= ... < 7 years,1,male,guarantor,4,building society savings agreement / life insurance,21,none,own,2,unemployed / unskilled - non-resident,2,"yes, registered under customer's name",no,1,married/widowed
no checking account,21,delay in paying off in the past,education,1881,... < 100 DM,... >= 7 years,3,male,co-applicant,4,unknown / no property,23,bank,own,2,unskilled - resident,2,none,yes,1,divorced/separated
... < 0 DM,4,critical account / other credits existing (not at this bank),car (new),5824,unknown / no savings account,unemployed,2,male,co-applicant,2,"car or other, not in savings account",26,bank,rent,1,skilled employee / official,2,none,yes,1,married/widowed
... >= 200 DM / salary assignments for at least 1 year,41,delay in paying off in the past,repairs,5972,... < 100 DM,4 <= ... < 7 years,3,male,none,1,real estate,38,stores,own,3,skilled employee / official,1,"yes, registered under customer's name",yes,2,married/widowed
0 <= ... < 200 DM,21,no credits taken / all credits paid back duly,car (used),12452,unknown / no savings account,1 <= ... < 4 years,2,female,guarantor,2,"car or other, not in savings account",66,none,rent,3,management / self-employed / highly qualified employee / officer,1,none,no,1,single
0 <= ... < 200 DM,18,no credits taken / all credits paid back duly,car (used),3005,unknown / no savings account,... < 1 year,4,female,none,3,"car or other, not in savings account",41,none,own,1,unemployed / unskilled - non-resident,2,none,no,1,single
... < 0 DM,20,delay in paying off in the past,radio/television,1158,unknown / no savings account,4 <= ... < 7 years,1,male,guarantor,2,building society savings agreement / life insurance,23,stores,own,2,skilled employee / official,2,none,no,1,single
no checking account,28,all credits at this bank paid back duly,business,11219,... < 100 DM,unemployed,3,male,guarantor,2,real estate,38,stores,for free,1,unskilled - resident,1,"yes, registered under customer's name",no,1,single
0 <= ... < 200 DM,4,all credits at this bank paid back duly,car (new),9007,100 <= ... < 500 DM,... < 1 year,4,male,none,2,unknown / no property,57,bank,rent,1,skilled employee / official,1,none,yes,2,married/widowed
no checking account,63,critical account / other credits existing (not at this bank),car (used),1755,... >= 1000 DM,unemployed,3,male,guarantor,2,"car or other, not in savings account",75,stores,rent,4,skilled employee / official,1,"yes, registered under customer's name",no,2,married/widowed
... < 0 DM,30,critical account / other credits existing (not at this bank),car (used),4095,unknown / no savings account,... < 1 year,3,female,co-applicant,1,real estate,45,bank,for free,2,skilled employee / official,1,"yes, registered under customer's name",no,1,single
0 <= ... < 200 DM,5,delay in paying off in the past,domestic appliances,2454,... >= 1000 DM,1 <= ... < 4 years,2,female,co-applicant,3,building society savings agreement / life insurance,46,bank,own,3,unemployed / unskilled - non-resident,2,"yes, registered under customer's name",yes,1,single
no checking account,4,existing credits paid back duly till now,car (used),2727,... < 100 DM,unemployed,4,female,none,3,unknown / no property,25,stores,own,4,management / self-employed / highly qualified employee / officer,2,"yes, registered under customer's name",yes,1,divorced/separated
... >= 200 DM / salary assignments for at least 1 year,12,no credits taken / all credits paid back duly,car (used),5235,500 <= ... < 1000 DM,1 <= ... < 4 years,3,female,co-applicant,1,building society savings agreement / life insurance,31,stores,own,1,skilled employee / official,1,"yes, registered under customer's name",yes,2,single
no checking account,20,no credits taken / all credits paid back duly,furniture/equipment,6947,unknown / no savings account,4 <= ... < 7 years,3,female,co-applicant,3,real estate,30,none,rent,3,management / self-employed / highly qualified employee / officer,1,none,no,1,single
... < 0 DM,9,critical account / other credits existing (not at this bank),radio/television,10624,100 <= ... < 500 DM,... >= 7 years,2,male,co-applicant,3,"car or other, not in savings account",54,bank,own,4,skilled employee / official,2,none,yes,1,divorced/separated
no checking account,26,no credits taken / all credits paid back duly,others,547,100 <= ... < 500 DM,unemployed,1,female,none,2,"car or other, not in savings account",71,none,rent,3,unemployed / unskilled - non-resident,1,none,yes,1,single
... >= 200 DM / salary assignments for at least 1 year,29,all credits at this bank paid back duly,others,2984,500 <= ... < 1000 DM,4 <= ... < 7 years,3,male,none,1,unknown / no property,66,none,rent,4,unemployed / unskilled - non-resident,2,none,yes,1,single
no checking account,16,all credits at this bank paid back duly,repairs,1384,unknown / no savings account,... < 1 year,2,male,none,2,unknown / no property,21,none,own,4,management / self-employed / highly qualified employee / officer,2,none,no,2,divorced/separated
... >= 200 DM / salary assignments for at least 1 year,32,critical account / other credits existing (not at this bank),education,7457,500 <= ... < 1000 DM,unemployed,2,female,guarantor,3,building society savings agreement / life insurance,43,stores,for free,3,skilled employee / official,2,"yes, registered under customer's name",yes,1,divorced/separated
0 <= ... < 200 DM,23,no credits taken / all credits paid back duly,others,1541,100 <= ... < 500 DM,4 <= ... < 7 years,2,female,none,3,unknown / no property,29,bank,rent,1,management / self-employed / highly qualified employee / officer,2,"yes, registered under customer's name",no,2,single
... < 0 DM,4,existing credits paid back duly till now,others,5289,500 <= ... < 1000 DM,4 <= ... < 7 years,1,male,guarantor,2,real estate,32,stores,for free,4,unemployed / unskilled - non-resident,2,"yes, registered under customer's name",yes,2,single
... < 0 DM,46,existing credits paid back duly till now,radio/television,1377,100 <= ... < 500 DM,... < 1 year,2,female,co-applicant,4,real estate,26,stores,for free,3,skilled employee / official,1,"yes, registered under customer's name",yes,2,married/widowed
... < 0 DM,30,critical account / other credits existing (not at this bank),repairs,2092,... >= 1000 DM,1 <= ... < 4 years,2,female,none,4,unknown / no property,32,bank,own,2,unemployed / unskilled - non-resident,1,none,yes,2,divorced/separated
0 <= ... < 200 DM,20,no credits taken / all credits paid back duly,radio/television,15945,... < 100 DM,... >= 7 years,4,female,none,1,unknown / no property,32,bank,own,2,skilled employee / official,1,"yes, registered under customer's name",yes,1,divorced/separated
... < 0 DM,32,no credits taken / all credits paid back duly,others,3107,100 <= ... < 500 DM,... < 1 year,4,male,guarantor,2,real estate,45,stores,for free,2,unskilled - resident,2,"yes, registered under customer's name",yes,2,married/widowed
no checking account,22,critical account / other credits existing (not at this bank),business,1312,100 <= ... < 500 DM,unemployed,1,female,guarantor,4,building society savings agreement / life insurance,49,stores,own,2,unemployed / unskilled - non-resident,1,"yes, registered under customer's name",no,1,single
... < 0 DM,13,existing credits paid back duly till now,furniture/equipment,11911,unknown / no savings account,unemployed,2,female,none,4,building society savings agreement / life insurance,39,none,for free,4,unskilled - resident,2,none,no,2,single
0 <= ... < 200 DM,40,no credits taken / all credits paid back duly,car (new),869,unknown / no savings account,1 <= ... < 4 years,4,female,co-applicant,4,"car or other, not in savings account",50,stores,own,2,unemployed / unskilled - non-resident,2,none,yes,2,single
... >= 200 DM / salary assignments for at least 1 year,18,critical account / other credits existing (not at this bank),car (used),2860,500 <= ... < 1000 DM,unemployed,3,male,none,3,unknown / no property,45,stores,rent,2,skilled employee / official,2,none,no,2,single
... >= 200 DM / salary assignments for at least 1 year,20,all credits at this bank paid back duly,car (used),2154,unknown / no savings account,... >= 7 years,2,male,co-applicant,1,"car or other, not in savings account",36,bank,own,2,unemployed / unskilled - non-resident,1,none,yes,1,single
no checking account,17,critical account / other credits existing (not at this bank),car (used),2098,unknown / no savings account,... >= 7 years,2,female,guarantor,2,"car or other, not in savings account",53,stores,rent,2,unemployed / unskilled - non-resident,2,none,yes,2,married/widowed
0 <= ... < 200 DM,4,critical account / other credits existing (not at this bank),domestic appliances,3037,500 <= ... < 1000 DM,unemployed,1,male,guarantor,4,"car or other, not in savings account",53,stores,own,2,skilled employee / official,2,none,yes,1,divorced/separated
no checking account,21,no credits taken / all credits paid back duly,others,4258,... >= 1000 DM,unemployed,3,male,co-applicant,2,"car or other, not in savings account",19,stores,rent,3,unemployed / unskilled - non-resident,1,none,no,1,single
0 <= ... < 200 DM,44,no credits taken / all credits paid back duly,education,3575,100 <= ... < 500 DM,1 <= ... < 4 years,2,female,none,4,"car or other, not in savings account",27,stores,own,4,management / self-employed / highly qualified employee / officer,1,none,yes,2,single
no checking account,6,existing credits paid back duly till now,others,2592,unknown / no savings account,... < 1 year,4,female,guarantor,4,building society savings agreement / life insurance,39,bank,for free,1,management / self-employed / highly qualified employee / officer,1,none,no,2,divorced/separated
no checking account,43,critical account / other credits existing (not at this bank),education,8489,... >= 1000 DM,1 <= ... < 4 years,3,male,co-applicant,4,unknown / no property,58,none,rent,1,management / self-employed / highly qualified employee / officer,2,"yes, registered under customer's name",no,1,married/widowed
no checking account,39,all credits at this bank paid back duly,repairs,4119,100 <= ... < 500 DM,1 <= ... < 4 years,4,female,guarantor,4,unknown / no property,36,bank,for free,1,unemployed / unskilled - non-resident,2,none,yes,1,married/widowed
... < 0 DM,72,critical account / other credits existing (not at this bank),car (new),991,500 <= ... < 1000 DM,unemployed,4,female,none,2,building society savings agreement / life insurance,28,stores,own,2,skilled employee / official,2,none,yes,2,divorced/separated
no checking account,21,existing credits paid back duly till now,business,8333,... < 100 DM,1 <= ... < 4 years,3,male,guarantor,4,building society savings agreement / life insurance,33,none,rent,3,skilled employee / official,2,none,yes,1,divorced/separated
... < 0 DM,24,existing credits paid back duly till now,others,5371,unknown / no savings account,4 <= ... < 7 years,1,male,none,1,unknown / no property,55,none,rent,2,management / self-employed / highly qualified employee / officer,1,none,no,1,single
no checking account,35,all credits at this bank paid back duly,radio/television,1863,... < 100 DM,... >= 7 years,1,female,co-applicant,4,unknown / no property,38,stores,own,3,unemployed / unskilled - non-resident,2,"yes, registered under customer's name",no,1,single
0 <= ... < 200 DM,53,existing credits paid back duly till now,radio/television,8504,500 <= ... < 1000 DM,unemployed,3,female,guarantor,4,unknown / no property,28,bank,for free,3,unemployed / unskilled - non-resident,1,"yes, registered under customer's name",yes,2,single
... >= 200 DM / salary assignments for at least 1 year,18,existing credits paid back duly till now,car (used),10536,... < 100 DM,unemployed,3,male,guarantor,4,"car or other, not in savings account",33,stores,for free,2,unemployed / unskilled - non-resident,2,none,yes,1,single
0 <= ... < 200 DM,22,no credits taken / all credits paid back duly,car (new),7063,... < 100 DM,... < 1 year,4,male,guarantor,1,unknown / no property,40,bank,for free,4,management / self-employed / highly qualified employee / officer,1,none,no,1,divorced/separated
... >= 200 DM / salary assignments for at least 1 year,5,no credits taken / all credits paid back duly,furniture/equipment,10818,... < 100 DM,... >= 7 years,1,female,guarantor,3,unknown / no property,34,none,rent,4,skilled employee / official,2,"yes, registered under customer's name",yes,1,single
... < 0 DM,19,existing credits paid back duly till now,others,5733,unknown / no savings account,... < 1 year,1,male,none,4,"car or other, not in savings account",35,bank,own,4,unskilled - resident,1,none,yes,1,single
no checking account,7,all credits at this bank paid back duly,others,7535,... >= 1000 DM,... < 1 year,4,male,co-applicant,2,building society savings agreement / life insurance,37,bank,rent,1,skilled employee / official,1,"yes, registered under customer's name",yes,1,married/widowed
no checking account,34,existing credits paid back duly till now,repairs,8035,unknown / no savings account,... >= 7 years,2,male,co-applicant,3,real estate,29,stores,own,1,unemployed / unskilled - non-resident,1,"yes, registered under customer's name",yes,1,single
0 <= ... < 200 DM,21,existing credits paid back duly till now,repairs,6220,500 <= ... < 1000 DM,unemployed,2,female,guarantor,3,unknown / no property,33,stores,own,3,skilled employee / official,2,none,yes,1,single
0 <= ... < 200 DM,21,all credits at this bank paid back duly,radio/television,5705,... >= 1000 DM,4 <= ... < 7 years,4,male,none,3,real estate,26,none,own,2,management / self-employed / highly qualified employee / officer,1,"yes, registered under customer's name",yes,2,divorced/separated
0 <= ... < 200 DM,10,existing credits paid back duly till now,business,1853,... < 100 DM,unemployed,2,male,guarantor,3,unknown / no property,26,none,own,2,unskilled - resident,1,"yes, registered under customer's name",yes,1,married/widowed
0 <= ... < 200 DM,5,critical account / other credits existing (not at this bank),car (new),2748,... < 100 DM,1 <= ... < 4 years,4,male,none,1,unknown / no property,37,none,own,4,unskilled - resident,2,"yes, registered under customer's name",no,2,divorced/separated
0 <= ... < 200 DM,44,no credits taken / all credits paid back duly,car (used),5027,... < 100 DM,1 <= ... < 4 years,3,female,none,2,real estate,58,none,own,3,management / self-employed / highly qualified employee / officer,2,"yes, registered under customer's name",yes,2,divorced/separated
no checking account,27,all credits at this bank paid back duly,car (new),1372,unknown / no savings account,... >= 7 years,1,female,none,4,building society savings agreement / life insurance,23,stores,rent,1,management / self-employed / highly qualified employee / officer,2,"yes, registered under customer's name",no,1,divorced/separated
no checking account,23,all credits at this bank paid back duly,others,10274,unknown / no savings account,... < 1 year,1,female,guarantor,4,"car or other, not in savings account",61,none,rent,1,management / self-employed / highly qualified employee / officer,1,none,no,1,single
0 <= ... < 200 DM,4,delay in paying off in the past,furniture/equipment,8633,... < 100 DM,... >= 7 years,1,male,guarantor,4,real estate,28,bank,own,2,skilled employee / official,2,"yes, registered under customer's name",no,1,married/widowed
... >= 200 DM / salary assignments for at least 1 year,29,delay in paying off in the past,furniture/equipment,1352,500 <= ... < 1000 DM,1 <= ... < 4 years,2,female,co-applicant,2,real estate,40,none,for free,2,skilled employee / official,2,none,no,2,divorced/separated
... >= 200 DM / salary assignments for at least 1 year,4,delay in paying off in the past,business,15945,unknown / no savings account,... >= 7 years,4,male,none,4,unknown / no property,50,stores,own,4,skilled employee / official,2,"yes, registered under customer's name",no,1,single
... < 0 DM,71,existing credits paid back duly till now,car (new),3257,unknown / no savings account,unemployed,4,male,none,2,real estate,67,bank,own,3,unskilled - resident,2,"yes, registered under customer's name",no,1,single
no checking account,28,critical account / other credits existing (not at this bank),retraining,11472,500 <= ... < 1000 DM,... < 1 year,3,male,guarantor,2,real estate,35,none,rent,2,unskilled - resident,1,"yes, registered under customer's name",no,1,married/widowed
... >= 200 DM / salary assignments for at least 1 year,35,existing credits paid back duly till now,car (new),10856,500 <= ... < 1000 DM,unemployed,2,male,co-applicant,2,"car or other, not in savings account",56,bank,rent,4,unskilled - resident,2,"yes, registered under customer's name",yes,2,divorced/separated
0 <= ... < 200 DM,29,existing credits paid back duly till now,furniture/equipment,250,unknown / no savings account,... >= 7 years,4,female,guarantor,3,unknown / no property,67,stores,rent,2,unskilled - resident,2,"yes, registered under customer's name",no,2,single
... < 0 DM,19,delay in paying off in the past,domestic appliances,12817,100 <= ... < 500 DM,1 <= ... < 4 years,3,male,none,1,"car or other, not in savings account",75,bank,own,3,management / self-employed / highly qualified employee / officer,2,none,no,1,divorced/separated
0 <= ... < 200 DM,7,critical account / other credits existing (not at this bank),retraining,6439,unknown / no savings account,4 <= ... < 7 years,1,male,guarantor,4,building society savings agreement / life insurance,65,stores,for free,4,unemployed / unskilled - non-resident,2,"yes, registered under customer's name",no,2,married/widowed
0 <= ... < 200 DM,4,no credits taken / all credits paid back duly,education,2529,500 <= ... < 1000 DM,unemployed,4,male,guarantor,4,"car or other, not in savings account",41,none,for free,3,management / self-employed / highly qualified employee / officer,1,"yes, registered under customer's name",no,1,divorced/separated
... < 0 DM,44,delay in paying off in the past,others,994,... >= 1000 DM,4 <= ... < 7 years,4,male,none,2,"car or other, not in savings account",34,none,for free,2,unskilled - resident,2,none,yes,1,single
... < 0 DM,21,existing credits paid back duly till now,car (new),3875,... >= 1000 DM,... >= 7 years,3,male,guarantor,4,unknown / no property,37,stores,own,1,skilled employee / official,1,"yes, registered under customer's name",yes,2,married/widowed
0 <= ... < 200 DM,40,existing credits paid back duly till now,car (used),8603,... >= 1000 DM,1 <= ... < 4 years,1,female,guarantor,2,real estate,68,stores,for free,2,unemployed / unskilled - non-resident,1,none,no,1,married/widowed
no checking account,4,all credits at this bank paid back duly,radio/television,15640,... < 100 DM,... < 1 year,4,male,guarantor,3,"car or other, not in savings account",28,none,for free,1,unskilled - resident,1,none,yes,2,married/widowed
0 <= ... < 200 DM,29,delay in paying off in the past,education,848,unknown / no savings account,1 <= ... < 4 years,1,male,guarantor,1,unknown / no property,35,none,own,2,management / self-employed / highly qualified employee / officer,1,none,yes,2,single
... >= 200 DM / salary assignments for at least 1 year,18,critical account / other credits existing (not at this bank),education,3270,... < 100 DM,unemployed,4,female,co-applicant,2,"car or other, not in savings account",24,bank,rent,4,skilled employee / official,2,"yes, registered under customer's name",no,1,single
... >= 200 DM / salary assignments for at least 1 year,20,delay in paying off in the past,business,3071,... >= 1000 DM,unemployed,4,female,guarantor,1,"car or other, not in savings account",53,stores,for free,4,unemployed / unskilled - non-resident,1,none,no,2,single
... >= 200 DM / salary assignments for at least 1 year,20,existing credits paid back duly till now,furniture/equipment,1876,100 <= ... < 500 DM,4 <= ... < 7 years,4,male,co-applicant,4,"car or other, not in savings account",38,bank,rent,2,unskilled - resident,2,"yes, registered under customer's name",yes,1,single
0 <= ... < 200 DM,35,delay in paying off in the past,business,8631,100 <= ... < 500 DM,... >= 7 years,2,male,none,4,building society savings agreement / life insurance,69,bank,own,4,skilled employee / official,2,"yes, registered under customer's name",no,1,divorced/separated
no checking account,33,critical account / other credits existing (not at this bank),domestic appliances,1784,... < 100 DM,1 <= ... < 4 years,3,male,co-applicant,2,unknown / no property,30,none,for free,2,unskilled - resident,1,"yes, registered under customer's name",yes,1,divorced/separated
0 <= ... < 200 DM,66,delay in paying off in the past,car (used),12700,... >= 1000 DM,1 <= ... < 4 years,2,male,none,4,building society savings agreement / life insurance,38,bank,for free,4,skilled employee / official,2,"yes, registered under customer's name",no,1,married/widowed
0 <= ... < 200 DM,17,no credits taken / all credits paid back duly,education,15153,... >= 1000 DM,... >= 7 years,1,female,guarantor,2,building society savings agreement / life insurance,68,stores,for free,4,management / self-employed / highly qualified employee / officer,1,"yes, registered under customer's name",yes,2,divorced/separated
... >= 200 DM / salary assignments for at least 1 year,16,no credits taken / all credits paid back duly,business,3514,unknown / no savings account,unemployed,2,male,co-applicant,1,building society savings agreement / life insurance,24,stores,rent,4,skilled employee / official,2,none,yes,1,married/widowed
... >= 200 DM / salary assignments for at least 1 year,9,no credits taken / all credits paid back duly,car (used),2444,... < 100 DM,4 <= ... < 7 years,1,male,co-applicant,3,real estate,25,none,rent,4,skilled employee / official,1,"yes, registered under customer's name",no,2,divorced/separated
no checking account,22,no credits taken / all credits paid back duly,business,3212,... >= 1000 DM,... < 1 year,3,female,co-applicant,4,real estate,38,stores,for free,2,skilled employee / official,1,"yes, registered under customer's name",no,1,divorced/separated
... >= 200 DM / salary assignments for at least 1 year,39,no credits taken / all credits paid back duly,repairs,14398,500 <= ... < 1000 DM,4 <= ... < 7 years,2,female,co-applicant,2,real estate,38,bank,own,4,unemployed / unskilled - non-resident,2,none,no,1,single
no checking account,22,existing credits paid back duly till now,retraining,351,unknown / no savings account,... >= 7 years,4,female,co-applicant,2,building society savings agreement / life insurance,28,none,own,2,unskilled - resident,1,"yes, registered under customer's name",no,2,single
0 <= ... < 200 DM,20,critical account / other credits existing (not at this bank),furniture/equipment,763,unknown / no savings account,1 <= ... < 4 years,2,male,co-applicant,3,real estate,31,bank,rent,3,management / self-employed / highly qualified employee / officer,2,"yes, registered under customer's name",no,1,divorced/separated
... >= 200 DM / salary assignments for at least 1 year,19,delay in paying off in the past,furniture/equipment,15945,unknown / no savings account,4 <= ... < 7 years,3,male,none,4,"car or other, not in savings account",24,none,own,1,unskilled - resident,1,none,yes,1,married/widowed
0 <= ... < 200 DM,6,existing credits paid back duly till now,furniture/equipment,3367,... >= 1000 DM,unemployed,2,female,guarantor,2,building society savings agreement / life insurance,49,none,own,2,management / self-employed / highly qualified employee / officer,2,"yes, registered under customer's name",yes,1,single
no checking account,11,existing credits paid back duly till now,retraining,2305,... < 100 DM,4 <= ... < 7 years,2,female,co-applicant,1,building society savings agreement / life insurance,33,stores,rent,3,management / self-employed / highly qualified employee / officer,1,"yes, registered under customer's name",yes,1,single
0 <= ... < 200 DM,20,no credits taken / all credits paid back duly,furniture/equipment,11913,... < 100 DM,... >= 7 years,1,male,none,2,real estate,34,none,rent,2,management / self-employed / highly qualified employee / officer,2,"yes, registered under customer's name",no,1,single
0 <= ... < 200 DM,34,all credits at this bank paid back duly,repairs,2722,unknown / no savings account,... < 1 year,2,male,guarantor,2,unknown / no property,70,none,rent,2,unskilled - resident,1,none,yes,2,married/widowed
0 <= ... < 200 DM,23,existing credits paid back duly till now,business,8494,... >= 1000 DM,... >= 7 years,4,female,guarantor,4,real estate,30,bank,own,3,management / self-employed / highly qualified employee / officer,2,none,yes,2,married/widowed
0 <= ... < 200 DM,26,all credits at this bank paid back duly,car (used),3082,100 <= ... < 500 DM,... >= 7 years,4,female,none,1,building society savings agreement / life insurance,30,stores,own,4,skilled employee / official,1,"yes, registered under customer's name",no,2,divorced/separated
no checking account,22,existing credits paid back duly till now,education,644,... >= 1000 DM,1 <= ... < 4 years,4,female,none,2,real estate,75,stores,own,1,management / self-employed / highly qualified employee / officer,2,"yes, registered under customer's name",no,1,single
... < 0 DM,4,existing credits paid back duly till now,car (new),9886,... >= 1000 DM,4 <= ... < 7 years,4,female,guarantor,4,"car or other, not in savings account",19,none,for free,3,unemployed / unskilled - non-resident,1,none,no,1,divorced/separated
0 <= ... < 200 DM,7,delay in paying off in the past,domestic appliances,2245,... < 100 DM,... >= 7 years,2,female,co-applicant,4,building society savings agreement / life insurance,27,bank,for free,2,unskilled - resident,2,"yes, registered under customer's name",no,2,single
no checking account,50,delay in paying off in the past,retraining,1762,500 <= ... < 1000 DM,unemployed,1,female,guarantor,4,real estate,30,bank,own,2,unemployed / unskilled - non-resident,1,"yes, registered under customer's name",yes,1,divorced/separated
... >= 200 DM / salary assignments for at least 1 year,22,all credits at this bank paid back duly,car (used),12523,unknown / no savings account,... >= 7 years,2,male,none,1,"car or other, not in savings account",36,none,own,4,unskilled - resident,1,none,no,1,divorced/separated
0 <= ... < 200 DM,57,existing credits paid back duly till now,car (used),14643,... < 100 DM,4 <= ... < 7 years,2,female,none,4,"car or other, not in savings account",43,bank,rent,4,management / self-employed / highly qualified employee / officer,1,none,yes,1,divorced/separated
0 <= ... < 200 DM,17,critical account / other credits existing (not at this bank),domestic appliances,983,500 <= ... < 1000 DM,1 <= ... < 4 years,1,female,co-applicant,2,unknown / no property,32,none,own,2,unskilled - resident,2,"yes, registered under customer's name",no,1,single
0 <= ... < 200 DM,70,existing credits paid back duly till now,retraining,15945,100 <= ... < 500 DM,... >= 7 years,1,female,co-applicant,1,unknown / no property,24,none,own,1,management / self-employed / highly qualified employee / officer,1,"yes, registered under customer's name",yes,2,married/widowed
... >= 200 DM / salary assignments for at least 1 year,5,existing credits paid back duly till now,education,5143,... < 100 DM,unemployed,4,male,guarantor,3,unknown / no property,29,none,for free,3,management / self-employed / highly qualified employee / officer,2,none,yes,1,single
... < 0 DM,39,delay in paying off in the past,retraining,9141,... < 100 DM,unemployed,2,male,co-applicant,4,unknown / no property,33,none,own,1,unemployed / unskilled - non-resident,2,"yes, registered under customer's name",yes,1,married/widowed
no checking account,52,no credits taken / all credits paid back duly,others,5623,... < 100 DM,... < 1 year,1,male,none,1,unknown / no property,27,stores,rent,3,unemployed / unskilled - non-resident,1,"yes, registered under customer's name",no,1,single
no checking account,34,critical account / other credits existing (not at this bank),car (new),1279,100 <= ... < 500 DM,unemployed,2,female,co-applicant,1,"car or other, not in savings account",58,bank,for free,1,management / self-employed / highly qualified employee / officer,2,none,no,2,divorced/separated
0 <= ... < 200 DM,4,no credits taken / all credits paid back duly,radio/television,4657,... >= 1000 DM,unemployed,2,male,none,1,unknown / no property,40,stores,own,4,unskilled - resident,1,none,no,2,single
no checking account,17,all credits at this bank paid back duly,radio/television,3919,... >= 1000 DM,... < 1 year,2,female,co-applicant,3,"car or other, not in savings account",19,bank,for free,1,unemployed / unskilled - non-resident,1,none,no,1,married/widowed
... >= 200 DM / salary assignments for at least 1 year,14,no credits taken / all credits paid back duly,others,2616,... >= 1000 DM,1 <= ... < 4 years,2,female,guarantor,1,"car or other, not in savings account",34,none,for free,2,skilled employee / official,1,"yes, registered under customer's name",yes,2,single
no checking account,37,critical account / other credits existing (not at this bank),repairs,3086,unknown / no savings account,unemployed,4,female,co-applicant,1,"car or other, not in savings account",34,none,rent,1,management / self-employed / highly qualified employee / officer,2,none,yes,2,divorced/separated
0 <= ... < 200 DM,6,no credits taken / all credits paid back duly,domestic appliances,3273,... >= 1000 DM,4 <= ... < 7 years,4,male,none,2,real estate,19,stores,for free,1,skilled employee / official,1,none,no,2,single
... >= 200 DM / salary assignments for at least 1 year,23,all credits at this bank paid back duly,repairs,15945,... >= 1000 DM,4 <= ... < 7 years,3,female,co-applicant,2,building society savings agreement / life insurance,21,bank,own,2,skilled employee / official,1,none,no,1,divorced/separated
no checking account,48,no credits taken / all credits paid back duly,retraining,6493,... < 100 DM,... < 1 year,1,female,guarantor,4,building society savings agreement / life insurance,24,none,rent,4,unskilled - resident,1,none,no,1,single
0 <= ... < 200 DM,20,existing credits paid back duly till now,others,3642,... < 100 DM,... >= 7 years,1,female,guarantor,2,unknown / no property,26,bank,rent,2,management / self-employed / highly qualified employee / officer,1,"yes, registered under customer's name",yes,1,single
0 <= ... < 200 DM,4,existing credits paid back duly till now,repairs,15945,100 <= ... < 500 DM,unemployed,2,female,co-applicant,2,real estate,28,stores,rent,4,management / self-employed / highly qualified employee / officer,1,none,no,2,single
no checking account,12,existing credits paid back duly till now,furniture/equipment,2165,unknown / no savings account,... >= 7 years,2,female,guarantor,2,"car or other, not in savings account",47,stores,own,2,unemployed / unskilled - non-resident,2,none,yes,2,married/widowed
no checking account,24,existing credits paid back duly till now,car (new),250,100 <= ... < 500 DM,... >= 7 years,3,male,guarantor,3,"car or other, not in savings account",75,bank,for free,4,skilled employee / official,2,none,yes,1,single
no checking account,12,existing credits paid back duly till now,retraining,5581,... < 100 DM,1 <= ... < 4 years,1,female,co-applicant,3,unknown / no property,28,none,rent,4,skilled employee / official,2,none,no,1,married/widowed
0 <= ... < 200 DM,55,all credits at this bank paid back duly,business,3399,500 <= ... < 1000 DM,... >= 7 years,2,male,none,1,"car or other, not in savings account",56,stores,own,4,unskilled - resident,2,none,yes,1,divorced/separated
0 <= ... < 200 DM,33,no credits taken / all credits paid back duly,furniture/equipment,1985,500 <= ... < 1000 DM,... < 1 year,2,male,none,3,unknown / no property,40,stores,own,2,management / self-employed / highly qualified employee / officer,1,none,no,2,divorced/separated
no checking account,8,no credits taken / all credits paid back duly,domestic appliances,1092,unknown / no savings account,1 <= ... < 4 years,2,female,guarantor,3,unknown / no property,28,none,rent,2,skilled employee / official,1,"yes, registered under customer's name",yes,1,single
0 <= ... < 200 DM,7,delay in paying off in the past,radio/television,3095,500 <= ... < 1000 DM,... >= 7 years,2,male,none,4,unknown / no property,54,bank,rent,1,skilled employee / official,2,"yes, registered under customer's name",no,2,married/widowed
... >= 200 DM / salary assignments for at least 1 year,24,critical account / other credits existing (not at this bank),car (used),2550,100 <= ... < 500 DM,unemployed,4,male,guarantor,1,"car or other, not in savings account",55,stores,for free,3,unskilled - resident,1,none,no,2,single
... < 0 DM,31,critical account / other credits existing (not at this bank),furniture/equipment,2443,100 <= ... < 500 DM,... >= 7 years,4,male,co-applicant,1,real estate,35,stores,own,4,skilled employee / official,2,none,yes,2,divorced/separated
no checking account,13,critical account / other credits existing (not at this bank),radio/television,2192,100 <= ... < 500 DM,unemployed,4,male,co-applicant,2,unknown / no property,38,stores,rent,2,unemployed / unskilled - non-resident,2,"yes, registered under customer's name",yes,1,divorced/separated
0 <= ... < 200 DM,33,critical account / other credits existing (not at this bank),education,1209,... >= 1000 DM,1 <= ... < 4 years,2,male,none,2,building society savings agreement / life insurance,32,bank,for free,1,unskilled - resident,2,none,no,1,married/widowed
... >= 200 DM / salary assignments for at least 1 year,22,existing credits paid back duly till now,radio/television,4137,... < 100 DM,1 <= ... < 4 years,1,male,guarantor,4,"car or other, not in savings account",74,bank,own,2,management / self-employed / highly qualified employee / officer,1,none,yes,2,single
no checking account,13,critical account / other credits existing (not at this bank),business,6843,unknown / no savings account,1 <= ... < 4 years,2,male,guarantor,2,real estate,23,none,own,2,unskilled - resident,1,"yes, registered under customer's name",yes,2,divorced/separated
no checking account,22,existing credits paid back duly till now,domestic appliances,13518,... < 100 DM,... < 1 year,4,female,none,1,"car or other, not in savings account",37,none,own,2,unemployed / unskilled - non-resident,2,"yes, registered under customer's name",yes,2,divorced/separated
no checking account,52,no credits taken / all credits paid back duly,furniture/equipment,15945,... < 100 DM,... >= 7 years,3,male,co-applicant,2,real estate,42,none,for free,1,management / self-employed / highly qualified employee / officer,2,none,yes,1,single
... < 0 DM,41,existing credits paid back duly till now,car (new),12352,... < 100 DM,... >= 7 years,2,male,none,4,"car or other, not in savings account",35,stores,rent,3,management / self-employed / highly qualified employee / officer,2,"yes, registered under customer's name",yes,2,single
... < 0 DM,26,no credits taken / all credits paid back duly,business,1015,... < 100 DM,... >= 7 years,4,female,none,2,real estate,40,bank,rent,4,skilled employee / official,1,"yes, registered under customer's name",yes,1,divorced/separated
... < 0 DM,43,critical account / other credits existing (not at this bank),furniture/equipment,11769,100 <= ... < 500 DM,4 <= ... < 7 years,2,male,co-applicant,4,building society savings agreement / life insurance,40,none,for free,3,unskilled - resident,1,none,yes,1,married/widowed
... < 0 DM,17,all credits at this bank paid back duly,car (used),2040,... >= 1000 DM,4 <= ... < 7 years,3,male,none,3,unknown / no property,52,bank,rent,1,skilled employee / official,1,none,yes,1,married/widowed
... < 0 DM,46,no credits taken / all credits paid back duly,furniture/equipment,1682,... < 100 DM,unemployed,2,female,none,1,unknown / no property,46,stores,own,2,unskilled - resident,1,none,no,1,single
no checking account,17,delay in paying off in the past,car (new),7437,... < 100 DM,1 <= ... < 4 years,4,male,co-applicant,4,"car or other, not in savings account",45,bank,rent,1,management / self-employed / highly qualified employee / officer,2,none,yes,1,divorced/separated
0 <= ... < 200 DM,29,no credits taken / all credits paid back duly,others,12274,100 <= ... < 500 DM,unemployed,1,male,none,1,building society savings agreement / life insurance,55,stores,for free,3,skilled employee / official,1,"yes, registered under customer's name",yes,2,married/widowed
... < 0 DM,62,delay in paying off in the past,domestic appliances,4929,unknown / no savings account,4 <= ... < 7 years,3,male,guarantor,4,"car or other, not in savings account",19,bank,rent,2,unemployed / unskilled - non-resident,2,"yes, registered under customer's name",yes,2,married/widowed
... >= 200 DM / salary assignments for at least 1 year,23,existing credits paid back duly till now,car (new),3142,500 <= ... < 1000 DM,... < 1 year,1,male,co-applicant,3,unknown / no property,67,none,rent,1,unemployed / unskilled - non-resident,2,none,yes,1,divorced/separated
... >= 200 DM / salary assignments for at least 1 year,21,no credits taken / all credits paid back duly,car (new),2992,500 <= ... < 1000 DM,4 <= ... < 7 years,3,male,none,3,real estate,29,stores,for free,4,unskilled - resident,2,"yes, registered under customer's name",yes,1,divorced/separated
... < 0 DM,7,delay in paying off in the past,education,4016,100 <= ... < 500 DM,unemployed,1,male,co-applicant,4,"car or other, not in savings account",20,none,for free,4,skilled employee / official,2,"yes, registered under customer's name",no,1,divorced/separated
... < 0 DM,46,all credits at this bank paid back duly,furniture/equipment,8221,... >= 1000 DM,... >= 7 years,4,female,none,2,"car or other, not in savings account",56,bank,for free,3,skilled employee / official,1,none,no,2,married/widowed
0 <= ... < 200 DM,4,delay in paying off in the past,retraining,9551,100 <= ... < 500 DM,... >= 7 years,4,male,none,2,unknown / no property,31,none,own,3,unemployed / unskilled - non-resident,1,none,yes,1,married/widowed
no checking account,20,existing credits paid back duly till now,car (used),2348,... < 100 DM,4 <= ... < 7 years,4,male,none,2,real estate,51,stores,for free,2,management / self-employed / highly qualified employee / officer,1,"yes, registered under customer's name",yes,1,married/widowed
... >= 200 DM / salary assignments for at least 1 year,25,all credits at this bank paid back duly,furniture/equipment,1813,... >= 1000 DM,1 <= ... < 4 years,1,female,co-applicant,1,building society savings agreement / life insurance,22,bank,rent,1,unemployed / unskilled - non-resident,2,"yes, registered under customer's name",no,2,divorced/separated
0 <= ... < 200 DM,25,no credits taken / all credits paid back duly,others,1003,500 <= ... < 1000 DM,4 <= ... < 7 years,4,male,guarantor,3,"car or other, not in savings account",39,bank,own,2,unemployed / unskilled - non-resident,2,none,no,2,divorced/separated
no checking account,56,existing credits paid back duly till now,education,9633,unknown / no savings account,... >= 7 years,2,female,co-applicant,2,building society savings agreement / life insurance,35,stores,for free,2,unemployed / unskilled - non-resident,1,"yes, registered under customer's name",no,1,single
... >= 200 DM / salary assignments for at least 1 year,16,critical account / other credits existing (not at this bank),radio/television,5043,unknown / no savings account,unemployed,2,female,none,1,building society savings agreement / life insurance,63,bank,rent,2,skilled employee / official,1,none,no,2,divorced/separated
0 <= ... < 200 DM,21,delay in paying off in the past,car (new),4249,... >= 1000 DM,... < 1 year,1,female,guarantor,2,"car or other, not in savings account",38,bank,own,1,unemployed / unskilled - non-resident,2,none,no,2,divorced/separated
... >= 200 DM / salary assignments for at least 1 year,34,existing credits paid back duly till now,radio/television,6360,500 <= ... < 1000 DM,... >= 7 years,4,female,none,4,unknown / no property,28,bank,for free,2,unskilled - resident,2,none,yes,1,single
... < 0 DM,22,all credits at this bank paid back duly,repairs,2857,... < 100 DM,1 <= ... < 4 years,1,male,co-applicant,4,"car or other, not in savings account",22,none,rent,2,unemployed / unskilled - non-resident,1,none,no,1,divorced/separated
0 <= ... < 200 DM,4,existing credits paid back duly till now,car (used),11134,... < 100 DM,4 <= ... < 7 years,4,female,co-applicant,1,unknown / no property,34,stores,for free,3,unemployed / unskilled - non-resident,1,"yes, registered under customer's name",no,1,married/widowed
0 <= ... < 200 DM,11,critical account / other credits existing (not at this bank),domestic appliances,1506,unknown / no savings account,unemployed,2,female,none,3,unknown / no property,42,none,for free,1,skilled employee / official,1,none,yes,1,single
... < 0 DM,26,existing credits paid back duly till now,education,12497,... < 100 DM,1 <= ... < 4 years,1,male,guarantor,4,real estate,56,stores,own,3,unemployed / unskilled - non-resident,1,"yes, registered under customer's name",no,1,single
... < 0 DM,55,delay in paying off in the past,business,5762,... >= 1000 DM,1 <= ... < 4 years,3,female,co-applicant,1,unknown / no property,26,none,for free,2,management / self-employed / highly qualified employee / officer,1,none,no,1,single
... >= 200 DM / salary assignments for at least 1 year,26,critical account / other credits existing (not at this bank),domestic appliances,15305,100 <= ... < 500 DM,... < 1 year,1,male,guarantor,2,unknown / no property,33,bank,for free,2,unskilled - resident,1,none,no,1,single
0 <= ... < 200 DM,5,all credits at this bank paid back duly,domestic appliances,4555,unknown / no savings account,... >= 7 years,4,female,none,4,building society savings agreement / life insurance,65,stores,own,4,unemployed / unskilled - non-resident,2,none,no,1,single
... < 0 DM,20,critical account / other credits existing (not at this bank),car (used),5079,unknown / no savings account,... >= 7 years,1,female,guarantor,2,unknown / no property,46,stores,for free,3,management / self-employed / highly qualified employee / officer,2,"yes, registered under customer's name",no,2,single
no checking account,18,existing credits paid back duly till now,others,1605,... < 100 DM,1 <= ... < 4 years,4,male,co-applicant,4,building society savings agreement / life insurance,36,bank,own,2,unemployed / unskilled - non-resident,1,none,yes,1,single
no checking account,19,existing credits paid back duly till now,radio/television,15945,... < 100 DM,4 <= ... < 7 years,2,female,none,1,"car or other, not in savings account",29,none,own,2,unemployed / unskilled - non-resident,1,none,no,1,divorced/separated
no checking account,4,critical account / other credits existing (not at this bank),others,1143,... < 100 DM,1 <= ... < 4 years,4,male,co-applicant,4,"car or other, not in savings account",25,none,own,4,unemployed / unskilled - non-resident,1,none,yes,2,single
no checking account,5,critical account / other credits existing (not at this bank),retraining,2898,500 <= ... < 1000 DM,1 <= ... < 4 years,1,male,none,4,building society savings agreement / life insurance,31,stores,rent,2,unemployed / unskilled - non-resident,1,none,yes,1,divorced/separated
... >= 200 DM / salary assignments for at least 1 year,22,delay in paying off in the past,furniture/equipment,6313,... >= 1000 DM,... < 1 year,4,male,guarantor,4,"car or other, not in savings account",30,none,for free,4,management / self-employed / highly qualified employee / officer,1,"yes, registered under customer's name",no,1,single
no checking account,28,no credits taken / all credits paid back duly,domestic appliances,1506,... < 100 DM,unemployed,1,female,guarantor,1,unknown / no property,31,none,rent,1,management / self-employed / highly qualified employee / officer,2,none,yes,2,divorced/separated
... >= 200 DM / salary assignments for at least 1 year,22,no credits taken / all credits paid back duly,repairs,15945,unknown / no savings account,... >= 7 years,3,female,none,3,building society savings agreement / life insurance,55,stores,for free,2,management / self-employed / highly qualified employee / officer,2,none,yes,2,married/widowed
... >= 200 DM / salary assignments for at least 1 year,12,delay in paying off in the past,car (used),924,100 <= ... < 500 DM,4 <= ... < 7 years,2,female,co-applicant,3,unknown / no property,27,none,rent,1,skilled employee / official,2,"yes, registered under customer's name",no,2,married/widowed
... >= 200 DM / salary assignments for at least 1 year,22,all credits at this bank paid back duly,furniture/equipment,2778,unknown / no savings account,... < 1 year,1,male,none,2,"car or other, not in savings account",31,stores,rent,3,management / self-employed / highly qualified employee / officer,1,"yes, registered under customer's name",yes,2,divorced/separated
0 <= ... < 200 DM,47,delay in paying off in the past,car (new),3333,... < 100 DM,1 <= ... < 4 years,3,male,co-applicant,2,real estate,30,bank,for free,1,unemployed / unskilled - non-resident,2,"yes, registered under customer's name",yes,2,married/widowed
no checking account,10,existing credits paid back duly till now,car (new),2163,unknown / no savings account,... >= 7 years,4,female,guarantor,2,"car or other, not in savings account",23,none,rent,3,unskilled - resident,1,"yes, registered under customer's name",no,1,single
0 <= ... < 200 DM,31,all credits at this bank paid back duly,business,5638,unknown / no savings account,1 <= ... < 4 years,3,female,guarantor,1,"car or other, not in savings account",75,bank,own,4,skilled employee / official,2,none,yes,1,single
0 <= ... < 200 DM,21,all credits at this bank paid back duly,car (used),2501,... < 100 DM,unemployed,2,male,guarantor,3,unknown / no property,66,stores,rent,2,skilled employee / official,1,none,no,2,single
no checking account,4,no credits taken / all credits paid back duly,radio/television,827,... < 100 DM,... < 1 year,2,male,none,1,unknown / no property,68,stores,for free,1,unskilled - resident,2,none,yes,2,married/widowed
no checking account,22,no credits taken / all credits paid back duly,domestic appliances,15945,unknown / no savings account,... >= 7 years,1,male,guarantor,1,real estate,25,stores,own,1,unskilled - resident,2,none,no,2,married/widowed
no checking account,20,existing credits paid back duly till now,business,1910,unknown / no savings account,unemployed,2,female,co-applicant,1,unknown / no property,34,bank,for free,3,unskilled - resident,2,"yes, registered under customer's name",no,2,divorced/separated
... >= 200 DM / salary assignments for at least 1 year,22,delay in paying off in the past,business,2342,... >= 1000 DM,... >= 7 years,1,male,none,1,"car or other, not in savings account",61,stores,own,4,unskilled - resident,1,"yes, registered under customer's name",yes,1,divorced/separated
no checking account,23,existing credits paid back duly till now,car (new),3154,... < 100 DM,... < 1 year,3,female,none,4,building society savings agreement / life insurance,51,stores,rent,3,unskilled - resident,2,none,yes,1,divorced/separated
... < 0 DM,65,all credits at this bank paid back duly,education,4513,500 <= ... < 1000 DM,... < 1 year,3,male,guarantor,3,unknown / no property,52,stores,for free,4,management / self-employed / highly qualified employee / officer,1,"yes, registered under customer's name",no,2,divorced/separated
... < 0 DM,10,existing credits paid back duly till now,business,1309,100 <= ... < 500 DM,... < 1 year,2,female,none,3,building society savings agreement / life insurance,22,stores,for free,4,management / self-employed / highly qualified employee / officer,2,none,yes,2,married/widowed
... < 0 DM,27,delay in paying off in the past,car (new),12084,... >= 1000 DM,unemployed,2,female,none,2,real estate,44,bank,for free,1,management / self-employed / highly qualified employee / officer,2,"yes, registered under customer's name",yes,2,divorced/separated
... >= 200 DM / salary assignments for at least 1 year,4,critical account / other credits existing (not at this bank),furniture/equipment,1382,unknown / no savings account,4 <= ... < 7 years,3,male,none,4,"car or other, not in savings account",45,stores,rent,2,management / self-employed / highly qualified employee / officer,2,"yes, registered under customer's name",no,1,divorced/separated
no checking account,27,existing credits paid back duly till now,business,3754,unknown / no savings account,1 <= ... < 4 years,4,male,co-applicant,3,unknown / no property,70,stores,rent,4,unskilled - resident,1,none,yes,1,divorced/separated
no checking account,23,all credits at this bank paid back duly,radio/television,15945,... < 100 DM,unemployed,4,male,co-applicant,4,building society savings agreement / life insurance,52,stores,own,1,management / self-employed / highly qualified employee / officer,1,"yes, registered under customer's name",yes,2,divorced/separated
... >= 200 DM / salary assignments for at least 1 year,16,delay in paying off in the past,education,2944,... >= 1000 DM,4 <= ... < 7 years,2,female,co-applicant,2,"car or other, not in savings account",21,stores,for free,3,unskilled - resident,1,"yes, registered under customer's name",no,2,single
... >= 200 DM / salary assignments for at least 1 year,6,existing credits paid back duly till now,domestic appliances,2397,unknown / no savings account,1 <= ... < 4 years,3,female,none,1,"car or other, not in savings account",60,bank,own,2,management / self-employed / highly qualified employee / officer,2,"yes, registered under customer's name",no,2,married/widowed
... < 0 DM,36,no credits taken / all credits paid back duly,retraining,2614,unknown / no savings account,4 <= ... < 7 years,3,female,co-applicant,2,building society savings agreement / life insurance,41,bank,rent,4,skilled employee / official,1,none,yes,2,married/widowed
0 <= ... < 200 DM,24,existing credits paid back duly till now,radio/television,8736,500 <= ... < 1000 DM,4 <= ... < 7 years,4,male,co-applicant,1,unknown / no property,51,stores,own,1,management / self-employed / highly qualified employee / officer,2,none,yes,2,single
no checking account,18,critical account / other credits existing (not at this bank),retraining,2904,... < 100 DM,... >= 7 years,4,male,none,2,real estate,57,bank,own,1,unskilled - resident,1,none,yes,1,single
... < 0 DM,8,existing credits paid back duly till now,radio/television,3538,500 <= ... < 1000 DM,4 <= ... < 7 years,2,male,none,2,unknown / no property,45,stores,own,1,skilled employee / official,1,"yes, registered under customer's name",no,1,divorced/separated
0 <= ... < 200 DM,24,delay in paying off in the past,radio/television,2475,100 <= ... < 500 DM,1 <= ... < 4 years,1,female,none,1,real estate,48,bank,for free,1,skilled employee / official,1,"yes, registered under customer's name",yes,2,single
no checking account,42,critical account / other credits existing (not at this bank),radio/television,10589,100 <= ... < 500 DM,1 <= ... < 4 years,2,female,none,4,"car or other, not in savings account",35,bank,own,4,unskilled - resident,2,none,no,1,divorced/separated
... < 0 DM,7,critical account / other credits existing (not at this bank),repairs,6346,500 <= ... < 1000 DM,4 <= ... < 7 years,2,female,guarantor,4,unknown / no property,31,bank,rent,1,unskilled - resident,1,"yes, registered under customer's name",yes,2,married/widowed
... < 0 DM,18,delay in paying off in the past,repairs,9073,... < 100 DM,... >= 7 years,1,female,guarantor,2,building society savings agreement / life insurance,29,none,rent,2,skilled employee / official,2,none,yes,2,divorced/separated
... < 0 DM,18,critical account / other credits existing (not at this bank),domestic appliances,1521,500 <= ... < 1000 DM,... < 1 year,2,female,none,3,building society savings agreement / life insurance,40,stores,for free,3,unskilled - resident,1,none,yes,1,divorced/separated
... >= 200 DM / salary assignments for at least 1 year,39,no credits taken / all credits paid back duly,repairs,1202,unknown / no savings account,4 <= ... < 7 years,1,male,guarantor,3,real estate,34,bank,rent,1,unemployed / unskilled - non-resident,2,"yes, registered under customer's name",yes,1,single
0 <= ... < 200 DM,5,existing credits paid back duly till now,furniture/equipment,2735,500 <= ... < 1000 DM,... < 1 year,1,female,none,4,"car or other, not in savings account",75,bank,own,1,unskilled - resident,1,none,yes,1,single
0 <= ... < 200 DM,32,no credits taken / all credits paid back duly,others,981,... < 100 DM,4 <= ... < 7 years,2,female,none,4,real estate,31,bank,own,3,skilled employee / official,2,"yes, registered under customer's name",no,1,single
0 <= ... < 200 DM,19,critical account / other credits existing (not at this bank),business,1367,100 <= ... < 500 DM,1 <= ... < 4 years,2,male,guarantor,1,building society savings agreement / life insurance,25,bank,rent,2,unskilled - resident,1,none,yes,2,divorced/separated
... < 0 DM,4,delay in paying off in the past,education,2680,unknown / no savings account,4 <= ... < 7 years,4,male,co-applicant,2,building society savings agreement / life insurance,30,stores,own,2,management / self-employed / highly qualified employee / officer,1,none,no,1,single
... < 0 DM,22,delay in paying off in the past,car (used),4955,... < 100 DM,1 <= ... < 4 years,3,male,co-applicant,2,building society savings agreement / life insurance,34,bank,for free,4,skilled employee / official,2,none,no,2,single
no checking account,62,all credits at this bank paid back duly,others,12309,unknown / no savings account,4 <= ... < 7 years,2,male,co-applicant,2,unknown / no property,40,none,rent,4,unemployed / unskilled - non-resident,1,"yes, registered under customer's name",no,2,single
... < 0 DM,32,critical account / other credits existing (not at this bank),others,11374,... >= 1000 DM,unemployed,4,male,none,3,"car or other, not in savings account",34,bank,for free,1,unskilled - resident,2,none,no,2,single
no checking account,4,delay in paying off in the past,car (new),9262,... >= 1000 DM,1 <= ... < 4 years,3,female,none,3,unknown / no property,27,stores,rent,2,management / self-employed / highly qualified employee / officer,2,"yes, registered under customer's name",no,1,divorced/separated
0 <= ... < 200 DM,23,all credits at this bank paid back duly,car (used),2321,... >= 1000 DM,4 <= ... < 7 years,3,female,none,1,real estate,31,none,rent,3,unskilled - resident,1,none,yes,2,married/widowed
0 <= ... < 200 DM,10,critical account / other credits existing (not at this bank),business,1361,500 <= ... < 1000 DM,unemployed,4,male,guarantor,3,building society savings agreement / life insurance,37,stores,own,1,unskilled - resident,1,"yes, registered under customer's name",no,2,married/widowed
no checking account,28,existing credits paid back duly till now,car (used),2108,... < 100 DM,4 <= ... < 7 years,3,male,none,1,real estate,69,bank,for free,4,unskilled - resident,2,"yes, registered under customer's name",no,1,single
... >= 200 DM / salary assignments for at least 1 year,64,existing credits paid back duly till now,repairs,873,... >= 1000 DM,... < 1 year,1,female,none,1,building society savings agreement / life insurance,23,none,rent,3,unskilled - resident,2,"yes, registered under customer's name",no,1,single
0 <= ... < 200 DM,29,all credits at this bank paid back duly,others,2647,... < 100 DM,unemployed,2,female,co-applicant,4,building society savings agreement / life insurance,56,stores,own,4,management / self-employed / highly qualified employee / officer,1,"yes, registered under customer's name",yes,2,divorced/separated
no checking account,21,critical account / other credits existing (not at this bank),retraining,5635,100 <= ... < 500 DM,1 <= ... < 4 years,2,female,co-applicant,4,"car or other, not in savings account",50,stores,own,4,unemployed / unskilled - non-resident,2,"yes, registered under customer's name",yes,2,single
0 <= ... < 200 DM,23,existing credits paid back duly till now,repairs,4504,500 <= ... < 1000 DM,... >= 7 years,3,male,guarantor,3,"car or other, not in savings account",42,none,rent,4,unemployed / unskilled - non-resident,1,none,yes,1,single
... < 0 DM,20,critical account / other credits existing (not at this bank),business,15945,500 <= ... < 1000 DM,1 <= ... < 4 years,2,male,none,2,unknown / no property,48,none,rent,4,unemployed / unskilled - non-resident,2,none,yes,2,married/widowed
no checking account,26,no credits taken / all credits paid back duly,repairs,14030,unknown / no savings account,... >= 7 years,1,female,guarantor,3,building society savings agreement / life insurance,29,stores,for free,1,unemployed / unskilled - non-resident,1,none,no,2,single
... < 0 DM,27,all credits at this bank paid back duly,furniture/equipment,4077,unknown / no savings account,4 <= ... < 7 years,1,male,co-applicant,4,real estate,33,none,own,2,management / self-employed / highly qualified employee / officer,2,none,no,1,single
0 <= ... < 200 DM,4,no credits taken / all credits paid back duly,others,3199,unknown / no savings account,4 <= ... < 7 years,2,female,guarantor,1,unknown / no property,42,stores,own,3,unskilled - resident,2,none,yes,1,divorced/separated
0 <= ... < 200 DM,36,existing credits paid back duly till now,others,4253,... >= 1000 DM,... >= 7 years,3,male,none,3,building society savings agreement / life insurance,45,bank,own,2,unemployed / unskilled - non-resident,2,none,yes,2,divorced/separated
0 <= ... < 200 DM,22,critical account / other credits existing (not at this bank),repairs,1207,... < 100 DM,1 <= ... < 4 years,3,female,none,4,"car or other, not in savings account",37,none,rent,2,management / self-employed / highly qualified employee / officer,2,"yes, registered under customer's name",yes,1,married/widowed
... < 0 DM,25,no credits taken / all credits paid back duly,furniture/equipment,2241,100 <= ... < 500 DM,1 <= ... < 4 years,2,male,none,2,unknown / no property,28,bank,for free,2,skilled employee / official,1,"yes, registered under customer's name",yes,2,single
no checking account,12,delay in paying off in the past,car (new),11245,... < 100 DM,unemployed,2,female,guarantor,4,building society savings agreement / life insurance,46,none,rent,4,management / self-employed / highly qualified employee / officer,2,none,no,1,single
no checking account,11,no credits taken / all credits paid back duly,furniture/equipment,5921,unknown / no savings account,... >= 7 years,2,male,none,1,real estate,36,bank,rent,2,unemployed / unskilled - non-resident,1,"yes, registered under customer's name",yes,2,single
... < 0 DM,12,critical account / other credits existing (not at this bank),car (new),7209,unknown / no savings account,1 <= ... < 4 years,3,male,none,3,unknown / no property,38,bank,own,2,management / self-employed / highly qualified employee / officer,1,none,no,2,single
... >= 200 DM / salary assignments for at least 1 year,28,critical account / other credits existing (not at this bank),car (new),6793,... < 100 DM,... >= 7 years,3,female,co-applicant,3,"car or other, not in savings account",51,stores,for free,2,skilled employee / official,1,"yes, registered under customer's name",yes,1,single
... >= 200 DM / salary assignments for at least 1 year,6,all credits at this bank paid back duly,others,9467,... >= 1000 DM,... >= 7 years,4,female,none,3,real estate,25,none,own,4,skilled employee / official,1,"yes, registered under customer's name",yes,1,divorced/separated
no checking account,27,no credits taken / all credits paid back duly,radio/television,2145,500 <= ... < 1000 DM,... < 1 year,4,female,guarantor,3,unknown / no property,32,stores,own,4,unskilled - resident,2,"yes, registered under customer's name",no,2,divorced/separated
... < 0 DM,4,no credits taken / all credits paid back duly,others,3936,... < 100 DM,... >= 7 years,4,female,guarantor,1,unknown / no property,52,stores,for free,4,unemployed / unskilled - non-resident,1,"yes, registered under customer's name",no,1,divorced/separated
no checking account,28,existing credits paid back duly till now,furniture/equipment,7954,100 <= ... < 500 DM,unemployed,2,male,guarantor,4,unknown / no property,34,none,own,4,management / self-employed / highly qualified employee / officer,1,none,yes,1,single
... < 0 DM,66,critical account / other credits existing (not at this bank),furniture/equipment,2251,unknown / no savings account,... >= 7 years,1,female,guarantor,2,unknown / no property,24,stores,for free,1,unemployed / unskilled - non-resident,1,"yes, registered under customer's name",no,1,single
no checking account,14,all credits at this bank paid back duly,repairs,3107,... < 100 DM,1 <= ... < 4 years,3,male,co-applicant,3,unknown / no property,50,none,rent,4,skilled employee / official,2,none,no,1,divorced/separated
no checking account,13,no credits taken / all credits paid back duly,car (used),15049,... < 100 DM,... >= 7 years,1,male,none,3,real estate,41,bank,for free,1,skilled employee / official,2,"yes, registered under customer's name",no,1,single
... >= 200 DM / salary assignments for at least 1 year,16,existing credits paid back duly till now,education,5995,500 <= ... < 1000 DM,1 <= ... < 4 years,3,female,none,4,real estate,47,stores,own,2,management / self-employed / highly qualified employee / officer,1,none,no,2,married/widowed
... < 0 DM,18,no credits taken / all credits paid back duly,furniture/equipment,1753,100 <= ... < 500 DM,unemployed,4,female,none,2,"car or other, not in savings account",46,stores,rent,1,skilled employee / official,2,"yes, registered under customer's name",no,1,divorced/separated
... >= 200 DM / salary assignments for at least 1 year,40,delay in paying off in the past,radio/television,6231,unknown / no savings account,1 <= ... < 4 years,4,female,none,1,"car or other, not in savings account",21,bank,for free,1,unskilled - resident,2,"yes, registered under customer's name",yes,1,divorced/separated
no checking account,18,all credits at this bank paid back duly,radio/television,10226,... < 100 DM,... >= 7 years,2,female,guarantor,3,building society savings agreement / life insurance,23,stores,own,4,management / self-employed / highly qualified employee / officer,1,none,yes,2,divorced/separated
... < 0 DM,5,no credits taken / all credits paid back duly,repairs,4351,... >= 1000 DM,... < 1 year,2,male,co-applicant,2,building society savings agreement / life insurance,49,stores,for free,1,unskilled - resident,2,none,no,2,married/widowed
no checking account,22,all credits at this bank paid back duly,domestic appliances,667,... < 100 DM,... >= 7 years,4,female,guarantor,1,unknown / no property,40,bank,own,2,unskilled - resident,1,none,yes,1,married/widowed
no checking account,4,no credits taken / all credits paid back duly,retraining,2385,... >= 1000 DM,1 <= ... < 4 years,2,male,none,2,building society savings agreement / life insurance,53,stores,for free,1,skilled employee / official,1,none,yes,2,single
no checking account,9,existing credits paid back duly till now,repairs,2157,... < 100 DM,... >= 7 years,2,male,none,2,"car or other, not in savings account",27,stores,own,2,unemployed / unskilled - non-resident,2,"yes, registered under customer's name",no,1,single
... < 0 DM,24,existing credits paid back duly till now,repairs,6152,unknown / no savings account,4 <= ... < 7 years,1,male,guarantor,4,building society savings agreement / life insurance,20,bank,own,4,management / self-employed / highly qualified employee / officer,1,"yes, registered under customer's name",no,2,single
... >= 200 DM / salary assignments for at least 1 year,38,all credits at this bank paid back duly,business,14690,... < 100 DM,1 <= ... < 4 years,3,female,guarantor,4,"car or other, not in savings account",58,stores,own,4,unemployed / unskilled - non-resident,1,"yes, registered under customer's name",yes,1,single
... < 0 DM,47,no credits taken / all credits paid back duly,radio/television,7476,... >= 1000 DM,... >= 7 years,4,male,co-applicant,2,building society savings agreement / life insurance,59,none,own,4,management / self-employed / highly qualified employee / officer,2,"yes, registered under customer's name",yes,1,married/widowed
... >= 200 DM / salary assignments for at least 1 year,37,critical account / other credits existing (not at this bank),domestic appliances,3081,unknown / no savings account,unemployed,4,female,co-applicant,2,"car or other, not in savings account",49,none,rent,3,skilled employee / official,2,none,yes,1,married/widowed
0 <= ... < 200 DM,6,existing credits paid back duly till now,education,2305,100 <= ... < 500 DM,unemployed,1,female,none,1,building society savings agreement / life insurance,31,stores,for free,4,skilled employee / official,1,none,yes,2,divorced/separated
... < 0 DM,36,no credits taken / all credits paid back duly,others,8658,... < 100 DM,unemployed,2,male,none,1,"car or other, not in savings account",59,bank,rent,4,unskilled - resident,2,none,no,2,single
0 <= ... < 200 DM,38,delay in paying off in the past,education,2995,... < 100 DM,4 <= ... < 7 years,3,male,none,2,unknown / no property,33,none,for free,4,management / self-employed / highly qualified employee / officer,2,none,no,2,divorced/separated
... < 0 DM,36,critical account / other credits existing (not at this bank),others,574,500 <= ... < 1000 DM,1 <= ... < 4 years,2,male,none,3,unknown / no property,31,none,for free,3,unemployed / unskilled - non-resident,1,"yes, registered under customer's name",yes,2,single
0 <= ... < 200 DM,21,all credits at this bank paid back duly,furniture/equipment,2657,... >= 1000 DM,... >= 7 years,3,male,co-applicant,3,real estate,28,bank,own,4,management / self-employed / highly qualified employee / officer,1,"yes, registered under customer's name",yes,2,divorced/separated
... < 0 DM,23,all credits at this bank paid back duly,radio/television,6039,... < 100 DM,1 <= ... < 4 years,2,male,co-applicant,2,building society savings agreement / life insurance,25,bank,for free,2,unemployed / unskilled - non-resident,1,none,no,2,married/widowed
no checking account,24,critical account / other credits existing (not at this bank),repairs,7076,unknown / no savings account,1 <= ... < 4 years,4,male,none,1,unknown / no property,37,bank,own,2,unemployed / unskilled - non-resident,2,"yes, registered under customer's name",yes,2,single
... < 0 DM,4,all credits at this bank paid back duly,car (new),7006,... >= 1000 DM,unemployed,3,female,none,2,"car or other, not in savings account",30,none,own,2,skilled employee / official,2,none,yes,1,single
... < 0 DM,11,delay in paying off in the past,car (used),1352,unknown / no savings account,1 <= ... < 4 years,2,male,co-applicant,1,real estate,49,none,own,1,unemployed / unskilled - non-resident,1,"yes, registered under customer's name",no,2,divorced/separated
0 <= ... < 200 DM,45,all credits at this bank paid back duly,others,2500,unknown / no savings account,... >= 7 years,2,male,none,3,real estate,34,bank,own,1,skilled employee / official,2,none,no,1,single
no checking account,4,existing credits paid back duly till now,business,250,unknown / no savings account,unemployed,4,female,none,2,building society savings agreement / life insurance,53,stores,rent,1,management / self-employed / highly qualified employee / officer,1,"yes, registered under customer's name",no,1,divorced/separated
... < 0 DM,4,delay in paying off in the past,radio/television,3576,... >= 1000 DM,... < 1 year,3,male,none,2,unknown / no property,75,stores,rent,1,unemployed / unskilled - non-resident,1,"yes, registered under customer's name",no,2,divorced/separated
... >= 200 DM / salary assignments for at least 1 year,17,all credits at this bank paid back duly,car (new),15945,... >= 1000 DM,unemployed,2,female,none,2,"car or other, not in savings account",33,none,own,1,management / self-employed / highly qualified employee / officer,1,"yes, registered under customer's name",no,1,divorced/separated
... < 0 DM,11,no credits taken / all credits paid back duly,car (used),6613,500 <= ... < 1000 DM,1 <= ... < 4 years,1,male,guarantor,4,unknown / no property,38,stores,for free,2,unskilled - resident,2,none,yes,2,divorced/separated
no checking account,10,existing credits paid back duly till now,car (new),8416,... < 100 DM,4 <= ... < 7 years,3,female,guarantor,1,building society savings agreement / life insurance,29,bank,rent,4,skilled employee / official,1,none,yes,2,married/widowed
no checking account,26,existing credits paid back duly till now,radio/television,13613,500 <= ... < 1000 DM,4 <= ... < 7 years,2,male,none,3,real estate,31,stores,for free,1,skilled employee / official,1,"yes, registered under customer's name",yes,2,divorced/separated
0 <= ... < 200 DM,12,critical account / other credits existing (not at this bank),radio/television,5348,... >= 1000 DM,1 <= ... < 4 years,4,male,none,4,"car or other, not in savings account",55,none,rent,2,unemployed / unskilled - non-resident,2,none,yes,2,single
no checking account,6,all credits at this bank paid back duly,radio/television,3299,... < 100 DM,unemployed,2,female,none,3,unknown / no property,29,stores,own,4,skilled employee / official,2,"yes, registered under customer's name",yes,1,divorced/separated
no checking account,26,critical account / other credits existing (not at this bank),domestic appliances,9618,unknown / no savings account,... >= 7 years,3,male,none,4,unknown / no property,35,bank,rent,1,unemployed / unskilled - non-resident,2,"yes, registered under customer's name",yes,1,divorced/separated
0 <= ... < 200 DM,11,critical account / other credits existing (not at this bank),others,1554,500 <= ... < 1000 DM,1 <= ... < 4 years,1,female,co-applicant,1,unknown / no property,58,stores,for free,1,skilled employee / official,1,"yes, registered under customer's name",no,1,single
... >= 200 DM / salary assignments for at least 1 year,9,all credits at this bank paid back duly,car (used),5730,100 <= ... < 500 DM,unemployed,2,female,none,2,"car or other, not in savings account",22,none,for free,2,management / self-employed / highly qualified employee / officer,1,"yes, registered under customer's name",yes,2,single
... < 0 DM,26,delay in paying off in the past,domestic appliances,2259,... < 100 DM,unemployed,2,female,none,3,real estate,31,stores,own,4,unskilled - resident,2,"yes, registered under customer's name",no,1,single
... < 0 DM,6,delay in paying off in the past,education,15945,100 <= ... < 500 DM,unemployed,2,male,co-applicant,4,"car or other, not in savings account",31,stores,own,1,unskilled - resident,1,"yes, registered under customer's name",yes,2,married/widowed
no checking account,65,no credits taken / all credits paid back duly,business,2550,500 <= ... < 1000 DM,... >= 7 years,3,female,co-applicant,1,building society savings agreement / life insurance,49,none,own,3,unemployed / unskilled - non-resident,2,none,yes,2,divorced/separated
... < 0 DM,50,critical account / other credits existing (not at this bank),business,1728,unknown / no savings account,1 <= ... < 4 years,4,female,guarantor,1,building society savings agreement / life insurance,27,none,own,4,unemployed / unskilled - non-resident,2,"yes, registered under customer's name",yes,1,married/widowed
... < 0 DM,7,critical account / other credits existing (not at this bank),others,10709,100 <= ... < 500 DM,... >= 7 years,4,male,co-applicant,1,"car or other, not in savings account",73,bank,for free,4,management / self-employed / highly qualified employee / officer,2,none,no,2,single
... < 0 DM,51,delay in paying off in the past,others,13450,500 <= ... < 1000 DM,... >= 7 years,3,male,guarantor,4,unknown / no property,42,bank,rent,3,unskilled - resident,1,none,no,2,married/widowed
0 <= ... < 200 DM,24,no credits taken / all credits paid back duly,domestic appliances,1600,... < 100 DM,unemployed,2,female,co-applicant,4,unknown / no property,49,bank,rent,4,unskilled - resident,1,none,yes,1,single
... < 0 DM,13,critical account / other credits existing (not at this bank),business,11517,unknown / no savings account,... < 1 year,3,female,guarantor,3,real estate,69,none,for free,3,skilled employee / official,2,none,yes,2,divorced/separated
0 <= ... < 200 DM,27,no credits taken / all credits paid back duly,retraining,1285,... < 100 DM,1 <= ... < 4 years,3,female,guarantor,4,real estate,31,bank,own,2,management / self-employed / highly qualified employee / officer,1,"yes, registered under customer's name",yes,2,single
no checking account,27,critical account / other credits existing (not at this bank),education,2886,... < 100 DM,unemployed,1,male,none,2,unknown / no property,47,none,own,1,unemployed / unskilled - non-resident,1,none,yes,1,divorced/separated
... >= 200 DM / salary assignments for at least 1 year,14,no credits taken / all credits paid back duly,radio/television,15945,500 <= ... < 1000 DM,... >= 7 years,3,female,none,2,building society savings agreement / life insurance,55,none,rent,3,unemployed / unskilled - non-resident,2,none,no,2,divorced/separated
no checking account,35,existing credits paid back duly till now,others,13558,... < 100 DM,unemployed,1,female,none,1,building society savings agreement / life insurance,50,bank,own,1,unskilled - resident,2,"yes, registered under customer's name",no,1,single
no checking account,23,all credits at this bank paid back duly,radio/television,1491,unknown / no savings account,unemployed,1,male,guarantor,4,building society savings agreement / life insurance,64,none,rent,1,management / self-employed / highly qualified employee / officer,2,none,yes,1,married/widowed
no checking account,8,no credits taken / all credits paid back duly,business,2971,... >= 1000 DM,unemployed,1,male,none,3,building society savings agreement / life insurance,33,stores,for free,2,unskilled - resident,2,"yes, registered under customer's name",yes,1,married/widowed
no checking account,70,delay in paying off in the past,retraining,10798,... < 100 DM,unemployed,1,female,co-applicant,1,building society savings agreement / life insurance,61,bank,own,4,management / self-employed / highly qualified employee / officer,1,none,yes,2,divorced/separated
... >= 200 DM / salary assignments for at least 1 year,30,no credits taken / all credits paid back duly,car (new),11194,... >= 1000 DM,... >= 7 years,2,male,guarantor,3,"car or other, not in savings account",19,bank,for free,3,management / self-employed / highly qualified employee / officer,2,none,yes,2,married/widowed
no checking account,34,delay in paying off in the past,business,5731,unknown / no savings account,... >= 7 years,4,male,none,2,"car or other, not in savings account",70,none,for free,3,management / self-employed / highly qualified employee / officer,1,none,no,1,single
no checking account,24,existing credits paid back duly till now,education,1311,100 <= ... < 500 DM,... < 1 year,3,male,none,1,real estate,25,bank,for free,4,management / self-employed / highly qualified employee / officer,2,none,no,1,single
... < 0 DM,26,all credits at this bank paid back duly,repairs,1285,... < 100 DM,unemployed,4,female,co-applicant,4,real estate,28,none,for free,1,management / self-employed / highly qualified employee / officer,2,"yes, registered under customer's name",no,2,divorced/separated
no checking account,16,delay in paying off in the past,car (used),3919,100 <= ... < 500 DM,... >= 7 years,1,male,guarantor,4,"car or other, not in savings account",26,none,own,4,management / self-employed / highly qualified employee / officer,2,none,yes,1,married/widowed
0 <= ... < 200 DM,64,all credits at this bank paid back duly,education,3331,... < 100 DM,4 <= ... < 7 years,3,male,co-applicant,1,"car or other, not in savings account",54,stores,rent,3,unemployed / unskilled - non-resident,1,none,no,1,divorced/separated
no checking account,9,no credits taken / all credits paid back duly,repairs,1865,... >= 1000 DM,4 <= ... < 7 years,3,male,guarantor,4,"car or other, not in savings account",63,none,own,4,unemployed / unskilled - non-resident,1,none,yes,1,married/widowed
0 <= ... < 200 DM,38,critical account / other credits existing (not at this bank),retraining,3257,... < 100 DM,1 <= ... < 4 years,4,male,none,3,building society savings agreement / life insurance,67,stores,own,3,unskilled - resident,1,"yes, registered under customer's name",yes,1,single
0 <= ... < 200 DM,28,delay in paying off in the past,repairs,1185,500 <= ... < 1000 DM,... >= 7 years,2,male,none,1,real estate,59,stores,for free,2,skilled employee / official,1,none,yes,1,married/widowed
... < 0 DM,72,delay in paying off in the past,radio/television,3686,500 <= ... < 1000 DM,4 <= ... < 7 years,3,male,guarantor,2,unknown / no property,32,bank,for free,3,unemployed / unskilled - non-resident,2,"yes, registered under customer's name",no,1,single
... < 0 DM,22,existing credits paid back duly till now,business,12049,500 <= ... < 1000 DM,4 <= ... < 7 years,2,male,guarantor,3,unknown / no property,72,bank,for free,2,management / self-employed / highly qualified employee / officer,1,"yes, registered under customer's name",yes,1,divorced/separated
no checking account,24,no credits taken / all credits paid back duly,business,2790,... < 100 DM,1 <= ... < 4 years,4,male,none,4,real estate,41,none,rent,2,unemployed / unskilled - non-resident,1,none,yes,2,single
0 <= ... < 200 DM,4,delay in paying off in the past,radio/television,10096,... >= 1000 DM,4 <= ... < 7 years,1,female,none,2,building society savings agreement / life insurance,50,none,own,3,management / self-employed / highly qualified employee / officer,1,"yes, registered under customer's name",yes,2,married/widowed
0 <= ... < 200 DM,20,no credits taken / all credits paid back duly,radio/television,3516,500 <= ... < 1000 DM,4 <= ... < 7 years,3,male,none,4,unknown / no property,19,none,rent,2,unskilled - resident,1,"yes, registered under customer's name",yes,1,single
... >= 200 DM / salary assignments for at least 1 year,27,all credits at this bank paid back duly,radio/television,2977,500 <= ... < 1000 DM,unemployed,3,female,none,4,"car or other, not in savings account",70,stores,own,2,unskilled - resident,1,"yes, registered under customer's name",yes,2,single
0 <= ... < 200 DM,12,existing credits paid back duly till now,radio/television,13752,100 <= ... < 500 DM,... >= 7 years,2,female,none,1,unknown / no property,75,stores,own,3,skilled employee / official,2,none,yes,2,single
0 <= ... < 200 DM,10,delay in paying off in the past,business,4394,unknown / no savings account,4 <= ... < 7 years,2,female,none,4,"car or other, not in savings account",22,stores,own,2,management / self-employed / highly qualified employee / officer,2,"yes, registered under customer's name",no,1,single
... >= 200 DM / salary assignments for at least 1 year,23,all credits at this bank paid back duly,business,4294,... >= 1000 DM,unemployed,4,male,co-applicant,2,"car or other, not in savings account",51,stores,own,3,unskilled - resident,2,"yes, registered under customer's name",no,1,divorced/separated
no checking account,8,existing credits paid back duly till now,others,5885,unknown / no savings account,unemployed,4,male,none,4,"car or other, not in savings account",51,stores,for free,1,skilled employee / official,2,"yes, registered under customer's name",no,2,divorced/separated
... < 0 DM,66,critical account / other credits existing (not at this bank),education,2140,100 <= ... < 500 DM,4 <= ... < 7 years,2,female,guarantor,2,"car or other, not in savings account",60,stores,rent,3,unskilled - resident,1,none,yes,2,married/widowed
no checking account,9,existing credits paid back duly till now,retraining,8950,... >= 1000 DM,... < 1 year,1,male,guarantor,4,"car or other, not in savings account",34,bank,rent,3,unskilled - resident,2,none,no,1,divorced/separated
0 <= ... < 200 DM,18,no credits taken / all credits paid back duly,furniture/equipment,2902,... < 100 DM,unemployed,2,male,co-applicant,1,"car or other, not in savings account",45,bank,for free,3,unemployed / unskilled - non-resident,1,"yes, registered under customer's name",no,2,single
... >= 200 DM / salary assignments for at least 1 year,31,existing credits paid back duly till now,radio/television,5620,unknown / no savings account,unemployed,1,female,guarantor,3,"car or other, not in savings account",46,bank,for free,1,skilled employee / official,2,"yes, registered under customer's name",yes,1,divorced/separated
... < 0 DM,40,critical account / other credits existing (not at this bank),car (new),15945,unknown / no savings account,4 <= ... < 7 years,1,female,none,4,building society savings agreement / life insurance,31,stores,own,2,unskilled - resident,1,"yes, registered under customer's name",no,1,married/widowed
... < 0 DM,4,existing credits paid back duly till now,retraining,4297,unknown / no savings account,4 <= ... < 7 years,4,female,none,3,"car or other, not in savings account",53,none,own,3,unskilled - resident,2,"yes, registered under customer's name",no,1,divorced/separated
0 <= ... < 200 DM,29,all credits at this bank paid back duly,repairs,2619,unknown / no savings account,1 <= ... < 4 years,2,female,guarantor,2,real estate,48,none,own,1,skilled employee / official,1,none,no,1,married/widowed
... >= 200 DM / salary assignments for at least 1 year,10,existing credits paid back duly till now,furniture/equipment,250,unknown / no savings account,unemployed,3,female,co-applicant,2,real estate,21,bank,rent,3,unemployed / unskilled - non-resident,2,"yes, registered under customer's name",yes,1,single
no checking account,25,existing credits paid back duly till now,domestic appliances,1023,unknown / no savings account,1 <= ... < 4 years,1,male,co-applicant,1,"car or other, not in savings account",59,bank,for free,2,management / self-employed / highly qualified employee / officer,1,"yes, registered under customer's name",yes,1,married/widowed
no checking account,22,all credits at this bank paid back duly,business,5463,... < 100 DM,1 <= ... < 4 years,2,male,co-applicant,4,building society savings agreement / life insurance,45,bank,own,4,unemployed / unskilled - non-resident,1,"yes, registered under customer's name",no,2,single
... >= 200 DM / salary assignments for at least 1 year,66,no credits taken / all credits paid back duly,education,9619,... >= 1000 DM,1 <= ... < 4 years,4,male,co-applicant,2,unknown / no property,38,none,own,4,unemployed / unskilled - non-resident,1,"yes, registered under customer's name",no,1,divorced/separated
... < 0 DM,34,critical account / other credits existing (not at this bank),education,3001,unknown / no savings account,... < 1 year,4,female,guarantor,4,unknown / no property,40,none,own,3,unskilled - resident,1,"yes, registered under customer's name",no,2,divorced/separated
no checking account,10,existing credits paid back duly till now,others,12875,... < 100 DM,... >= 7 years,4,male,co-applicant,3,building society savings agreement / life insurance,27,bank,for free,1,management / self-employed / highly qualified employee / officer,1,"yes, registered under customer's name",yes,2,married/widowed
... < 0 DM,25,critical account / other credits existing (not at this bank),repairs,1630,... < 100 DM,... < 1 year,4,female,co-applicant,3,building society savings agreement / life insurance,28,bank,own,4,skilled employee / official,1,"yes, registered under customer's name",no,2,single
... < 0 DM,36,all credits at this bank paid back duly,radio/television,9065,... < 100 DM,4 <= ... < 7 years,1,male,guarantor,4,"car or other, not in savings account",75,none,rent,1,management / self-employed / highly qualified employee / officer,1,none,yes,2,divorced/separated
... >= 200 DM / salary assignments for at least 1 year,4,existing credits paid back duly till now,business,1072,... < 100 DM,... < 1 year,4,male,guarantor,1,unknown / no property,40,none,own,3,unemployed / unskilled - non-resident,2,"yes, registered under customer's name",yes,2,divorced/separated
0 <= ... < 200 DM,50,delay in paying off in the past,repairs,3019,... < 100 DM,unemployed,3,female,guarantor,4,building society savings agreement / life insurance,21,stores,own,1,unskilled - resident,1,none,yes,1,married/widowed
... >= 200 DM / salary assignments for at least 1 year,40,no credits taken / all credits paid back duly,retraining,2488,... < 100 DM,... >= 7 years,3,female,co-applicant,1,unknown / no property,39,none,own,4,skilled employee / official,2,"yes, registered under customer's name",yes,1,single
... < 0 DM,22,delay in paying off in the past,repairs,3981,... < 100 DM,... < 1 year,4,male,none,3,unknown / no property,60,bank,rent,2,skilled employee / official,2,none,no,2,single
0 <= ... < 200 DM,49,all credits at this bank paid back duly,education,4486,unknown / no savings account,unemployed,4,male,guarantor,2,unknown / no property,27,none,rent,1,unemployed / unskilled - non-resident,2,none,yes,2,married/widowed
... < 0 DM,46,existing credits paid back duly till now,domestic appliances,15945,unknown / no savings account,... >= 7 years,3,female,guarantor,3,unknown / no property,41,bank,own,2,management / self-employed / highly qualified employee / officer,2,none,yes,2,single
no checking account,8,delay in paying off in the past,car (used),2364,unknown / no savings account,unemployed,4,male,guarantor,2,unknown / no property,75,bank,own,2,unskilled - resident,1,none,yes,1,divorced/separated
0 <= ... < 200 DM,63,no credits taken / all credits paid back duly,others,4037,100 <= ... < 500 DM,1 <= ... < 4 years,1,female,guarantor,1,unknown / no property,47,none,own,3,unskilled - resident,1,"yes, registered under customer's name",no,1,single
no checking account,7,existing credits paid back duly till now,business,733,unknown / no savings account,unemployed,3,male,guarantor,1,real estate,29,none,own,1,skilled employee / official,2,none,yes,1,single
... >= 200 DM / salary assignments for at least 1 year,26,delay in paying off in the past,car (new),1194,100 <= ... < 500 DM,4 <= ... < 7 years,2,male,co-applicant,4,"car or other, not in savings account",31,none,for free,3,unskilled - resident,1,"yes, registered under customer's name",yes,2,married/widowed
... < 0 DM,8,existing credits paid back duly till now,car (used),15945,500 <= ... < 1000 DM,1 <= ... < 4 years,4,female,guarantor,1,building society savings agreement / life insurance,23,stores,own,2,management / self-employed / highly qualified employee / officer,2,none,no,1,divorced/separated
0 <= ... < 200 DM,24,critical account / other credits existing (not at this bank),others,5432,... < 100 DM,1 <= ... < 4 years,3,male,co-applicant,2,building society savings agreement / life insurance,56,bank,for free,2,skilled employee / official,1,none,no,2,single
... >= 200 DM / salary assignments for at least 1 year,24,no credits taken / all credits paid back duly,car (new),15945,500 <= ... < 1000 DM,... >= 7 years,4,male,guarantor,1,unknown / no property,23,stores,own,3,unemployed / unskilled - non-resident,2,"yes, registered under customer's name",yes,1,married/widowed
no checking account,22,no credits taken / all credits paid back duly,furniture/equipment,2082,500 <= ... < 1000 DM,1 <= ... < 4 years,4,male,guarantor,3,real estate,28,none,for free,2,skilled employee / official,1,"yes, registered under customer's name",yes,2,divorced/separated
0 <= ... < 200 DM,47,existing credits paid back duly till now,car (new),8888,... >= 1000 DM,unemployed,3,female,guarantor,4,real estate,38,stores,own,1,management / self-employed / highly qualified employee / officer,2,none,no,2,divorced/separated
no checking account,39,no credits taken / all credits paid back duly,car (new),2298,100 <= ... < 500 DM,1 <= ... < 4 years,3,female,guarantor,4,building society savings agreement / life insurance,25,stores,for free,4,unskilled - resident,2,"yes, registered under customer's name",no,1,single
... < 0 DM,13,delay in paying off in the past,repairs,2694,100 <= ... < 500 DM,unemployed,1,male,guarantor,1,building society savings agreement / life insurance,49,none,rent,4,skilled employee / official,2,"yes, registered under customer's name",yes,2,single
no checking account,29,no credits taken / all credits paid back duly,furniture/equipment,3221,... >= 1000 DM,1 <= ... < 4 years,2,male,none,4,real estate,47,none,own,3,management / self-employed / highly qualified employee / officer,1,none,yes,1,married/widowed
no checking account,8,delay in paying off in the past,business,4692,... >= 1000 DM,unemployed,3,male,guarantor,4,unknown / no property,38,stores,for free,1,skilled employee / official,2,"yes, registered under customer's name",yes,1,divorced/separated
... < 0 DM,36,critical account / other credits existing (not at this bank),domestic appliances,2472,... < 100 DM,unemployed,1,female,none,4,"car or other, not in savings account",29,stores,rent,2,skilled employee / official,1,"yes, registered under customer's name",no,2,divorced/separated
... < 0 DM,32,critical account / other credits existing (not at this bank),education,2476,unknown / no savings account,unemployed,1,female,none,2,unknown / no property,38,stores,own,4,management / self-employed / highly qualified employee / officer,2,none,yes,1,married/widowed
... >= 200 DM / salary assignments for at least 1 year,24,delay in paying off in the past,furniture/equipment,2505,unknown / no savings account,4 <= ... < 7 years,4,female,none,2,unknown / no property,27,stores,for free,2,unskilled - resident,2,"yes, registered under customer's name",no,1,married/widowed
no checking account,15,existing credits paid back duly till now,car (new),4542,500 <= ... < 1000 DM,1 <= ... < 4 years,4,male,co-applicant,2,"car or other, not in savings account",42,bank,own,3,unskilled - resident,2,none,no,1,divorced/separated
... >= 200 DM / salary assignments for at least 1 year,14,all credits at this bank paid back duly,business,5960,500 <= ... < 1000 DM,... >= 7 years,4,male,none,4,building society savings agreement / life insurance,19,stores,for free,1,management / self-employed / highly qualified employee / officer,1,"yes, registered under customer's name",no,1,single
... < 0 DM,71,delay in paying off in the past,car (new),250,500 <= ... < 1000 DM,4 <= ... < 7 years,4,male,guarantor,3,real estate,33,bank,for free,4,skilled employee / official,1,"yes, registered under customer's name",no,1,single
... >= 200 DM / salary assignments for at least 1 year,21,all credits at this bank paid back duly,business,10920,500 <= ... < 1000 DM,1 <= ... < 4 years,3,male,none,3,"car or other, not in savings account",30,bank,own,1,management / self-employed / highly qualified employee / officer,2,"yes, registered under customer's name",no,1,divorced/separated
... < 0 DM,22,no credits taken / all credits paid back duly,radio/television,15945,... < 100 DM,... >= 7 years,2,female,co-applicant,1,unknown / no property,33,none,rent,2,unemployed / unskilled - non-resident,1,none,yes,2,married/widowed
... < 0 DM,51,no credits taken / all credits paid back duly,others,2878,100 <= ... < 500 DM,... < 1 year,1,female,none,4,"car or other, not in savings account",45,bank,own,4,unskilled - resident,1,"yes, registered under customer's name",no,1,divorced/separated
... < 0 DM,33,existing credits paid back duly till now,furniture/equipment,2407,... < 100 DM,... >= 7 years,1,male,guarantor,3,"car or other, not in savings account",46,bank,rent,2,skilled employee / official,2,"yes, registered under customer's name",no,2,single
no checking account,8,no credits taken / all credits paid back duly,retraining,4664,unknown / no savings account,1 <= ... < 4 years,3,female,guarantor,1,real estate,27,stores,own,3,management / self-employed / highly qualified employee / officer,1,"yes, registered under customer's name",yes,1,divorced/separated
... >= 200 DM / salary assignments for at least 1 year,19,existing credits paid back duly till now,others,2795,100 <= ... < 500 DM,unemployed,2,male,none,3,"car or other, not in savings account",55,none,own,1,management / self-employed / highly qualified employee / officer,1,"yes, registered under customer's name",no,1,single
... >= 200 DM / salary assignments for at least 1 year,24,existing credits paid back duly till now,radio/television,4747,500 <= ... < 1000 DM,4 <= ... < 7 years,3,male,guarantor,4,"car or other, not in savings account",23,bank,rent,2,unemployed / unskilled - non-resident,2,"yes, registered under customer's name",yes,1,single
... < 0 DM,14,critical account / other credits existing (not at this bank),car (new),8638,100 <= ... < 500 DM,4 <= ... < 7 years,2,female,guarantor,4,"car or other, not in savings account",29,stores,for free,2,skilled employee / official,2,none,yes,1,divorced/separated
... < 0 DM,46,existing credits paid back duly till now,radio/television,5801,... < 100 DM,... < 1 year,3,male,co-applicant,1,building society savings agreement / life insurance,57,none,for free,2,management / self-employed / highly qualified employee / officer,2,"yes, registered under customer's name",no,1,married/widowed
0 <= ... < 200 DM,12,existing credits paid back duly till now,radio/television,15945,... < 100 DM,... >= 7 years,1,male,none,3,"car or other, not in savings account",24,bank,rent,4,unemployed / unskilled - non-resident,2,none,no,2,single
no checking account,9,existing credits paid back duly till now,business,1471,unknown / no savings account,unemployed,2,female,co-applicant,4,"car or other, not in savings account",34,none,own,4,management / self-employed / highly qualified employee / officer,1,none,yes,1,divorced/separated
0 <= ... < 200 DM,20,existing credits paid back duly till now,furniture/equipment,10213,500 <= ... < 1000 DM,unemployed,4,female,co-applicant,3,unknown / no property,37,none,own,3,management / self-employed / highly qualified employee / officer,1,"yes, registered under customer's name",yes,2,divorced/separated
0 <= ... < 200 DM,54,existing credits paid back duly till now,business,6342,... < 100 DM,unemployed,1,female,co-applicant,1,unknown / no property,24,stores,rent,2,management / self-employed / highly qualified employee / officer,2,"yes, registered under customer's name",yes,2,single
0 <= ... < 200 DM,59,delay in paying off in the past,furniture/equipment,3141,... < 100 DM,... >= 7 years,1,male,co-applicant,1,unknown / no property,34,bank,for free,2,management / self-employed / highly qualified employee / officer,1,none,yes,2,divorced/separated
no checking account,35,all credits at this bank paid back duly,car (used),7315,... < 100 DM,4 <= ... < 7 years,4,female,guarantor,3,building society savings agreement / life insurance,47,bank,for free,3,skilled employee / official,1,none,no,2,single
0 <= ... < 200 DM,69,all credits at this bank paid back duly,car (new),3922,500 <= ... < 1000 DM,... >= 7 years,4,female,none,1,building society savings agreement / life insurance,55,none,for free,3,management / self-employed / highly qualified employee / officer,1,none,yes,2,single
0 <= ... < 200 DM,50,critical account / other credits existing (not at this bank),retraining,7683,unknown / no savings account,4 <= ... < 7 years,3,male,co-applicant,2,real estate,32,stores,own,4,skilled employee / official,2,none,yes,2,single
... < 0 DM,4,critical account / other credits existing (not at this bank),others,4143,500 <= ... < 1000 DM,4 <= ... < 7 years,4,male,co-applicant,2,unknown / no property,32,bank,rent,1,unskilled - resident,1,"yes, registered under customer's name",yes,1,single
no checking account,4,critical account / other credits existing (not at this bank),retraining,2435,500 <= ... < 1000 DM,... >= 7 years,1,female,co-applicant,4,real estate,56,stores,for free,3,unskilled - resident,1,"yes, registered under customer's name",no,1,single
no checking account,32,delay in paying off in the past,radio/television,5083,500 <= ... < 1000 DM,unemployed,4,female,none,1,unknown / no property,22,stores,own,1,unemployed / unskilled - non-resident,2,"yes, registered under customer's name",no,1,divorced/separated
... >= 200 DM / salary assignments for at least 1 year,57,critical account / other credits existing (not at this bank),education,1713,100 <= ... < 500 DM,... >= 7 years,4,female,co-applicant,4,unknown / no property,24,stores,own,2,skilled employee / official,1,"yes, registered under customer's name",yes,1,single
0 <= ... < 200 DM,19,existing credits paid back duly till now,furniture/equipment,11398,100 <= ... < 500 DM,... >= 7 years,2,male,co-applicant,3,"car or other, not in savings account",40,stores,rent,1,management / self-employed / highly qualified employee / officer,2,"yes, registered under customer's name",yes,2,divorced/separated
... >= 200 DM / salary assignments for at least 1 year,22,all credits at this bank paid back duly,car (used),3564,... >= 1000 DM,4 <= ... < 7 years,3,female,co-applicant,4,"car or other, not in savings account",20,stores,own,3,skilled employee / official,2,"yes, registered under customer's name",yes,1,divorced/separated
... >= 200 DM / salary assignments for at least 1 year,21,existing credits paid back duly till now,car (new),8439,unknown / no savings account,unemployed,2,female,guarantor,1,unknown / no property,29,stores,rent,2,unskilled - resident,2,"yes, registered under customer's name",yes,2,single
0 <= ... < 200 DM,39,existing credits paid back duly till now,furniture/equipment,3507,100 <= ... < 500 DM,1 <= ... < 4 years,2,female,none,3,building society savings agreement / life insurance,41,none,for free,2,skilled employee / official,2,none,yes,2,divorced/separated
... >= 200 DM / salary assignments for at least 1 year,49,critical account / other credits existing (not at this bank),car (new),15945,unknown / no savings account,4 <= ... < 7 years,4,male,none,3,"car or other, not in savings account",44,bank,rent,1,unemployed / unskilled - non-resident,1,none,no,1,single
no checking account,4,critical account / other credits existing (not at this bank),education,1098,unknown / no savings account,... < 1 year,1,male,guarantor,2,real estate,24,none,own,3,unemployed / unskilled - non-resident,2,"yes, registered under customer's name",yes,1,divorced/separated
no checking account,21,delay in paying off in the past,domestic appliances,1464,... < 100 DM,unemployed,1,male,guarantor,4,real estate,36,stores,for free,2,unskilled - resident,1,"yes, registered under customer's name",yes,2,single
no checking account,20,existing credits paid back duly till now,retraining,1804,... >= 1000 DM,4 <= ... < 7 years,1,female,co-applicant,4,unknown / no property,41,none,for free,3,unemployed / unskilled - non-resident,1,none,yes,1,divorced/separated
0 <= ... < 200 DM,19,existing credits paid back duly till now,car (new),4957,unknown / no savings account,... < 1 year,4,male,none,2,unknown / no property,28,stores,for free,1,skilled employee / official,2,none,yes,1,divorced/separated
0 <= ... < 200 DM,22,all credits at this bank paid back duly,repairs,7257,unknown / no savings account,1 <= ... < 4 years,3,female,guarantor,3,real estate,21,bank,own,1,unskilled - resident,1,"yes, registered under customer's name",yes,1,divorced/separated
... < 0 DM,18,no credits taken / all credits paid back duly,car (new),5977,100 <= ... < 500 DM,4 <= ... < 7 years,1,female,none,1,unknown / no property,30,bank,rent,1,skilled employee / official,1,"yes, registered under customer's name",no,1,single
0 <= ... < 200 DM,51,no credits taken / all credits paid back duly,car (new),6568,... < 100 DM,1 <= ... < 4 years,1,female,guarantor,2,"car or other, not in savings account",57,stores,own,1,management / self-employed / highly qualified employee / officer,1,"yes, registered under customer's name",yes,2,single
no checking account,30,critical account / other credits existing (not at this bank),others,2858,... >= 1000 DM,4 <= ... < 7 years,3,female,none,1,unknown / no property,35,stores,for free,4,unemployed / unskilled - non-resident,1,"yes, registered under customer's name",yes,2,married/widowed
no checking account,22,no credits taken / all credits paid back duly,repairs,10246,unknown / no savings account,1 <= ... < 4 years,4,male,guarantor,4,"car or other, not in savings account",31,stores,for free,4,management / self-employed / highly qualified employee / officer,2,"yes, registered under customer's name",yes,2,single
no checking account,25,no credits taken / all credits paid back duly,repairs,7169,... >= 1000 DM,4 <= ... < 7 years,2,female,co-applicant,3,real estate,31,stores,own,2,skilled employee / official,2,none,yes,1,married/widowed
no checking account,23,no credits taken / all credits paid back duly,repairs,3490,500 <= ... < 1000 DM,1 <= ... < 4 years,2,female,guarantor,1,unknown / no property,52,stores,own,1,skilled employee / official,1,"yes, registered under customer's name",no,1,divorced/separated
... < 0 DM,42,no credits taken / all credits paid back duly,furniture/equipment,1580,500 <= ... < 1000 DM,1 <= ... < 4 years,3,male,none,2,"car or other, not in savings account",60,bank,own,2,unemployed / unskilled - non-resident,1,none,yes,1,divorced/separated
... >= 200 DM / salary assignments for at least 1 year,13,existing credits paid back duly till now,others,15637,unknown / no savings account,4 <= ... < 7 years,4,female,none,4,building society savings agreement / life insurance,75,bank,rent,1,skilled employee / official,2,"yes, registered under customer's name",yes,2,divorced/separated
no checking account,7,critical account / other credits existing (not at this bank),radio/television,4065,... < 100 DM,unemployed,3,male,none,2,building society savings agreement / life insurance,21,stores,for free,3,skilled employee / official,1,none,yes,1,divorced/separated
no checking account,26,all credits at this bank paid back duly,furniture/equipment,2065,100 <= ... < 500 DM,... >= 7 years,1,female,guarantor,4,unknown / no property,46,bank,for free,2,skilled employee / official,1,"yes, registered under customer's name",no,1,married/widowed
... >= 200 DM / salary assignments for at least 1 year,25,delay in paying off in the past,car (new),991,500 <= ... < 1000 DM,... >= 7 years,3,male,none,1,unknown / no property,27,none,own,4,unemployed / unskilled - non-resident,1,"yes, registered under customer's name",yes,2,single
no checking account,4,existing credits paid back duly till now,business,6374,... < 100 DM,4 <= ... < 7 years,2,female,none,1,"car or other, not in savings account",69,none,rent,3,skilled employee / official,1,none,yes,1,divorced/separated
no checking account,37,delay in paying off in the past,retraining,1777,100 <= ... < 500 DM,... >= 7 years,4,male,none,2,building society savings agreement / life insurance,23,none,for free,1,unskilled - resident,1,none,yes,1,divorced/separated
... >= 200 DM / salary assignments for at least 1 year,34,all credits at this bank paid back duly,retraining,2774,... < 100 DM,1 <= ... < 4 years,3,male,guarantor,1,real estate,59,stores,own,3,unemployed / unskilled - non-resident,1,"yes, registered under customer's name",no,2,married/widowed
... < 0 DM,42,critical account / other credits existing (not at this bank),car (new),2775,... >= 1000 DM,unemployed,4,male,guarantor,3,real estate,57,none,for free,2,skilled employee / official,2,none,yes,2,divorced/separated
no checking account,21,all credits at this bank paid back duly,education,1313,... < 100 DM,1 <= ... < 4 years,3,male,co-applicant,2,real estate,46,none,own,1,unskilled - resident,1,"yes, registered under customer's name",yes,1,married/widowed
... >= 200 DM / salary assignments for at least 1 year,12,no credits taken / all credits paid back duly,repairs,983,500 <= ... < 1000 DM,... >= 7 years,2,male,guarantor,1,unknown / no property,26,bank,for free,2,skilled employee / official,1,"yes, registered under customer's name",yes,2,divorced/separated
no checking account,12,existing credits paid back duly till now,retraining,15945,... < 100 DM,... < 1 year,4,female,none,3,real estate,42,stores,for free,1,management / self-employed / highly qualified employee / officer,2,"yes, registered under customer's name",no,1,single
... < 0 DM,22,existing credits paid back duly till now,repairs,4354,100 <= ... < 500 DM,1 <= ... < 4 years,1,male,co-applicant,3,"car or other, not in savings account",75,none,for free,1,skilled employee / official,2,none,yes,2,married/widowed
... >= 200 DM / salary assignments for at least 1 year,20,critical account / other credits existing (not at this bank),others,2384,... >= 1000 DM,... < 1 year,4,female,guarantor,4,unknown / no property,19,stores,rent,3,skilled employee / official,2,none,no,2,divorced/separated
... < 0 DM,44,delay in paying off in the past,car (used),9104,... >= 1000 DM,... >= 7 years,3,male,none,4,"car or other, not in savings account",38,bank,own,2,skilled employee / official,2,"yes, registered under customer's name",no,2,married/widowed
0 <= ... < 200 DM,44,critical account / other credits existing (not at this bank),education,10859,unknown / no savings account,4 <= ... < 7 years,2,male,none,4,unknown / no property,68,stores,own,2,management / self-employed / highly qualified employee / officer,2,"yes, registered under customer's name",no,1,married/widowed
0 <= ... < 200 DM,19,existing credits paid back duly till now,car (used),3064,500 <= ... < 1000 DM,... >= 7 years,2,female,co-applicant,3,"car or other, not in savings account",55,none,own,3,management / self-employed / highly qualified employee / officer,2,"yes, registered under customer's name",no,1,married/widowed
... < 0 DM,27,existing credits paid back duly till now,education,1943,... < 100 DM,1 <= ... < 4 years,4,male,none,4,unknown / no property,75,stores,own,1,management / self-employed / highly qualified employee / officer,2,"yes, registered under customer's name",yes,2,single
0 <= ... < 200 DM,21,critical account / other credits existing (not at this bank),retraining,5285,unknown / no savings account,... < 1 year,2,female,none,2,unknown / no property,37,bank,rent,1,management / self-employed / highly qualified employee / officer,1,none,no,1,single
... >= 200 DM / salary assignments for at least 1 year,12,existing credits paid back duly till now,radio/television,2363,100 <= ... < 500 DM,unemployed,4,female,co-applicant,1,unknown / no property,27,none,for free,1,unskilled - resident,1,none,no,1,married/widowed
... < 0 DM,5,no credits taken / all credits paid back duly,business,2844,unknown / no savings account,unemployed,2,male,guarantor,4,"car or other, not in savings account",21,bank,own,1,management / self-employed / highly qualified employee / officer,1,none,yes,1,divorced/separated
0 <= ... < 200 DM,36,no credits taken / all credits paid back duly,repairs,15945,unknown / no savings account,unemployed,4,male,none,4,unknown / no property,38,none,for free,3,skilled employee / official,2,none,yes,1,divorced/separated
... >= 200 DM / salary assignments for at least 1 year,22,all credits at this bank paid back duly,car (used),7893,500 <= ... < 1000 DM,... < 1 year,4,female,none,4,unknown / no property,31,bank,rent,3,management / self-employed / highly qualified employee / officer,1,none,no,2,single
no checking account,20,no credits taken / all credits paid back duly,car (new),1915,100 <= ... < 500 DM,4 <= ... < 7 years,1,female,guarantor,2,"car or other, not in savings account",52,bank,rent,3,unemployed / unskilled - non-resident,2,"yes, registered under customer's name",no,1,married/widowed
... >= 200 DM / salary assignments for at least 1 year,23,delay in paying off in the past,furniture/equipment,1836,unknown / no savings account,4 <= ... < 7 years,2,male,none,3,"car or other, not in savings account",34,bank,for free,1,management / self-employed / highly qualified employee / officer,1,none,yes,2,divorced/separated
... < 0 DM,13,existing credits paid back duly till now,car (new),2240,... >= 1000 DM,... < 1 year,1,male,co-applicant,4,unknown / no property,51,bank,own,2,skilled employee / official,1,"yes, registered under customer's name",yes,1,married/widowed
... < 0 DM,7,delay in paying off in the past,education,2627,100 <= ... < 500 DM,4 <= ... < 7 years,3,female,guarantor,4,unknown / no property,25,bank,own,4,skilled employee / official,2,"yes, registered under customer's name",yes,1,divorced/separated
... < 0 DM,25,existing credits paid back duly till now,car (new),1956,... < 100 DM,1 <= ... < 4 years,4,male,none,4,unknown / no property,59,bank,rent,2,management / self-employed / highly qualified employee / officer,1,"yes, registered under customer's name",no,1,single
... >= 200 DM / salary assignments for at least 1 year,28,all credits at this bank paid back duly,car (used),10298,unknown / no savings account,4 <= ... < 7 years,1,male,none,3,"car or other, not in savings account",75,bank,own,2,unskilled - resident,2,none,no,1,single
0 <= ... < 200 DM,45,all credits at this bank paid back duly,radio/television,2728,100 <= ... < 500 DM,... < 1 year,3,female,none,2,"car or other, not in savings account",37,stores,rent,2,management / self-employed / highly qualified employee / officer,2,"yes, registered under customer's name",yes,1,married/widowed
no checking account,17,delay in paying off in the past,car (new),2893,500 <= ... < 1000 DM,1 <= ... < 4 years,4,male,none,2,"car or other, not in savings account",58,bank,for free,3,unemployed / unskilled - non-resident,2,none,no,1,married/widowed
no checking account,13,critical account / other credits existing (not at this bank),radio/television,823,... >= 1000 DM,... < 1 year,3,female,none,3,building society savings agreement / life insurance,41,none,own,1,skilled employee / official,1,none,yes,1,married/widowed
no checking account,11,critical account / other credits existing (not at this bank),car (used),4847,100 <= ... < 500 DM,4 <= ... < 7 years,1,female,co-applicant,2,"car or other, not in savings account",32,stores,for free,3,skilled employee / official,2,none,no,1,single
... >= 200 DM / salary assignments for at least 1 year,4,all credits at this bank paid back duly,repairs,844,500 <= ... < 1000 DM,... >= 7 years,2,female,none,2,"car or other, not in savings account",30,bank,own,3,management / self-employed / highly qualified employee / officer,1,"yes, registered under customer's name",no,1,single
no checking account,21,delay in paying off in the past,repairs,8261,unknown / no savings account,... < 1 year,1,male,co-applicant,4,real estate,43,none,own,1,skilled employee / official,1,none,yes,1,married/widowed
no checking account,24,existing credits paid back duly till now,car (new),13386,... >= 1000 DM,... < 1 year,2,male,co-applicant,1,building society savings agreement / life insurance,49,bank,for free,3,management / self-employed / highly qualified employee / officer,2,"yes, registered under customer's name",yes,1,divorced/separated
no checking account,20,delay in paying off in the past,retraining,1357,100 <= ... < 500 DM,1 <= ... < 4 years,1,female,none,2,unknown / no property,29,stores,for free,3,management / self-employed / highly qualified employee / officer,2,"yes, registered under customer's name",no,1,married/widowed
0 <= ... < 200 DM,20,no credits taken / all credits paid back duly,business,13486,... >= 1000 DM,... >= 7 years,3,male,guarantor,4,unknown / no property,72,stores,rent,3,unskilled - resident,1,"yes, registered under customer's name",no,1,divorced/separated
0 <= ... < 200 DM,40,delay in paying off in the past,car (new),4922,unknown / no savings account,... >= 7 years,2,female,guarantor,4,real estate,75,bank,for free,1,unskilled - resident,2,none,yes,1,married/widowed
... >= 200 DM / salary assignments for at least 1 year,25,no credits taken / all credits paid back duly,car (used),11081,unknown / no savings account,4 <= ... < 7 years,4,female,co-applicant,3,unknown / no property,31,stores,for free,1,unemployed / unskilled - non-resident,2,"yes, registered under customer's name",no,1,married/widowed
0 <= ... < 200 DM,67,no credits taken / all credits paid back duly,others,10811,100 <= ... < 500 DM,unemployed,1,male,guarantor,4,building society savings agreement / life insurance,40,stores,own,1,skilled employee / official,1,"yes, registered under customer's name",yes,2,married/widowed
... < 0 DM,18,all credits at this bank paid back duly,furniture/equipment,6463,... >= 1000 DM,... >= 7 years,4,female,co-applicant,4,building society savings agreement / life insurance,44,none,for free,4,skilled employee / official,1,"yes, registered under customer's name",yes,1,single
no checking account,26,critical account / other credits existing (not at this bank),domestic appliances,15945,500 <= ... < 1000 DM,unemployed,4,female,co-applicant,2,unknown / no property,55,stores,for free,1,unskilled - resident,1,"yes, registered under customer's name",no,2,married/widowed
no checking account,21,all credits at this bank paid back duly,car (new),12625,unknown / no savings account,unemployed,4,female,none,4,real estate,41,stores,rent,1,unskilled - resident,1,"yes, registered under customer's name",no,1,divorced/separated
... >= 200 DM / salary assignments for at least 1 year,13,critical account / other credits existing (not at this bank),repairs,4655,500 <= ... < 1000 DM,... >= 7 years,1,female,co-applicant,2,unknown / no property,47,none,own,3,management / self-employed / highly qualified employee / officer,2,"yes, registered under customer's name",yes,1,divorced/separated
... < 0 DM,32,existing credits paid back duly till now,retraining,15945,unknown / no savings account,... >= 7 years,4,female,guarantor,3,building society savings agreement / life insurance,50,stores,for free,2,unemployed / unskilled - non-resident,1,"yes, registered under customer's name",yes,1,single
0 <= ... < 200 DM,22,critical account / other credits existing (not at this bank),education,9142,500 <= ... < 1000 DM,1 <= ... < 4 years,4,female,guarantor,4,real estate,50,bank,own,3,skilled employee / official,1,"yes, registered under customer's name",no,1,married/widowed
... >= 200 DM / salary assignments for at least 1 year,26,all credits at this bank paid back duly,business,5162,... < 100 DM,... >= 7 years,3,male,none,2,"car or other, not in savings account",20,stores,own,2,skilled employee / official,2,none,no,1,divorced/separated
no checking account,35,no credits taken / all credits paid back duly,radio/television,250,... >= 1000 DM,unemployed,3,male,guarantor,4,unknown / no property,36,none,for free,1,unemployed / unskilled - non-resident,2,none,yes,1,divorced/separated
... >= 200 DM / salary assignments for at least 1 year,66,critical account / other credits existing (not at this bank),car (new),833,100 <= ... < 500 DM,4 <= ... < 7 years,3,male,co-applicant,1,real estate,29,bank,for free,1,skilled employee / official,1,none,yes,1,married/widowed
0 <= ... < 200 DM,14,all credits at this bank paid back duly,retraining,2176,500 <= ... < 1000 DM,unemployed,4,female,none,3,building society savings agreement / life insurance,21,stores,for free,3,management / self-employed / highly qualified employee / officer,1,none,no,2,married/widowed
no checking account,37,no credits taken / all credits paid back duly,others,7028,... < 100 DM,1 <= ... < 4 years,3,female,co-applicant,3,real estate,24,bank,for free,4,unemployed / unskilled - non-resident,2,"yes, registered under customer's name",yes,1,divorced/separated
0 <= ... < 200 DM,23,existing credits paid back duly till now,car (new),15945,... >= 1000 DM,4 <= ... < 7 years,4,male,guarantor,1,real estate,30,bank,for free,1,unskilled - resident,1,"yes, registered under customer's name",yes,2,divorced/separated
... >= 200 DM / salary assignments for at least 1 year,49,critical account / other credits existing (not at this bank),car (used),2731,unknown / no savings account,... < 1 year,2,female,none,3,building society savings agreement / life insurance,39,bank,rent,2,management / self-employed / highly qualified employee / officer,1,"yes, registered under customer's name",no,2,divorced/separated
no checking account,16,existing credits paid back duly till now,others,5100,... < 100 DM,1 <= ... < 4 years,1,female,guarantor,3,building society savings agreement / life insurance,62,stores,for free,2,skilled employee / official,1,"yes, registered under customer's name",no,2,single
... < 0 DM,24,existing credits paid back duly till now,business,1016,... < 100 DM,unemployed,2,male,none,2,building society savings agreement / life insurance,40,stores,own,3,unemployed / unskilled - non-resident,2,"yes, registered under customer's name",yes,2,divorced/separated
... >= 200 DM / salary assignments for at least 1 year,5,existing credits paid back duly till now,repairs,7389,500 <= ... < 1000 DM,unemployed,2,male,none,1,real estate,25,none,rent,2,skilled employee / official,1,"yes, registered under customer's name",no,2,divorced/separated
no checking account,21,critical account / other credits existing (not at this bank),retraining,1014,... >= 1000 DM,... >= 7 years,1,female,none,1,"car or other, not in savings account",33,bank,for free,2,unskilled - resident,1,"yes, registered under customer's name",no,1,divorced/separated
... < 0 DM,21,critical account / other credits existing (not at this bank),others,3013,500 <= ... < 1000 DM,1 <= ... < 4 years,3,female,co-applicant,3,real estate,29,stores,rent,1,unemployed / unskilled - non-resident,2,"yes, registered under customer's name",no,1,married/widowed
no checking account,49,delay in paying off in the past,car (new),1190,500 <= ... < 1000 DM,1 <= ... < 4 years,4,male,co-applicant,4,building society savings agreement / life insurance,72,bank,for free,4,management / self-employed / highly qualified employee / officer,2,"yes, registered under customer's name",yes,1,married/widowed
... < 0 DM,22,existing credits paid back duly till now,car (new),13986,unknown / no savings account,... >= 7 years,1,female,guarantor,3,building society savings agreement / life insurance,49,stores,for free,4,skilled employee / official,1,"yes, registered under customer's name",yes,2,divorced/separated
no checking account,10,no credits taken / all credits paid back duly,business,3230,500 <= ... < 1000 DM,unemployed,4,male,none,3,"car or other, not in savings account",39,none,own,2,management / self-employed / highly qualified employee / officer,1,"yes, registered under customer's name",no,2,divorced/separated
... >= 200 DM / salary assignments for at least 1 year,25,delay in paying off in the past,radio/television,792,... >= 1000 DM,... >= 7 years,3,male,guarantor,4,"car or other, not in savings account",54,none,rent,4,unskilled - resident,2,none,yes,2,divorced/separated
no checking account,19,all credits at this bank paid back duly,car (new),2598,... < 100 DM,4 <= ... < 7 years,3,male,co-applicant,4,unknown / no property,28,stores,rent,3,unskilled - resident,2,"yes, registered under customer's name",yes,2,divorced/separated
0 <= ... < 200 DM,9,existing credits paid back duly till now,education,9125,... < 100 DM,4 <= ... < 7 years,3,male,none,4,unknown / no property,28,none,for free,3,skilled employee / official,2,none,yes,2,single
... < 0 DM,22,all credits at this bank paid back duly,education,4532,500 <= ... < 1000 DM,4 <= ... < 7 years,4,male,none,3,unknown / no property,54,none,rent,4,unemployed / unskilled - non-resident,2,none,no,1,married/widowed
... < 0 DM,12,delay in paying off in the past,repairs,15945,unknown / no savings account,4 <= ... < 7 years,1,female,co-applicant,1,"car or other, not in savings account",35,none,own,3,unskilled - resident,2,none,yes,2,single
no checking account,24,no credits taken / all credits paid back duly,repairs,7167,... < 100 DM,1 <= ... < 4 years,2,female,co-applicant,2,real estate,37,bank,rent,4,management / self-employed / highly qualified employee / officer,2,"yes, registered under customer's name",yes,1,single
... < 0 DM,22,no credits taken / all credits paid back duly,others,2893,500 <= ... < 1000 DM,... >= 7 years,4,male,none,3,"car or other, not in savings account",58,none,own,2,unemployed / unskilled - non-resident,2,none,no,1,single
no checking account,62,all credits at this bank paid back duly,radio/television,2350,500 <= ... < 1000 DM,... >= 7 years,4,male,co-applicant,2,"car or other, not in savings account",43,none,for free,4,unemployed / unskilled - non-resident,1,"yes, registered under customer's name",yes,2,married/widowed
0 <= ... < 200 DM,19,critical account / other credits existing (not at this bank),radio/television,6703,... < 100 DM,4 <= ... < 7 years,3,male,co-applicant,3,"car or other, not in savings account",43,none,rent,3,unemployed / unskilled - non-resident,1,"yes, registered under customer's name",no,1,single
... >= 200 DM / salary assignments for at least 1 year,51,existing credits paid back duly till now,car (used),2682,... < 100 DM,4 <= ... < 7 years,4,male,guarantor,4,"car or other, not in savings account",36,none,own,1,unemployed / unskilled - non-resident,2,"yes, registered under customer's name",no,2,single
... < 0 DM,22,critical account / other credits existing (not at this bank),retraining,2583,100 <= ... < 500 DM,1 <= ... < 4 years,3,male,co-applicant,2,real estate,30,stores,own,1,unemployed / unskilled - non-resident,1,"yes, registered under customer's name",no,2,divorced/separated
... < 0 DM,16,all credits at this bank paid back duly,furniture/equipment,5209,... < 100 DM,4 <= ... < 7 years,1,male,guarantor,4,"car or other, not in savings account",24,bank,own,4,unemployed / unskilled - non-resident,1,"yes, registered under customer's name",no,1,divorced/separated
... >= 200 DM / salary assignments for at least 1 year,4,critical account / other credits existing (not at this bank),education,7712,... < 100 DM,unemployed,4,female,guarantor,1,building society savings agreement / life insurance,48,stores,for free,4,management / self-employed / highly qualified employee / officer,2,"yes, registered under customer's name",yes,1,married/widowed
... < 0 DM,26,critical account / other credits existing (not at this bank),car (used),8864,... < 100 DM,4 <= ... < 7 years,1,male,guarantor,4,building society savings agreement / life insurance,35,stores,own,2,skilled employee / official,1,"yes, registered under customer's name",no,1,single
... >= 200 DM / salary assignments for at least 1 year,9,delay in paying off in the past,furniture/equipment,3022,... < 100 DM,... < 1 year,3,female,none,4,real estate,47,bank,own,2,skilled employee / official,2,"yes, registered under customer's name",no,2,single
... < 0 DM,4,delay in paying off in the past,radio/television,6651,100 <= ... < 500 DM,unemployed,1,male,co-applicant,4,real estate,29,stores,own,1,skilled employee / official,1,"yes, registered under customer's name",yes,2,divorced/separated
... < 0 DM,16,no credits taken / all credits paid back duly,car (used),2620,unknown / no savings account,... < 1 year,4,male,co-applicant,4,"car or other, not in savings account",44,bank,rent,2,unskilled - resident,1,none,yes,1,married/widowed
no checking account,16,existing credits paid back duly till now,car (used),1307,... < 100 DM,unemployed,3,male,co-applicant,2,"car or other, not in savings account",34,none,own,3,unemployed / unskilled - non-resident,2,none,yes,2,single
... >= 200 DM / salary assignments for at least 1 year,35,all credits at this bank paid back duly,repairs,3548,... < 100 DM,1 <= ... < 4 years,1,female,none,4,building society savings agreement / life insurance,26,bank,for free,3,unskilled - resident,1,none,no,1,married/widowed
no checking account,17,existing credits paid back duly till now,repairs,4257,... < 100 DM,unemployed,3,male,co-applicant,4,unknown / no property,46,stores,own,2,management / self-employed / highly qualified employee / officer,1,none,yes,2,married/widowed
0 <= ... < 200 DM,24,delay in paying off in the past,furniture/equipment,605,100 <= ... < 500 DM,unemployed,1,female,none,1,"car or other, not in savings account",38,none,own,1,unemployed / unskilled - non-resident,2,"yes, registered under customer's name",no,2,divorced/separated
0 <= ... < 200 DM,21,no credits taken / all credits paid back duly,others,1629,500 <= ... < 1000 DM,1 <= ... < 4 years,4,female,guarantor,4,building society savings agreement / life insurance,49,stores,own,1,skilled employee / official,1,"yes, registered under customer's name",no,2,single
... >= 200 DM / salary assignments for at least 1 year,45,all credits at this bank paid back duly,business,9122,100 <= ... < 500 DM,4 <= ... < 7 years,1,female,guarantor,2,real estate,48,bank,for free,1,management / self-employed / highly qualified employee / officer,1,none,no,1,divorced/separated
0 <= ... < 200 DM,24,critical account / other credits existing (not at this bank),radio/television,5798,500 <= ... < 1000 DM,4 <= ... < 7 years,2,male,none,4,real estate,46,none,rent,4,unemployed / unskilled - non-resident,1,"yes, registered under customer's name",no,2,divorced/separated
... < 0 DM,32,existing credits paid back duly till now,car (used),1260,100 <= ... < 500 DM,... >= 7 years,4,female,none,3,unknown / no property,49,bank,rent,1,skilled employee / official,1,none,no,1,divorced/separated
... >= 200 DM / salary assignments for at least 1 year,37,critical account / other credits existing (not at this bank),radio/television,3016,... >= 1000 DM,1 <= ... < 4 years,4,male,none,1,building society savings agreement / life insurance,38,bank,own,1,unskilled - resident,2,none,yes,1,married/widowed
0 <= ... < 200 DM,24,no credits taken / all credits paid back duly,car (new),4830,100 <= ... < 500 DM,... < 1 year,2,female,co-applicant,4,"car or other, not in savings account",28,stores,own,3,unskilled - resident,1,"yes, registered under customer's name",yes,1,divorced/separated
... < 0 DM,17,no credits taken / all credits paid back duly,others,15642,unknown / no savings account,1 <= ... < 4 years,1,female,none,4,real estate,30,none,rent,1,management / self-employed / highly qualified employee / officer,1,none,yes,1,divorced/separated
... < 0 DM,28,delay in paying off in the past,repairs,2889,500 <= ... < 1000 DM,unemployed,3,male,guarantor,4,unknown / no property,38,stores,for free,1,management / self-employed / highly qualified employee / officer,2,"yes, registered under customer's name",no,2,divorced/separated
no checking account,4,delay in paying off in the past,car (new),1713,unknown / no savings account,... >= 7 years,2,male,guarantor,4,real estate,60,bank,own,4,unskilled - resident,2,"yes, registered under customer's name",no,1,single
0 <= ... < 200 DM,54,all credits at this bank paid back duly,car (new),7120,100 <= ... < 500 DM,unemployed,3,male,none,3,real estate,43,none,own,1,unemployed / unskilled - non-resident,1,"yes, registered under customer's name",no,1,single
no checking account,30,all credits at this bank paid back duly,car (new),15945,... >= 1000 DM,4 <= ... < 7 years,2,female,none,1,"car or other, not in savings account",52,none,rent,1,unskilled - resident,2,"yes, registered under customer's name",no,1,married/widowed
... < 0 DM,40,existing credits paid back duly till now,car (new),11130,100 <= ... < 500 DM,1 <= ... < 4 years,2,female,co-applicant,4,unknown / no property,37,none,rent,3,unemployed / unskilled - non-resident,1,none,yes,1,divorced/separated
no checking account,17,critical account / other credits existing (not at this bank),business,250,unknown / no savings account,1 <= ... < 4 years,1,male,none,4,real estate,40,none,rent,4,skilled employee / official,1,"yes, registered under customer's name",yes,1,single
no checking account,4,critical account / other credits existing (not at this bank),education,11242,... < 100 DM,unemployed,1,male,co-applicant,1,real estate,19,bank,rent,1,unskilled - resident,1,"yes, registered under customer's name",yes,2,divorced/separated
... < 0 DM,30,delay in paying off in the past,car (new),1445,100 <= ... < 500 DM,... >= 7 years,3,male,guarantor,4,"car or other, not in savings account",40,stores,for free,1,skilled employee / official,1,none,yes,1,married/widowed
... < 0 DM,68,all credits at this bank paid back duly,education,2642,... >= 1000 DM,1 <= ... < 4 years,2,female,co-applicant,4,"car or other, not in savings account",42,bank,rent,1,unemployed / unskilled - non-resident,1,"yes, registered under customer's name",yes,1,single
... >= 200 DM / salary assignments for at least 1 year,4,delay in paying off in the past,domestic appliances,250,500 <= ... < 1000 DM,1 <= ... < 4 years,2,female,co-applicant,2,unknown / no property,45,stores,rent,1,unskilled - resident,1,"yes, registered under customer's name",yes,2,single
0 <= ... < 200 DM,68,existing credits paid back duly till now,car (used),13391,500 <= ... < 1000 DM,... >= 7 years,2,female,none,3,building society savings agreement / life insurance,28,bank,for free,1,unemployed / unskilled - non-resident,1,none,yes,1,divorced/separated
no checking account,4,all credits at this bank paid back duly,radio/television,6268,... >= 1000 DM,... < 1 year,1,female,co-applicant,2,"car or other, not in savings account",50,stores,rent,3,unemployed / unskilled - non-resident,1,none,yes,1,divorced/separated
... >= 200 DM / salary assignments for at least 1 year,13,critical account / other credits existing (not at this bank),domestic appliances,9890,500 <= ... < 1000 DM,... < 1 year,4,female,co-applicant,4,"car or other, not in savings account",70,bank,for free,3,management / self-employed / highly qualified employee / officer,1,none,yes,1,single
... < 0 DM,24,existing credits paid back duly till now,domestic appliances,5563,... < 100 DM,4 <= ... < 7 years,2,male,none,1,unknown / no property,36,none,own,2,unemployed / unskilled - non-resident,2,"yes, registered under customer's name",no,2,divorced/separated
no checking account,23,existing credits paid back duly till now,retraining,2184,100 <= ... < 500 DM,unemployed,3,male,none,2,building society savings agreement / life insurance,39,stores,for free,3,management / self-employed / highly qualified employee / officer,2,none,yes,1,divorced/separated
no checking account,4,no credits taken / all credits paid back duly,repairs,3074,unknown / no savings account,... >= 7 years,3,male,co-applicant,3,building society savings agreement / life insurance,30,bank,for free,1,unemployed / unskilled - non-resident,2,none,yes,2,married/widowed
... >= 200 DM / salary assignments for at least 1 year,27,critical account / other credits existing (not at this bank),domestic appliances,3494,500 <= ... < 1000 DM,... < 1 year,4,female,guarantor,3,"car or other, not in savings account",34,bank,own,4,unemployed / unskilled - non-resident,2,"yes, registered under customer's name",no,2,married/widowed
no checking account,33,delay in paying off in the past,repairs,10390,100 <= ... < 500 DM,unemployed,1,male,co-applicant,2,"car or other, not in savings account",19,bank,own,2,unemployed / unskilled - non-resident,2,none,yes,1,divorced/separated
0 <= ... < 200 DM,27,delay in paying off in the past,car (used),15945,... >= 1000 DM,unemployed,4,male,none,2,"car or other, not in savings account",30,none,own,2,unemployed / unskilled - non-resident,1,"yes, registered under customer's name",yes,1,married/widowed
0 <= ... < 200 DM,26,delay in paying off in the past,education,4784,unknown / no savings account,4 <= ... < 7 years,2,male,none,1,unknown / no property,30,stores,for free,1,unemployed / unskilled - non-resident,2,"yes, registered under customer's name",yes,2,married/widowed
0 <= ... < 200 DM,61,critical account / other credits existing (not at this bank),others,2432,100 <= ... < 500 DM,... < 1 year,3,male,co-applicant,3,unknown / no property,37,none,own,4,management / self-employed / highly qualified employee / officer,1,none,yes,1,married/widowed
... >= 200 DM / salary assignments for at least 1 year,4,critical account / other credits existing (not at this bank),car (new),11458,... < 100 DM,1 <= ... < 4 years,1,male,co-applicant,2,real estate,71,none,own,2,management / self-employed / highly qualified employee / officer,2,none,no,1,married/widowed
... < 0 DM,16,no credits taken / all credits paid back duly,business,3287,500 <= ... < 1000 DM,unemployed,3,female,guarantor,3,unknown / no property,35,bank,for free,2,unskilled - resident,1,none,yes,2,married/widowed
no checking account,49,existing credits paid back duly till now,furniture/equipment,2694,100 <= ... < 500 DM,... >= 7 years,2,female,none,2,"car or other, not in savings account",36,bank,own,2,unemployed / unskilled - non-resident,1,"yes, registered under customer's name",no,1,married/widowed
... >= 200 DM / salary assignments for at least 1 year,25,delay in paying off in the past,furniture/equipment,3778,... < 100 DM,unemployed,4,male,guarantor,2,"car or other, not in savings account",44,stores,rent,3,skilled employee / official,1,none,yes,2,single
no checking account,26,delay in paying off in the past,radio/television,12668,100 <= ... < 500 DM,1 <= ... < 4 years,4,female,co-applicant,1,"car or other, not in savings account",27,bank,for free,2,management / self-employed / highly qualified employee / officer,1,"yes, registered under customer's name",yes,1,divorced/separated
no checking account,45,all credits at this bank paid back duly,education,465,100 <= ... < 500 DM,unemployed,1,male,none,4,unknown / no property,28,stores,own,2,unemployed / unskilled - non-resident,1,"yes, registered under customer's name",no,2,single
... < 0 DM,23,no credits taken / all credits paid back duly,radio/television,2021,500 <= ... < 1000 DM,... < 1 year,4,female,none,3,real estate,45,none,rent,4,unemployed / unskilled - non-resident,2,none,yes,1,married/widowed
no checking account,6,delay in paying off in the past,education,3052,... >= 1000 DM,... >= 7 years,2,female,co-applicant,3,unknown / no property,42,bank,own,4,skilled employee / official,1,"yes, registered under customer's name",yes,1,divorced/separated
... < 0 DM,35,no credits taken / all credits paid back duly,education,1520,unknown / no savings account,unemployed,4,female,none,2,"car or other, not in savings account",59,bank,own,4,management / self-employed / highly qualified employee / officer,2,"yes, registered under customer's name",yes,1,single
no checking account,4,all credits at this bank paid back duly,retraining,2076,100 <= ... < 500 DM,unemployed,3,female,guarantor,3,real estate,46,stores,for free,1,unemployed / unskilled - non-resident,1,"yes, registered under customer's name",no,1,divorced/separated
no checking account,23,existing credits paid back duly till now,furniture/equipment,8709,unknown / no savings account,1 <= ... < 4 years,2,male,none,4,unknown / no property,27,bank,own,2,skilled employee / official,2,none,yes,1,divorced/separated
... < 0 DM,8,all credits at this bank paid back duly,car (new),2950,... >= 1000 DM,... < 1 year,1,female,none,4,unknown / no property,50,bank,for free,3,unemployed / unskilled - non-resident,1,"yes, registered under customer's name",no,2,single
... >= 200 DM / salary assignments for at least 1 year,23,delay in paying off in the past,furniture/equipment,907,500 <= ... < 1000 DM,... < 1 year,2,female,none,4,building society savings agreement / life insurance,56,none,for free,4,management / self-employed / highly qualified employee / officer,1,"yes, registered under customer's name",yes,2,single
... < 0 DM,4,no credits taken / all credits paid back duly,repairs,2215,100 <= ... < 500 DM,... < 1 year,1,male,none,3,unknown / no property,62,stores,for free,1,unskilled - resident,1,"yes, registered under customer's name",yes,2,divorced/separated
no checking account,23,no credits taken / all credits paid back duly,car (new),1531,unknown / no savings account,unemployed,2,male,co-applicant,1,"car or other, not in savings account",31,stores,own,2,management / self-employed / highly qualified employee / officer,1,"yes, registered under customer's name",no,1,married/widowed
no checking account,13,no credits taken / all credits paid back duly,repairs,6622,... >= 1000 DM,... >= 7 years,3,female,guarantor,4,real estate,40,none,for free,4,unemployed / unskilled - non-resident,2,none,no,1,divorced/separated
no checking account,13,all credits at this bank paid back duly,others,15945,500 <= ... < 1000 DM,4 <= ... < 7 years,4,male,none,2,"car or other, not in savings account",35,bank,own,3,unemployed / unskilled - non-resident,1,"yes, registered under customer's name",no,2,divorced/separated
0 <= ... < 200 DM,21,all credits at this bank paid back duly,car (used),10115,unknown / no savings account,... >= 7 years,4,female,co-applicant,1,"car or other, not in savings account",29,bank,for free,3,unemployed / unskilled - non-resident,1,"yes, registered under customer's name",yes,1,married/widowed
0 <= ... < 200 DM,44,existing credits paid back duly till now,education,11521,500 <= ... < 1000 DM,4 <= ... < 7 years,1,female,none,2,building society savings agreement / life insurance,33,stores,rent,4,management / self-employed / highly qualified employee / officer,2,"yes, registered under customer's name",yes,1,married/widowed
no checking account,38,no credits taken / all credits paid back duly,education,966,... < 100 DM,1 <= ... < 4 years,4,male,none,4,building society savings agreement / life insurance,22,none,rent,3,unskilled - resident,1,none,no,1,single
... < 0 DM,31,delay in paying off in the past,business,14535,... < 100 DM,1 <= ... < 4 years,3,male,guarantor,4,building society savings agreement / life insurance,19,none,for free,2,management / self-employed / highly qualified employee / officer,1,none,no,1,married/widowed
... >= 200 DM / salary assignments for at least 1 year,22,delay in paying off in the past,others,3274,... >= 1000 DM,4 <= ... < 7 years,3,male,guarantor,2,"car or other, not in savings account",32,bank,own,1,skilled employee / official,1,"yes, registered under customer's name",no,2,single
0 <= ... < 200 DM,19,all credits at this bank paid back duly,furniture/equipment,15945,100 <= ... < 500 DM,unemployed,4,female,guarantor,2,building society savings agreement / life insurance,37,none,own,2,skilled employee / official,1,"yes, registered under customer's name",yes,1,single
no checking account,21,delay in paying off in the past,business,3026,... >= 1000 DM,1 <= ... < 4 years,2,male,guarantor,2,unknown / no property,24,bank,for free,1,skilled employee / official,1,"yes, registered under customer's name",yes,2,divorced/separated
0 <= ... < 200 DM,21,critical account / other credits existing (not at this bank),retraining,2818,... < 100 DM,1 <= ... < 4 years,4,male,co-applicant,4,unknown / no property,75,stores,for free,1,unemployed / unskilled - non-resident,1,none,no,2,divorced/separated
... < 0 DM,4,critical account / other credits existing (not at this bank),radio/television,6572,unknown / no savings account,1 <= ... < 4 years,1,female,none,4,"car or other, not in savings account",19,none,own,1,management / self-employed / highly qualified employee / officer,2,"yes, registered under customer's name",no,2,married/widowed
0 <= ... < 200 DM,25,existing credits paid back duly till now,radio/television,10286,unknown / no savings account,unemployed,2,male,none,3,"car or other, not in savings account",45,bank,rent,3,unemployed / unskilled - non-resident,1,"yes, registered under customer's name",yes,1,single
0 <= ... < 200 DM,24,critical account / other credits existing (not at this bank),business,3236,... < 100 DM,unemployed,1,female,guarantor,4,building society savings agreement / life insurance,36,stores,own,2,unskilled - resident,2,"yes, registered under customer's name",no,2,married/widowed
no checking account,11,critical account / other credits existing (not at this bank),furniture/equipment,2067,... >= 1000 DM,1 <= ... < 4 years,2,male,co-applicant,2,unknown / no property,44,bank,own,3,unskilled - resident,2,none,yes,1,married/widowed
0 <= ... < 200 DM,61,critical account / other credits existing (not at this bank),furniture/equipment,5360,500 <= ... < 1000 DM,1 <= ... < 4 years,4,male,guarantor,2,"car or other, not in savings account",39,bank,own,2,management / self-employed / highly qualified employee / officer,2,none,no,2,single
no checking account,23,no credits taken / all credits paid back duly,car (used),5935,... < 100 DM,unemployed,2,female,guarantor,4,"car or other, not in savings account",29,bank,own,4,management / self-employed / highly qualified employee / officer,1,none,yes,1,married/widowed
no checking account,22,existing credits paid back duly till now,others,3002,... >= 1000 DM,... >= 7 years,2,male,none,1,building society savings agreement / life insurance,26,stores,for free,1,skilled employee / official,1,none,yes,2,married/widowed
... < 0 DM,24,no credits taken / all credits paid back duly,education,8853,500 <= ... < 1000 DM,1 <= ... < 4 years,3,female,co-applicant,1,"car or other, not in savings account",47,stores,for free,2,skilled employee / official,2,"yes, registered under customer's name",yes,1,married/widowed
... >= 200 DM / salary assignments for at least 1 year,7,critical account / other credits existing (not at this bank),education,12037,... >= 1000 DM,... < 1 year,1,female,none,2,building society savings agreement / life insurance,41,bank,own,2,skilled employee / official,2,none,yes,1,married/widowed
... < 0 DM,15,no credits taken / all credits paid back duly,car (used),2315,500 <= ... < 1000 DM,unemployed,4,female,none,4,unknown / no property,56,stores,own,1,unskilled - resident,2,none,yes,2,single
... >= 200 DM / salary assignments for at least 1 year,48,critical account / other credits existing (not at this bank),business,3070,unknown / no savings account,... >= 7 years,2,female,guarantor,1,"car or other, not in savings account",37,stores,own,3,management / self-employed / highly qualified employee / officer,2,none,yes,2,divorced/separated
... >= 200 DM / salary assignments for at least 1 year,4,critical account / other credits existing (not at this bank),business,7840,unknown / no savings account,... < 1 year,3,female,guarantor,4,unknown / no property,33,none,own,2,management / self-employed / highly qualified employee / officer,1,"yes, registered under customer's name",no,2,single
no checking account,4,all credits at this bank paid back duly,radio/television,3685,... >= 1000 DM,unemployed,4,male,co-applicant,2,"car or other, not in savings account",30,none,own,1,management / self-employed / highly qualified employee / officer,2,none,no,2,single
... < 0 DM,22,critical account / other credits existing (not at this bank),furniture/equipment,2511,unknown / no savings account,1 <= ... < 4 years,4,male,guarantor,4,building society savings agreement / life insurance,35,stores,rent,4,unskilled - resident,2,"yes, registered under customer's name",no,2,single
... < 0 DM,5,no credits taken / all credits paid back duly,others,5243,unknown / no savings account,1 <= ... < 4 years,3,female,guarantor,4,unknown / no property,37,stores,rent,2,unemployed / unskilled - non-resident,1,none,yes,2,single
... >= 200 DM / salary assignments for at least 1 year,7,critical account / other credits existing (not at this bank),others,7950,unknown / no savings account,unemployed,2,male,guarantor,4,"car or other, not in savings account",31,stores,for free,1,unskilled - resident,1,none,yes,1,single
0 <= ... < 200 DM,35,existing credits paid back duly till now,car (used),3107,100 <= ... < 500 DM,... >= 7 years,1,male,guarantor,2,unknown / no property,40,none,own,1,unskilled - resident,2,none,yes,1,single
... < 0 DM,28,existing credits paid back duly till now,furniture/equipment,9427,500 <= ... < 1000 DM,1 <= ... < 4 years,1,female,guarantor,3,"car or other, not in savings account",28,none,for free,4,skilled employee / official,2,none,yes,2,divorced/separated
no checking account,25,no credits taken / all credits paid back duly,domestic appliances,5322,... >= 1000 DM,... >= 7 years,1,female,none,3,building society savings agreement / life insurance,26,bank,rent,3,unskilled - resident,1,none,no,1,married/widowed
... < 0 DM,11,delay in paying off in the past,car (new),2990,unknown / no savings account,4 <= ... < 7 years,3,female,guarantor,3,unknown / no property,35,stores,own,4,management / self-employed / highly qualified employee / officer,1,none,yes,1,divorced/separated
0 <= ... < 200 DM,26,delay in paying off in the past,retraining,15945,... < 100 DM,4 <= ... < 7 years,3,female,none,2,"car or other, not in savings account",53,bank,own,2,management / self-employed / highly qualified employee / officer,2,none,yes,2,divorced/separated
0 <= ... < 200 DM,63,all credits at this bank paid back duly,business,5933,unknown / no savings account,... >= 7 years,4,male,guarantor,3,real estate,19,stores,own,3,skilled employee / official,1,none,no,1,divorced/separated
no checking account,28,delay in paying off in the past,furniture/equipment,3171,unknown / no savings account,4 <= ... < 7 years,1,male,guarantor,1,building society savings agreement / life insurance,25,none,own,4,skilled employee / official,1,"yes, registered under customer's name",yes,1,divorced/separated
... >= 200 DM / salary assignments for at least 1 year,50,existing credits paid back duly till now,furniture/equipment,9325,... < 100 DM,4 <= ... < 7 years,4,male,guarantor,2,real estate,41,stores,rent,4,unemployed / unskilled - non-resident,2,"yes, registered under customer's name",yes,1,single
... >= 200 DM / salary assignments for at least 1 year,34,existing credits paid back duly till now,car (used),315,... < 100 DM,unemployed,2,female,co-applicant,4,unknown / no property,33,stores,rent,2,unskilled - resident,1,"yes, registered under customer's name",yes,2,single
... < 0 DM,4,no credits taken / all credits paid back duly,repairs,6569,unknown / no savings account,... < 1 year,2,male,co-applicant,4,building society savings agreement / life insurance,46,stores,rent,4,unskilled - resident,1,none,yes,1,married/widowed
... < 0 DM,67,no credits taken / all credits paid back duly,business,9288,100 <= ... < 500 DM,4 <= ... < 7 years,2,female,co-applicant,3,building society savings agreement / life insurance,58,stores,own,4,unemployed / unskilled - non-resident,1,none,yes,1,divorced/separated
no checking account,15,existing credits paid back duly till now,repairs,1219,... < 100 DM,unemployed,2,male,co-applicant,4,unknown / no property,42,stores,rent,1,unskilled - resident,1,none,yes,2,divorced/separated
0 <= ... < 200 DM,24,all credits at this bank paid back duly,car (new),3193,100 <= ... < 500 DM,... >= 7 years,3,male,none,2,"car or other, not in savings account",26,none,for free,3,unskilled - resident,1,"yes, registered under customer's name",yes,1,single
0 <= ... < 200 DM,17,critical account / other credits existing (not at this bank),radio/television,1444,500 <= ... < 1000 DM,... >= 7 years,3,male,guarantor,2,building society savings agreement / life insurance,41,none,own,3,management / self-employed / highly qualified employee / officer,1,"yes, registered under customer's name",yes,2,single
... >= 200 DM / salary assignments for at least 1 year,24,existing credits paid back duly till now,car (new),7373,100 <= ... < 500 DM,unemployed,3,female,guarantor,4,building society savings agreement / life insurance,43,bank,for free,3,unemployed / unskilled - non-resident,2,"yes, registered under customer's name",yes,1,married/widowed
0 <= ... < 200 DM,10,critical account / other credits existing (not at this bank),business,11167,500 <= ... < 1000 DM,1 <= ... < 4 years,2,male,guarantor,2,real estate,34,none,own,1,skilled employee / official,1,none,no,1,married/widowed
... < 0 DM,24,no credits taken / all credits paid back duly,car (new),6036,500 <= ... < 1000 DM,1 <= ... < 4 years,2,female,guarantor,4,"car or other, not in savings account",72,stores,rent,1,management / self-employed / highly qualified employee / officer,2,"yes, registered under customer's name",yes,1,single
... < 0 DM,4,existing credits paid back duly till now,car (used),250,500 <= ... < 1000 DM,unemployed,1,male,none,4,real estate,20,none,rent,3,management / self-employed / highly qualified employee / officer,2,none,no,1,single
0 <= ... < 200 DM,34,critical account / other credits existing (not at this bank),retraining,1394,... >= 1000 DM,... >= 7 years,2,female,none,2,"car or other, not in savings account",46,stores,own,1,unskilled - resident,1,"yes, registered under customer's name",yes,2,single
... >= 200 DM / salary assignments for at least 1 year,20,all credits at this bank paid back duly,education,1502,... < 100 DM,1 <= ... < 4 years,2,male,guarantor,1,unknown / no property,36,bank,for free,1,unemployed / unskilled - non-resident,1,"yes, registered under customer's name",no,2,single
... >= 200 DM / salary assignments for at least 1 year,41,no credits taken / all credits paid back duly,business,7411,unknown / no savings account,unemployed,1,male,guarantor,4,building society savings agreement / life insurance,26,bank,own,1,unemployed / unskilled - non-resident,2,"yes, registered under customer's name",no,2,married/widowed
