checking_account_status,duration_months,credit_history,purpose,credit_amount,savings_account,employment_duration,installment_rate,sex,other_debtors,residence_duration,property,age,other_installment_plans,housing,existing_credits,job,num_dependents,telephone,foreign_worker,target,relationship_status
no checking account,24,existing credits paid back duly till now,radio/television,2857,... < 100 DM,4 <= ... < 7 years,1,male,none,4,unknown / no property,27,none,rent,1,management / self-employed / highly qualified employee / officer,1,"yes, registered under customer's name",yes,1,single
... < 0 DM,5,existing credits paid back duly till now,radio/television,1714,... < 100 DM,1 <= ... < 4 years,4,female,none,1,"car or other, not in savings account",32,none,own,1,unskilled - resident,1,none,yes,1,divorced/separated
no checking account,23,existing credits paid back duly till now,radio/television,8324,unknown / no savings account,1 <= ... < 4 years,1,female,none,2,real estate,22,none,rent,1,skilled employee / official,1,"yes, registered under customer's name",yes,1,divorced/separated
... >= 200 DM / salary assignments for at least 1 year,7,existing credits paid back duly till now,radio/television,1413,... < 100 DM,... < 1 year,4,female,none,2,real estate,41,none,own,1,skilled employee / official,1,"yes, registered under customer's name",yes,1,divorced/separated
no checking account,36,all credits at this bank paid back duly,furniture/equipment,4696,unknown / no savings account,... < 1 year,2,male,none,3,"car or other, not in savings account",29,none,own,4,unskilled - resident,1,none,yes,2,single
no checking account,13,existing credits paid back duly till now,radio/television,1880,unknown / no savings account,... >= 7 years,3,male,none,4,building society savings agreement / life insurance,29,none,for free,1,skilled employee / official,1,"yes, registered under customer's name",yes,1,single
0 <= ... < 200 DM,8,existing credits paid back duly till now,furniture/equipment,4129,unknown / no savings account,unemployed,3,female,guarantor,2,building society savings agreement / life insurance,32,none,own,2,skilled employee / official,1,"yes, registered under customer's name",no,1,divorced/separated
0 <= ... < 200 DM,10,existing credits paid back duly till now,furniture/equipment,2954,... < 100 DM,... >= 7 years,1,male,none,2,unknown / no property,30,none,for free,2,unemployed / unskilled - non-resident,1,none,yes,1,single
no checking account,44,existing credits paid back duly till now,furniture/equipment,4437,... < 100 DM,1 <= ... < 4 years,2,male,none,2,building society savings agreement / life insurance,20,none,own,1,unemployed / unskilled - non-resident,1,"yes, registered under customer's name",yes,1,married/widowed
0 <= ... < 200 DM,19,delay in paying off in the past,furniture/equipment,7167,... < 100 DM,1 <= ... < 4 years,3,male,none,3,building society savings agreement / life insurance,28,stores,own,2,skilled employee / official,2,none,yes,1,single
... >= 200 DM / salary assignments for at least 1 year,15,existing credits paid back duly till now,car (new),918,... < 100 DM,... >= 7 years,2,male,co-applicant,1,real estate,31,none,own,2,skilled employee / official,2,none,yes,2,single
0 <= ... < 200 DM,34,existing credits paid back duly till now,car (new),7044,unknown / no savings account,1 <= ... < 4 years,1,female,none,4,real estate,33,none,rent,3,skilled employee / official,1,none,no,1,single
no checking account,23,critical account / other credits existing (not at this bank),car (new),2286,... < 100 DM,1 <= ... < 4 years,4,female,none,2,building society savings agreement / life insurance,27,none,own,2,skilled employee / official,1,none,yes,1,divorced/separated
no checking account,25,existing credits paid back duly till now,car (used),3329,... >= 1000 DM,4 <= ... < 7 years,1,male,none,4,building society savings agreement / life insurance,35,none,own,2,skilled employee / official,1,"yes, registered under customer's name",yes,1,single
no checking account,28,critical account / other credits existing (not at this bank),furniture/equipment,2246,unknown / no savings account,1 <= ... < 4 years,4,female,none,1,"car or other, not in savings account",26,none,own,2,skilled employee / official,1,none,yes,1,divorced/separated
no checking account,24,existing credits paid back duly till now,car (new),2192,... < 100 DM,1 <= ... < 4 years,2,female,none,2,"car or other, not in savings account",28,none,own,1,skilled employee / official,1,"yes, registered under customer's name",yes,2,divorced/separated
0 <= ... < 200 DM,23,existing credits paid back duly till now,domestic appliances,1259,... < 100 DM,1 <= ... < 4 years,3,male,none,2,real estate,19,stores,own,1,unskilled - resident,2,none,yes,1,single
0 <= ... < 200 DM,25,all credits at this bank paid back duly,education,1857,... < 100 DM,1 <= ... < 4 years,4,female,none,2,"car or other, not in savings account",30,none,own,2,skilled employee / official,1,"yes, registered under customer's name",yes,2,divorced/separated
... < 0 DM,6,critical account / other credits existing (not at this bank),radio/television,2144,... >= 1000 DM,1 <= ... < 4 years,3,female,none,2,building society savings agreement / life insurance,33,none,own,2,skilled employee / official,1,"yes, registered under customer's name",yes,1,divorced/separated
no checking account,23,existing credits paid back duly till now,business,3595,... < 100 DM,... >= 7 years,4,male,none,1,building society savings agreement / life insurance,26,bank,own,4,skilled employee / official,1,none,yes,1,single
... >= 200 DM / salary assignments for at least 1 year,13,existing credits paid back duly till now,radio/television,2901,... < 100 DM,... < 1 year,4,male,none,1,"car or other, not in savings account",26,none,own,1,unskilled - resident,1,none,yes,2,single
no checking account,24,existing credits paid back duly till now,education,4722,... < 100 DM,1 <= ... < 4 years,2,male,co-applicant,2,real estate,33,none,own,1,skilled employee / official,1,none,yes,1,divorced/separated
no checking account,15,existing credits paid back duly till now,car (used),703,unknown / no savings account,... < 1 year,4,female,none,2,"car or other, not in savings account",31,none,rent,1,skilled employee / official,1,none,yes,1,divorced/separated
... < 0 DM,15,no credits taken / all credits paid back duly,furniture/equipment,660,... < 100 DM,... < 1 year,2,male,none,3,"car or other, not in savings account",24,none,own,2,unskilled - resident,1,none,yes,2,married/widowed
no checking account,15,existing credits paid back duly till now,radio/television,2105,unknown / no savings account,... < 1 year,1,male,guarantor,2,building society savings agreement / life insurance,29,none,own,1,skilled employee / official,1,none,yes,1,single
0 <= ... < 200 DM,31,critical account / other credits existing (not at this bank),furniture/equipment,5663,100 <= ... < 500 DM,... < 1 year,2,male,none,3,building society savings agreement / life insurance,21,none,own,2,skilled employee / official,1,none,yes,2,single
... < 0 DM,5,delay in paying off in the past,education,7090,... < 100 DM,... < 1 year,3,male,none,2,"car or other, not in savings account",33,stores,own,2,unskilled - resident,1,none,yes,2,single
0 <= ... < 200 DM,25,existing credits paid back duly till now,retraining,3635,... < 100 DM,... < 1 year,4,female,none,4,building society savings agreement / life insurance,37,bank,rent,1,management / self-employed / highly qualified employee / officer,1,none,yes,1,divorced/separated
no checking account,12,existing credits paid back duly till now,radio/television,2512,... < 100 DM,4 <= ... < 7 years,4,male,none,1,real estate,21,none,own,2,unskilled - resident,1,none,yes,1,single
... < 0 DM,15,existing credits paid back duly till now,radio/television,1643,... < 100 DM,... < 1 year,1,female,none,2,real estate,20,none,own,1,skilled employee / official,1,"yes, registered under customer's name",yes,1,divorced/separated
... < 0 DM,10,all credits at this bank paid back duly,education,1552,... < 100 DM,... >= 7 years,1,male,none,4,unknown / no property,26,stores,for free,3,skilled employee / official,1,none,yes,2,single
0 <= ... < 200 DM,23,existing credits paid back duly till now,furniture/equipment,3102,500 <= ... < 1000 DM,... < 1 year,1,male,none,4,building society savings agreement / life insurance,26,none,rent,1,skilled employee / official,2,"yes, registered under customer's name",yes,1,single
0 <= ... < 200 DM,9,existing credits paid back duly till now,car (new),1471,100 <= ... < 500 DM,... >= 7 years,4,male,none,4,"car or other, not in savings account",47,none,own,1,skilled employee / official,1,none,yes,1,single
0 <= ... < 200 DM,55,existing credits paid back duly till now,domestic appliances,3932,... < 100 DM,... < 1 year,3,male,none,1,unknown / no property,22,bank,rent,1,skilled employee / official,1,none,yes,2,divorced/separated
... < 0 DM,65,existing credits paid back duly till now,business,1417,unknown / no savings account,... >= 7 years,2,male,none,4,building society savings agreement / life insurance,35,bank,own,1,skilled employee / official,1,"yes, registered under customer's name",yes,1,single
0 <= ... < 200 DM,23,no credits taken / all credits paid back duly,business,5928,... < 100 DM,1 <= ... < 4 years,2,male,none,3,"car or other, not in savings account",49,none,own,2,skilled employee / official,1,none,yes,2,single
no checking account,26,all credits at this bank paid back duly,furniture/equipment,739,500 <= ... < 1000 DM,unemployed,4,female,none,2,building society savings agreement / life insurance,24,none,rent,2,skilled employee / official,1,none,yes,1,divorced/separated
... < 0 DM,9,no credits taken / all credits paid back duly,furniture/equipment,2366,100 <= ... < 500 DM,4 <= ... < 7 years,2,male,none,2,"car or other, not in savings account",22,none,own,1,management / self-employed / highly qualified employee / officer,1,"yes, registered under customer's name",yes,1,single
no checking account,7,existing credits paid back duly till now,repairs,1185,unknown / no savings account,... >= 7 years,4,female,none,3,unknown / no property,40,none,own,1,skilled employee / official,1,none,yes,2,married/widowed
no checking account,13,no credits taken / all credits paid back duly,radio/television,1366,unknown / no savings account,1 <= ... < 4 years,4,male,none,2,"car or other, not in savings account",22,none,own,2,skilled employee / official,1,"yes, registered under customer's name",yes,1,single
... >= 200 DM / salary assignments for at least 1 year,16,critical account / other credits existing (not at this bank),car (new),743,... < 100 DM,... < 1 year,4,female,none,2,building society savings agreement / life insurance,65,none,own,2,skilled employee / official,1,none,yes,2,single
no checking account,23,existing credits paid back duly till now,car (used),5103,unknown / no savings account,... >= 7 years,4,male,none,4,building society savings agreement / life insurance,31,bank,own,1,skilled employee / official,1,"yes, registered under customer's name",yes,1,single
... < 0 DM,17,no credits taken / all credits paid back duly,car (new),8368,... >= 1000 DM,... >= 7 years,2,male,none,1,building society savings agreement / life insurance,56,bank,own,2,skilled employee / official,2,none,yes,1,single
no checking account,9,critical account / other credits existing (not at this bank),car (new),3408,... < 100 DM,1 <= ... < 4 years,4,male,none,4,real estate,44,none,own,2,unskilled - resident,1,none,yes,1,single
... < 0 DM,9,existing credits paid back duly till now,domestic appliances,1659,500 <= ... < 1000 DM,1 <= ... < 4 years,1,female,none,2,real estate,24,none,own,1,unemployed / unskilled - non-resident,1,none,yes,1,divorced/separated
... < 0 DM,11,existing credits paid back duly till now,radio/television,952,... < 100 DM,... >= 7 years,4,male,co-applicant,4,real estate,64,none,own,1,unskilled - resident,1,none,yes,1,single
no checking account,26,existing credits paid back duly till now,radio/television,6833,100 <= ... < 500 DM,unemployed,2,female,none,4,unknown / no property,31,none,for free,1,skilled employee / official,1,"yes, registered under customer's name",yes,1,divorced/separated
... < 0 DM,41,critical account / other credits existing (not at this bank),furniture/equipment,2254,unknown / no savings account,1 <= ... < 4 years,4,male,none,2,"car or other, not in savings account",25,none,own,1,skilled employee / official,1,none,yes,1,single
0 <= ... < 200 DM,11,existing credits paid back duly till now,repairs,1856,... < 100 DM,1 <= ... < 4 years,4,female,none,2,building society savings agreement / life insurance,22,none,own,1,skilled employee / official,1,none,yes,1,divorced/separated
no checking account,14,critical account / other credits existing (not at this bank),radio/television,250,500 <= ... < 1000 DM,4 <= ... < 7 years,4,male,none,2,"car or other, not in savings account",43,none,rent,2,skilled employee / official,1,none,yes,1,single
no checking account,4,critical account / other credits existing (not at this bank),car (new),1111,... < 100 DM,... >= 7 years,4,male,none,3,real estate,53,none,own,2,skilled employee / official,2,none,yes,1,single
no checking account,19,critical account / other credits existing (not at this bank),radio/television,1606,unknown / no savings account,4 <= ... < 7 years,4,male,none,3,building society savings agreement / life insurance,27,none,own,3,skilled employee / official,1,"yes, registered under customer's name",yes,1,divorced/separated
0 <= ... < 200 DM,8,existing credits paid back duly till now,radio/television,1159,... < 100 DM,1 <= ... < 4 years,4,male,none,4,building society savings agreement / life insurance,59,none,own,1,skilled employee / official,1,"yes, registered under customer's name",yes,1,single
no checking account,43,all credits at this bank paid back duly,furniture/equipment,5276,100 <= ... < 500 DM,unemployed,3,female,none,2,unknown / no property,43,none,for free,1,skilled employee / official,1,none,yes,1,single
... < 0 DM,42,delay in paying off in the past,furniture/equipment,7087,... < 100 DM,1 <= ... < 4 years,2,male,none,2,"car or other, not in savings account",23,none,own,1,skilled employee / official,1,none,yes,2,single
0 <= ... < 200 DM,27,existing credits paid back duly till now,radio/television,6021,... < 100 DM,... < 1 year,2,male,none,3,unknown / no property,22,stores,rent,1,skilled employee / official,1,"yes, registered under customer's name",yes,1,divorced/separated
0 <= ... < 200 DM,10,existing credits paid back duly till now,education,1061,500 <= ... < 1000 DM,... >= 7 years,1,male,none,4,"car or other, not in savings account",40,bank,for free,1,skilled employee / official,1,"yes, registered under customer's name",yes,1,single
0 <= ... < 200 DM,7,existing credits paid back duly till now,furniture/equipment,1449,100 <= ... < 500 DM,... < 1 year,2,female,none,2,real estate,27,none,own,1,unskilled - resident,1,none,yes,2,divorced/separated
no checking account,6,existing credits paid back duly till now,radio/television,1506,500 <= ... < 1000 DM,4 <= ... < 7 years,1,male,none,2,real estate,35,none,own,1,unskilled - resident,1,none,yes,1,single
0 <= ... < 200 DM,36,all credits at this bank paid back duly,car (new),9681,unknown / no savings account,... >= 7 years,3,male,none,4,unknown / no property,62,none,for free,1,skilled employee / official,1,"yes, registered under customer's name",yes,1,single
... >= 200 DM / salary assignments for at least 1 year,45,existing credits paid back duly till now,furniture/equipment,6442,... < 100 DM,... >= 7 years,2,male,co-applicant,4,unknown / no property,32,none,for free,1,unskilled - resident,2,none,yes,2,single
0 <= ... < 200 DM,22,existing credits paid back duly till now,car (used),1398,... < 100 DM,... < 1 year,4,male,none,2,real estate,20,none,own,1,skilled employee / official,1,none,yes,2,single
0 <= ... < 200 DM,20,existing credits paid back duly till now,furniture/equipment,6666,100 <= ... < 500 DM,... < 1 year,3,female,none,2,"car or other, not in savings account",19,none,own,1,skilled employee / official,1,none,yes,2,divorced/separated
0 <= ... < 200 DM,26,delay in paying off in the past,furniture/equipment,5698,... < 100 DM,... < 1 year,4,male,none,2,"car or other, not in savings account",32,none,own,2,skilled employee / official,1,none,yes,2,single
no checking account,45,existing credits paid back duly till now,car (used),3128,unknown / no savings account,4 <= ... < 7 years,2,female,none,1,"car or other, not in savings account",34,none,own,2,skilled employee / official,1,"yes, registered under customer's name",yes,1,divorced/separated
... < 0 DM,44,all credits at this bank paid back duly,education,2825,... < 100 DM,... >= 7 years,2,male,none,4,unknown / no property,40,bank,for free,1,skilled employee / official,1,none,yes,2,single
0 <= ... < 200 DM,20,existing credits paid back duly till now,radio/television,3566,... < 100 DM,... < 1 year,4,female,none,3,real estate,26,none,rent,1,skilled employee / official,1,none,yes,2,divorced/separated
... < 0 DM,11,existing credits paid back duly till now,furniture/equipment,3906,... < 100 DM,1 <= ... < 4 years,1,male,none,2,real estate,38,none,own,1,management / self-employed / highly qualified employee / officer,1,none,yes,1,single
... < 0 DM,13,existing credits paid back duly till now,radio/television,2446,... < 100 DM,... >= 7 years,2,male,none,3,real estate,36,bank,own,2,management / self-employed / highly qualified employee / officer,2,none,yes,1,single
no checking account,26,existing credits paid back duly till now,business,14143,... < 100 DM,unemployed,1,female,none,2,"car or other, not in savings account",28,none,own,1,management / self-employed / highly qualified employee / officer,1,"yes, registered under customer's name",yes,1,divorced/separated
... < 0 DM,36,critical account / other credits existing (not at this bank),radio/television,5327,... >= 1000 DM,1 <= ... < 4 years,3,female,none,4,"car or other, not in savings account",31,none,own,1,skilled employee / official,1,"yes, registered under customer's name",yes,1,divorced/separated
0 <= ... < 200 DM,13,critical account / other credits existing (not at this bank),radio/television,849,... < 100 DM,... < 1 year,4,male,co-applicant,3,real estate,46,stores,own,2,skilled employee / official,1,none,yes,2,single
no checking account,27,all credits at this bank paid back duly,car (used),9657,... < 100 DM,unemployed,4,male,none,4,unknown / no property,44,none,for free,1,skilled employee / official,1,"yes, registered under customer's name",yes,2,single
no checking account,18,existing credits paid back duly till now,radio/television,957,... >= 1000 DM,1 <= ... < 4 years,4,male,none,2,real estate,22,none,own,1,skilled employee / official,1,none,yes,1,single
0 <= ... < 200 DM,20,existing credits paid back duly till now,repairs,2196,... < 100 DM,... < 1 year,2,female,none,4,unknown / no property,75,none,own,1,skilled employee / official,1,none,yes,2,divorced/separated
... < 0 DM,22,existing credits paid back duly till now,others,1176,500 <= ... < 1000 DM,... >= 7 years,4,male,none,4,unknown / no property,67,none,for free,1,skilled employee / official,2,"yes, registered under customer's name",yes,1,single
no checking account,17,existing credits paid back duly till now,furniture/equipment,1896,... < 100 DM,... < 1 year,4,female,none,4,"car or other, not in savings account",35,none,own,1,skilled employee / official,1,"yes, registered under customer's name",yes,1,divorced/separated
no checking account,10,existing credits paid back duly till now,car (new),778,... < 100 DM,... >= 7 years,3,male,none,4,"car or other, not in savings account",25,none,rent,1,unskilled - resident,1,"yes, registered under customer's name",yes,1,divorced/separated
no checking account,7,critical account / other credits existing (not at this bank),radio/television,250,... < 100 DM,... >= 7 years,4,male,none,2,real estate,23,none,own,2,skilled employee / official,1,"yes, registered under customer's name",yes,2,single
no checking account,12,delay in paying off in the past,radio/television,1450,... < 100 DM,... >= 7 years,4,male,none,4,building society savings agreement / life insurance,23,none,own,1,skilled employee / official,1,none,yes,2,single
no checking account,18,existing credits paid back duly till now,car (new),1809,... >= 1000 DM,4 <= ... < 7 years,1,male,none,2,"car or other, not in savings account",47,none,for free,1,unskilled - resident,1,"yes, registered under customer's name",yes,1,single
0 <= ... < 200 DM,72,delay in paying off in the past,radio/television,10560,unknown / no savings account,... >= 7 years,3,male,none,4,unknown / no property,55,none,for free,1,skilled employee / official,1,"yes, registered under customer's name",yes,2,married/widowed
no checking account,24,critical account / other credits existing (not at this bank),radio/television,438,100 <= ... < 500 DM,1 <= ... < 4 years,4,male,co-applicant,3,"car or other, not in savings account",21,none,rent,2,skilled employee / official,1,"yes, registered under customer's name",yes,2,single
0 <= ... < 200 DM,28,critical account / other credits existing (not at this bank),car (used),2588,... < 100 DM,unemployed,4,male,none,2,building society savings agreement / life insurance,29,none,own,2,skilled employee / official,1,"yes, registered under customer's name",yes,1,single
... < 0 DM,23,existing credits paid back duly till now,furniture/equipment,495,unknown / no savings account,4 <= ... < 7 years,4,female,none,1,"car or other, not in savings account",19,none,rent,1,skilled employee / official,1,"yes, registered under customer's name",yes,2,divorced/separated
... < 0 DM,18,existing credits paid back duly till now,furniture/equipment,4051,... < 100 DM,unemployed,1,female,none,4,unknown / no property,45,none,rent,1,skilled employee / official,1,none,yes,2,divorced/separated
no checking account,27,existing credits paid back duly till now,furniture/equipment,4176,... < 100 DM,4 <= ... < 7 years,4,male,none,3,building society savings agreement / life insurance,23,bank,own,2,skilled employee / official,1,none,yes,1,married/widowed
... >= 200 DM / salary assignments for at least 1 year,6,existing credits paid back duly till now,radio/television,1405,... < 100 DM,... < 1 year,4,male,none,1,real estate,36,none,own,1,unskilled - resident,1,none,yes,1,married/widowed
0 <= ... < 200 DM,11,existing credits paid back duly till now,furniture/equipment,1623,... < 100 DM,... < 1 year,4,female,none,4,building society savings agreement / life insurance,30,none,own,1,skilled employee / official,1,none,yes,1,single
... < 0 DM,27,delay in paying off in the past,business,3959,... < 100 DM,1 <= ... < 4 years,4,male,none,2,"car or other, not in savings account",24,none,own,2,skilled employee / official,1,none,yes,2,divorced/separated
no checking account,14,existing credits paid back duly till now,car (used),3509,unknown / no savings account,... >= 7 years,3,male,none,4,unknown / no property,35,none,own,2,management / self-employed / highly qualified employee / officer,1,"yes, registered under customer's name",yes,1,single
0 <= ... < 200 DM,19,critical account / other credits existing (not at this bank),car (used),6911,... < 100 DM,4 <= ... < 7 years,3,male,none,2,"car or other, not in savings account",29,none,own,2,skilled employee / official,1,none,yes,2,single
... < 0 DM,24,existing credits paid back duly till now,radio/television,1454,100 <= ... < 500 DM,... >= 7 years,3,male,none,4,building society savings agreement / life insurance,55,bank,own,1,skilled employee / official,1,none,yes,1,single
0 <= ... < 200 DM,25,critical account / other credits existing (not at this bank),furniture/equipment,1659,... < 100 DM,... >= 7 years,2,male,none,4,unknown / no property,50,none,own,2,skilled employee / official,1,"yes, registered under customer's name",yes,1,divorced/separated
0 <= ... < 200 DM,11,delay in paying off in the past,car (new),1425,... < 100 DM,unemployed,2,male,none,4,unknown / no property,75,bank,for free,1,management / self-employed / highly qualified employee / officer,2,none,yes,2,single
0 <= ... < 200 DM,9,critical account / other credits existing (not at this bank),radio/television,2224,100 <= ... < 500 DM,1 <= ... < 4 years,4,male,none,3,real estate,33,none,own,1,unskilled - resident,1,none,yes,1,single
no checking account,21,existing credits paid back duly till now,radio/television,1625,100 <= ... < 500 DM,unemployed,4,female,none,4,"car or other, not in savings account",31,none,own,2,skilled employee / official,1,"yes, registered under customer's name",yes,1,divorced/separated
0 <= ... < 200 DM,57,delay in paying off in the past,car (new),6270,... < 100 DM,1 <= ... < 4 years,2,male,none,3,"car or other, not in savings account",23,bank,own,1,skilled employee / official,1,"yes, registered under customer's name",yes,2,single
no checking account,16,existing credits paid back duly till now,radio/television,1038,... < 100 DM,... < 1 year,1,female,none,2,"car or other, not in savings account",25,none,own,1,skilled employee / official,1,none,yes,1,divorced/separated
... < 0 DM,11,existing credits paid back duly till now,radio/television,994,... < 100 DM,... >= 7 years,2,male,none,2,real estate,31,none,own,1,unskilled - resident,2,none,no,1,single
no checking account,18,existing credits paid back duly till now,radio/television,4534,... < 100 DM,... >= 7 years,1,male,none,4,unknown / no property,54,none,for free,1,unskilled - resident,1,"yes, registered under customer's name",yes,1,single
no checking account,22,critical account / other credits existing (not at this bank),business,2067,unknown / no savings account,1 <= ... < 4 years,4,male,none,3,real estate,28,none,own,2,unskilled - resident,1,none,yes,1,single
0 <= ... < 200 DM,8,all credits at this bank paid back duly,others,2046,... >= 1000 DM,1 <= ... < 4 years,4,female,co-applicant,2,real estate,38,none,rent,1,skilled employee / official,1,none,yes,2,divorced/separated
0 <= ... < 200 DM,27,critical account / other credits existing (not at this bank),car (used),4221,... < 100 DM,4 <= ... < 7 years,2,male,none,2,"car or other, not in savings account",39,none,own,2,management / self-employed / highly qualified employee / officer,1,none,yes,1,single
no checking account,20,existing credits paid back duly till now,car (used),1531,500 <= ... < 1000 DM,... >= 7 years,2,male,none,4,unknown / no property,30,none,for free,1,skilled employee / official,1,"yes, registered under customer's name",yes,1,single
... < 0 DM,14,existing credits paid back duly till now,repairs,2557,... < 100 DM,1 <= ... < 4 years,1,male,none,2,unknown / no property,43,none,rent,2,skilled employee / official,1,none,yes,2,divorced/separated
... >= 200 DM / salary assignments for at least 1 year,18,critical account / other credits existing (not at this bank),radio/television,250,100 <= ... < 500 DM,... >= 7 years,4,male,none,4,building society savings agreement / life insurance,39,none,own,1,skilled employee / official,1,"yes, registered under customer's name",yes,1,single
no checking account,10,existing credits paid back duly till now,furniture/equipment,3213,... < 100 DM,... >= 7 years,4,female,none,4,unknown / no property,56,none,for free,1,unskilled - resident,2,none,yes,1,single
0 <= ... < 200 DM,15,existing credits paid back duly till now,car (used),4151,unknown / no savings account,1 <= ... < 4 years,1,male,none,1,unknown / no property,45,none,for free,1,management / self-employed / highly qualified employee / officer,1,"yes, registered under customer's name",yes,1,divorced/separated
no checking account,16,existing credits paid back duly till now,radio/television,2575,... < 100 DM,... >= 7 years,3,female,none,1,unknown / no property,71,none,for free,1,skilled employee / official,1,none,yes,2,divorced/separated
0 <= ... < 200 DM,16,critical account / other credits existing (not at this bank),business,845,... < 100 DM,... >= 7 years,4,male,none,2,real estate,59,none,own,1,unskilled - resident,1,none,yes,1,single
0 <= ... < 200 DM,33,critical account / other credits existing (not at this bank),business,2849,... < 100 DM,... < 1 year,2,male,none,2,building society savings agreement / life insurance,33,none,own,1,skilled employee / official,1,"yes, registered under customer's name",yes,1,single
no checking account,24,existing credits paid back duly till now,radio/television,15945,100 <= ... < 500 DM,1 <= ... < 4 years,1,female,none,2,building society savings agreement / life insurance,24,none,own,1,management / self-employed / highly qualified employee / officer,1,none,yes,1,divorced/separated
0 <= ... < 200 DM,16,existing credits paid back duly till now,others,1721,... < 100 DM,1 <= ... < 4 years,4,male,guarantor,4,real estate,28,none,own,1,skilled employee / official,1,none,no,1,single
0 <= ... < 200 DM,12,existing credits paid back duly till now,car (new),1084,... < 100 DM,1 <= ... < 4 years,1,male,co-applicant,4,"car or other, not in savings account",21,none,rent,1,skilled employee / official,1,none,yes,2,single
no checking account,24,critical account / other credits existing (not at this bank),radio/television,7632,... < 100 DM,1 <= ... < 4 years,4,male,none,2,building society savings agreement / life insurance,30,none,own,2,skilled employee / official,1,"yes, registered under customer's name",yes,1,single
... < 0 DM,6,critical account / other credits existing (not at this bank),radio/television,2404,... < 100 DM,1 <= ... < 4 years,4,female,none,3,real estate,28,none,own,1,skilled employee / official,1,"yes, registered under customer's name",yes,1,divorced/separated
no checking account,27,no credits taken / all credits paid back duly,repairs,2746,... < 100 DM,1 <= ... < 4 years,4,male,none,4,unknown / no property,29,none,for free,1,management / self-employed / highly qualified employee / officer,1,none,yes,2,single
0 <= ... < 200 DM,8,delay in paying off in the past,radio/television,512,... < 100 DM,4 <= ... < 7 years,1,male,co-applicant,2,real estate,30,none,own,2,skilled employee / official,2,none,yes,1,single
no checking account,4,critical account / other credits existing (not at this bank),car (new),1664,... < 100 DM,... >= 7 years,1,male,none,4,real estate,44,none,for free,3,skilled employee / official,2,none,no,2,single
0 <= ... < 200 DM,16,critical account / other credits existing (not at this bank),car (new),3664,... < 100 DM,... >= 7 years,2,male,none,4,building society savings agreement / life insurance,39,none,own,2,skilled employee / official,2,none,yes,2,single
no checking account,9,existing credits paid back duly till now,radio/television,278,... < 100 DM,4 <= ... < 7 years,4,male,none,4,real estate,23,bank,own,1,unskilled - resident,1,"yes, registered under customer's name",yes,1,single
no checking account,26,critical account / other credits existing (not at this bank),radio/television,11063,100 <= ... < 500 DM,... >= 7 years,4,male,none,2,"car or other, not in savings account",25,none,own,1,management / self-employed / highly qualified employee / officer,1,"yes, registered under customer's name",yes,1,divorced/separated
... < 0 DM,8,existing credits paid back duly till now,radio/television,1875,... < 100 DM,... < 1 year,4,male,none,1,real estate,51,none,rent,1,unskilled - resident,1,none,yes,2,divorced/separated
... >= 200 DM / salary assignments for at least 1 year,27,existing credits paid back duly till now,furniture/equipment,2065,100 <= ... < 500 DM,... < 1 year,3,female,none,1,real estate,60,bank,own,2,unskilled - resident,1,"yes, registered under customer's name",yes,2,divorced/separated
0 <= ... < 200 DM,24,existing credits paid back duly till now,car (used),988,unknown / no savings account,... >= 7 years,4,male,none,4,unknown / no property,41,none,for free,1,management / self-employed / highly qualified employee / officer,1,"yes, registered under customer's name",yes,1,single
... < 0 DM,15,existing credits paid back duly till now,furniture/equipment,765,... < 100 DM,... >= 7 years,3,male,guarantor,4,building society savings agreement / life insurance,35,none,rent,1,management / self-employed / highly qualified employee / officer,2,"yes, registered under customer's name",yes,1,single
... < 0 DM,10,existing credits paid back duly till now,furniture/equipment,2287,... < 100 DM,1 <= ... < 4 years,2,male,none,2,building society savings agreement / life insurance,29,bank,own,1,unemployed / unskilled - non-resident,1,none,yes,2,divorced/separated
0 <= ... < 200 DM,12,critical account / other credits existing (not at this bank),business,6236,... < 100 DM,1 <= ... < 4 years,4,male,guarantor,2,building society savings agreement / life insurance,33,stores,own,1,unskilled - resident,2,none,yes,1,single
0 <= ... < 200 DM,14,no credits taken / all credits paid back duly,radio/television,2504,... >= 1000 DM,unemployed,2,female,none,2,"car or other, not in savings account",59,none,own,1,skilled employee / official,1,"yes, registered under customer's name",yes,2,married/widowed
0 <= ... < 200 DM,14,all credits at this bank paid back duly,radio/television,1492,unknown / no savings account,unemployed,4,female,none,2,"car or other, not in savings account",23,bank,own,1,unskilled - resident,1,"yes, registered under customer's name",yes,1,divorced/separated
... < 0 DM,14,existing credits paid back duly till now,car (new),1527,... < 100 DM,... >= 7 years,4,male,none,2,unknown / no property,30,none,own,2,skilled employee / official,1,none,yes,2,single
no checking account,24,critical account / other credits existing (not at this bank),car (used),2190,... < 100 DM,4 <= ... < 7 years,3,male,none,4,unknown / no property,52,none,own,3,skilled employee / official,1,"yes, registered under customer's name",yes,1,single
0 <= ... < 200 DM,12,delay in paying off in the past,repairs,633,... < 100 DM,1 <= ... < 4 years,4,male,guarantor,2,"car or other, not in savings account",40,stores,own,1,skilled employee / official,1,none,yes,2,divorced/separated
... < 0 DM,48,critical account / other credits existing (not at this bank),furniture/equipment,6398,unknown / no savings account,1 <= ... < 4 years,4,male,co-applicant,3,real estate,36,none,own,2,skilled employee / official,1,none,yes,1,single
0 <= ... < 200 DM,14,existing credits paid back duly till now,radio/television,963,... < 100 DM,4 <= ... < 7 years,3,female,none,2,"car or other, not in savings account",27,none,rent,1,skilled employee / official,1,none,yes,2,divorced/separated
0 <= ... < 200 DM,28,no credits taken / all credits paid back duly,furniture/equipment,3840,... >= 1000 DM,4 <= ... < 7 years,2,male,none,3,"car or other, not in savings account",20,none,own,2,skilled employee / official,1,none,yes,2,single
0 <= ... < 200 DM,20,existing credits paid back duly till now,furniture/equipment,1986,... < 100 DM,1 <= ... < 4 years,4,female,co-applicant,2,"car or other, not in savings account",23,none,rent,1,unemployed / unskilled - non-resident,1,none,yes,2,divorced/separated
0 <= ... < 200 DM,20,existing credits paid back duly till now,car (used),795,... < 100 DM,1 <= ... < 4 years,3,female,none,2,real estate,19,none,own,1,unskilled - resident,1,none,no,1,divorced/separated
... < 0 DM,31,existing credits paid back duly till now,business,1905,... < 100 DM,1 <= ... < 4 years,2,male,none,2,real estate,25,none,own,2,skilled employee / official,2,none,yes,1,single
no checking account,11,existing credits paid back duly till now,radio/television,3597,500 <= ... < 1000 DM,1 <= ... < 4 years,1,female,none,2,building society savings agreement / life insurance,27,none,rent,1,skilled employee / official,1,none,yes,1,divorced/separated
no checking account,58,existing credits paid back duly till now,radio/television,4223,500 <= ... < 1000 DM,1 <= ... < 4 years,4,female,none,2,real estate,29,none,own,1,skilled employee / official,1,none,yes,1,divorced/separated
0 <= ... < 200 DM,12,critical account / other credits existing (not at this bank),radio/television,401,... < 100 DM,... < 1 year,4,male,none,3,real estate,32,none,own,3,skilled employee / official,1,none,no,2,married/widowed
0 <= ... < 200 DM,25,all credits at this bank paid back duly,car (used),13280,... < 100 DM,... < 1 year,2,male,none,2,"car or other, not in savings account",19,none,own,1,skilled employee / official,1,"yes, registered under customer's name",yes,2,single
... < 0 DM,52,all credits at this bank paid back duly,furniture/equipment,9195,... < 100 DM,1 <= ... < 4 years,2,male,co-applicant,1,"car or other, not in savings account",23,bank,own,1,skilled employee / official,1,none,yes,2,single
no checking account,24,all credits at this bank paid back duly,car (used),9766,100 <= ... < 500 DM,... < 1 year,2,female,none,2,"car or other, not in savings account",28,none,own,1,skilled employee / official,1,"yes, registered under customer's name",yes,1,divorced/separated
... >= 200 DM / salary assignments for at least 1 year,9,delay in paying off in the past,repairs,832,... < 100 DM,... < 1 year,1,male,none,1,real estate,29,stores,own,1,unskilled - resident,1,none,yes,2,single
no checking account,11,existing credits paid back duly till now,radio/television,2854,... < 100 DM,4 <= ... < 7 years,4,female,none,2,"car or other, not in savings account",31,none,own,2,skilled employee / official,1,"yes, registered under customer's name",yes,1,divorced/separated
0 <= ... < 200 DM,20,existing credits paid back duly till now,education,4025,100 <= ... < 500 DM,... < 1 year,3,female,none,2,"car or other, not in savings account",31,none,own,1,skilled employee / official,1,"yes, registered under customer's name",yes,2,divorced/separated
no checking account,19,existing credits paid back duly till now,radio/television,1516,... < 100 DM,... < 1 year,4,male,none,4,real estate,25,none,for free,1,skilled employee / official,1,none,yes,1,single
0 <= ... < 200 DM,21,existing credits paid back duly till now,car (new),1714,... < 100 DM,1 <= ... < 4 years,2,male,none,1,real estate,22,none,rent,1,skilled employee / official,2,none,yes,1,married/widowed
0 <= ... < 200 DM,11,existing credits paid back duly till now,car (new),1895,... < 100 DM,... >= 7 years,4,male,none,1,building society savings agreement / life insurance,66,none,rent,1,skilled employee / official,1,none,yes,2,single
no checking account,43,existing credits paid back duly till now,car (used),1295,... < 100 DM,4 <= ... < 7 years,4,male,none,3,"car or other, not in savings account",34,bank,own,2,skilled employee / official,1,"yes, registered under customer's name",yes,1,single
no checking account,15,existing credits paid back duly till now,radio/television,4155,100 <= ... < 500 DM,... >= 7 years,2,male,guarantor,4,real estate,26,none,rent,1,skilled employee / official,1,"yes, registered under customer's name",yes,1,single
... < 0 DM,39,delay in paying off in the past,radio/television,4437,... < 100 DM,1 <= ... < 4 years,4,male,none,3,"car or other, not in savings account",28,none,own,2,skilled employee / official,1,none,yes,2,married/widowed
no checking account,17,critical account / other credits existing (not at this bank),business,1440,... < 100 DM,unemployed,4,male,none,3,"car or other, not in savings account",40,none,own,2,skilled employee / official,1,"yes, registered under customer's name",yes,1,single
... < 0 DM,10,no credits taken / all credits paid back duly,car (new),2356,... < 100 DM,... >= 7 years,1,male,none,1,real estate,35,none,own,2,unskilled - resident,2,none,yes,1,divorced/separated
0 <= ... < 200 DM,24,critical account / other credits existing (not at this bank),radio/television,250,... < 100 DM,1 <= ... < 4 years,2,male,guarantor,4,"car or other, not in savings account",28,none,own,2,management / self-employed / highly qualified employee / officer,1,none,yes,1,single
no checking account,36,delay in paying off in the past,furniture/equipment,1184,100 <= ... < 500 DM,1 <= ... < 4 years,4,female,none,2,building society savings agreement / life insurance,29,none,own,1,unskilled - resident,1,none,yes,2,single
no checking account,20,existing credits paid back duly till now,radio/television,2232,100 <= ... < 500 DM,... < 1 year,2,male,none,3,"car or other, not in savings account",23,none,own,1,skilled employee / official,1,none,yes,2,married/widowed
0 <= ... < 200 DM,27,existing credits paid back duly till now,car (used),1507,100 <= ... < 500 DM,... >= 7 years,3,male,none,1,unknown / no property,29,none,for free,1,skilled employee / official,1,none,yes,1,single
no checking account,10,existing credits paid back duly till now,domestic appliances,1344,... < 100 DM,... >= 7 years,3,female,none,4,building society savings agreement / life insurance,29,bank,rent,1,unemployed / unskilled - non-resident,1,none,yes,1,divorced/separated
no checking account,18,existing credits paid back duly till now,car (new),1186,... < 100 DM,... >= 7 years,4,male,none,1,building society savings agreement / life insurance,29,none,own,2,skilled employee / official,1,none,yes,2,divorced/separated
... < 0 DM,10,critical account / other credits existing (not at this bank),furniture/equipment,4116,... < 100 DM,1 <= ... < 4 years,2,male,guarantor,2,building society savings agreement / life insurance,31,none,own,2,unskilled - resident,1,none,no,1,single
... < 0 DM,13,existing credits paid back duly till now,car (used),1187,unknown / no savings account,... >= 7 years,4,male,none,4,unknown / no property,59,none,for free,1,management / self-employed / highly qualified employee / officer,2,"yes, registered under customer's name",yes,1,divorced/separated
no checking account,11,existing credits paid back duly till now,radio/television,3541,... >= 1000 DM,4 <= ... < 7 years,4,male,none,3,"car or other, not in savings account",37,none,own,1,skilled employee / official,1,"yes, registered under customer's name",yes,2,single
0 <= ... < 200 DM,11,critical account / other credits existing (not at this bank),radio/television,1696,100 <= ... < 500 DM,... >= 7 years,4,male,none,4,real estate,31,none,own,2,skilled employee / official,1,none,yes,1,single
... < 0 DM,50,delay in paying off in the past,business,9760,... < 100 DM,unemployed,3,male,co-applicant,1,unknown / no property,38,none,for free,1,management / self-employed / highly qualified employee / officer,1,"yes, registered under customer's name",yes,2,divorced/separated
no checking account,23,existing credits paid back duly till now,furniture/equipment,3104,... < 100 DM,1 <= ... < 4 years,3,male,none,4,building society savings agreement / life insurance,29,bank,for free,1,skilled employee / official,1,none,yes,1,single
no checking account,17,existing credits paid back duly till now,radio/television,903,unknown / no savings account,... >= 7 years,2,male,none,4,"car or other, not in savings account",59,stores,own,2,skilled employee / official,1,none,yes,1,single
... >= 200 DM / salary assignments for at least 1 year,17,existing credits paid back duly till now,furniture/equipment,3750,... < 100 DM,... >= 7 years,3,male,none,1,real estate,44,bank,rent,3,management / self-employed / highly qualified employee / officer,2,none,yes,1,single
no checking account,6,existing credits paid back duly till now,car (used),4570,... < 100 DM,4 <= ... < 7 years,2,male,co-applicant,3,unknown / no property,27,none,own,1,skilled employee / official,1,"yes, registered under customer's name",yes,2,single
0 <= ... < 200 DM,17,existing credits paid back duly till now,education,1556,... < 100 DM,1 <= ... < 4 years,4,female,none,1,real estate,27,none,own,1,skilled employee / official,1,none,yes,1,divorced/separated
... < 0 DM,4,critical account / other credits existing (not at this bank),radio/television,2820,... < 100 DM,4 <= ... < 7 years,4,male,none,3,building society savings agreement / life insurance,30,none,own,2,skilled employee / official,2,none,yes,1,single
no checking account,14,existing credits paid back duly till now,radio/television,449,100 <= ... < 500 DM,... < 1 year,4,female,none,1,"car or other, not in savings account",31,none,own,1,skilled employee / official,1,none,yes,1,divorced/separated
no checking account,21,critical account / other credits existing (not at this bank),car (used),6670,... < 100 DM,4 <= ... < 7 years,4,male,none,3,"car or other, not in savings account",28,none,own,2,skilled employee / official,1,none,yes,1,single
no checking account,5,existing credits paid back duly till now,radio/television,867,... < 100 DM,1 <= ... < 4 years,3,female,none,1,real estate,25,none,own,1,unskilled - resident,1,none,yes,1,divorced/separated
... < 0 DM,17,delay in paying off in the past,radio/television,3821,... < 100 DM,1 <= ... < 4 years,2,male,none,2,real estate,32,none,own,2,skilled employee / official,2,none,yes,1,single
no checking account,9,existing credits paid back duly till now,radio/television,613,... < 100 DM,... < 1 year,2,male,none,3,"car or other, not in savings account",39,none,own,3,skilled employee / official,1,none,yes,1,married/widowed
no checking account,18,critical account / other credits existing (not at this bank),furniture/equipment,2208,... < 100 DM,4 <= ... < 7 years,4,male,none,3,building society savings agreement / life insurance,37,none,own,4,skilled employee / official,1,"yes, registered under customer's name",yes,1,single
0 <= ... < 200 DM,24,existing credits paid back duly till now,furniture/equipment,3536,100 <= ... < 500 DM,... < 1 year,1,female,none,2,"car or other, not in savings account",29,none,own,1,skilled employee / official,1,none,yes,1,divorced/separated
0 <= ... < 200 DM,44,all credits at this bank paid back duly,car (used),7328,... < 100 DM,4 <= ... < 7 years,2,male,none,1,unknown / no property,30,stores,own,2,unskilled - resident,1,"yes, registered under customer's name",yes,2,single
no checking account,45,existing credits paid back duly till now,furniture/equipment,10751,unknown / no savings account,... < 1 year,2,male,co-applicant,2,building society savings agreement / life insurance,22,none,own,1,skilled employee / official,1,"yes, registered under customer's name",yes,1,single
... < 0 DM,4,all credits at this bank paid back duly,car (new),1464,... < 100 DM,... < 1 year,4,male,none,2,building society savings agreement / life insurance,27,none,own,2,unskilled - resident,1,none,no,2,single
no checking account,25,existing credits paid back duly till now,radio/television,1927,unknown / no savings account,1 <= ... < 4 years,4,male,none,2,building society savings agreement / life insurance,19,none,own,1,skilled employee / official,1,none,yes,1,single
... < 0 DM,14,existing credits paid back duly till now,car (new),250,... < 100 DM,unemployed,4,male,none,4,real estate,34,bank,for free,1,unskilled - resident,1,none,yes,1,single
no checking account,28,delay in paying off in the past,car (used),9818,unknown / no savings account,4 <= ... < 7 years,4,male,none,2,unknown / no property,34,none,own,3,skilled employee / official,1,"yes, registered under customer's name",yes,1,single
... < 0 DM,17,existing credits paid back duly till now,furniture/equipment,3946,... < 100 DM,unemployed,4,male,none,4,real estate,33,none,own,1,unskilled - resident,1,none,yes,2,single
no checking account,12,critical account / other credits existing (not at this bank),furniture/equipment,2931,... < 100 DM,unemployed,4,female,none,1,"car or other, not in savings account",59,none,own,1,unskilled - resident,1,"yes, registered under customer's name",yes,1,divorced/separated
no checking account,14,existing credits paid back duly till now,education,14677,unknown / no savings account,4 <= ... < 7 years,1,male,none,3,"car or other, not in savings account",33,none,own,1,management / self-employed / highly qualified employee / officer,1,"yes, registered under customer's name",yes,1,single
no checking account,11,critical account / other credits existing (not at this bank),radio/television,1218,... < 100 DM,... >= 7 years,1,male,none,4,real estate,45,none,own,1,skilled employee / official,1,"yes, registered under customer's name",yes,1,single
no checking account,14,existing credits paid back duly till now,radio/television,2229,unknown / no savings account,... < 1 year,1,male,none,2,building society savings agreement / life insurance,63,none,own,2,skilled employee / official,1,none,yes,2,divorced/separated
no checking account,16,critical account / other credits existing (not at this bank),retraining,2311,... < 100 DM,... >= 7 years,2,female,none,2,real estate,27,none,own,1,unskilled - resident,1,none,yes,2,divorced/separated
... < 0 DM,16,existing credits paid back duly till now,radio/television,1117,... < 100 DM,1 <= ... < 4 years,3,male,none,4,real estate,27,none,rent,1,unskilled - resident,2,none,yes,1,single
0 <= ... < 200 DM,63,existing credits paid back duly till now,car (used),5211,... < 100 DM,... >= 7 years,4,male,none,2,"car or other, not in savings account",25,bank,own,1,skilled employee / official,1,none,yes,2,single
0 <= ... < 200 DM,52,existing credits paid back duly till now,furniture/equipment,3988,... < 100 DM,... >= 7 years,2,female,none,4,unknown / no property,35,none,for free,1,management / self-employed / highly qualified employee / officer,1,"yes, registered under customer's name",yes,2,divorced/separated
no checking account,23,critical account / other credits existing (not at this bank),car (used),3335,... < 100 DM,... < 1 year,2,male,none,3,"car or other, not in savings account",43,none,own,3,skilled employee / official,1,"yes, registered under customer's name",yes,1,divorced/separated
0 <= ... < 200 DM,9,critical account / other credits existing (not at this bank),car (new),2411,... < 100 DM,1 <= ... < 4 years,2,male,none,4,unknown / no property,53,none,for free,2,unemployed / unskilled - non-resident,2,none,yes,1,single
no checking account,6,critical account / other credits existing (not at this bank),car (new),1574,... < 100 DM,4 <= ... < 7 years,3,male,none,1,unknown / no property,28,none,own,3,unskilled - resident,1,none,yes,2,single
... < 0 DM,11,all credits at this bank paid back duly,furniture/equipment,1977,... < 100 DM,unemployed,3,male,none,4,building society savings agreement / life insurance,19,none,rent,1,skilled employee / official,1,none,yes,1,single
... < 0 DM,17,no credits taken / all credits paid back duly,car (new),2041,... < 100 DM,1 <= ... < 4 years,4,male,none,4,unknown / no property,24,bank,own,1,skilled employee / official,2,none,yes,2,single
0 <= ... < 200 DM,20,critical account / other credits existing (not at this bank),car (used),7906,500 <= ... < 1000 DM,... >= 7 years,1,male,none,4,unknown / no property,41,none,for free,3,skilled employee / official,1,none,yes,1,single
0 <= ... < 200 DM,36,critical account / other credits existing (not at this bank),car (new),4810,... < 100 DM,... < 1 year,4,male,none,3,unknown / no property,51,bank,own,1,unemployed / unskilled - non-resident,2,none,yes,2,single
0 <= ... < 200 DM,20,no credits taken / all credits paid back duly,furniture/equipment,3975,... < 100 DM,... < 1 year,4,male,none,2,"car or other, not in savings account",23,none,own,1,skilled employee / official,1,none,yes,2,divorced/separated
no checking account,20,existing credits paid back duly till now,furniture/equipment,7688,... < 100 DM,4 <= ... < 7 years,1,female,none,4,"car or other, not in savings account",46,bank,own,1,skilled employee / official,1,"yes, registered under customer's name",yes,1,divorced/separated
no checking account,51,delay in paying off in the past,car (used),9154,... < 100 DM,4 <= ... < 7 years,3,female,none,2,unknown / no property,39,stores,own,2,management / self-employed / highly qualified employee / officer,1,"yes, registered under customer's name",yes,2,divorced/separated
0 <= ... < 200 DM,23,existing credits paid back duly till now,radio/television,1685,... < 100 DM,1 <= ... < 4 years,4,female,none,1,real estate,21,none,own,2,skilled employee / official,1,none,yes,2,divorced/separated
no checking account,10,critical account / other credits existing (not at this bank),radio/television,1931,... >= 1000 DM,4 <= ... < 7 years,2,male,guarantor,3,real estate,35,none,own,2,skilled employee / official,1,none,yes,1,single
no checking account,38,delay in paying off in the past,business,5154,... < 100 DM,1 <= ... < 4 years,4,female,none,2,"car or other, not in savings account",35,none,own,2,unskilled - resident,1,none,yes,1,divorced/separated
no checking account,34,critical account / other credits existing (not at this bank),education,8773,... < 100 DM,4 <= ... < 7 years,1,male,none,3,"car or other, not in savings account",24,stores,own,2,skilled employee / official,1,"yes, registered under customer's name",yes,2,single
no checking account,19,existing credits paid back duly till now,radio/television,1617,... < 100 DM,4 <= ... < 7 years,1,female,none,4,real estate,55,none,own,1,skilled employee / official,1,"yes, registered under customer's name",yes,1,divorced/separated
no checking account,52,existing credits paid back duly till now,furniture/equipment,5417,100 <= ... < 500 DM,1 <= ... < 4 years,2,female,none,2,"car or other, not in savings account",21,none,own,1,skilled employee / official,1,"yes, registered under customer's name",yes,1,divorced/separated
... >= 200 DM / salary assignments for at least 1 year,10,existing credits paid back duly till now,radio/television,573,500 <= ... < 1000 DM,... < 1 year,4,male,none,1,"car or other, not in savings account",24,none,own,1,unskilled - resident,1,none,yes,1,single
0 <= ... < 200 DM,72,critical account / other credits existing (not at this bank),business,6238,... < 100 DM,unemployed,2,male,none,2,"car or other, not in savings account",20,stores,own,2,management / self-employed / highly qualified employee / officer,1,"yes, registered under customer's name",yes,2,single
0 <= ... < 200 DM,25,existing credits paid back duly till now,furniture/equipment,1430,... < 100 DM,... < 1 year,1,female,none,2,real estate,19,none,own,1,unemployed / unskilled - non-resident,1,none,yes,2,divorced/separated
no checking account,11,existing credits paid back duly till now,radio/television,1761,100 <= ... < 500 DM,1 <= ... < 4 years,4,male,none,4,"car or other, not in savings account",38,none,own,1,skilled employee / official,1,"yes, registered under customer's name",yes,1,divorced/separated
... >= 200 DM / salary assignments for at least 1 year,13,critical account / other credits existing (not at this bank),furniture/equipment,2380,... < 100 DM,1 <= ... < 4 years,4,male,none,1,real estate,24,stores,own,2,management / self-employed / highly qualified employee / officer,1,none,yes,1,married/widowed
... < 0 DM,16,existing credits paid back duly till now,furniture/equipment,2334,500 <= ... < 1000 DM,1 <= ... < 4 years,4,male,co-applicant,2,unknown / no property,21,none,own,1,skilled employee / official,1,none,yes,2,divorced/separated
... >= 200 DM / salary assignments for at least 1 year,16,existing credits paid back duly till now,furniture/equipment,2168,... < 100 DM,... >= 7 years,1,female,none,1,real estate,27,none,own,1,skilled employee / official,1,none,yes,1,married/widowed
... < 0 DM,11,delay in paying off in the past,car (new),8417,... < 100 DM,unemployed,3,male,none,4,building society savings agreement / life insurance,27,none,own,1,skilled employee / official,1,none,yes,2,single
no checking account,19,critical account / other credits existing (not at this bank),radio/television,1595,... < 100 DM,1 <= ... < 4 years,4,male,none,4,real estate,47,none,own,1,skilled employee / official,1,none,yes,1,married/widowed
... < 0 DM,47,all credits at this bank paid back duly,furniture/equipment,3371,... < 100 DM,... >= 7 years,4,female,co-applicant,4,unknown / no property,39,none,own,1,skilled employee / official,1,none,yes,2,single
no checking account,24,existing credits paid back duly till now,car (used),3876,... >= 1000 DM,4 <= ... < 7 years,2,male,guarantor,2,"car or other, not in savings account",30,none,own,1,skilled employee / official,1,"yes, registered under customer's name",yes,1,divorced/separated
no checking account,11,existing credits paid back duly till now,radio/television,1116,500 <= ... < 1000 DM,1 <= ... < 4 years,2,male,none,4,"car or other, not in savings account",46,none,own,2,skilled employee / official,2,none,yes,1,married/widowed
no checking account,43,existing credits paid back duly till now,others,4609,... < 100 DM,... >= 7 years,1,female,none,4,real estate,39,bank,own,1,unskilled - resident,1,none,yes,1,divorced/separated
0 <= ... < 200 DM,22,existing credits paid back duly till now,radio/television,1968,... < 100 DM,... < 1 year,4,female,none,4,unknown / no property,23,none,rent,1,unskilled - resident,1,"yes, registered under customer's name",yes,1,divorced/separated
no checking account,45,critical account / other credits existing (not at this bank),furniture/equipment,15945,unknown / no savings account,... >= 7 years,2,male,none,4,unknown / no property,22,none,own,1,management / self-employed / highly qualified employee / officer,1,"yes, registered under customer's name",yes,1,single
no checking account,7,critical account / other credits existing (not at this bank),car (new),2076,... >= 1000 DM,... >= 7 years,4,male,none,4,real estate,37,none,own,3,skilled employee / official,2,none,yes,1,single
no checking account,25,existing credits paid back duly till now,furniture/equipment,4129,100 <= ... < 500 DM,1 <= ... < 4 years,2,female,none,2,"car or other, not in savings account",31,none,own,1,skilled employee / official,1,"yes, registered under customer's name",yes,1,divorced/separated
0 <= ... < 200 DM,19,existing credits paid back duly till now,radio/television,1568,100 <= ... < 500 DM,1 <= ... < 4 years,4,female,none,2,building society savings agreement / life insurance,26,none,own,1,skilled employee / official,1,"yes, registered under customer's name",yes,1,divorced/separated
0 <= ... < 200 DM,12,existing credits paid back duly till now,repairs,1538,... < 100 DM,... >= 7 years,4,male,none,4,real estate,45,none,rent,3,skilled employee / official,1,none,yes,1,divorced/separated
no checking account,23,existing credits paid back duly till now,furniture/equipment,1297,unknown / no savings account,1 <= ... < 4 years,4,female,none,4,building society savings agreement / life insurance,27,none,rent,1,unskilled - resident,1,none,yes,1,divorced/separated
no checking account,13,critical account / other credits existing (not at this bank),radio/television,4421,... < 100 DM,4 <= ... < 7 years,1,male,none,3,real estate,54,none,own,2,skilled employee / official,1,none,yes,1,single
0 <= ... < 200 DM,16,existing credits paid back duly till now,radio/television,14481,... < 100 DM,1 <= ... < 4 years,3,female,none,4,"car or other, not in savings account",37,stores,rent,1,unskilled - resident,1,none,yes,2,divorced/separated
0 <= ... < 200 DM,8,existing credits paid back duly till now,business,4247,unknown / no savings account,1 <= ... < 4 years,4,male,none,2,building society savings agreement / life insurance,40,none,own,1,unskilled - resident,1,none,no,1,single
... < 0 DM,35,existing credits paid back duly till now,furniture/equipment,1874,... < 100 DM,... < 1 year,3,male,guarantor,2,building society savings agreement / life insurance,50,none,own,1,unskilled - resident,1,none,yes,2,single
no checking account,38,critical account / other credits existing (not at this bank),car (new),9770,... < 100 DM,4 <= ... < 7 years,4,male,none,2,"car or other, not in savings account",23,bank,for free,2,skilled employee / official,1,"yes, registered under customer's name",yes,1,single
... < 0 DM,31,critical account / other credits existing (not at this bank),car (new),5872,... < 100 DM,unemployed,4,male,none,4,unknown / no property,29,bank,own,2,unskilled - resident,1,none,yes,2,single
0 <= ... < 200 DM,18,existing credits paid back duly till now,furniture/equipment,700,unknown / no savings account,... < 1 year,4,male,none,4,building society savings agreement / life insurance,33,bank,own,1,unskilled - resident,1,none,yes,1,divorced/separated
0 <= ... < 200 DM,39,existing credits paid back duly till now,business,1636,100 <= ... < 500 DM,1 <= ... < 4 years,2,male,guarantor,2,"car or other, not in savings account",27,stores,own,1,skilled employee / official,1,"yes, registered under customer's name",yes,1,married/widowed
no checking account,16,critical account / other credits existing (not at this bank),business,1712,unknown / no savings account,... >= 7 years,4,male,none,4,"car or other, not in savings account",42,none,own,2,skilled employee / official,1,"yes, registered under customer's name",yes,1,single
no checking account,28,critical account / other credits existing (not at this bank),business,5151,100 <= ... < 500 DM,... >= 7 years,4,male,none,4,unknown / no property,53,none,rent,1,skilled employee / official,1,"yes, registered under customer's name",yes,1,single
0 <= ... < 200 DM,24,existing credits paid back duly till now,furniture/equipment,3013,100 <= ... < 500 DM,... < 1 year,2,male,none,2,real estate,27,none,own,1,skilled employee / official,1,none,yes,1,divorced/separated
... >= 200 DM / salary assignments for at least 1 year,22,existing credits paid back duly till now,radio/television,964,500 <= ... < 1000 DM,4 <= ... < 7 years,3,male,none,4,building society savings agreement / life insurance,40,none,rent,1,skilled employee / official,1,none,yes,1,single
no checking account,21,existing credits paid back duly till now,furniture/equipment,842,... < 100 DM,... < 1 year,1,female,none,3,"car or other, not in savings account",28,none,own,2,skilled employee / official,1,none,yes,1,divorced/separated
... < 0 DM,37,existing credits paid back duly till now,furniture/equipment,4263,... < 100 DM,... < 1 year,4,male,none,1,"car or other, not in savings account",31,none,for free,1,management / self-employed / highly qualified employee / officer,1,none,yes,2,single
no checking account,22,existing credits paid back duly till now,car (new),2113,500 <= ... < 1000 DM,... >= 7 years,3,male,none,4,unknown / no property,62,none,for free,1,skilled employee / official,2,"yes, registered under customer's name",yes,1,single
0 <= ... < 200 DM,10,critical account / other credits existing (not at this bank),business,1845,500 <= ... < 1000 DM,... < 1 year,4,female,none,2,"car or other, not in savings account",28,none,rent,2,management / self-employed / highly qualified employee / officer,1,none,yes,1,divorced/separated
... < 0 DM,22,existing credits paid back duly till now,car (new),1332,... < 100 DM,1 <= ... < 4 years,2,male,guarantor,2,"car or other, not in savings account",21,none,own,2,skilled employee / official,1,none,yes,2,single
0 <= ... < 200 DM,11,existing credits paid back duly till now,radio/television,2188,... < 100 DM,1 <= ... < 4 years,1,male,none,2,"car or other, not in savings account",21,none,own,1,unskilled - resident,1,none,yes,2,single
... < 0 DM,24,existing credits paid back duly till now,furniture/equipment,11318,... < 100 DM,1 <= ... < 4 years,4,male,co-applicant,2,"car or other, not in savings account",37,none,own,1,skilled employee / official,1,none,yes,2,divorced/separated
0 <= ... < 200 DM,8,existing credits paid back duly till now,radio/television,762,... < 100 DM,... < 1 year,4,female,co-applicant,2,real estate,24,none,own,1,unskilled - resident,1,none,yes,2,divorced/separated
0 <= ... < 200 DM,32,critical account / other credits existing (not at this bank),radio/television,5041,... < 100 DM,1 <= ... < 4 years,4,female,none,1,"car or other, not in savings account",28,none,own,2,unemployed / unskilled - non-resident,1,none,yes,2,divorced/separated
0 <= ... < 200 DM,58,delay in paying off in the past,car (used),8604,... < 100 DM,... >= 7 years,2,male,none,4,unknown / no property,29,bank,for free,1,unskilled - resident,1,none,yes,2,single
... < 0 DM,24,critical account / other credits existing (not at this bank),furniture/equipment,1570,... < 100 DM,... >= 7 years,4,male,none,4,unknown / no property,58,bank,own,1,skilled employee / official,1,"yes, registered under customer's name",yes,1,single
0 <= ... < 200 DM,19,existing credits paid back duly till now,radio/television,2948,100 <= ... < 500 DM,4 <= ... < 7 years,2,male,none,2,building society savings agreement / life insurance,29,none,own,2,skilled employee / official,1,"yes, registered under customer's name",yes,2,single
no checking account,7,critical account / other credits existing (not at this bank),car (new),2313,... < 100 DM,4 <= ... < 7 years,2,male,none,3,real estate,29,none,own,2,skilled employee / official,2,none,yes,1,divorced/separated
0 <= ... < 200 DM,42,existing credits paid back duly till now,radio/television,2246,unknown / no savings account,1 <= ... < 4 years,2,female,none,1,"car or other, not in savings account",26,none,own,1,skilled employee / official,1,none,yes,1,divorced/separated
... < 0 DM,40,critical account / other credits existing (not at this bank),business,2066,... < 100 DM,... < 1 year,4,male,none,1,"car or other, not in savings account",46,bank,own,1,skilled employee / official,2,none,yes,2,single
no checking account,9,existing credits paid back duly till now,radio/television,1239,... < 100 DM,... >= 7 years,1,male,guarantor,4,real estate,42,none,rent,1,unskilled - resident,1,none,no,1,single
0 <= ... < 200 DM,34,existing credits paid back duly till now,car (used),1874,unknown / no savings account,1 <= ... < 4 years,4,male,none,2,real estate,25,stores,own,2,skilled employee / official,1,"yes, registered under customer's name",yes,1,married/widowed
no checking account,22,existing credits paid back duly till now,car (new),1876,500 <= ... < 1000 DM,... >= 7 years,4,male,none,4,unknown / no property,48,none,rent,1,skilled employee / official,1,none,yes,1,single
no checking account,16,critical account / other credits existing (not at this bank),car (new),1822,... < 100 DM,... >= 7 years,4,male,none,4,building society savings agreement / life insurance,36,none,own,2,unemployed / unskilled - non-resident,1,"yes, registered under customer's name",yes,1,single
no checking account,23,existing credits paid back duly till now,furniture/equipment,2594,unknown / no savings account,... >= 7 years,4,male,none,1,"car or other, not in savings account",26,none,rent,1,skilled employee / official,1,"yes, registered under customer's name",yes,1,single
no checking account,12,existing credits paid back duly till now,car (new),1965,... < 100 DM,1 <= ... < 4 years,4,male,none,2,building society savings agreement / life insurance,48,none,own,1,skilled employee / official,1,"yes, registered under customer's name",yes,1,single
... < 0 DM,55,existing credits paid back duly till now,furniture/equipment,1911,... < 100 DM,... >= 7 years,3,male,none,4,unknown / no property,29,none,rent,1,skilled employee / official,1,none,yes,1,single
no checking account,18,existing credits paid back duly till now,education,4243,unknown / no savings account,1 <= ... < 4 years,4,female,none,2,building society savings agreement / life insurance,26,none,own,1,skilled employee / official,1,none,yes,1,divorced/separated
... < 0 DM,4,existing credits paid back duly till now,radio/television,2523,... < 100 DM,1 <= ... < 4 years,3,male,none,3,real estate,44,none,rent,1,management / self-employed / highly qualified employee / officer,1,"yes, registered under customer's name",yes,1,single
... < 0 DM,4,critical account / other credits existing (not at this bank),radio/television,250,... < 100 DM,... < 1 year,1,female,none,2,real estate,38,none,own,2,unskilled - resident,1,"yes, registered under customer's name",yes,1,divorced/separated
0 <= ... < 200 DM,52,delay in paying off in the past,furniture/equipment,6238,... < 100 DM,... >= 7 years,4,male,none,4,unknown / no property,29,bank,own,1,skilled employee / official,1,none,yes,2,single
... < 0 DM,15,critical account / other credits existing (not at this bank),car (new),778,unknown / no savings account,... >= 7 years,4,male,none,4,"car or other, not in savings account",57,none,own,2,skilled employee / official,1,"yes, registered under customer's name",yes,1,divorced/separated
... >= 200 DM / salary assignments for at least 1 year,17,delay in paying off in the past,others,5358,500 <= ... < 1000 DM,unemployed,4,male,none,2,"car or other, not in savings account",25,none,own,1,skilled employee / official,1,none,yes,2,divorced/separated
no checking account,21,existing credits paid back duly till now,radio/television,12204,unknown / no savings account,unemployed,4,female,none,4,"car or other, not in savings account",26,none,rent,1,management / self-employed / highly qualified employee / officer,1,"yes, registered under customer's name",yes,1,divorced/separated
no checking account,9,delay in paying off in the past,furniture/equipment,8527,... < 100 DM,... >= 7 years,2,male,none,2,building society savings agreement / life insurance,31,none,for free,2,skilled employee / official,1,"yes, registered under customer's name",yes,1,single
no checking account,10,existing credits paid back duly till now,car (used),4074,500 <= ... < 1000 DM,unemployed,4,male,none,4,unknown / no property,62,none,for free,1,skilled employee / official,2,none,yes,1,single
no checking account,8,existing credits paid back duly till now,radio/television,6058,... < 100 DM,unemployed,3,female,none,4,"car or other, not in savings account",38,bank,own,2,management / self-employed / highly qualified employee / officer,1,"yes, registered under customer's name",yes,2,divorced/separated
0 <= ... < 200 DM,25,existing credits paid back duly till now,radio/television,250,unknown / no savings account,4 <= ... < 7 years,1,male,none,4,unknown / no property,49,bank,own,1,management / self-employed / highly qualified employee / officer,1,"yes, registered under customer's name",yes,1,divorced/separated
0 <= ... < 200 DM,25,existing credits paid back duly till now,business,6961,100 <= ... < 500 DM,1 <= ... < 4 years,2,male,none,4,building society savings agreement / life insurance,30,none,own,1,skilled employee / official,1,none,yes,1,divorced/separated
0 <= ... < 200 DM,12,existing credits paid back duly till now,car (used),2251,... < 100 DM,4 <= ... < 7 years,3,male,none,1,real estate,37,none,own,1,management / self-employed / highly qualified employee / officer,1,"yes, registered under customer's name",yes,1,single
0 <= ... < 200 DM,18,existing credits paid back duly till now,car (new),4784,... < 100 DM,1 <= ... < 4 years,3,male,none,2,building society savings agreement / life insurance,27,none,own,1,unskilled - resident,1,none,yes,1,single
no checking account,14,existing credits paid back duly till now,furniture/equipment,3901,100 <= ... < 500 DM,1 <= ... < 4 years,1,female,none,2,"car or other, not in savings account",21,none,own,1,skilled employee / official,1,none,yes,1,divorced/separated
0 <= ... < 200 DM,25,critical account / other credits existing (not at this bank),business,8008,100 <= ... < 500 DM,... >= 7 years,2,male,none,3,"car or other, not in savings account",29,bank,own,2,skilled employee / official,1,"yes, registered under customer's name",yes,2,single
0 <= ... < 200 DM,69,existing credits paid back duly till now,radio/television,5299,... < 100 DM,... < 1 year,3,male,none,1,"car or other, not in savings account",21,none,for free,1,skilled employee / official,1,none,yes,2,single
... < 0 DM,14,existing credits paid back duly till now,car (new),787,... < 100 DM,1 <= ... < 4 years,3,male,co-applicant,1,real estate,28,none,own,1,skilled employee / official,1,none,yes,1,divorced/separated
0 <= ... < 200 DM,22,existing credits paid back duly till now,radio/television,2402,100 <= ... < 500 DM,4 <= ... < 7 years,1,male,none,1,building society savings agreement / life insurance,27,none,rent,1,skilled employee / official,1,none,yes,1,divorced/separated
0 <= ... < 200 DM,15,critical account / other credits existing (not at this bank),car (new),1616,... < 100 DM,... >= 7 years,4,male,none,4,building society savings agreement / life insurance,75,none,rent,2,unskilled - resident,2,none,yes,1,single
0 <= ... < 200 DM,17,existing credits paid back duly till now,radio/television,698,... >= 1000 DM,1 <= ... < 4 years,3,male,none,4,real estate,33,none,own,1,unskilled - resident,1,none,yes,1,divorced/separated
... < 0 DM,44,existing credits paid back duly till now,car (new),1199,... < 100 DM,... < 1 year,4,female,none,2,building society savings agreement / life insurance,27,bank,rent,1,unskilled - resident,1,none,yes,2,divorced/separated
no checking account,6,all credits at this bank paid back duly,radio/television,3694,100 <= ... < 500 DM,... >= 7 years,2,female,guarantor,1,unknown / no property,25,none,rent,2,skilled employee / official,1,"yes, registered under customer's name",yes,1,divorced/separated
no checking account,19,existing credits paid back duly till now,radio/television,1357,... < 100 DM,... >= 7 years,1,male,none,2,unknown / no property,38,none,own,3,skilled employee / official,2,none,no,1,single
no checking account,12,existing credits paid back duly till now,car (new),2097,... < 100 DM,unemployed,3,female,none,4,unknown / no property,30,none,for free,1,management / self-employed / highly qualified employee / officer,2,"yes, registered under customer's name",yes,1,divorced/separated
... < 0 DM,20,existing credits paid back duly till now,car (new),1894,... < 100 DM,1 <= ... < 4 years,3,female,none,4,building society savings agreement / life insurance,38,none,rent,1,unskilled - resident,1,none,yes,2,divorced/separated
no checking account,25,existing credits paid back duly till now,radio/television,1825,100 <= ... < 500 DM,unemployed,3,female,none,2,"car or other, not in savings account",24,none,own,1,skilled employee / official,1,"yes, registered under customer's name",yes,1,divorced/separated
no checking account,36,critical account / other credits existing (not at this bank),business,8467,... < 100 DM,unemployed,4,female,co-applicant,2,unknown / no property,30,bank,for free,1,skilled employee / official,1,"yes, registered under customer's name",yes,2,divorced/separated
0 <= ... < 200 DM,26,existing credits paid back duly till now,car (new),7694,... < 100 DM,1 <= ... < 4 years,1,female,none,4,unknown / no property,43,bank,own,3,skilled employee / official,1,"yes, registered under customer's name",yes,2,divorced/separated
... >= 200 DM / salary assignments for at least 1 year,15,critical account / other credits existing (not at this bank),radio/television,3972,500 <= ... < 1000 DM,4 <= ... < 7 years,2,male,none,4,real estate,36,none,own,1,skilled employee / official,1,"yes, registered under customer's name",yes,1,single
0 <= ... < 200 DM,8,critical account / other credits existing (not at this bank),car (new),8211,... < 100 DM,4 <= ... < 7 years,4,male,none,2,building society savings agreement / life insurance,19,bank,own,2,skilled employee / official,1,none,yes,1,single
no checking account,4,critical account / other credits existing (not at this bank),car (new),1433,... < 100 DM,... >= 7 years,1,male,none,4,real estate,29,none,own,3,unskilled - resident,2,none,yes,1,single
0 <= ... < 200 DM,27,existing credits paid back duly till now,furniture/equipment,2060,... < 100 DM,1 <= ... < 4 years,2,male,none,2,building society savings agreement / life insurance,31,none,rent,1,skilled employee / official,1,none,yes,1,single
... >= 200 DM / salary assignments for at least 1 year,50,delay in paying off in the past,furniture/equipment,1724,... < 100 DM,... < 1 year,2,male,none,3,building society savings agreement / life insurance,38,none,for free,1,skilled employee / official,1,none,yes,2,single
no checking account,23,critical account / other credits existing (not at this bank),business,1989,... < 100 DM,4 <= ... < 7 years,3,male,none,1,"car or other, not in savings account",41,none,own,2,skilled employee / official,1,none,yes,1,single
0 <= ... < 200 DM,34,critical account / other credits existing (not at this bank),business,2237,... < 100 DM,... < 1 year,4,male,none,2,"car or other, not in savings account",23,stores,own,2,management / self-employed / highly qualified employee / officer,1,"yes, registered under customer's name",yes,2,single
no checking account,33,existing credits paid back duly till now,furniture/equipment,5706,... < 100 DM,1 <= ... < 4 years,4,female,none,2,building society savings agreement / life insurance,21,none,own,1,skilled employee / official,1,none,yes,1,divorced/separated
... < 0 DM,15,delay in paying off in the past,car (new),1333,... < 100 DM,... >= 7 years,4,male,none,4,unknown / no property,49,bank,own,2,skilled employee / official,1,none,yes,2,single
0 <= ... < 200 DM,16,existing credits paid back duly till now,furniture/equipment,4862,100 <= ... < 500 DM,... < 1 year,2,male,co-applicant,3,"car or other, not in savings account",30,none,own,1,unemployed / unskilled - non-resident,1,none,yes,1,single
0 <= ... < 200 DM,31,existing credits paid back duly till now,radio/television,947,... < 100 DM,... < 1 year,2,male,none,3,building society savings agreement / life insurance,32,none,own,1,skilled employee / official,1,"yes, registered under customer's name",yes,1,married/widowed
no checking account,19,existing credits paid back duly till now,radio/television,2928,500 <= ... < 1000 DM,unemployed,4,male,none,2,"car or other, not in savings account",35,stores,own,1,skilled employee / official,2,"yes, registered under customer's name",yes,1,single
... < 0 DM,19,all credits at this bank paid back duly,business,538,... < 100 DM,... < 1 year,4,male,none,3,real estate,25,bank,own,2,skilled employee / official,1,none,yes,2,married/widowed
no checking account,20,existing credits paid back duly till now,radio/television,343,... < 100 DM,4 <= ... < 7 years,4,female,none,3,real estate,31,none,own,3,skilled employee / official,1,"yes, registered under customer's name",yes,1,divorced/separated
... >= 200 DM / salary assignments for at least 1 year,33,critical account / other credits existing (not at this bank),car (used),5068,100 <= ... < 500 DM,4 <= ... < 7 years,4,male,none,4,"car or other, not in savings account",29,none,own,1,skilled employee / official,1,"yes, registered under customer's name",yes,1,single
no checking account,14,existing credits paid back duly till now,furniture/equipment,9392,100 <= ... < 500 DM,... < 1 year,2,female,none,4,"car or other, not in savings account",22,none,own,1,skilled employee / official,1,"yes, registered under customer's name",yes,1,divorced/separated
0 <= ... < 200 DM,7,existing credits paid back duly till now,business,910,... < 100 DM,1 <= ... < 4 years,2,male,guarantor,2,real estate,27,bank,own,2,skilled employee / official,1,none,yes,2,married/widowed
... < 0 DM,26,critical account / other credits existing (not at this bank),radio/television,2206,... < 100 DM,4 <= ... < 7 years,4,male,none,2,"car or other, not in savings account",28,none,own,2,skilled employee / official,1,none,yes,1,single
no checking account,16,critical account / other credits existing (not at this bank),car (new),760,... < 100 DM,... >= 7 years,4,male,none,4,real estate,72,none,own,2,unskilled - resident,1,"yes, registered under customer's name",yes,1,single
... < 0 DM,17,critical account / other credits existing (not at this bank),car (new),713,... < 100 DM,... >= 7 years,4,male,none,4,building society savings agreement / life insurance,44,none,own,1,skilled employee / official,2,none,yes,1,single
no checking account,16,critical account / other credits existing (not at this bank),car (used),1327,... < 100 DM,... >= 7 years,4,male,none,2,"car or other, not in savings account",36,none,own,3,skilled employee / official,1,"yes, registered under customer's name",yes,1,single
... < 0 DM,5,critical account / other credits existing (not at this bank),car (new),1301,... < 100 DM,... < 1 year,2,male,guarantor,4,real estate,28,bank,rent,2,unskilled - resident,2,none,yes,1,single
no checking account,14,existing credits paid back duly till now,furniture/equipment,3309,... < 100 DM,1 <= ... < 4 years,2,male,guarantor,2,real estate,27,none,own,1,skilled employee / official,2,none,yes,1,single
no checking account,11,existing credits paid back duly till now,radio/television,2633,unknown / no savings account,1 <= ... < 4 years,3,female,none,1,"car or other, not in savings account",67,none,own,1,skilled employee / official,1,none,yes,1,divorced/separated
no checking account,51,all credits at this bank paid back duly,business,8434,unknown / no savings account,unemployed,4,male,co-applicant,4,unknown / no property,36,none,for free,1,management / self-employed / highly qualified employee / officer,1,"yes, registered under customer's name",yes,1,single
... < 0 DM,24,existing credits paid back duly till now,car (new),836,... < 100 DM,1 <= ... < 4 years,4,male,guarantor,2,real estate,26,none,own,1,skilled employee / official,1,none,yes,2,married/widowed
no checking account,12,existing credits paid back duly till now,furniture/equipment,2147,... < 100 DM,... < 1 year,4,male,none,4,unknown / no property,21,none,rent,1,skilled employee / official,2,none,yes,1,single
... < 0 DM,39,delay in paying off in the past,furniture/equipment,5619,... < 100 DM,... >= 7 years,2,male,none,3,unknown / no property,46,bank,for free,1,management / self-employed / highly qualified employee / officer,1,"yes, registered under customer's name",yes,2,single
0 <= ... < 200 DM,60,no credits taken / all credits paid back duly,car (new),12571,... < 100 DM,... >= 7 years,4,male,none,4,unknown / no property,42,none,for free,1,skilled employee / official,1,none,yes,2,single
... < 0 DM,6,existing credits paid back duly till now,business,1221,... < 100 DM,unemployed,1,female,co-applicant,4,building society savings agreement / life insurance,38,none,own,1,skilled employee / official,1,none,yes,2,divorced/separated
0 <= ... < 200 DM,25,existing credits paid back duly till now,business,8265,unknown / no savings account,... >= 7 years,4,male,none,4,unknown / no property,40,bank,own,1,skilled employee / official,2,"yes, registered under customer's name",yes,2,single
0 <= ... < 200 DM,42,existing credits paid back duly till now,radio/television,5071,500 <= ... < 1000 DM,... < 1 year,1,female,none,4,unknown / no property,47,none,for free,1,management / self-employed / highly qualified employee / officer,1,"yes, registered under customer's name",yes,1,divorced/separated
no checking account,15,critical account / other credits existing (not at this bank),domestic appliances,1498,... < 100 DM,... < 1 year,4,male,none,1,real estate,41,none,own,1,skilled employee / official,1,none,yes,1,divorced/separated
0 <= ... < 200 DM,48,existing credits paid back duly till now,radio/television,5737,500 <= ... < 1000 DM,... < 1 year,2,male,none,2,real estate,38,none,own,1,unskilled - resident,1,none,yes,2,divorced/separated
0 <= ... < 200 DM,9,critical account / other credits existing (not at this bank),business,929,... < 100 DM,... < 1 year,2,male,none,4,"car or other, not in savings account",39,none,own,1,unskilled - resident,1,none,yes,2,divorced/separated
no checking account,24,existing credits paid back duly till now,radio/television,677,... < 100 DM,... >= 7 years,4,female,none,4,real estate,43,none,own,1,unskilled - resident,1,none,yes,2,divorced/separated
0 <= ... < 200 DM,10,existing credits paid back duly till now,radio/television,5039,... < 100 DM,1 <= ... < 4 years,2,male,none,2,real estate,31,none,own,1,unskilled - resident,2,none,yes,1,divorced/separated
no checking account,10,critical account / other credits existing (not at this bank),car (new),7631,500 <= ... < 1000 DM,... >= 7 years,1,male,none,4,building society savings agreement / life insurance,48,none,for free,3,skilled employee / official,2,"yes, registered under customer's name",yes,1,single
0 <= ... < 200 DM,16,critical account / other credits existing (not at this bank),domestic appliances,1008,unknown / no savings account,... >= 7 years,4,male,none,4,real estate,40,none,own,2,unskilled - resident,1,none,yes,1,single
no checking account,12,existing credits paid back duly till now,radio/television,3489,500 <= ... < 1000 DM,... < 1 year,1,female,none,3,"car or other, not in savings account",29,none,own,1,skilled employee / official,1,"yes, registered under customer's name",yes,1,divorced/separated
no checking account,26,existing credits paid back duly till now,furniture/equipment,1700,... < 100 DM,1 <= ... < 4 years,2,male,none,2,real estate,23,none,own,1,skilled employee / official,1,none,yes,1,divorced/separated
no checking account,16,existing credits paid back duly till now,radio/television,1335,... < 100 DM,... >= 7 years,1,male,none,4,real estate,37,none,own,1,skilled employee / official,2,none,no,1,single
no checking account,22,delay in paying off in the past,radio/television,4572,... < 100 DM,4 <= ... < 7 years,4,male,none,3,building society savings agreement / life insurance,19,none,own,2,skilled employee / official,1,none,yes,1,single
no checking account,10,existing credits paid back duly till now,car (new),501,... < 100 DM,4 <= ... < 7 years,4,male,none,4,real estate,30,none,own,1,skilled employee / official,1,none,yes,2,single
... < 0 DM,26,delay in paying off in the past,education,3524,100 <= ... < 500 DM,1 <= ... < 4 years,4,male,none,1,"car or other, not in savings account",29,none,own,1,skilled employee / official,1,none,yes,2,single
no checking account,14,existing credits paid back duly till now,car (new),342,... < 100 DM,... >= 7 years,4,male,none,3,building society savings agreement / life insurance,42,none,own,1,skilled employee / official,1,"yes, registered under customer's name",yes,1,single
0 <= ... < 200 DM,25,existing credits paid back duly till now,repairs,10309,unknown / no savings account,1 <= ... < 4 years,4,male,none,1,unknown / no property,34,none,rent,1,skilled employee / official,1,none,yes,1,divorced/separated
no checking account,26,critical account / other credits existing (not at this bank),car (new),1200,100 <= ... < 500 DM,... >= 7 years,4,male,none,4,"car or other, not in savings account",30,none,own,3,skilled employee / official,1,"yes, registered under customer's name",yes,1,single
no checking account,13,existing credits paid back duly till now,business,3807,... < 100 DM,... >= 7 years,2,male,none,4,"car or other, not in savings account",44,none,own,1,management / self-employed / highly qualified employee / officer,1,"yes, registered under customer's name",yes,1,single
... < 0 DM,10,delay in paying off in the past,radio/television,5577,... < 100 DM,1 <= ... < 4 years,4,male,none,2,building society savings agreement / life insurance,19,none,own,2,skilled employee / official,2,none,yes,1,single
0 <= ... < 200 DM,15,existing credits paid back duly till now,furniture/equipment,1245,500 <= ... < 1000 DM,... < 1 year,3,male,none,3,building society savings agreement / life insurance,75,none,own,1,unskilled - resident,2,none,yes,1,single
... < 0 DM,17,existing credits paid back duly till now,radio/television,2296,... < 100 DM,unemployed,4,male,none,4,unknown / no property,64,none,own,1,skilled employee / official,1,none,yes,1,single
no checking account,17,all credits at this bank paid back duly,car (new),1295,... < 100 DM,1 <= ... < 4 years,3,female,co-applicant,1,"car or other, not in savings account",63,none,own,1,management / self-employed / highly qualified employee / officer,1,"yes, registered under customer's name",yes,1,divorced/separated
0 <= ... < 200 DM,63,existing credits paid back duly till now,business,5742,100 <= ... < 500 DM,... < 1 year,2,male,none,2,building society savings agreement / life insurance,28,none,own,1,management / self-employed / highly qualified employee / officer,1,"yes, registered under customer's name",yes,2,divorced/separated
... >= 200 DM / salary assignments for at least 1 year,20,critical account / other credits existing (not at this bank),car (new),2647,... < 100 DM,1 <= ... < 4 years,2,male,none,4,"car or other, not in savings account",39,none,own,1,skilled employee / official,1,none,yes,1,divorced/separated
... < 0 DM,23,delay in paying off in the past,furniture/equipment,250,... < 100 DM,... >= 7 years,4,male,co-applicant,4,real estate,53,none,own,2,unskilled - resident,2,none,yes,1,single
no checking account,6,existing credits paid back duly till now,radio/television,1475,... < 100 DM,... < 1 year,2,female,none,2,"car or other, not in savings account",31,none,own,1,unskilled - resident,1,none,yes,1,divorced/separated
0 <= ... < 200 DM,38,existing credits paid back duly till now,radio/television,887,... < 100 DM,... < 1 year,2,male,none,2,real estate,23,none,own,1,skilled employee / official,1,none,yes,2,married/widowed
no checking account,22,existing credits paid back duly till now,radio/television,2612,100 <= ... < 500 DM,1 <= ... < 4 years,4,female,none,3,"car or other, not in savings account",22,none,own,1,skilled employee / official,1,"yes, registered under customer's name",yes,1,divorced/separated
0 <= ... < 200 DM,43,existing credits paid back duly till now,radio/television,4369,unknown / no savings account,... >= 7 years,1,female,none,2,"car or other, not in savings account",25,none,own,1,skilled employee / official,1,none,yes,2,divorced/separated
... < 0 DM,11,existing credits paid back duly till now,radio/television,2432,... < 100 DM,... < 1 year,4,male,none,3,real estate,22,none,own,1,unskilled - resident,1,none,yes,2,single
0 <= ... < 200 DM,40,critical account / other credits existing (not at this bank),car (new),4241,... < 100 DM,... < 1 year,2,male,none,2,building society savings agreement / life insurance,24,stores,own,2,skilled employee / official,1,none,yes,2,single
no checking account,13,existing credits paid back duly till now,radio/television,1006,... < 100 DM,... < 1 year,4,female,none,2,"car or other, not in savings account",22,none,own,2,skilled employee / official,1,"yes, registered under customer's name",yes,1,divorced/separated
no checking account,24,existing credits paid back duly till now,furniture/equipment,15945,100 <= ... < 500 DM,... < 1 year,2,male,none,4,unknown / no property,39,none,own,1,management / self-employed / highly qualified employee / officer,1,none,yes,1,single
0 <= ... < 200 DM,15,existing credits paid back duly till now,furniture/equipment,1823,unknown / no savings account,... >= 7 years,2,male,none,4,"car or other, not in savings account",29,bank,own,1,skilled employee / official,1,none,yes,1,single
... < 0 DM,14,critical account / other credits existing (not at this bank),retraining,1675,... < 100 DM,1 <= ... < 4 years,3,male,none,1,building society savings agreement / life insurance,37,bank,rent,1,unskilled - resident,2,none,yes,2,divorced/separated
0 <= ... < 200 DM,7,existing credits paid back duly till now,radio/television,575,... < 100 DM,1 <= ... < 4 years,3,male,none,1,building society savings agreement / life insurance,36,none,own,2,unskilled - resident,1,"yes, registered under customer's name",yes,1,single
... >= 200 DM / salary assignments for at least 1 year,25,existing credits paid back duly till now,repairs,438,... < 100 DM,1 <= ... < 4 years,2,female,guarantor,2,building society savings agreement / life insurance,20,none,rent,1,unemployed / unskilled - non-resident,1,none,yes,1,divorced/separated
0 <= ... < 200 DM,25,critical account / other credits existing (not at this bank),car (used),1000,... < 100 DM,... >= 7 years,4,female,none,3,"car or other, not in savings account",41,bank,own,1,skilled employee / official,1,"yes, registered under customer's name",yes,2,single
0 <= ... < 200 DM,65,existing credits paid back duly till now,car (used),15141,... < 100 DM,unemployed,3,male,none,4,unknown / no property,70,none,for free,1,management / self-employed / highly qualified employee / officer,1,"yes, registered under customer's name",yes,1,single
0 <= ... < 200 DM,57,existing credits paid back duly till now,furniture/equipment,11442,... < 100 DM,... >= 7 years,4,male,none,4,unknown / no property,28,none,rent,1,skilled employee / official,1,"yes, registered under customer's name",yes,2,divorced/separated
... < 0 DM,13,existing credits paid back duly till now,radio/television,1447,unknown / no savings account,... >= 7 years,4,male,none,3,real estate,53,none,own,1,unskilled - resident,1,"yes, registered under customer's name",yes,1,single
no checking account,12,critical account / other credits existing (not at this bank),car (new),1041,... < 100 DM,unemployed,4,male,none,3,"car or other, not in savings account",25,none,own,3,skilled employee / official,1,"yes, registered under customer's name",yes,1,married/widowed
... < 0 DM,35,existing credits paid back duly till now,radio/television,3374,... < 100 DM,1 <= ... < 4 years,3,male,none,1,"car or other, not in savings account",24,none,own,1,skilled employee / official,1,none,yes,1,single
no checking account,25,critical account / other credits existing (not at this bank),business,616,... < 100 DM,1 <= ... < 4 years,4,male,none,3,real estate,30,none,own,1,skilled employee / official,1,none,yes,1,single
no checking account,26,existing credits paid back duly till now,car (used),4506,unknown / no savings account,... >= 7 years,3,male,none,4,unknown / no property,39,none,for free,1,management / self-employed / highly qualified employee / officer,1,"yes, registered under customer's name",yes,1,single
0 <= ... < 200 DM,30,no credits taken / all credits paid back duly,business,6366,... >= 1000 DM,... < 1 year,4,male,none,1,building society savings agreement / life insurance,25,none,own,4,skilled employee / official,1,none,yes,2,married/widowed
no checking account,8,existing credits paid back duly till now,furniture/equipment,1342,... < 100 DM,... < 1 year,1,female,none,1,"car or other, not in savings account",26,none,own,1,unskilled - resident,1,none,yes,2,divorced/separated
0 <= ... < 200 DM,17,all credits at this bank paid back duly,radio/television,834,... < 100 DM,4 <= ... < 7 years,3,male,guarantor,2,"car or other, not in savings account",57,none,own,2,management / self-employed / highly qualified employee / officer,1,"yes, registered under customer's name",yes,1,divorced/separated
0 <= ... < 200 DM,40,all credits at this bank paid back duly,furniture/equipment,9070,... < 100 DM,... < 1 year,2,female,none,2,"car or other, not in savings account",24,bank,own,2,unskilled - resident,1,none,yes,2,divorced/separated
no checking account,32,delay in paying off in the past,furniture/equipment,4847,... < 100 DM,... >= 7 years,4,male,none,2,"car or other, not in savings account",23,none,own,1,skilled employee / official,1,"yes, registered under customer's name",yes,1,single
no checking account,36,critical account / other credits existing (not at this bank),car (new),3313,unknown / no savings account,1 <= ... < 4 years,3,male,none,4,real estate,27,none,for free,1,skilled employee / official,1,"yes, registered under customer's name",yes,1,single
... < 0 DM,26,delay in paying off in the past,furniture/equipment,5332,... < 100 DM,... < 1 year,4,male,none,2,"car or other, not in savings account",27,bank,own,1,management / self-employed / highly qualified employee / officer,1,none,yes,2,divorced/separated
... < 0 DM,26,existing credits paid back duly till now,radio/television,3499,... < 100 DM,... >= 7 years,4,female,none,4,unknown / no property,28,bank,for free,1,skilled employee / official,1,"yes, registered under customer's name",yes,2,divorced/separated
... < 0 DM,22,critical account / other credits existing (not at this bank),car (new),2365,... < 100 DM,4 <= ... < 7 years,1,female,none,2,"car or other, not in savings account",24,none,own,1,skilled employee / official,1,"yes, registered under customer's name",yes,2,divorced/separated
0 <= ... < 200 DM,66,existing credits paid back duly till now,car (used),5053,... < 100 DM,1 <= ... < 4 years,1,male,none,2,"car or other, not in savings account",32,bank,own,1,management / self-employed / highly qualified employee / officer,1,"yes, registered under customer's name",yes,1,single
... < 0 DM,36,existing credits paid back duly till now,furniture/equipment,2967,... < 100 DM,1 <= ... < 4 years,2,male,none,2,"car or other, not in savings account",31,none,own,2,skilled employee / official,1,none,yes,1,single
... < 0 DM,25,delay in paying off in the past,furniture/equipment,2069,... < 100 DM,1 <= ... < 4 years,2,male,none,1,real estate,29,none,rent,1,skilled employee / official,1,none,yes,2,divorced/separated
no checking account,14,existing credits paid back duly till now,car (new),4929,... < 100 DM,... >= 7 years,4,male,none,4,real estate,35,none,for free,2,skilled employee / official,2,"yes, registered under customer's name",yes,1,single
0 <= ... < 200 DM,25,critical account / other credits existing (not at this bank),car (new),884,... < 100 DM,... < 1 year,2,male,none,2,building society savings agreement / life insurance,19,none,own,2,skilled employee / official,1,none,yes,2,single
0 <= ... < 200 DM,11,all credits at this bank paid back duly,business,854,... < 100 DM,... < 1 year,3,female,none,1,"car or other, not in savings account",30,none,own,1,skilled employee / official,1,none,yes,2,divorced/separated
0 <= ... < 200 DM,36,critical account / other credits existing (not at this bank),business,1740,... < 100 DM,... < 1 year,4,male,none,2,building society savings agreement / life insurance,37,none,own,2,skilled employee / official,1,none,yes,2,married/widowed
... >= 200 DM / salary assignments for at least 1 year,6,existing credits paid back duly till now,car (used),1737,... < 100 DM,1 <= ... < 4 years,2,male,none,4,building society savings agreement / life insurance,34,none,own,1,skilled employee / official,1,none,yes,1,single
... >= 200 DM / salary assignments for at least 1 year,26,existing credits paid back duly till now,furniture/equipment,3475,100 <= ... < 500 DM,1 <= ... < 4 years,2,female,none,2,"car or other, not in savings account",41,none,rent,1,management / self-employed / highly qualified employee / officer,1,"yes, registered under customer's name",yes,1,divorced/separated
0 <= ... < 200 DM,72,existing credits paid back duly till now,radio/television,250,... < 100 DM,1 <= ... < 4 years,4,male,none,2,building society savings agreement / life insurance,48,bank,own,1,unskilled - resident,1,none,yes,2,single
no checking account,11,critical account / other credits existing (not at this bank),furniture/equipment,1816,100 <= ... < 500 DM,... >= 7 years,1,female,none,4,building society savings agreement / life insurance,71,none,for free,1,skilled employee / official,1,"yes, registered under customer's name",yes,1,divorced/separated
0 <= ... < 200 DM,23,existing credits paid back duly till now,car (used),7757,... < 100 DM,... >= 7 years,4,male,none,4,unknown / no property,39,none,for free,2,skilled employee / official,1,"yes, registered under customer's name",yes,1,single
... < 0 DM,8,all credits at this bank paid back duly,education,1907,... < 100 DM,unemployed,1,female,none,3,real estate,60,none,rent,2,unskilled - resident,2,none,yes,2,divorced/separated
0 <= ... < 200 DM,15,existing credits paid back duly till now,radio/television,2194,unknown / no savings account,... >= 7 years,4,male,none,4,real estate,70,none,own,2,management / self-employed / highly qualified employee / officer,1,none,no,1,single
... < 0 DM,11,all credits at this bank paid back duly,car (new),7882,... < 100 DM,unemployed,4,female,none,1,unknown / no property,21,none,rent,1,skilled employee / official,1,none,yes,2,divorced/separated
no checking account,11,critical account / other credits existing (not at this bank),radio/television,1549,... < 100 DM,unemployed,1,female,none,4,building society savings agreement / life insurance,32,none,own,1,skilled employee / official,1,"yes, registered under customer's name",yes,1,divorced/separated
no checking account,38,delay in paying off in the past,car (new),4253,unknown / no savings account,1 <= ... < 4 years,4,male,none,1,"car or other, not in savings account",44,bank,own,2,skilled employee / official,2,none,no,1,single
... < 0 DM,6,critical account / other credits existing (not at this bank),car (new),2624,... < 100 DM,1 <= ... < 4 years,1,male,none,1,real estate,49,none,own,2,unskilled - resident,2,none,yes,1,single
0 <= ... < 200 DM,40,critical account / other credits existing (not at this bank),others,4698,unknown / no savings account,... >= 7 years,4,male,co-applicant,4,unknown / no property,62,none,for free,1,management / self-employed / highly qualified employee / officer,1,none,yes,1,single
no checking account,15,critical account / other credits existing (not at this bank),car (new),1188,... < 100 DM,... >= 7 years,4,male,none,4,real estate,43,none,own,2,skilled employee / official,1,none,yes,1,divorced/separated
0 <= ... < 200 DM,5,critical account / other credits existing (not at this bank),furniture/equipment,466,... < 100 DM,1 <= ... < 4 years,4,male,guarantor,2,"car or other, not in savings account",27,none,own,2,unskilled - resident,1,none,yes,2,single
... < 0 DM,10,existing credits paid back duly till now,furniture/equipment,1944,... < 100 DM,... < 1 year,1,female,co-applicant,4,"car or other, not in savings account",19,none,own,1,skilled employee / official,1,"yes, registered under customer's name",yes,1,divorced/separated
0 <= ... < 200 DM,19,critical account / other credits existing (not at this bank),business,1261,100 <= ... < 500 DM,... >= 7 years,4,male,none,2,unknown / no property,58,bank,own,2,skilled employee / official,1,none,yes,1,single
... < 0 DM,19,existing credits paid back duly till now,radio/television,4394,500 <= ... < 1000 DM,... >= 7 years,2,male,co-applicant,4,unknown / no property,64,none,for free,1,skilled employee / official,1,none,yes,1,divorced/separated
... < 0 DM,18,critical account / other credits existing (not at this bank),car (new),1196,... < 100 DM,1 <= ... < 4 years,4,male,none,4,real estate,44,stores,own,2,skilled employee / official,2,none,yes,1,single
0 <= ... < 200 DM,8,existing credits paid back duly till now,domestic appliances,3442,... < 100 DM,... < 1 year,2,male,guarantor,4,real estate,30,bank,own,1,skilled employee / official,1,none,yes,1,single
no checking account,8,all credits at this bank paid back duly,car (new),492,... < 100 DM,... >= 7 years,3,female,none,4,unknown / no property,39,none,own,2,skilled employee / official,1,none,yes,1,divorced/separated
no checking account,34,existing credits paid back duly till now,car (used),3672,... < 100 DM,1 <= ... < 4 years,2,male,none,2,"car or other, not in savings account",38,none,for free,2,skilled employee / official,1,"yes, registered under customer's name",yes,1,single
no checking account,40,existing credits paid back duly till now,furniture/equipment,2432,500 <= ... < 1000 DM,unemployed,1,female,none,3,"car or other, not in savings account",26,none,own,1,skilled employee / official,1,none,yes,2,divorced/separated
0 <= ... < 200 DM,23,critical account / other credits existing (not at this bank),business,14412,... < 100 DM,... >= 7 years,4,male,none,1,building society savings agreement / life insurance,25,stores,own,4,skilled employee / official,1,none,yes,1,single
0 <= ... < 200 DM,37,all credits at this bank paid back duly,repairs,4946,500 <= ... < 1000 DM,... < 1 year,4,male,none,1,building society savings agreement / life insurance,42,stores,own,2,skilled employee / official,1,"yes, registered under customer's name",yes,2,married/widowed
0 <= ... < 200 DM,52,all credits at this bank paid back duly,furniture/equipment,6185,100 <= ... < 500 DM,... < 1 year,4,female,none,2,unknown / no property,19,none,own,1,skilled employee / official,1,none,yes,2,divorced/separated
0 <= ... < 200 DM,37,all credits at this bank paid back duly,car (used),8916,... < 100 DM,... >= 7 years,1,male,guarantor,4,unknown / no property,38,none,for free,1,management / self-employed / highly qualified employee / officer,1,"yes, registered under customer's name",yes,1,single
... < 0 DM,24,existing credits paid back duly till now,furniture/equipment,3892,... >= 1000 DM,... < 1 year,3,male,none,2,unknown / no property,29,none,own,1,skilled employee / official,1,none,yes,1,single
0 <= ... < 200 DM,8,existing credits paid back duly till now,car (new),2483,unknown / no savings account,1 <= ... < 4 years,4,male,none,4,real estate,55,none,own,1,skilled employee / official,1,none,no,1,single
0 <= ... < 200 DM,36,delay in paying off in the past,furniture/equipment,9007,... < 100 DM,1 <= ... < 4 years,2,male,none,2,unknown / no property,35,stores,rent,1,management / self-employed / highly qualified employee / officer,1,"yes, registered under customer's name",yes,2,divorced/separated
no checking account,14,existing credits paid back duly till now,radio/television,393,... < 100 DM,... >= 7 years,4,male,guarantor,4,building society savings agreement / life insurance,27,none,own,1,skilled employee / official,1,none,yes,1,single
... < 0 DM,7,critical account / other credits existing (not at this bank),radio/television,1061,... < 100 DM,... >= 7 years,2,male,none,2,building society savings agreement / life insurance,44,none,own,2,skilled employee / official,1,none,yes,1,single
... < 0 DM,24,existing credits paid back duly till now,car (used),1929,... < 100 DM,4 <= ... < 7 years,2,female,none,4,"car or other, not in savings account",33,bank,rent,1,management / self-employed / highly qualified employee / officer,1,"yes, registered under customer's name",yes,1,divorced/separated
... < 0 DM,7,critical account / other credits existing (not at this bank),car (new),1566,100 <= ... < 500 DM,... >= 7 years,4,male,none,4,building society savings agreement / life insurance,31,none,own,2,skilled employee / official,1,none,yes,1,single
no checking account,22,critical account / other credits existing (not at this bank),business,6060,500 <= ... < 1000 DM,4 <= ... < 7 years,4,male,none,1,unknown / no property,44,none,own,2,skilled employee / official,1,"yes, registered under customer's name",yes,1,single
0 <= ... < 200 DM,36,critical account / other credits existing (not at this bank),business,8775,... >= 1000 DM,... < 1 year,4,male,none,3,"car or other, not in savings account",28,none,own,1,management / self-employed / highly qualified employee / officer,1,"yes, registered under customer's name",yes,1,single
no checking account,11,existing credits paid back duly till now,radio/television,1919,500 <= ... < 1000 DM,... >= 7 years,4,female,none,4,real estate,29,none,own,1,unskilled - resident,1,none,yes,1,divorced/separated
... < 0 DM,16,critical account / other credits existing (not at this bank),business,1901,unknown / no savings account,... >= 7 years,4,male,co-applicant,1,real estate,46,none,for free,2,skilled employee / official,1,none,yes,2,single
no checking account,14,existing credits paid back duly till now,car (used),2642,... < 100 DM,... >= 7 years,2,male,none,4,unknown / no property,53,none,for free,1,unskilled - resident,1,"yes, registered under customer's name",yes,1,single
... >= 200 DM / salary assignments for at least 1 year,23,existing credits paid back duly till now,furniture/equipment,5813,... < 100 DM,4 <= ... < 7 years,4,male,co-applicant,2,real estate,24,bank,rent,1,unskilled - resident,1,none,yes,2,single
no checking account,16,existing credits paid back duly till now,furniture/equipment,6871,unknown / no savings account,4 <= ... < 7 years,1,male,none,1,building society savings agreement / life insurance,23,bank,own,1,skilled employee / official,1,none,yes,1,divorced/separated
no checking account,27,delay in paying off in the past,furniture/equipment,7577,... < 100 DM,unemployed,1,male,guarantor,1,unknown / no property,25,none,for free,1,skilled employee / official,1,"yes, registered under customer's name",yes,2,single
0 <= ... < 200 DM,26,existing credits paid back duly till now,furniture/equipment,3458,100 <= ... < 500 DM,... >= 7 years,3,female,none,2,"car or other, not in savings account",33,none,rent,1,unskilled - resident,1,none,yes,1,divorced/separated
no checking account,6,existing credits paid back duly till now,business,4361,unknown / no savings account,4 <= ... < 7 years,1,male,none,1,building society savings agreement / life insurance,48,none,own,1,unemployed / unskilled - non-resident,1,none,yes,1,single
0 <= ... < 200 DM,9,existing credits paid back duly till now,radio/television,1852,unknown / no savings account,unemployed,3,male,guarantor,4,unknown / no property,48,none,own,1,skilled employee / official,1,none,yes,1,single
0 <= ... < 200 DM,12,existing credits paid back duly till now,radio/television,3058,... < 100 DM,1 <= ... < 4 years,4,female,co-applicant,2,real estate,24,none,own,1,skilled employee / official,1,none,yes,2,married/widowed
... < 0 DM,34,existing credits paid back duly till now,furniture/equipment,4283,... < 100 DM,1 <= ... < 4 years,4,female,none,2,unknown / no property,38,none,own,1,management / self-employed / highly qualified employee / officer,1,none,yes,2,divorced/separated
... < 0 DM,26,critical account / other credits existing (not at this bank),radio/television,1650,... < 100 DM,... >= 7 years,4,female,none,3,"car or other, not in savings account",57,none,own,2,skilled employee / official,1,"yes, registered under customer's name",yes,1,divorced/separated
0 <= ... < 200 DM,34,delay in paying off in the past,radio/television,693,... < 100 DM,1 <= ... < 4 years,4,female,none,3,building society savings agreement / life insurance,29,stores,own,2,management / self-employed / highly qualified employee / officer,1,none,yes,2,single
... >= 200 DM / salary assignments for at least 1 year,16,existing credits paid back duly till now,business,1074,... < 100 DM,... >= 7 years,4,male,none,2,real estate,68,none,own,2,skilled employee / official,1,none,yes,1,single
no checking account,35,critical account / other credits existing (not at this bank),radio/television,4508,... < 100 DM,4 <= ... < 7 years,2,male,none,2,real estate,27,none,own,2,skilled employee / official,1,none,yes,1,single
no checking account,4,existing credits paid back duly till now,others,623,... < 100 DM,... >= 7 years,1,female,none,2,"car or other, not in savings account",20,none,own,1,skilled employee / official,1,none,yes,1,divorced/separated
... >= 200 DM / salary assignments for at least 1 year,8,critical account / other credits existing (not at this bank),radio/television,362,... < 100 DM,4 <= ... < 7 years,4,male,none,3,"car or other, not in savings account",50,none,own,1,skilled employee / official,1,"yes, registered under customer's name",yes,1,married/widowed
no checking account,26,critical account / other credits existing (not at this bank),others,1874,100 <= ... < 500 DM,... >= 7 years,4,male,none,4,unknown / no property,36,none,for free,3,skilled employee / official,1,"yes, registered under customer's name",yes,1,single
... < 0 DM,18,critical account / other credits existing (not at this bank),radio/television,1150,... < 100 DM,1 <= ... < 4 years,2,male,co-applicant,3,unknown / no property,40,none,own,2,skilled employee / official,2,none,yes,2,single
0 <= ... < 200 DM,24,existing credits paid back duly till now,furniture/equipment,1483,... < 100 DM,1 <= ... < 4 years,2,male,none,3,"car or other, not in savings account",19,none,rent,1,unskilled - resident,1,none,yes,2,single
0 <= ... < 200 DM,14,existing credits paid back duly till now,radio/television,9064,... < 100 DM,1 <= ... < 4 years,2,female,none,4,real estate,51,none,own,1,management / self-employed / highly qualified employee / officer,1,none,yes,2,divorced/separated
0 <= ... < 200 DM,15,existing credits paid back duly till now,radio/television,2029,... < 100 DM,4 <= ... < 7 years,4,male,none,4,"car or other, not in savings account",27,none,own,2,unskilled - resident,1,none,yes,1,married/widowed
no checking account,5,existing credits paid back duly till now,radio/television,1680,unknown / no savings account,4 <= ... < 7 years,1,female,none,1,building society savings agreement / life insurance,47,none,own,1,skilled employee / official,1,none,yes,1,single
no checking account,11,existing credits paid back duly till now,radio/television,1987,unknown / no savings account,4 <= ... < 7 years,1,male,none,4,real estate,38,none,own,1,skilled employee / official,1,"yes, registered under customer's name",yes,1,divorced/separated
no checking account,16,critical account / other credits existing (not at this bank),retraining,2650,unknown / no savings account,... >= 7 years,1,male,none,4,real estate,48,none,own,1,skilled employee / official,1,none,yes,1,single
0 <= ... < 200 DM,7,existing credits paid back duly till now,radio/television,742,... < 100 DM,1 <= ... < 4 years,2,female,none,1,real estate,26,none,own,1,skilled employee / official,1,none,yes,1,divorced/separated
0 <= ... < 200 DM,9,existing credits paid back duly till now,furniture/equipment,883,... < 100 DM,4 <= ... < 7 years,4,male,none,4,real estate,35,none,own,1,skilled employee / official,1,none,yes,1,married/widowed
0 <= ... < 200 DM,64,existing credits paid back duly till now,furniture/equipment,1636,... < 100 DM,... < 1 year,3,male,none,1,real estate,73,bank,own,1,skilled employee / official,1,none,yes,2,single
... < 0 DM,9,existing credits paid back duly till now,furniture/equipment,1783,... < 100 DM,... < 1 year,4,male,co-applicant,2,real estate,28,none,own,1,skilled employee / official,1,none,yes,2,married/widowed
no checking account,28,existing credits paid back duly till now,car (used),3521,unknown / no savings account,4 <= ... < 7 years,2,male,none,4,building society savings agreement / life insurance,34,none,own,1,skilled employee / official,1,"yes, registered under customer's name",yes,1,single
... < 0 DM,24,delay in paying off in the past,car (new),3959,... < 100 DM,... >= 7 years,4,male,none,4,building society savings agreement / life insurance,28,bank,for free,1,skilled employee / official,1,"yes, registered under customer's name",yes,2,single
no checking account,22,critical account / other credits existing (not at this bank),car (new),250,... < 100 DM,unemployed,1,male,none,4,real estate,44,none,own,3,skilled employee / official,2,none,yes,1,single
no checking account,18,critical account / other credits existing (not at this bank),radio/television,1728,... < 100 DM,4 <= ... < 7 years,4,female,none,4,real estate,38,none,own,2,skilled employee / official,1,"yes, registered under customer's name",yes,1,divorced/separated
0 <= ... < 200 DM,7,critical account / other credits existing (not at this bank),car (new),1311,... < 100 DM,... < 1 year,4,male,guarantor,2,building society savings agreement / life insurance,55,none,own,2,unskilled - resident,1,none,yes,1,single
no checking account,30,existing credits paid back duly till now,repairs,1616,... < 100 DM,... < 1 year,2,male,none,2,"car or other, not in savings account",20,none,own,1,skilled employee / official,1,none,yes,1,single
0 <= ... < 200 DM,25,critical account / other credits existing (not at this bank),car (used),1668,... < 100 DM,unemployed,4,male,none,3,building society savings agreement / life insurance,33,bank,own,2,management / self-employed / highly qualified employee / officer,1,none,yes,2,single
no checking account,20,existing credits paid back duly till now,radio/television,2290,... < 100 DM,... >= 7 years,1,female,none,4,building society savings agreement / life insurance,64,none,rent,1,skilled employee / official,1,none,yes,1,divorced/separated
... < 0 DM,23,existing credits paid back duly till now,furniture/equipment,3183,... < 100 DM,1 <= ... < 4 years,2,male,none,1,real estate,55,none,own,1,unskilled - resident,2,none,yes,2,married/widowed
... < 0 DM,35,existing credits paid back duly till now,radio/television,1021,... < 100 DM,4 <= ... < 7 years,2,male,none,2,building society savings agreement / life insurance,21,none,own,2,skilled employee / official,1,none,yes,1,married/widowed
no checking account,14,existing credits paid back duly till now,radio/television,4428,unknown / no savings account,1 <= ... < 4 years,1,male,none,4,building society savings agreement / life insurance,26,bank,rent,1,skilled employee / official,1,none,yes,1,single
0 <= ... < 200 DM,6,existing credits paid back duly till now,radio/television,860,500 <= ... < 1000 DM,1 <= ... < 4 years,1,female,none,1,"car or other, not in savings account",28,none,own,1,skilled employee / official,1,"yes, registered under customer's name",yes,1,divorced/separated
no checking account,30,delay in paying off in the past,radio/television,12950,... < 100 DM,1 <= ... < 4 years,4,male,guarantor,2,real estate,22,none,own,2,skilled employee / official,2,"yes, registered under customer's name",yes,2,divorced/separated
0 <= ... < 200 DM,10,existing credits paid back duly till now,car (new),2057,500 <= ... < 1000 DM,1 <= ... < 4 years,4,female,none,1,real estate,22,none,own,1,skilled employee / official,1,none,yes,2,divorced/separated
... < 0 DM,20,existing credits paid back duly till now,radio/television,8392,... < 100 DM,... < 1 year,4,female,none,2,"car or other, not in savings account",19,none,own,1,skilled employee / official,1,none,yes,2,divorced/separated
no checking account,5,existing credits paid back duly till now,furniture/equipment,1763,... < 100 DM,unemployed,4,male,none,4,building society savings agreement / life insurance,45,none,own,1,unskilled - resident,2,none,yes,1,married/widowed
... < 0 DM,8,existing credits paid back duly till now,car (new),1129,... < 100 DM,... >= 7 years,4,male,none,4,real estate,68,none,own,2,skilled employee / official,1,"yes, registered under customer's name",yes,1,single
0 <= ... < 200 DM,18,existing credits paid back duly till now,radio/television,1484,... < 100 DM,... < 1 year,1,female,none,1,real estate,36,none,own,1,management / self-employed / highly qualified employee / officer,1,none,yes,2,divorced/separated
no checking account,7,existing credits paid back duly till now,car (new),1818,... < 100 DM,4 <= ... < 7 years,2,male,guarantor,4,real estate,39,bank,rent,1,unskilled - resident,1,none,yes,1,single
... < 0 DM,50,existing credits paid back duly till now,radio/television,767,... < 100 DM,... < 1 year,4,male,none,4,unknown / no property,33,bank,rent,2,skilled employee / official,1,none,yes,2,divorced/separated
no checking account,71,existing credits paid back duly till now,car (used),13804,... < 100 DM,unemployed,4,female,none,4,unknown / no property,40,none,for free,1,management / self-employed / highly qualified employee / officer,2,"yes, registered under customer's name",yes,1,divorced/separated
no checking account,28,existing credits paid back duly till now,furniture/equipment,7101,... < 100 DM,... >= 7 years,2,male,none,4,unknown / no property,34,none,for free,1,management / self-employed / highly qualified employee / officer,1,"yes, registered under customer's name",yes,1,single
... < 0 DM,32,delay in paying off in the past,retraining,5996,... < 100 DM,4 <= ... < 7 years,4,female,none,2,"car or other, not in savings account",31,none,own,2,unskilled - resident,1,none,yes,1,divorced/separated
no checking account,11,existing credits paid back duly till now,radio/television,256,... < 100 DM,1 <= ... < 4 years,4,male,none,2,real estate,19,none,own,1,skilled employee / official,1,none,yes,2,married/widowed
no checking account,42,existing credits paid back duly till now,car (used),2776,unknown / no savings account,1 <= ... < 4 years,2,male,none,2,unknown / no property,26,none,own,1,skilled employee / official,1,none,yes,1,single
0 <= ... < 200 DM,25,existing credits paid back duly till now,repairs,1258,... < 100 DM,4 <= ... < 7 years,1,male,none,4,"car or other, not in savings account",21,none,own,1,unskilled - resident,1,none,yes,2,divorced/separated
0 <= ... < 200 DM,20,existing credits paid back duly till now,radio/television,3258,100 <= ... < 500 DM,4 <= ... < 7 years,2,male,none,2,"car or other, not in savings account",23,bank,own,1,skilled employee / official,2,none,yes,1,single
0 <= ... < 200 DM,20,existing credits paid back duly till now,furniture/equipment,1505,100 <= ... < 500 DM,... < 1 year,4,female,guarantor,1,building society savings agreement / life insurance,20,none,own,1,skilled employee / official,1,none,yes,2,divorced/separated
... < 0 DM,27,critical account / other credits existing (not at this bank),business,1716,... < 100 DM,... >= 7 years,2,male,none,3,"car or other, not in savings account",61,none,own,2,skilled employee / official,2,none,yes,2,single
... < 0 DM,18,existing credits paid back duly till now,radio/television,2322,... < 100 DM,... < 1 year,3,male,none,1,real estate,22,none,own,1,skilled employee / official,1,none,yes,2,single
... < 0 DM,24,existing credits paid back duly till now,radio/television,739,100 <= ... < 500 DM,... < 1 year,4,male,none,3,building society savings agreement / life insurance,67,none,own,1,skilled employee / official,1,none,yes,1,single
... < 0 DM,43,existing credits paid back duly till now,furniture/equipment,2096,... < 100 DM,4 <= ... < 7 years,4,female,none,2,"car or other, not in savings account",20,none,own,1,skilled employee / official,1,none,yes,1,divorced/separated
no checking account,20,existing credits paid back duly till now,radio/television,1669,... < 100 DM,... >= 7 years,4,male,none,3,real estate,41,none,own,1,skilled employee / official,1,"yes, registered under customer's name",yes,1,single
no checking account,26,critical account / other credits existing (not at this bank),business,3488,... < 100 DM,1 <= ... < 4 years,2,male,none,3,real estate,74,none,own,2,skilled employee / official,2,none,yes,1,single
0 <= ... < 200 DM,28,existing credits paid back duly till now,car (used),7775,unknown / no savings account,unemployed,2,male,none,4,"car or other, not in savings account",41,none,for free,1,management / self-employed / highly qualified employee / officer,1,"yes, registered under customer's name",yes,1,single
... < 0 DM,27,no credits taken / all credits paid back duly,car (new),1969,... < 100 DM,4 <= ... < 7 years,4,male,none,3,building society savings agreement / life insurance,29,stores,own,2,skilled employee / official,1,none,yes,2,married/widowed
0 <= ... < 200 DM,17,all credits at this bank paid back duly,car (new),1468,... >= 1000 DM,1 <= ... < 4 years,1,female,none,2,"car or other, not in savings account",21,none,own,1,skilled employee / official,1,none,yes,1,divorced/separated
... < 0 DM,14,critical account / other credits existing (not at this bank),car (new),1545,... < 100 DM,4 <= ... < 7 years,4,male,none,4,building society savings agreement / life insurance,60,none,own,1,skilled employee / official,1,none,yes,1,single
no checking account,26,existing credits paid back duly till now,furniture/equipment,3726,... < 100 DM,... < 1 year,2,female,none,2,"car or other, not in savings account",47,none,own,1,management / self-employed / highly qualified employee / officer,1,none,yes,1,divorced/separated
no checking account,36,existing credits paid back duly till now,education,2397,... < 100 DM,4 <= ... < 7 years,3,male,none,1,real estate,31,none,own,1,unskilled - resident,1,"yes, registered under customer's name",yes,1,single
no checking account,9,critical account / other credits existing (not at this bank),furniture/equipment,4955,... < 100 DM,4 <= ... < 7 years,1,male,none,2,"car or other, not in savings account",23,none,own,2,skilled employee / official,1,"yes, registered under customer's name",yes,1,married/widowed
... < 0 DM,46,existing credits paid back duly till now,car (used),2362,... < 100 DM,1 <= ... < 4 years,1,male,none,4,unknown / no property,37,none,for free,1,management / self-employed / highly qualified employee / officer,1,none,yes,2,single
no checking account,8,existing credits paid back duly till now,business,1126,unknown / no savings account,... < 1 year,4,male,none,4,"car or other, not in savings account",39,none,own,2,skilled employee / official,1,"yes, registered under customer's name",yes,1,single
0 <= ... < 200 DM,20,existing credits paid back duly till now,education,10226,500 <= ... < 1000 DM,1 <= ... < 4 years,2,male,none,1,"car or other, not in savings account",20,none,rent,1,skilled employee / official,1,none,yes,1,married/widowed
no checking account,20,delay in paying off in the past,radio/television,3393,unknown / no savings account,... < 1 year,1,male,none,4,"car or other, not in savings account",53,none,own,1,skilled employee / official,1,"yes, registered under customer's name",yes,1,divorced/separated
no checking account,17,existing credits paid back duly till now,radio/television,3252,... < 100 DM,1 <= ... < 4 years,4,male,guarantor,1,real estate,30,none,own,1,skilled employee / official,1,none,yes,1,single
no checking account,24,existing credits paid back duly till now,car (new),1651,... < 100 DM,... >= 7 years,3,male,none,2,unknown / no property,44,none,for free,1,skilled employee / official,1,"yes, registered under customer's name",yes,1,single
0 <= ... < 200 DM,17,existing credits paid back duly till now,furniture/equipment,554,... < 100 DM,1 <= ... < 4 years,3,male,guarantor,2,unknown / no property,21,none,own,1,skilled employee / official,1,"yes, registered under customer's name",yes,2,single
no checking account,11,existing credits paid back duly till now,car (new),2993,500 <= ... < 1000 DM,... < 1 year,1,male,none,1,real estate,31,none,own,1,unskilled - resident,1,"yes, registered under customer's name",yes,1,divorced/separated
0 <= ... < 200 DM,13,critical account / other credits existing (not at this bank),radio/television,4438,100 <= ... < 500 DM,... < 1 year,4,male,guarantor,1,real estate,47,none,own,1,skilled employee / official,1,none,yes,1,single
no checking account,4,existing credits paid back duly till now,car (new),4499,500 <= ... < 1000 DM,4 <= ... < 7 years,1,male,none,4,unknown / no property,28,none,rent,1,unskilled - resident,1,none,yes,1,single
no checking account,18,critical account / other credits existing (not at this bank),car (new),3609,unknown / no savings account,1 <= ... < 4 years,2,male,none,4,real estate,23,none,own,1,skilled employee / official,1,none,yes,1,divorced/separated
0 <= ... < 200 DM,38,delay in paying off in the past,furniture/equipment,3352,... < 100 DM,unemployed,4,female,none,3,"car or other, not in savings account",33,none,own,1,management / self-employed / highly qualified employee / officer,1,"yes, registered under customer's name",yes,2,divorced/separated
no checking account,26,existing credits paid back duly till now,car (used),4696,unknown / no savings account,... >= 7 years,2,male,none,4,unknown / no property,50,bank,for free,1,management / self-employed / highly qualified employee / officer,1,"yes, registered under customer's name",yes,1,single
... >= 200 DM / salary assignments for at least 1 year,4,existing credits paid back duly till now,radio/television,602,500 <= ... < 1000 DM,... >= 7 years,4,female,none,4,"car or other, not in savings account",32,none,own,1,skilled employee / official,1,"yes, registered under customer's name",yes,1,divorced/separated
0 <= ... < 200 DM,16,existing credits paid back duly till now,radio/television,1445,... < 100 DM,... < 1 year,3,male,none,2,real estate,23,bank,rent,1,unemployed / unskilled - non-resident,1,none,yes,2,divorced/separated
... < 0 DM,30,delay in paying off in the past,furniture/equipment,2185,... < 100 DM,unemployed,3,male,none,2,building society savings agreement / life insurance,31,none,own,2,skilled employee / official,1,"yes, registered under customer's name",yes,1,divorced/separated
no checking account,21,critical account / other credits existing (not at this bank),car (used),2279,100 <= ... < 500 DM,4 <= ... < 7 years,2,male,none,4,real estate,33,none,own,2,skilled employee / official,1,none,yes,1,single
... < 0 DM,19,critical account / other credits existing (not at this bank),furniture/equipment,715,... < 100 DM,... < 1 year,4,male,none,3,building society savings agreement / life insurance,24,none,own,2,skilled employee / official,1,none,yes,1,married/widowed
0 <= ... < 200 DM,19,existing credits paid back duly till now,radio/television,2289,unknown / no savings account,... >= 7 years,3,male,none,4,real estate,40,none,rent,1,skilled employee / official,2,none,yes,1,single
... < 0 DM,10,delay in paying off in the past,radio/television,750,... < 100 DM,... >= 7 years,4,male,none,1,building society savings agreement / life insurance,37,none,own,2,skilled employee / official,1,none,yes,1,divorced/separated
... < 0 DM,11,no credits taken / all credits paid back duly,car (new),582,... < 100 DM,... >= 7 years,4,male,none,4,building society savings agreement / life insurance,45,none,own,2,skilled employee / official,2,none,yes,2,single
0 <= ... < 200 DM,25,existing credits paid back duly till now,car (used),1302,100 <= ... < 500 DM,unemployed,3,female,none,4,"car or other, not in savings account",32,none,rent,1,skilled employee / official,1,"yes, registered under customer's name",yes,1,divorced/separated
... < 0 DM,12,all credits at this bank paid back duly,education,10418,... < 100 DM,... < 1 year,1,female,none,2,unknown / no property,27,bank,own,1,unskilled - resident,1,none,yes,2,divorced/separated
0 <= ... < 200 DM,18,critical account / other credits existing (not at this bank),car (new),3268,500 <= ... < 1000 DM,... >= 7 years,3,male,none,4,unknown / no property,42,none,own,4,skilled employee / official,1,none,yes,1,single
no checking account,12,existing credits paid back duly till now,radio/television,8208,unknown / no savings account,... >= 7 years,1,male,none,3,real estate,32,none,own,3,unskilled - resident,1,"yes, registered under customer's name",yes,1,single
no checking account,63,existing credits paid back duly till now,furniture/equipment,2539,... < 100 DM,unemployed,1,male,none,2,unknown / no property,27,none,rent,1,management / self-employed / highly qualified employee / officer,1,"yes, registered under customer's name",yes,1,divorced/separated
no checking account,7,no credits taken / all credits paid back duly,car (used),2892,... < 100 DM,unemployed,2,female,none,4,real estate,63,none,for free,1,management / self-employed / highly qualified employee / officer,1,"yes, registered under customer's name",yes,1,divorced/separated
0 <= ... < 200 DM,37,critical account / other credits existing (not at this bank),radio/television,7805,100 <= ... < 500 DM,1 <= ... < 4 years,2,male,none,2,building society savings agreement / life insurance,30,none,for free,2,unemployed / unskilled - non-resident,1,"yes, registered under customer's name",yes,2,single
no checking account,12,critical account / other credits existing (not at this bank),car (new),646,... < 100 DM,1 <= ... < 4 years,3,male,guarantor,2,real estate,19,none,own,1,skilled employee / official,2,none,yes,1,single
... < 0 DM,39,all credits at this bank paid back duly,others,3149,... < 100 DM,1 <= ... < 4 years,2,male,none,4,"car or other, not in savings account",42,bank,own,1,unskilled - resident,2,none,yes,2,single
... < 0 DM,11,critical account / other credits existing (not at this bank),car (new),800,... < 100 DM,4 <= ... < 7 years,1,male,none,3,real estate,37,bank,own,2,skilled employee / official,1,none,yes,2,single
no checking account,11,critical account / other credits existing (not at this bank),business,1029,... < 100 DM,... >= 7 years,1,male,none,3,building society savings agreement / life insurance,44,none,own,2,skilled employee / official,2,"yes, registered under customer's name",yes,1,single
no checking account,41,delay in paying off in the past,radio/television,1631,... < 100 DM,unemployed,1,female,none,2,"car or other, not in savings account",26,none,own,1,management / self-employed / highly qualified employee / officer,1,"yes, registered under customer's name",yes,1,divorced/separated
... < 0 DM,13,delay in paying off in the past,repairs,4549,... < 100 DM,1 <= ... < 4 years,2,female,none,4,"car or other, not in savings account",36,none,own,3,skilled employee / official,1,"yes, registered under customer's name",yes,1,divorced/separated
0 <= ... < 200 DM,26,critical account / other credits existing (not at this bank),radio/television,1343,... < 100 DM,... >= 7 years,4,male,guarantor,4,real estate,63,none,own,1,skilled employee / official,1,none,yes,1,single
0 <= ... < 200 DM,21,critical account / other credits existing (not at this bank),car (new),1722,... < 100 DM,1 <= ... < 4 years,2,male,none,3,real estate,43,bank,own,2,unskilled - resident,2,none,yes,1,single
no checking account,9,critical account / other credits existing (not at this bank),radio/television,1260,... < 100 DM,1 <= ... < 4 years,1,male,none,2,building society savings agreement / life insurance,46,none,own,2,unskilled - resident,2,none,yes,1,divorced/separated
... < 0 DM,25,existing credits paid back duly till now,furniture/equipment,3607,... < 100 DM,... < 1 year,2,male,none,2,"car or other, not in savings account",19,bank,own,1,management / self-employed / highly qualified employee / officer,1,none,yes,2,single
no checking account,70,existing credits paid back duly till now,radio/television,1150,... < 100 DM,... < 1 year,4,male,none,2,"car or other, not in savings account",21,bank,own,2,unskilled - resident,1,none,yes,1,single
0 <= ... < 200 DM,18,existing credits paid back duly till now,radio/television,1169,unknown / no savings account,4 <= ... < 7 years,4,female,none,4,unknown / no property,39,none,own,1,skilled employee / official,1,none,yes,1,single
no checking account,10,existing credits paid back duly till now,radio/television,1325,unknown / no savings account,1 <= ... < 4 years,4,male,none,2,real estate,20,none,own,1,unskilled - resident,1,none,yes,1,married/widowed
... < 0 DM,30,no credits taken / all credits paid back duly,business,1688,... < 100 DM,... >= 7 years,4,female,none,2,"car or other, not in savings account",30,none,own,2,skilled employee / official,1,"yes, registered under customer's name",yes,1,single
no checking account,17,critical account / other credits existing (not at this bank),radio/television,3890,... < 100 DM,1 <= ... < 4 years,2,male,none,4,"car or other, not in savings account",29,none,own,1,skilled employee / official,1,none,yes,1,single
0 <= ... < 200 DM,13,existing credits paid back duly till now,furniture/equipment,339,100 <= ... < 500 DM,1 <= ... < 4 years,4,female,none,2,real estate,31,none,own,1,skilled employee / official,1,none,yes,1,divorced/separated
0 <= ... < 200 DM,8,existing credits paid back duly till now,furniture/equipment,250,... < 100 DM,1 <= ... < 4 years,4,female,co-applicant,2,building society savings agreement / life insurance,23,none,rent,1,unskilled - resident,1,none,yes,2,married/widowed
0 <= ... < 200 DM,16,existing credits paid back duly till now,repairs,9813,... < 100 DM,unemployed,1,male,none,4,unknown / no property,69,none,own,1,unskilled - resident,1,none,yes,2,married/widowed
no checking account,23,critical account / other credits existing (not at this bank),car (new),2114,500 <= ... < 1000 DM,4 <= ... < 7 years,1,male,guarantor,4,unknown / no property,47,none,for free,4,skilled employee / official,1,none,yes,1,single
... >= 200 DM / salary assignments for at least 1 year,13,existing credits paid back duly till now,car (new),288,... < 100 DM,... < 1 year,4,male,none,4,real estate,38,bank,own,1,unemployed / unskilled - non-resident,1,none,no,1,divorced/separated
0 <= ... < 200 DM,11,existing credits paid back duly till now,radio/television,2102,500 <= ... < 1000 DM,unemployed,1,male,none,2,real estate,32,bank,for free,1,skilled employee / official,2,none,yes,1,single
no checking account,22,existing credits paid back duly till now,radio/television,816,... < 100 DM,... >= 7 years,2,male,none,2,real estate,63,none,own,1,unskilled - resident,1,none,yes,1,single
0 <= ... < 200 DM,34,critical account / other credits existing (not at this bank),education,4598,... < 100 DM,... < 1 year,4,male,none,3,unknown / no property,25,none,own,2,skilled employee / official,1,"yes, registered under customer's name",yes,2,single
0 <= ... < 200 DM,9,existing credits paid back duly till now,furniture/equipment,250,... < 100 DM,1 <= ... < 4 years,1,male,guarantor,4,building society savings agreement / life insurance,25,none,own,1,skilled employee / official,1,none,yes,1,married/widowed
no checking account,19,existing credits paid back duly till now,radio/television,1769,... < 100 DM,4 <= ... < 7 years,4,male,none,3,building society savings agreement / life insurance,23,none,own,4,skilled employee / official,1,"yes, registered under customer's name",yes,1,married/widowed
no checking account,19,all credits at this bank paid back duly,radio/television,881,... < 100 DM,... < 1 year,4,female,guarantor,2,"car or other, not in savings account",20,none,own,1,skilled employee / official,1,none,yes,1,divorced/separated
no checking account,20,existing credits paid back duly till now,furniture/equipment,15945,... < 100 DM,1 <= ... < 4 years,4,female,none,2,"car or other, not in savings account",23,none,own,1,skilled employee / official,1,"yes, registered under customer's name",yes,1,divorced/separated
0 <= ... < 200 DM,36,delay in paying off in the past,car (used),3759,... < 100 DM,... >= 7 years,4,male,none,2,"car or other, not in savings account",21,none,own,1,skilled employee / official,1,"yes, registered under customer's name",yes,1,single
no checking account,15,delay in paying off in the past,retraining,12906,100 <= ... < 500 DM,1 <= ... < 4 years,4,female,none,2,unknown / no property,31,none,own,1,skilled employee / official,1,"yes, registered under customer's name",yes,1,divorced/separated
... < 0 DM,7,existing credits paid back duly till now,radio/television,1106,... < 100 DM,1 <= ... < 4 years,4,male,co-applicant,3,real estate,31,none,own,2,skilled employee / official,1,none,yes,1,single
... < 0 DM,55,existing credits paid back duly till now,furniture/equipment,3429,100 <= ... < 500 DM,... < 1 year,1,female,none,2,building society savings agreement / life insurance,23,none,own,1,skilled employee / official,1,none,yes,2,divorced/separated
... < 0 DM,43,existing credits paid back duly till now,business,3490,... < 100 DM,1 <= ... < 4 years,2,male,none,4,real estate,37,none,own,1,unskilled - resident,2,none,yes,2,single
0 <= ... < 200 DM,21,critical account / other credits existing (not at this bank),radio/television,1509,... < 100 DM,... >= 7 years,4,male,none,3,"car or other, not in savings account",36,stores,own,1,skilled employee / official,1,"yes, registered under customer's name",yes,2,single
... < 0 DM,49,delay in paying off in the past,repairs,289,unknown / no savings account,1 <= ... < 4 years,2,male,none,4,"car or other, not in savings account",48,bank,for free,1,management / self-employed / highly qualified employee / officer,1,"yes, registered under customer's name",yes,2,single
... < 0 DM,37,critical account / other credits existing (not at this bank),car (used),8167,... < 100 DM,... >= 7 years,1,male,none,2,"car or other, not in savings account",24,bank,own,1,skilled employee / official,1,"yes, registered under customer's name",yes,2,single
no checking account,64,existing credits paid back duly till now,furniture/equipment,1836,... < 100 DM,4 <= ... < 7 years,2,male,none,2,unknown / no property,53,none,rent,2,skilled employee / official,1,"yes, registered under customer's name",yes,2,divorced/separated
... < 0 DM,38,delay in paying off in the past,furniture/equipment,4798,100 <= ... < 500 DM,4 <= ... < 7 years,1,male,guarantor,2,unknown / no property,30,none,own,2,skilled employee / official,1,none,yes,2,single
0 <= ... < 200 DM,62,existing credits paid back duly till now,furniture/equipment,5528,100 <= ... < 500 DM,... < 1 year,4,female,none,4,building society savings agreement / life insurance,49,none,rent,1,skilled employee / official,1,none,yes,2,divorced/separated
0 <= ... < 200 DM,9,existing credits paid back duly till now,radio/television,502,unknown / no savings account,1 <= ... < 4 years,4,female,none,4,"car or other, not in savings account",33,none,own,1,management / self-employed / highly qualified employee / officer,1,none,yes,2,divorced/separated
no checking account,10,existing credits paid back duly till now,furniture/equipment,1302,... < 100 DM,1 <= ... < 4 years,2,female,none,4,"car or other, not in savings account",21,none,own,1,skilled employee / official,1,none,yes,1,divorced/separated
0 <= ... < 200 DM,37,delay in paying off in the past,business,3965,... < 100 DM,... < 1 year,4,male,none,2,"car or other, not in savings account",24,none,own,1,unskilled - resident,1,none,yes,2,single
... < 0 DM,48,all credits at this bank paid back duly,car (used),10510,... < 100 DM,... >= 7 years,4,male,none,4,"car or other, not in savings account",29,bank,for free,1,skilled employee / official,2,none,yes,2,single
0 <= ... < 200 DM,14,existing credits paid back duly till now,radio/television,1782,unknown / no savings account,1 <= ... < 4 years,4,female,guarantor,1,real estate,28,none,own,1,unskilled - resident,1,none,yes,1,divorced/separated
0 <= ... < 200 DM,4,critical account / other credits existing (not at this bank),car (new),360,... < 100 DM,... >= 7 years,4,male,none,3,real estate,67,bank,own,2,unskilled - resident,2,none,yes,1,single
... < 0 DM,11,existing credits paid back duly till now,radio/television,1155,... < 100 DM,unemployed,4,male,none,4,real estate,22,none,for free,1,management / self-employed / highly qualified employee / officer,1,none,no,1,single
0 <= ... < 200 DM,14,existing credits paid back duly till now,radio/television,250,... < 100 DM,unemployed,4,male,none,3,building society savings agreement / life insurance,19,none,own,2,unskilled - resident,2,none,no,1,divorced/separated
0 <= ... < 200 DM,11,existing credits paid back duly till now,radio/television,270,... < 100 DM,... < 1 year,4,male,none,4,real estate,34,none,own,1,unskilled - resident,1,none,yes,1,single
0 <= ... < 200 DM,12,delay in paying off in the past,radio/television,1269,... < 100 DM,4 <= ... < 7 years,4,male,none,3,building society savings agreement / life insurance,22,bank,own,2,unskilled - resident,1,none,yes,2,single
0 <= ... < 200 DM,15,all credits at this bank paid back duly,business,3716,... < 100 DM,1 <= ... < 4 years,4,male,none,2,building society savings agreement / life insurance,22,none,own,1,skilled employee / official,1,"yes, registered under customer's name",yes,2,divorced/separated
0 <= ... < 200 DM,17,existing credits paid back duly till now,radio/television,2891,... < 100 DM,... < 1 year,4,female,none,2,real estate,23,none,rent,1,skilled employee / official,1,none,yes,1,divorced/separated
no checking account,36,existing credits paid back duly till now,radio/television,285,... < 100 DM,... >= 7 years,4,female,none,3,real estate,34,none,own,1,skilled employee / official,1,none,yes,1,married/widowed
no checking account,40,delay in paying off in the past,radio/television,2286,... < 100 DM,1 <= ... < 4 years,3,male,none,2,real estate,23,none,own,2,skilled employee / official,1,"yes, registered under customer's name",yes,1,single
no checking account,14,existing credits paid back duly till now,radio/television,4930,... < 100 DM,4 <= ... < 7 years,3,male,none,4,unknown / no property,35,none,own,1,skilled employee / official,1,"yes, registered under customer's name",yes,1,divorced/separated
0 <= ... < 200 DM,37,critical account / other credits existing (not at this bank),radio/television,7588,... < 100 DM,... < 1 year,2,female,none,2,"car or other, not in savings account",29,none,own,2,skilled employee / official,1,none,yes,2,divorced/separated
no checking account,18,existing credits paid back duly till now,car (used),3270,unknown / no savings account,1 <= ... < 4 years,4,male,none,4,real estate,21,none,rent,1,skilled employee / official,1,none,yes,1,single
... < 0 DM,9,existing credits paid back duly till now,car (new),250,... < 100 DM,... < 1 year,1,male,none,4,real estate,36,none,own,1,skilled employee / official,1,none,yes,2,single
0 <= ... < 200 DM,34,existing credits paid back duly till now,business,3700,... < 100 DM,... < 1 year,4,female,none,2,"car or other, not in savings account",27,none,own,1,skilled employee / official,1,none,yes,2,divorced/separated
... < 0 DM,26,critical account / other credits existing (not at this bank),car (used),7696,... < 100 DM,4 <= ... < 7 years,2,male,none,3,"car or other, not in savings account",38,stores,own,2,unemployed / unskilled - non-resident,2,"yes, registered under customer's name",yes,1,single
... >= 200 DM / salary assignments for at least 1 year,4,critical account / other credits existing (not at this bank),radio/television,2344,... < 100 DM,... < 1 year,1,female,none,2,real estate,27,none,own,1,skilled employee / official,1,none,yes,1,divorced/separated
no checking account,26,critical account / other credits existing (not at this bank),car (used),7481,unknown / no savings account,... >= 7 years,3,male,none,4,building society savings agreement / life insurance,30,none,for free,1,skilled employee / official,1,"yes, registered under customer's name",yes,1,single
... < 0 DM,60,existing credits paid back duly till now,furniture/equipment,4493,... < 100 DM,... < 1 year,1,female,none,4,unknown / no property,30,none,rent,2,skilled employee / official,1,none,yes,2,divorced/separated
... < 0 DM,4,critical account / other credits existing (not at this bank),business,2372,... < 100 DM,1 <= ... < 4 years,4,male,co-applicant,3,real estate,25,none,own,2,unskilled - resident,2,none,yes,1,single
0 <= ... < 200 DM,61,existing credits paid back duly till now,radio/television,1090,... < 100 DM,... < 1 year,2,male,none,2,unknown / no property,27,none,for free,1,skilled employee / official,1,none,yes,2,single
... < 0 DM,31,all credits at this bank paid back duly,car (new),3318,... < 100 DM,unemployed,1,male,none,4,unknown / no property,32,none,for free,1,skilled employee / official,1,none,yes,2,single
... < 0 DM,42,existing credits paid back duly till now,others,2113,... < 100 DM,unemployed,4,male,none,4,unknown / no property,45,bank,for free,2,management / self-employed / highly qualified employee / officer,1,none,yes,2,single
... < 0 DM,38,existing credits paid back duly till now,furniture/equipment,2085,... < 100 DM,... < 1 year,2,female,none,2,real estate,26,none,own,1,unskilled - resident,1,none,yes,1,divorced/separated
no checking account,9,existing credits paid back duly till now,car (new),741,unknown / no savings account,... >= 7 years,4,male,none,4,real estate,55,none,own,1,unskilled - resident,1,none,yes,1,single
0 <= ... < 200 DM,41,existing credits paid back duly till now,business,3288,... < 100 DM,1 <= ... < 4 years,4,male,co-applicant,4,building society savings agreement / life insurance,40,none,rent,3,skilled employee / official,1,none,yes,2,single
no checking account,38,existing credits paid back duly till now,car (used),3125,100 <= ... < 500 DM,1 <= ... < 4 years,2,male,none,4,unknown / no property,44,none,rent,1,unskilled - resident,1,none,yes,1,single
0 <= ... < 200 DM,25,existing credits paid back duly till now,furniture/equipment,5040,... < 100 DM,... < 1 year,4,male,none,2,real estate,38,bank,own,2,unskilled - resident,1,none,yes,1,married/widowed
... < 0 DM,46,existing credits paid back duly till now,furniture/equipment,3774,... < 100 DM,... < 1 year,1,male,none,4,building society savings agreement / life insurance,33,none,for free,1,management / self-employed / highly qualified employee / officer,1,none,yes,2,single
... < 0 DM,15,existing credits paid back duly till now,furniture/equipment,3468,... < 100 DM,1 <= ... < 4 years,1,male,none,2,building society savings agreement / life insurance,29,none,own,1,skilled employee / official,1,none,yes,1,divorced/separated
0 <= ... < 200 DM,4,critical account / other credits existing (not at this bank),retraining,2052,... < 100 DM,1 <= ... < 4 years,4,female,none,4,building society savings agreement / life insurance,27,none,rent,1,skilled employee / official,1,none,yes,1,married/widowed
... < 0 DM,40,existing credits paid back duly till now,radio/television,11737,... < 100 DM,... < 1 year,2,male,co-applicant,3,unknown / no property,20,bank,own,1,skilled employee / official,1,none,yes,2,single
no checking account,13,critical account / other credits existing (not at this bank),radio/television,732,unknown / no savings account,1 <= ... < 4 years,1,male,none,4,real estate,42,none,own,1,skilled employee / official,1,none,no,1,single
0 <= ... < 200 DM,19,delay in paying off in the past,radio/television,5073,... >= 1000 DM,1 <= ... < 4 years,4,female,none,1,"car or other, not in savings account",21,stores,own,1,management / self-employed / highly qualified employee / officer,1,"yes, registered under customer's name",yes,2,divorced/separated
no checking account,37,existing credits paid back duly till now,car (used),7611,100 <= ... < 500 DM,... >= 7 years,4,female,none,1,unknown / no property,41,none,own,1,unemployed / unskilled - non-resident,1,"yes, registered under customer's name",yes,2,divorced/separated
... < 0 DM,12,existing credits paid back duly till now,furniture/equipment,5092,... < 100 DM,1 <= ... < 4 years,4,male,co-applicant,2,real estate,30,none,own,1,skilled employee / official,1,none,yes,2,single
no checking account,14,existing credits paid back duly till now,radio/television,2476,unknown / no savings account,... >= 7 years,2,male,none,4,building society savings agreement / life insurance,52,none,own,1,skilled employee / official,1,"yes, registered under customer's name",yes,1,single
no checking account,27,critical account / other credits existing (not at this bank),furniture/equipment,7379,... < 100 DM,... < 1 year,4,male,none,3,"car or other, not in savings account",38,none,own,3,unskilled - resident,1,"yes, registered under customer's name",no,1,married/widowed
no checking account,23,existing credits paid back duly till now,radio/television,5024,500 <= ... < 1000 DM,unemployed,4,female,none,4,"car or other, not in savings account",33,none,own,1,management / self-employed / highly qualified employee / officer,1,"yes, registered under customer's name",yes,1,divorced/separated
0 <= ... < 200 DM,6,existing credits paid back duly till now,car (new),2423,... >= 1000 DM,... >= 7 years,1,female,none,4,real estate,56,none,own,2,unskilled - resident,1,none,yes,2,divorced/separated
no checking account,15,existing credits paid back duly till now,car (new),13005,... < 100 DM,1 <= ... < 4 years,1,male,none,1,building society savings agreement / life insurance,37,none,own,1,skilled employee / official,1,"yes, registered under customer's name",yes,2,divorced/separated
no checking account,8,critical account / other credits existing (not at this bank),car (used),2164,500 <= ... < 1000 DM,... >= 7 years,2,male,none,4,"car or other, not in savings account",37,none,own,1,skilled employee / official,1,"yes, registered under customer's name",yes,1,single
no checking account,26,critical account / other credits existing (not at this bank),education,4815,... < 100 DM,1 <= ... < 4 years,4,male,none,3,real estate,25,none,own,2,skilled employee / official,1,"yes, registered under customer's name",yes,1,single
0 <= ... < 200 DM,11,existing credits paid back duly till now,car (new),604,100 <= ... < 500 DM,... >= 7 years,4,female,co-applicant,4,unknown / no property,61,bank,own,1,unskilled - resident,1,none,yes,2,divorced/separated
0 <= ... < 200 DM,14,existing credits paid back duly till now,furniture/equipment,1624,100 <= ... < 500 DM,... < 1 year,3,female,none,2,"car or other, not in savings account",38,none,own,1,skilled employee / official,1,none,yes,1,divorced/separated
no checking account,14,existing credits paid back duly till now,radio/television,1338,... < 100 DM,1 <= ... < 4 years,2,female,none,1,"car or other, not in savings account",20,none,own,1,skilled employee / official,1,"yes, registered under customer's name",yes,1,divorced/separated
no checking account,25,all credits at this bank paid back duly,radio/television,2645,... < 100 DM,1 <= ... < 4 years,4,male,none,2,"car or other, not in savings account",19,none,own,2,skilled employee / official,1,none,yes,2,single
... < 0 DM,34,existing credits paid back duly till now,furniture/equipment,4453,100 <= ... < 500 DM,... >= 7 years,2,male,none,4,unknown / no property,35,none,rent,1,management / self-employed / highly qualified employee / officer,1,"yes, registered under customer's name",yes,2,single
no checking account,26,existing credits paid back duly till now,car (used),3639,500 <= ... < 1000 DM,1 <= ... < 4 years,2,female,none,2,"car or other, not in savings account",51,none,own,2,skilled employee / official,1,"yes, registered under customer's name",yes,1,divorced/separated
0 <= ... < 200 DM,7,existing credits paid back duly till now,radio/television,1388,100 <= ... < 500 DM,4 <= ... < 7 years,2,female,none,4,"car or other, not in savings account",74,none,own,1,skilled employee / official,1,none,yes,1,married/widowed
... < 0 DM,17,existing credits paid back duly till now,radio/television,2152,... < 100 DM,4 <= ... < 7 years,3,male,guarantor,3,building society savings agreement / life insurance,40,none,own,2,skilled employee / official,1,none,yes,1,single
... < 0 DM,36,delay in paying off in the past,business,4821,... < 100 DM,4 <= ... < 7 years,2,male,none,3,real estate,20,none,own,2,skilled employee / official,1,none,yes,1,single
... < 0 DM,18,existing credits paid back duly till now,car (new),3946,... < 100 DM,unemployed,2,female,co-applicant,2,unknown / no property,27,none,rent,1,skilled employee / official,1,none,yes,1,divorced/separated
no checking account,26,existing credits paid back duly till now,car (used),1838,unknown / no savings account,unemployed,4,female,none,4,"car or other, not in savings account",59,none,own,1,skilled employee / official,1,none,yes,1,divorced/separated
0 <= ... < 200 DM,6,existing credits paid back duly till now,furniture/equipment,3186,500 <= ... < 1000 DM,1 <= ... < 4 years,4,female,none,2,real estate,21,none,rent,1,unskilled - resident,1,none,yes,1,divorced/separated
no checking account,26,existing credits paid back duly till now,furniture/equipment,3829,... < 100 DM,unemployed,4,male,guarantor,3,building society savings agreement / life insurance,34,bank,own,1,skilled employee / official,2,"yes, registered under customer's name",yes,1,single
... < 0 DM,23,existing credits paid back duly till now,radio/television,1375,... < 100 DM,... < 1 year,3,male,guarantor,2,real estate,28,none,rent,1,skilled employee / official,1,none,yes,1,married/widowed
no checking account,23,existing credits paid back duly till now,radio/television,12984,100 <= ... < 500 DM,1 <= ... < 4 years,2,female,none,1,"car or other, not in savings account",20,none,own,1,management / self-employed / highly qualified employee / officer,1,none,yes,1,divorced/separated
0 <= ... < 200 DM,17,existing credits paid back duly till now,car (new),4320,... < 100 DM,unemployed,2,male,none,4,unknown / no property,27,none,own,1,management / self-employed / highly qualified employee / officer,2,"yes, registered under customer's name",yes,1,single
no checking account,12,critical account / other credits existing (not at this bank),business,1817,100 <= ... < 500 DM,4 <= ... < 7 years,4,female,none,1,real estate,33,none,own,2,unemployed / unskilled - non-resident,1,none,yes,1,divorced/separated
no checking account,37,delay in paying off in the past,business,1895,... < 100 DM,4 <= ... < 7 years,4,male,none,1,"car or other, not in savings account",27,none,own,2,skilled employee / official,2,"yes, registered under customer's name",yes,1,single
0 <= ... < 200 DM,18,no credits taken / all credits paid back duly,business,10973,... < 100 DM,... >= 7 years,3,female,none,4,unknown / no property,25,bank,for free,1,management / self-employed / highly qualified employee / officer,1,"yes, registered under customer's name",yes,2,divorced/separated
no checking account,8,existing credits paid back duly till now,radio/television,250,... < 100 DM,1 <= ... < 4 years,4,male,guarantor,3,"car or other, not in savings account",24,none,own,2,unskilled - resident,1,none,yes,1,single
... < 0 DM,18,critical account / other credits existing (not at this bank),radio/television,4046,... < 100 DM,1 <= ... < 4 years,4,male,co-applicant,3,"car or other, not in savings account",25,stores,own,2,skilled employee / official,1,none,yes,2,single
no checking account,23,existing credits paid back duly till now,car (new),2676,... < 100 DM,... < 1 year,4,male,guarantor,2,real estate,24,bank,own,1,management / self-employed / highly qualified employee / officer,1,none,yes,2,single
0 <= ... < 200 DM,9,critical account / other credits existing (not at this bank),business,2296,... < 100 DM,1 <= ... < 4 years,2,male,none,4,real estate,29,none,own,2,unskilled - resident,1,none,yes,1,married/widowed
... < 0 DM,24,existing credits paid back duly till now,furniture/equipment,4585,500 <= ... < 1000 DM,4 <= ... < 7 years,1,male,guarantor,2,building society savings agreement / life insurance,33,none,rent,2,skilled employee / official,1,none,yes,2,single
... < 0 DM,12,existing credits paid back duly till now,radio/television,4011,... < 100 DM,... < 1 year,2,male,none,1,building society savings agreement / life insurance,28,none,own,1,skilled employee / official,1,none,no,2,single
... >= 200 DM / salary assignments for at least 1 year,10,existing credits paid back duly till now,car (new),789,500 <= ... < 1000 DM,1 <= ... < 4 years,4,female,none,2,"car or other, not in savings account",38,none,own,1,skilled employee / official,1,none,yes,1,single
... < 0 DM,12,existing credits paid back duly till now,furniture/equipment,401,... < 100 DM,1 <= ... < 4 years,3,female,none,1,real estate,56,none,own,1,skilled employee / official,1,none,yes,1,divorced/separated
no checking account,21,critical account / other credits existing (not at this bank),radio/television,1120,... < 100 DM,... >= 7 years,4,male,none,4,"car or other, not in savings account",57,none,for free,2,skilled employee / official,1,none,yes,1,single
... < 0 DM,57,critical account / other credits existing (not at this bank),radio/television,1489,unknown / no savings account,1 <= ... < 4 years,4,male,none,2,building society savings agreement / life insurance,25,bank,own,2,skilled employee / official,1,none,yes,1,single
no checking account,12,existing credits paid back duly till now,radio/television,1931,100 <= ... < 500 DM,1 <= ... < 4 years,3,female,none,4,building society savings agreement / life insurance,29,none,rent,1,skilled employee / official,1,none,yes,1,divorced/separated
0 <= ... < 200 DM,20,all credits at this bank paid back duly,furniture/equipment,1578,... < 100 DM,... >= 7 years,4,male,none,4,"car or other, not in savings account",35,bank,own,2,skilled employee / official,1,"yes, registered under customer's name",yes,2,married/widowed
no checking account,15,critical account / other credits existing (not at this bank),car (new),1242,500 <= ... < 1000 DM,... >= 7 years,4,male,none,4,building society savings agreement / life insurance,36,none,own,2,skilled employee / official,1,none,yes,1,single
no checking account,33,critical account / other credits existing (not at this bank),furniture/equipment,5400,unknown / no savings account,unemployed,2,male,none,1,building society savings agreement / life insurance,43,none,own,1,skilled employee / official,1,"yes, registered under customer's name",yes,1,single
0 <= ... < 200 DM,72,existing credits paid back duly till now,furniture/equipment,7300,... < 100 DM,4 <= ... < 7 years,2,male,none,2,building society savings agreement / life insurance,19,bank,own,2,skilled employee / official,1,none,yes,1,married/widowed
no checking account,4,existing credits paid back duly till now,furniture/equipment,4324,... < 100 DM,... >= 7 years,4,female,none,2,"car or other, not in savings account",43,none,rent,1,skilled employee / official,1,"yes, registered under customer's name",yes,1,divorced/separated
0 <= ... < 200 DM,57,existing credits paid back duly till now,education,3817,... < 100 DM,unemployed,1,male,none,3,unknown / no property,29,none,for free,1,skilled employee / official,1,"yes, registered under customer's name",yes,1,single
no checking account,44,existing credits paid back duly till now,car (used),15945,unknown / no savings account,4 <= ... < 7 years,1,male,none,4,unknown / no property,50,none,for free,1,unemployed / unskilled - non-resident,1,"yes, registered under customer's name",yes,1,divorced/separated
0 <= ... < 200 DM,12,existing credits paid back duly till now,car (new),4267,500 <= ... < 1000 DM,1 <= ... < 4 years,4,male,none,1,unknown / no property,33,none,own,2,management / self-employed / highly qualified employee / officer,1,"yes, registered under customer's name",yes,1,single
no checking account,18,existing credits paid back duly till now,car (used),4959,... < 100 DM,unemployed,2,female,none,2,"car or other, not in savings account",41,none,rent,1,skilled employee / official,1,"yes, registered under customer's name",yes,1,divorced/separated
no checking account,6,existing credits paid back duly till now,radio/television,810,500 <= ... < 1000 DM,... >= 7 years,1,male,none,4,real estate,26,none,rent,1,skilled employee / official,1,none,no,1,divorced/separated
no checking account,25,critical account / other credits existing (not at this bank),repairs,2799,... < 100 DM,1 <= ... < 4 years,4,male,none,2,"car or other, not in savings account",47,none,own,2,skilled employee / official,1,"yes, registered under customer's name",yes,2,single
no checking account,14,existing credits paid back duly till now,radio/television,1373,unknown / no savings account,1 <= ... < 4 years,1,male,none,1,real estate,19,none,own,1,unskilled - resident,1,none,yes,1,divorced/separated
... < 0 DM,35,critical account / other credits existing (not at this bank),business,799,... < 100 DM,unemployed,2,male,none,1,"car or other, not in savings account",54,none,for free,2,skilled employee / official,1,none,yes,1,single
... < 0 DM,23,delay in paying off in the past,car (new),10380,... < 100 DM,... < 1 year,4,male,co-applicant,1,"car or other, not in savings account",41,bank,for free,2,management / self-employed / highly qualified employee / officer,2,"yes, registered under customer's name",yes,1,single
... >= 200 DM / salary assignments for at least 1 year,14,existing credits paid back duly till now,furniture/equipment,250,500 <= ... < 1000 DM,... >= 7 years,1,female,none,4,"car or other, not in savings account",28,none,own,1,skilled employee / official,1,none,yes,1,divorced/separated
0 <= ... < 200 DM,51,existing credits paid back duly till now,furniture/equipment,6429,... >= 1000 DM,1 <= ... < 4 years,4,male,none,2,unknown / no property,26,bank,rent,1,management / self-employed / highly qualified employee / officer,1,none,yes,2,divorced/separated
... < 0 DM,38,existing credits paid back duly till now,radio/television,1644,... < 100 DM,1 <= ... < 4 years,4,male,none,2,real estate,38,none,own,1,unskilled - resident,1,none,yes,1,single
0 <= ... < 200 DM,4,delay in paying off in the past,education,7595,... < 100 DM,1 <= ... < 4 years,4,female,none,2,building society savings agreement / life insurance,30,none,own,2,unskilled - resident,1,none,yes,2,divorced/separated
no checking account,18,critical account / other credits existing (not at this bank),radio/television,1565,... < 100 DM,1 <= ... < 4 years,4,male,co-applicant,1,real estate,29,none,own,2,skilled employee / official,2,none,yes,1,single
0 <= ... < 200 DM,24,critical account / other credits existing (not at this bank),business,1994,... < 100 DM,1 <= ... < 4 years,4,male,none,3,"car or other, not in savings account",38,bank,own,3,management / self-employed / highly qualified employee / officer,1,"yes, registered under customer's name",yes,1,single
0 <= ... < 200 DM,36,critical account / other credits existing (not at this bank),radio/television,4869,... < 100 DM,4 <= ... < 7 years,2,male,none,2,"car or other, not in savings account",20,none,own,2,skilled employee / official,1,"yes, registered under customer's name",yes,1,single
0 <= ... < 200 DM,35,existing credits paid back duly till now,radio/television,844,500 <= ... < 1000 DM,... < 1 year,1,female,guarantor,2,real estate,24,none,rent,1,skilled employee / official,1,"yes, registered under customer's name",no,1,divorced/separated
... < 0 DM,18,existing credits paid back duly till now,furniture/equipment,580,... < 100 DM,unemployed,3,female,none,1,real estate,43,none,own,1,skilled employee / official,1,none,yes,1,divorced/separated
... >= 200 DM / salary assignments for at least 1 year,7,existing credits paid back duly till now,radio/television,995,... < 100 DM,... < 1 year,4,male,guarantor,1,real estate,38,none,rent,1,skilled employee / official,1,none,yes,1,married/widowed
no checking account,26,existing credits paid back duly till now,car (used),2545,... < 100 DM,... >= 7 years,2,male,none,4,unknown / no property,28,none,own,1,skilled employee / official,1,"yes, registered under customer's name",yes,1,single
0 <= ... < 200 DM,20,all credits at this bank paid back duly,furniture/equipment,1087,... < 100 DM,... >= 7 years,3,male,none,3,unknown / no property,55,bank,for free,2,skilled employee / official,1,"yes, registered under customer's name",yes,2,single
... < 0 DM,17,critical account / other credits existing (not at this bank),radio/television,555,... < 100 DM,1 <= ... < 4 years,3,male,none,2,real estate,38,none,own,2,unskilled - resident,2,none,yes,1,married/widowed
... < 0 DM,29,critical account / other credits existing (not at this bank),business,4893,... < 100 DM,... >= 7 years,4,male,none,3,real estate,32,none,own,2,unskilled - resident,2,none,yes,2,single
... < 0 DM,22,existing credits paid back duly till now,furniture/equipment,3917,... < 100 DM,1 <= ... < 4 years,4,male,none,1,"car or other, not in savings account",23,none,rent,1,skilled employee / official,1,"yes, registered under customer's name",yes,1,divorced/separated
no checking account,17,existing credits paid back duly till now,radio/television,556,... < 100 DM,... >= 7 years,4,male,none,4,"car or other, not in savings account",29,none,own,1,skilled employee / official,1,none,yes,1,divorced/separated
0 <= ... < 200 DM,24,all credits at this bank paid back duly,education,14252,... < 100 DM,unemployed,2,female,none,4,"car or other, not in savings account",35,none,for free,1,management / self-employed / highly qualified employee / officer,1,"yes, registered under customer's name",yes,2,divorced/separated
... < 0 DM,11,critical account / other credits existing (not at this bank),radio/television,1887,... < 100 DM,... >= 7 years,4,male,none,4,unknown / no property,55,none,own,2,skilled employee / official,1,"yes, registered under customer's name",yes,1,single
0 <= ... < 200 DM,21,existing credits paid back duly till now,business,3525,... < 100 DM,unemployed,4,male,none,2,"car or other, not in savings account",38,bank,own,1,unemployed / unskilled - non-resident,1,none,yes,1,single
... < 0 DM,13,critical account / other credits existing (not at this bank),car (new),2931,... < 100 DM,4 <= ... < 7 years,2,male,none,3,real estate,36,none,own,2,skilled employee / official,2,none,yes,2,single
no checking account,14,critical account / other credits existing (not at this bank),car (used),2433,... < 100 DM,... >= 7 years,4,male,none,4,"car or other, not in savings account",44,none,own,2,skilled employee / official,1,none,yes,2,single
no checking account,11,critical account / other credits existing (not at this bank),radio/television,774,100 <= ... < 500 DM,... >= 7 years,1,female,none,4,"car or other, not in savings account",73,none,own,1,skilled employee / official,1,"yes, registered under customer's name",yes,1,divorced/separated
0 <= ... < 200 DM,11,existing credits paid back duly till now,business,1780,... < 100 DM,1 <= ... < 4 years,1,female,none,4,unknown / no property,19,none,own,1,management / self-employed / highly qualified employee / officer,1,none,yes,2,divorced/separated
no checking account,4,existing credits paid back duly till now,education,1367,... >= 1000 DM,... < 1 year,2,female,none,1,real estate,21,none,rent,1,skilled employee / official,1,none,yes,1,divorced/separated
... < 0 DM,11,existing credits paid back duly till now,car (new),2175,... < 100 DM,unemployed,1,male,none,4,unknown / no property,32,bank,rent,1,management / self-employed / highly qualified employee / officer,1,"yes, registered under customer's name",yes,2,single
no checking account,54,existing credits paid back duly till now,furniture/equipment,3068,unknown / no savings account,1 <= ... < 4 years,1,female,none,4,unknown / no property,27,none,own,1,skilled employee / official,1,"yes, registered under customer's name",yes,1,divorced/separated
0 <= ... < 200 DM,25,critical account / other credits existing (not at this bank),business,8824,... < 100 DM,... >= 7 years,2,male,none,4,unknown / no property,35,stores,own,2,skilled employee / official,1,"yes, registered under customer's name",yes,2,single
0 <= ... < 200 DM,14,existing credits paid back duly till now,domestic appliances,250,... < 100 DM,... >= 7 years,4,male,none,2,building society savings agreement / life insurance,52,none,own,2,skilled employee / official,1,none,yes,1,single
0 <= ... < 200 DM,23,existing credits paid back duly till now,radio/television,4265,... < 100 DM,... < 1 year,3,male,none,3,"car or other, not in savings account",26,none,own,1,skilled employee / official,1,none,yes,2,divorced/separated
no checking account,12,existing credits paid back duly till now,radio/television,477,... >= 1000 DM,1 <= ... < 4 years,4,female,none,1,real estate,46,none,own,1,skilled employee / official,1,none,yes,1,divorced/separated
... >= 200 DM / salary assignments for at least 1 year,24,existing credits paid back duly till now,others,3128,unknown / no savings account,1 <= ... < 4 years,2,male,none,2,real estate,34,none,own,1,skilled employee / official,1,none,yes,1,single
... < 0 DM,10,existing credits paid back duly till now,business,2047,... < 100 DM,... < 1 year,4,female,none,1,"car or other, not in savings account",27,none,own,1,unskilled - resident,1,"yes, registered under customer's name",yes,1,divorced/separated
no checking account,16,existing credits paid back duly till now,furniture/equipment,287,... < 100 DM,... >= 7 years,4,female,none,4,real estate,58,none,rent,1,unemployed / unskilled - non-resident,1,"yes, registered under customer's name",yes,1,divorced/separated
... < 0 DM,15,critical account / other credits existing (not at this bank),radio/television,741,... < 100 DM,4 <= ... < 7 years,4,male,guarantor,2,building society savings agreement / life insurance,36,none,own,2,skilled employee / official,1,none,yes,1,single
no checking account,12,critical account / other credits existing (not at this bank),repairs,3820,500 <= ... < 1000 DM,1 <= ... < 4 years,4,male,co-applicant,2,"car or other, not in savings account",34,none,own,2,skilled employee / official,1,none,yes,1,single
... >= 200 DM / salary assignments for at least 1 year,5,critical account / other credits existing (not at this bank),radio/television,1080,... < 100 DM,... >= 7 years,4,male,none,1,real estate,66,none,own,2,unskilled - resident,2,none,yes,1,single
0 <= ... < 200 DM,16,existing credits paid back duly till now,radio/television,743,... < 100 DM,1 <= ... < 4 years,4,female,none,1,"car or other, not in savings account",20,none,own,1,skilled employee / official,1,none,yes,1,divorced/separated
no checking account,18,existing credits paid back duly till now,furniture/equipment,2618,... < 100 DM,1 <= ... < 4 years,2,female,none,1,real estate,21,none,rent,1,skilled employee / official,1,none,yes,1,divorced/separated
0 <= ... < 200 DM,4,existing credits paid back duly till now,radio/television,1216,... < 100 DM,1 <= ... < 4 years,4,female,none,2,unknown / no property,21,none,own,1,skilled employee / official,1,none,yes,1,divorced/separated
... < 0 DM,46,existing credits paid back duly till now,furniture/equipment,10093,... < 100 DM,1 <= ... < 4 years,2,male,none,2,unknown / no property,26,none,own,2,skilled employee / official,1,none,yes,2,single
... >= 200 DM / salary assignments for at least 1 year,10,critical account / other credits existing (not at this bank),radio/television,1645,500 <= ... < 1000 DM,1 <= ... < 4 years,1,female,none,1,real estate,55,stores,own,2,unskilled - resident,1,none,yes,1,divorced/separated
0 <= ... < 200 DM,29,existing credits paid back duly till now,car (new),447,... < 100 DM,... < 1 year,3,male,none,4,"car or other, not in savings account",52,none,own,1,management / self-employed / highly qualified employee / officer,1,none,yes,2,divorced/separated
0 <= ... < 200 DM,35,critical account / other credits existing (not at this bank),business,1132,... < 100 DM,1 <= ... < 4 years,3,male,none,2,"car or other, not in savings account",27,none,own,2,skilled employee / official,1,"yes, registered under customer's name",yes,1,single
0 <= ... < 200 DM,24,existing credits paid back duly till now,car (new),4495,... < 100 DM,1 <= ... < 4 years,3,male,guarantor,4,real estate,20,none,own,1,skilled employee / official,1,none,yes,1,single
no checking account,12,critical account / other credits existing (not at this bank),radio/television,1167,... < 100 DM,4 <= ... < 7 years,1,male,none,3,real estate,28,none,own,2,skilled employee / official,1,"yes, registered under customer's name",no,1,married/widowed
0 <= ... < 200 DM,27,existing credits paid back duly till now,car (new),5245,... < 100 DM,1 <= ... < 4 years,2,male,none,4,unknown / no property,33,none,own,1,skilled employee / official,1,none,yes,1,single
0 <= ... < 200 DM,16,existing credits paid back duly till now,radio/television,1449,... < 100 DM,1 <= ... < 4 years,2,female,none,2,"car or other, not in savings account",21,bank,rent,1,skilled employee / official,1,none,yes,2,divorced/separated
0 <= ... < 200 DM,18,existing credits paid back duly till now,business,3739,... < 100 DM,... >= 7 years,4,female,none,4,building society savings agreement / life insurance,36,none,own,1,skilled employee / official,1,"yes, registered under customer's name",yes,1,divorced/separated
no checking account,20,existing credits paid back duly till now,radio/television,1858,500 <= ... < 1000 DM,4 <= ... < 7 years,3,male,none,4,real estate,23,none,rent,1,skilled employee / official,2,none,no,1,single
0 <= ... < 200 DM,16,existing credits paid back duly till now,car (new),950,... < 100 DM,1 <= ... < 4 years,3,female,none,4,real estate,46,none,rent,1,unskilled - resident,1,none,yes,1,divorced/separated
0 <= ... < 200 DM,46,no credits taken / all credits paid back duly,radio/television,2836,500 <= ... < 1000 DM,1 <= ... < 4 years,2,male,none,2,"car or other, not in savings account",20,bank,own,1,skilled employee / official,1,none,yes,2,divorced/separated
no checking account,8,critical account / other credits existing (not at this bank),radio/television,2328,... < 100 DM,unemployed,2,male,none,4,"car or other, not in savings account",30,none,for free,1,management / self-employed / highly qualified employee / officer,1,"yes, registered under customer's name",yes,1,single
0 <= ... < 200 DM,33,no credits taken / all credits paid back duly,furniture/equipment,3908,... < 100 DM,1 <= ... < 4 years,4,male,co-applicant,2,"car or other, not in savings account",20,stores,own,2,skilled employee / official,1,"yes, registered under customer's name",yes,1,divorced/separated
... < 0 DM,5,existing credits paid back duly till now,furniture/equipment,1796,... < 100 DM,unemployed,3,male,none,4,building society savings agreement / life insurance,35,none,own,1,unemployed / unskilled - non-resident,1,"yes, registered under customer's name",yes,1,single
no checking account,14,critical account / other credits existing (not at this bank),car (new),1485,500 <= ... < 1000 DM,... >= 7 years,3,male,none,3,"car or other, not in savings account",27,none,own,2,management / self-employed / highly qualified employee / officer,1,"yes, registered under customer's name",yes,1,single
... < 0 DM,11,existing credits paid back duly till now,furniture/equipment,938,... < 100 DM,... < 1 year,1,female,none,2,building society savings agreement / life insurance,23,none,rent,1,skilled employee / official,1,none,yes,1,divorced/separated
0 <= ... < 200 DM,14,existing credits paid back duly till now,furniture/equipment,1211,500 <= ... < 1000 DM,... >= 7 years,4,female,none,4,unknown / no property,28,bank,for free,2,skilled employee / official,1,none,yes,2,divorced/separated
no checking account,7,all credits at this bank paid back duly,education,1122,... < 100 DM,... < 1 year,4,female,none,4,building society savings agreement / life insurance,35,stores,own,3,skilled employee / official,1,"yes, registered under customer's name",yes,2,divorced/separated
no checking account,11,critical account / other credits existing (not at this bank),radio/television,1897,... < 100 DM,... >= 7 years,4,male,none,4,"car or other, not in savings account",33,none,own,2,skilled employee / official,2,none,yes,1,single
0 <= ... < 200 DM,43,existing credits paid back duly till now,furniture/equipment,5748,... < 100 DM,1 <= ... < 4 years,3,male,none,2,"car or other, not in savings account",27,bank,rent,2,skilled employee / official,1,none,yes,2,single
0 <= ... < 200 DM,28,existing credits paid back duly till now,furniture/equipment,8363,... < 100 DM,1 <= ... < 4 years,3,male,none,2,building society savings agreement / life insurance,19,none,own,1,skilled employee / official,1,"yes, registered under customer's name",yes,2,single
0 <= ... < 200 DM,26,existing credits paid back duly till now,furniture/equipment,6532,... < 100 DM,4 <= ... < 7 years,4,male,none,3,unknown / no property,42,bank,own,1,skilled employee / official,1,"yes, registered under customer's name",yes,2,single
no checking account,20,existing credits paid back duly till now,business,1125,... < 100 DM,4 <= ... < 7 years,1,male,none,4,real estate,26,none,own,1,skilled employee / official,1,none,yes,1,married/widowed
... >= 200 DM / salary assignments for at least 1 year,25,critical account / other credits existing (not at this bank),furniture/equipment,824,500 <= ... < 1000 DM,... >= 7 years,1,female,none,1,real estate,37,none,own,3,unskilled - resident,1,none,yes,1,divorced/separated
0 <= ... < 200 DM,33,delay in paying off in the past,furniture/equipment,7002,... < 100 DM,4 <= ... < 7 years,2,male,none,4,"car or other, not in savings account",26,bank,own,2,management / self-employed / highly qualified employee / officer,1,"yes, registered under customer's name",yes,2,single
0 <= ... < 200 DM,26,existing credits paid back duly till now,education,6988,... < 100 DM,... >= 7 years,2,male,none,4,unknown / no property,50,bank,for free,1,skilled employee / official,1,none,yes,1,single
0 <= ... < 200 DM,4,existing credits paid back duly till now,furniture/equipment,1775,... < 100 DM,1 <= ... < 4 years,4,male,none,1,real estate,24,none,own,2,unskilled - resident,1,none,no,1,married/widowed
no checking account,39,existing credits paid back duly till now,furniture/equipment,7393,100 <= ... < 500 DM,... < 1 year,4,female,none,4,building society savings agreement / life insurance,32,none,rent,1,skilled employee / official,1,none,yes,2,divorced/separated
0 <= ... < 200 DM,56,no credits taken / all credits paid back duly,car (used),13305,... < 100 DM,... >= 7 years,4,male,none,4,unknown / no property,48,none,own,1,management / self-employed / highly qualified employee / officer,1,"yes, registered under customer's name",yes,1,single
no checking account,14,existing credits paid back duly till now,furniture/equipment,1936,... < 100 DM,... < 1 year,4,female,none,2,"car or other, not in savings account",75,none,own,2,skilled employee / official,1,none,yes,1,single
0 <= ... < 200 DM,11,all credits at this bank paid back duly,car (new),1863,... < 100 DM,unemployed,1,female,none,2,unknown / no property,37,none,for free,3,skilled employee / official,2,none,yes,1,single
... < 0 DM,38,existing credits paid back duly till now,business,5537,100 <= ... < 500 DM,1 <= ... < 4 years,2,female,none,4,unknown / no property,44,bank,own,1,management / self-employed / highly qualified employee / officer,1,"yes, registered under customer's name",yes,2,divorced/separated
... < 0 DM,6,existing credits paid back duly till now,furniture/equipment,5649,... < 100 DM,... < 1 year,1,male,none,2,unknown / no property,24,none,rent,1,skilled employee / official,1,none,yes,2,single
no checking account,10,critical account / other credits existing (not at this bank),car (new),1218,... >= 1000 DM,... >= 7 years,4,male,none,3,real estate,28,none,own,2,skilled employee / official,1,none,no,1,single
0 <= ... < 200 DM,6,existing credits paid back duly till now,car (used),801,... < 100 DM,... >= 7 years,3,male,none,4,building society savings agreement / life insurance,44,bank,for free,1,unskilled - resident,1,none,yes,1,single
no checking account,19,existing credits paid back duly till now,car (new),5984,500 <= ... < 1000 DM,4 <= ... < 7 years,2,male,none,4,building society savings agreement / life insurance,34,none,own,2,skilled employee / official,1,none,yes,1,single
no checking account,15,existing credits paid back duly till now,radio/television,458,100 <= ... < 500 DM,1 <= ... < 4 years,1,male,none,4,building society savings agreement / life insurance,28,none,own,1,skilled employee / official,1,none,yes,1,divorced/separated
no checking account,26,critical account / other credits existing (not at this bank),furniture/equipment,1337,unknown / no savings account,... >= 7 years,4,male,none,4,real estate,43,none,own,1,skilled employee / official,1,"yes, registered under customer's name",yes,1,single
no checking account,21,existing credits paid back duly till now,radio/television,6963,... < 100 DM,1 <= ... < 4 years,4,female,none,4,"car or other, not in savings account",23,none,rent,1,skilled employee / official,1,"yes, registered under customer's name",yes,1,divorced/separated
... >= 200 DM / salary assignments for at least 1 year,14,critical account / other credits existing (not at this bank),car (new),1845,... < 100 DM,4 <= ... < 7 years,3,male,none,3,"car or other, not in savings account",31,none,own,2,skilled employee / official,2,"yes, registered under customer's name",yes,1,single
... < 0 DM,10,existing credits paid back duly till now,radio/television,407,... < 100 DM,... < 1 year,3,female,none,1,"car or other, not in savings account",29,bank,rent,1,unskilled - resident,1,none,yes,2,divorced/separated
0 <= ... < 200 DM,8,all credits at this bank paid back duly,furniture/equipment,3661,... < 100 DM,1 <= ... < 4 years,3,female,guarantor,2,"car or other, not in savings account",23,bank,own,1,skilled employee / official,1,none,yes,2,divorced/separated
0 <= ... < 200 DM,33,existing credits paid back duly till now,business,3594,... < 100 DM,4 <= ... < 7 years,2,female,none,2,"car or other, not in savings account",20,none,own,1,skilled employee / official,1,none,yes,2,divorced/separated
0 <= ... < 200 DM,24,existing credits paid back duly till now,furniture/equipment,1295,unknown / no savings account,unemployed,4,female,none,3,"car or other, not in savings account",36,none,own,1,unemployed / unskilled - non-resident,1,none,yes,2,divorced/separated
no checking account,24,existing credits paid back duly till now,car (used),15945,... < 100 DM,1 <= ... < 4 years,3,male,none,3,building society savings agreement / life insurance,31,none,rent,1,skilled employee / official,1,"yes, registered under customer's name",yes,2,single
0 <= ... < 200 DM,16,existing credits paid back duly till now,furniture/equipment,1942,... < 100 DM,... < 1 year,4,male,none,2,real estate,36,none,rent,1,unskilled - resident,1,none,yes,1,single
no checking account,5,existing credits paid back duly till now,radio/television,1441,... < 100 DM,... < 1 year,3,female,none,1,real estate,31,none,own,1,skilled employee / official,1,none,yes,1,divorced/separated
... < 0 DM,11,existing credits paid back duly till now,furniture/equipment,904,... < 100 DM,4 <= ... < 7 years,1,male,none,3,real estate,40,none,own,2,unskilled - resident,1,none,yes,1,single
... < 0 DM,15,existing credits paid back duly till now,furniture/equipment,7488,... < 100 DM,... < 1 year,2,female,guarantor,2,unknown / no property,28,none,own,1,management / self-employed / highly qualified employee / officer,1,none,yes,2,divorced/separated
... < 0 DM,14,existing credits paid back duly till now,repairs,1595,... < 100 DM,1 <= ... < 4 years,3,male,none,1,real estate,22,bank,rent,2,skilled employee / official,1,none,yes,1,single
no checking account,23,no credits taken / all credits paid back duly,furniture/equipment,2368,... < 100 DM,... >= 7 years,4,male,none,3,building society savings agreement / life insurance,32,bank,own,1,management / self-employed / highly qualified employee / officer,1,"yes, registered under customer's name",yes,1,single
... < 0 DM,18,critical account / other credits existing (not at this bank),radio/television,4939,... < 100 DM,... >= 7 years,1,male,none,4,real estate,34,none,own,2,skilled employee / official,1,"yes, registered under customer's name",yes,1,single
0 <= ... < 200 DM,16,existing credits paid back duly till now,radio/television,1685,... < 100 DM,4 <= ... < 7 years,4,male,none,1,"car or other, not in savings account",19,none,own,1,skilled employee / official,1,none,yes,1,single
0 <= ... < 200 DM,8,critical account / other credits existing (not at this bank),car (new),1516,... < 100 DM,1 <= ... < 4 years,4,male,none,1,real estate,64,none,own,1,unskilled - resident,2,none,yes,2,married/widowed
no checking account,13,existing credits paid back duly till now,car (used),4364,unknown / no savings account,... >= 7 years,2,male,none,4,unknown / no property,42,none,for free,1,management / self-employed / highly qualified employee / officer,1,"yes, registered under customer's name",yes,1,single
no checking account,28,delay in paying off in the past,repairs,10943,... < 100 DM,... < 1 year,2,male,none,3,unknown / no property,28,none,own,1,management / self-employed / highly qualified employee / officer,1,"yes, registered under customer's name",yes,1,single
0 <= ... < 200 DM,69,existing credits paid back duly till now,radio/television,899,unknown / no savings account,... >= 7 years,4,male,none,4,unknown / no property,19,bank,own,1,skilled employee / official,2,"yes, registered under customer's name",yes,1,divorced/separated
... >= 200 DM / salary assignments for at least 1 year,19,all credits at this bank paid back duly,car (new),1370,... < 100 DM,1 <= ... < 4 years,4,male,none,3,real estate,40,none,own,2,unskilled - resident,2,"yes, registered under customer's name",yes,1,single
... < 0 DM,29,existing credits paid back duly till now,furniture/equipment,4145,... < 100 DM,1 <= ... < 4 years,4,female,none,1,building society savings agreement / life insurance,28,none,rent,1,skilled employee / official,1,none,yes,2,divorced/separated
no checking account,15,existing credits paid back duly till now,radio/television,4731,... < 100 DM,1 <= ... < 4 years,2,female,none,4,building society savings agreement / life insurance,28,bank,rent,1,skilled employee / official,1,none,yes,1,divorced/separated
no checking account,7,critical account / other credits existing (not at this bank),car (new),821,... < 100 DM,4 <= ... < 7 years,4,male,none,3,"car or other, not in savings account",43,none,own,2,unskilled - resident,1,none,no,1,single
... < 0 DM,20,existing credits paid back duly till now,furniture/equipment,1700,500 <= ... < 1000 DM,... >= 7 years,2,female,none,4,"car or other, not in savings account",27,bank,rent,1,skilled employee / official,1,none,yes,2,divorced/separated
no checking account,16,critical account / other credits existing (not at this bank),car (new),3281,... < 100 DM,... >= 7 years,4,male,none,4,building society savings agreement / life insurance,39,none,own,2,skilled employee / official,1,"yes, registered under customer's name",yes,1,single
0 <= ... < 200 DM,70,existing credits paid back duly till now,furniture/equipment,15945,... < 100 DM,4 <= ... < 7 years,1,male,none,4,unknown / no property,43,bank,for free,1,skilled employee / official,1,none,yes,2,single
... < 0 DM,12,critical account / other credits existing (not at this bank),car (used),1981,... < 100 DM,... >= 7 years,3,male,none,4,building society savings agreement / life insurance,71,none,for free,1,skilled employee / official,1,"yes, registered under customer's name",yes,1,single
no checking account,20,existing credits paid back duly till now,car (used),487,100 <= ... < 500 DM,1 <= ... < 4 years,4,female,none,4,unknown / no property,22,none,own,1,skilled employee / official,1,none,yes,1,divorced/separated
0 <= ... < 200 DM,8,critical account / other credits existing (not at this bank),car (new),1415,unknown / no savings account,... >= 7 years,2,male,none,4,unknown / no property,45,none,for free,2,skilled employee / official,1,"yes, registered under customer's name",yes,1,single
no checking account,25,critical account / other credits existing (not at this bank),radio/television,7935,unknown / no savings account,1 <= ... < 4 years,4,male,none,4,unknown / no property,34,stores,own,2,skilled employee / official,1,"yes, registered under customer's name",yes,1,married/widowed
... < 0 DM,24,existing credits paid back duly till now,car (new),8926,... < 100 DM,4 <= ... < 7 years,4,male,none,3,building society savings agreement / life insurance,31,none,own,1,skilled employee / official,1,none,yes,2,married/widowed
0 <= ... < 200 DM,10,existing credits paid back duly till now,radio/television,5334,... < 100 DM,4 <= ... < 7 years,4,female,none,3,"car or other, not in savings account",39,none,own,3,skilled employee / official,1,none,yes,2,divorced/separated
0 <= ... < 200 DM,21,existing credits paid back duly till now,radio/television,2089,... < 100 DM,... < 1 year,4,male,guarantor,1,real estate,20,none,own,2,skilled employee / official,1,"yes, registered under customer's name",yes,1,single
0 <= ... < 200 DM,44,existing credits paid back duly till now,education,6949,... < 100 DM,... >= 7 years,2,male,co-applicant,4,unknown / no property,71,none,for free,2,skilled employee / official,1,none,yes,1,single
no checking account,25,existing credits paid back duly till now,radio/television,10387,unknown / no savings account,1 <= ... < 4 years,4,female,none,2,unknown / no property,31,bank,own,1,skilled employee / official,1,"yes, registered under customer's name",yes,2,divorced/separated
no checking account,41,critical account / other credits existing (not at this bank),radio/television,6529,... < 100 DM,1 <= ... < 4 years,4,male,none,4,"car or other, not in savings account",27,bank,own,2,skilled employee / official,2,none,yes,1,single
no checking account,12,critical account / other credits existing (not at this bank),car (used),1183,500 <= ... < 1000 DM,... >= 7 years,2,male,none,4,real estate,30,none,own,2,unskilled - resident,2,"yes, registered under customer's name",yes,1,single
no checking account,4,critical account / other credits existing (not at this bank),business,924,... < 100 DM,1 <= ... < 4 years,2,male,none,2,real estate,33,none,own,2,unskilled - resident,2,none,yes,1,single
... < 0 DM,41,existing credits paid back duly till now,business,2351,... < 100 DM,1 <= ... < 4 years,2,female,none,1,"car or other, not in savings account",22,none,own,1,skilled employee / official,1,none,yes,1,divorced/separated
no checking account,46,existing credits paid back duly till now,car (new),11952,... < 100 DM,unemployed,2,male,none,4,unknown / no property,67,none,for free,1,management / self-employed / highly qualified employee / officer,1,"yes, registered under customer's name",yes,1,single
0 <= ... < 200 DM,38,critical account / other credits existing (not at this bank),car (new),2402,... < 100 DM,1 <= ... < 4 years,2,male,none,1,real estate,25,bank,own,1,unskilled - resident,2,none,yes,2,single
... >= 200 DM / salary assignments for at least 1 year,7,existing credits paid back duly till now,car (new),594,... < 100 DM,1 <= ... < 4 years,4,male,none,1,real estate,23,none,own,2,unskilled - resident,2,none,yes,1,single
... >= 200 DM / salary assignments for at least 1 year,54,existing credits paid back duly till now,car (used),2050,... < 100 DM,unemployed,1,female,none,4,unknown / no property,23,none,rent,1,skilled employee / official,1,"yes, registered under customer's name",yes,2,divorced/separated
... < 0 DM,23,delay in paying off in the past,retraining,6232,... < 100 DM,... >= 7 years,2,male,none,4,building society savings agreement / life insurance,25,none,for free,1,skilled employee / official,2,"yes, registered under customer's name",yes,1,single
no checking account,10,critical account / other credits existing (not at this bank),furniture/equipment,2214,... < 100 DM,... >= 7 years,2,male,none,1,building society savings agreement / life insurance,36,none,own,2,skilled employee / official,2,none,yes,1,single
no checking account,13,existing credits paid back duly till now,car (new),1401,unknown / no savings account,... >= 7 years,4,male,none,4,real estate,39,none,own,2,skilled employee / official,1,none,yes,2,married/widowed
0 <= ... < 200 DM,35,delay in paying off in the past,radio/television,1462,... < 100 DM,4 <= ... < 7 years,2,male,none,1,real estate,49,none,own,1,skilled employee / official,1,"yes, registered under customer's name",yes,1,single
... < 0 DM,22,critical account / other credits existing (not at this bank),radio/television,3132,... < 100 DM,1 <= ... < 4 years,2,male,none,4,real estate,48,none,own,1,skilled employee / official,2,none,yes,1,single
... >= 200 DM / salary assignments for at least 1 year,14,existing credits paid back duly till now,radio/television,1262,100 <= ... < 500 DM,... < 1 year,4,male,guarantor,1,real estate,28,none,own,1,skilled employee / official,1,none,yes,2,single
... < 0 DM,4,existing credits paid back duly till now,radio/television,1604,... < 100 DM,... < 1 year,4,female,none,2,"car or other, not in savings account",22,none,own,1,skilled employee / official,1,none,yes,2,divorced/separated
... < 0 DM,45,all credits at this bank paid back duly,business,8102,... < 100 DM,... < 1 year,3,male,none,3,unknown / no property,22,bank,own,1,unemployed / unskilled - non-resident,1,"yes, registered under customer's name",yes,2,divorced/separated
0 <= ... < 200 DM,7,existing credits paid back duly till now,car (new),2434,100 <= ... < 500 DM,1 <= ... < 4 years,2,female,none,1,real estate,24,none,own,1,unemployed / unskilled - non-resident,1,none,yes,1,divorced/separated
0 <= ... < 200 DM,7,critical account / other credits existing (not at this bank),radio/television,1994,... < 100 DM,... >= 7 years,4,male,none,4,real estate,51,stores,own,2,skilled employee / official,2,none,yes,1,single
0 <= ... < 200 DM,5,existing credits paid back duly till now,radio/television,1098,... < 100 DM,... < 1 year,4,male,none,2,real estate,28,none,own,1,unemployed / unskilled - non-resident,1,"yes, registered under customer's name",no,1,married/widowed
no checking account,41,critical account / other credits existing (not at this bank),furniture/equipment,2905,... < 100 DM,1 <= ... < 4 years,4,male,none,3,"car or other, not in savings account",46,none,own,2,management / self-employed / highly qualified employee / officer,1,"yes, registered under customer's name",yes,1,single
no checking account,26,critical account / other credits existing (not at this bank),furniture/equipment,2147,500 <= ... < 1000 DM,4 <= ... < 7 years,2,female,none,3,"car or other, not in savings account",26,none,own,1,skilled employee / official,1,"yes, registered under customer's name",yes,1,divorced/separated
... < 0 DM,17,delay in paying off in the past,furniture/equipment,4297,... < 100 DM,unemployed,4,female,none,1,real estate,23,none,own,1,management / self-employed / highly qualified employee / officer,1,none,yes,2,married/widowed
0 <= ... < 200 DM,25,critical account / other credits existing (not at this bank),furniture/equipment,6301,... < 100 DM,1 <= ... < 4 years,2,male,co-applicant,3,real estate,19,stores,own,3,unskilled - resident,1,"yes, registered under customer's name",yes,2,single
... < 0 DM,10,delay in paying off in the past,furniture/equipment,1384,... < 100 DM,1 <= ... < 4 years,4,male,none,4,"car or other, not in savings account",20,none,own,1,skilled employee / official,1,none,yes,1,single
0 <= ... < 200 DM,8,critical account / other credits existing (not at this bank),domestic appliances,3475,unknown / no savings account,... >= 7 years,2,male,guarantor,4,building society savings agreement / life insurance,31,none,own,1,skilled employee / official,1,none,yes,1,married/widowed
no checking account,12,existing credits paid back duly till now,car (new),1367,... < 100 DM,1 <= ... < 4 years,2,female,none,2,real estate,19,none,own,1,skilled employee / official,1,none,yes,1,divorced/separated
... < 0 DM,50,critical account / other credits existing (not at this bank),furniture/equipment,5106,... < 100 DM,1 <= ... < 4 years,4,female,none,2,"car or other, not in savings account",28,none,own,1,skilled employee / official,1,none,yes,2,single
no checking account,32,delay in paying off in the past,education,4632,100 <= ... < 500 DM,... >= 7 years,1,male,none,1,building society savings agreement / life insurance,62,bank,for free,2,unskilled - resident,1,"yes, registered under customer's name",yes,1,single
0 <= ... < 200 DM,51,existing credits paid back duly till now,car (used),3738,... < 100 DM,1 <= ... < 4 years,1,female,none,4,unknown / no property,33,none,own,1,skilled employee / official,1,"yes, registered under customer's name",yes,1,divorced/separated
... < 0 DM,29,delay in paying off in the past,radio/television,3670,... < 100 DM,1 <= ... < 4 years,4,male,none,2,"car or other, not in savings account",36,stores,own,2,skilled employee / official,1,none,yes,1,single
no checking account,10,existing credits paid back duly till now,furniture/equipment,250,... < 100 DM,... >= 7 years,4,female,none,4,"car or other, not in savings account",31,none,own,1,skilled employee / official,1,"yes, registered under customer's name",yes,1,divorced/separated
no checking account,17,existing credits paid back duly till now,furniture/equipment,1100,unknown / no savings account,... >= 7 years,3,female,none,4,building society savings agreement / life insurance,26,none,rent,1,unemployed / unskilled - non-resident,1,"yes, registered under customer's name",yes,1,divorced/separated
0 <= ... < 200 DM,33,existing credits paid back duly till now,car (used),8353,... < 100 DM,... >= 7 years,2,male,none,2,"car or other, not in savings account",20,none,rent,2,management / self-employed / highly qualified employee / officer,1,"yes, registered under customer's name",yes,1,divorced/separated
no checking account,18,existing credits paid back duly till now,business,2136,... < 100 DM,... >= 7 years,2,male,none,4,unknown / no property,34,none,own,1,unskilled - resident,1,"yes, registered under customer's name",yes,1,single
0 <= ... < 200 DM,9,existing credits paid back duly till now,car (new),2290,... < 100 DM,... >= 7 years,4,male,guarantor,4,building society savings agreement / life insurance,44,stores,own,2,unskilled - resident,2,none,yes,2,single
0 <= ... < 200 DM,12,critical account / other credits existing (not at this bank),furniture/equipment,698,... < 100 DM,... >= 7 years,4,female,none,4,"car or other, not in savings account",36,none,own,2,unemployed / unskilled - non-resident,1,none,yes,2,divorced/separated
... < 0 DM,25,existing credits paid back duly till now,furniture/equipment,3956,... < 100 DM,1 <= ... < 4 years,2,male,none,2,building society savings agreement / life insurance,25,none,own,1,skilled employee / official,1,none,yes,2,single
... < 0 DM,6,existing credits paid back duly till now,radio/television,863,100 <= ... < 500 DM,... < 1 year,4,female,none,2,real estate,28,none,own,1,skilled employee / official,1,none,yes,1,divorced/separated
no checking account,25,existing credits paid back duly till now,furniture/equipment,1660,unknown / no savings account,... < 1 year,1,male,none,2,"car or other, not in savings account",24,none,own,1,management / self-employed / highly qualified employee / officer,1,"yes, registered under customer's name",yes,1,divorced/separated
0 <= ... < 200 DM,72,existing credits paid back duly till now,radio/television,3337,... < 100 DM,... < 1 year,2,male,none,4,building society savings agreement / life insurance,20,none,own,1,skilled employee / official,1,none,yes,2,single
... < 0 DM,10,critical account / other credits existing (not at this bank),car (new),1473,... < 100 DM,1 <= ... < 4 years,1,female,none,4,building society savings agreement / life insurance,50,none,own,1,unemployed / unskilled - non-resident,1,none,yes,2,divorced/separated
0 <= ... < 200 DM,17,existing credits paid back duly till now,radio/television,1268,... < 100 DM,1 <= ... < 4 years,4,female,none,2,real estate,24,stores,own,1,unemployed / unskilled - non-resident,1,none,yes,1,single
no checking account,17,critical account / other credits existing (not at this bank),business,1555,... >= 1000 DM,4 <= ... < 7 years,4,male,none,3,"car or other, not in savings account",28,none,own,1,skilled employee / official,1,"yes, registered under customer's name",yes,2,single
no checking account,57,existing credits paid back duly till now,furniture/equipment,6060,500 <= ... < 1000 DM,unemployed,4,female,none,1,unknown / no property,28,none,rent,1,skilled employee / official,1,none,yes,1,divorced/separated
no checking account,15,existing credits paid back duly till now,radio/television,1102,unknown / no savings account,... >= 7 years,4,male,none,4,real estate,42,none,own,1,skilled employee / official,1,"yes, registered under customer's name",no,1,single
... < 0 DM,39,no credits taken / all credits paid back duly,car (used),832,... < 100 DM,4 <= ... < 7 years,4,male,none,3,unknown / no property,35,bank,own,2,management / self-employed / highly qualified employee / officer,1,none,yes,2,single
0 <= ... < 200 DM,30,critical account / other credits existing (not at this bank),car (used),5579,... < 100 DM,... < 1 year,1,male,co-applicant,2,"car or other, not in savings account",24,none,own,2,skilled employee / official,1,none,yes,2,married/widowed
0 <= ... < 200 DM,16,existing credits paid back duly till now,car (used),7911,100 <= ... < 500 DM,... >= 7 years,2,male,none,4,building society savings agreement / life insurance,40,none,own,2,skilled employee / official,1,"yes, registered under customer's name",yes,1,single
0 <= ... < 200 DM,48,delay in paying off in the past,car (used),14286,... < 100 DM,1 <= ... < 4 years,3,male,none,4,unknown / no property,24,none,for free,1,management / self-employed / highly qualified employee / officer,1,none,yes,2,divorced/separated
no checking account,10,existing credits paid back duly till now,radio/television,1561,500 <= ... < 1000 DM,1 <= ... < 4 years,1,female,none,4,real estate,55,none,own,1,skilled employee / official,1,none,yes,1,divorced/separated
... < 0 DM,16,existing credits paid back duly till now,car (new),3665,... < 100 DM,1 <= ... < 4 years,1,male,none,2,unknown / no property,26,none,rent,1,unskilled - resident,1,"yes, registered under customer's name",yes,1,single
no checking account,19,existing credits paid back duly till now,domestic appliances,1775,... >= 1000 DM,unemployed,4,female,none,4,real estate,69,none,own,1,skilled employee / official,1,"yes, registered under customer's name",yes,1,divorced/separated
no checking account,24,critical account / other credits existing (not at this bank),car (new),2083,... < 100 DM,... >= 7 years,2,male,none,4,unknown / no property,55,none,own,1,skilled employee / official,2,"yes, registered under customer's name",yes,1,single
... < 0 DM,11,existing credits paid back duly till now,car (new),1909,... < 100 DM,4 <= ... < 7 years,1,male,none,3,real estate,27,none,own,1,skilled employee / official,2,none,yes,2,divorced/separated
no checking account,26,critical account / other credits existing (not at this bank),car (used),3802,100 <= ... < 500 DM,... >= 7 years,3,male,none,4,building society savings agreement / life insurance,55,stores,for free,1,skilled employee / official,2,"yes, registered under customer's name",yes,1,single
... < 0 DM,10,existing credits paid back duly till now,radio/television,1910,500 <= ... < 1000 DM,1 <= ... < 4 years,2,male,none,4,real estate,62,none,rent,1,skilled employee / official,2,none,yes,1,single
0 <= ... < 200 DM,44,delay in paying off in the past,radio/television,1152,... < 100 DM,... >= 7 years,2,male,co-applicant,4,real estate,37,none,own,2,unskilled - resident,2,none,yes,1,single
0 <= ... < 200 DM,43,existing credits paid back duly till now,radio/television,2606,... < 100 DM,4 <= ... < 7 years,2,male,none,1,real estate,44,stores,rent,1,skilled employee / official,1,none,yes,1,married/widowed
0 <= ... < 200 DM,8,existing credits paid back duly till now,radio/television,1345,... < 100 DM,1 <= ... < 4 years,4,female,none,2,real estate,21,none,own,1,skilled employee / official,1,none,yes,1,divorced/separated
no checking account,4,existing credits paid back duly till now,car (used),250,... < 100 DM,... < 1 year,3,male,none,1,real estate,45,none,own,2,skilled employee / official,1,none,yes,1,divorced/separated
... < 0 DM,25,delay in paying off in the past,repairs,13681,... < 100 DM,... < 1 year,3,male,none,2,"car or other, not in savings account",28,stores,own,2,skilled employee / official,1,none,yes,2,divorced/separated
no checking account,43,critical account / other credits existing (not at this bank),education,1415,... < 100 DM,1 <= ... < 4 years,3,male,none,2,building society savings agreement / life insurance,32,none,own,1,skilled employee / official,1,"yes, registered under customer's name",yes,1,single
no checking account,14,existing credits paid back duly till now,car (new),1465,500 <= ... < 1000 DM,... >= 7 years,4,male,none,3,real estate,32,none,own,1,skilled employee / official,1,"yes, registered under customer's name",yes,1,single
no checking account,15,existing credits paid back duly till now,car (new),1458,... < 100 DM,1 <= ... < 4 years,2,male,none,4,unknown / no property,68,none,for free,1,skilled employee / official,1,"yes, registered under customer's name",yes,1,single
no checking account,13,existing credits paid back duly till now,business,876,... < 100 DM,... < 1 year,4,male,none,2,building society savings agreement / life insurance,27,none,own,2,skilled employee / official,1,none,yes,1,married/widowed
0 <= ... < 200 DM,13,existing credits paid back duly till now,repairs,1751,100 <= ... < 500 DM,unemployed,1,female,none,1,"car or other, not in savings account",45,none,own,4,skilled employee / official,1,none,yes,2,divorced/separated
0 <= ... < 200 DM,27,critical account / other credits existing (not at this bank),car (new),1490,... < 100 DM,4 <= ... < 7 years,4,male,none,3,unknown / no property,50,none,own,2,skilled employee / official,2,none,yes,2,single
0 <= ... < 200 DM,49,existing credits paid back duly till now,car (new),1315,... < 100 DM,1 <= ... < 4 years,1,male,none,4,real estate,45,bank,for free,1,unskilled - resident,1,none,no,1,single
no checking account,12,existing credits paid back duly till now,radio/television,455,500 <= ... < 1000 DM,1 <= ... < 4 years,1,female,none,1,real estate,35,none,own,1,skilled employee / official,1,"yes, registered under customer's name",yes,1,divorced/separated
... < 0 DM,15,critical account / other credits existing (not at this bank),repairs,1359,... < 100 DM,1 <= ... < 4 years,4,male,none,4,unknown / no property,37,bank,for free,1,management / self-employed / highly qualified employee / officer,1,"yes, registered under customer's name",yes,2,single
... < 0 DM,39,existing credits paid back duly till now,car (used),7929,unknown / no savings account,unemployed,1,male,none,4,unknown / no property,56,none,for free,1,management / self-employed / highly qualified employee / officer,1,"yes, registered under customer's name",yes,1,divorced/separated
no checking account,7,critical account / other credits existing (not at this bank),radio/television,1395,... < 100 DM,... >= 7 years,4,male,none,4,real estate,38,none,own,2,skilled employee / official,1,"yes, registered under customer's name",no,1,divorced/separated
... >= 200 DM / salary assignments for at least 1 year,16,existing credits paid back duly till now,radio/television,1836,... < 100 DM,... < 1 year,2,male,none,4,real estate,34,none,own,1,unskilled - resident,1,none,yes,1,divorced/separated
no checking account,24,delay in paying off in the past,car (new),4587,... < 100 DM,... < 1 year,4,male,none,3,"car or other, not in savings account",42,stores,own,2,skilled employee / official,1,"yes, registered under customer's name",yes,2,single
0 <= ... < 200 DM,17,critical account / other credits existing (not at this bank),furniture/equipment,5225,... < 100 DM,... >= 7 years,3,male,guarantor,2,building society savings agreement / life insurance,59,bank,own,3,skilled employee / official,2,"yes, registered under customer's name",yes,2,single
no checking account,26,critical account / other credits existing (not at this bank),education,1476,... < 100 DM,unemployed,4,male,none,2,"car or other, not in savings account",35,none,own,4,skilled employee / official,1,none,yes,1,single
0 <= ... < 200 DM,25,all credits at this bank paid back duly,furniture/equipment,4348,100 <= ... < 500 DM,... >= 7 years,2,female,none,4,unknown / no property,54,none,for free,1,management / self-employed / highly qualified employee / officer,1,"yes, registered under customer's name",yes,2,divorced/separated
... < 0 DM,60,delay in paying off in the past,business,8624,... < 100 DM,1 <= ... < 4 years,4,male,none,2,unknown / no property,24,none,own,2,skilled employee / official,1,none,yes,2,single
0 <= ... < 200 DM,23,critical account / other credits existing (not at this bank),radio/television,3306,... < 100 DM,... >= 7 years,2,male,none,4,unknown / no property,49,none,own,1,skilled employee / official,2,"yes, registered under customer's name",yes,1,single
0 <= ... < 200 DM,25,existing credits paid back duly till now,car (used),2438,... < 100 DM,... >= 7 years,4,male,none,4,building society savings agreement / life insurance,40,none,for free,1,management / self-employed / highly qualified employee / officer,1,"yes, registered under customer's name",yes,1,single
... < 0 DM,22,existing credits paid back duly till now,others,1364,... < 100 DM,... < 1 year,4,male,none,3,real estate,37,none,rent,1,skilled employee / official,1,none,yes,2,single
0 <= ... < 200 DM,15,critical account / other credits existing (not at this bank),radio/television,769,... < 100 DM,4 <= ... < 7 years,4,male,none,1,real estate,52,none,own,2,skilled employee / official,1,none,yes,1,single
... < 0 DM,12,existing credits paid back duly till now,radio/television,1743,... < 100 DM,1 <= ... < 4 years,2,male,none,2,building society savings agreement / life insurance,29,none,own,2,unskilled - resident,1,none,yes,2,married/widowed
no checking account,14,delay in paying off in the past,radio/television,2112,unknown / no savings account,... >= 7 years,2,male,none,4,"car or other, not in savings account",38,none,own,2,skilled employee / official,1,"yes, registered under customer's name",yes,1,single
... >= 200 DM / salary assignments for at least 1 year,23,existing credits paid back duly till now,repairs,12834,100 <= ... < 500 DM,... >= 7 years,2,male,none,2,building society savings agreement / life insurance,33,stores,rent,1,management / self-employed / highly qualified employee / officer,1,"yes, registered under customer's name",yes,1,divorced/separated
0 <= ... < 200 DM,17,existing credits paid back duly till now,radio/television,7749,unknown / no savings account,... >= 7 years,2,male,none,4,"car or other, not in savings account",27,none,own,1,skilled employee / official,1,none,yes,1,single
no checking account,21,existing credits paid back duly till now,furniture/equipment,2250,unknown / no savings account,1 <= ... < 4 years,1,male,none,1,building society savings agreement / life insurance,35,none,rent,1,skilled employee / official,1,none,yes,1,single
no checking account,5,existing credits paid back duly till now,furniture/equipment,6487,100 <= ... < 500 DM,1 <= ... < 4 years,2,male,none,2,building society savings agreement / life insurance,24,none,rent,1,skilled employee / official,1,none,yes,1,divorced/separated
... >= 200 DM / salary assignments for at least 1 year,10,existing credits paid back duly till now,radio/television,252,... >= 1000 DM,unemployed,1,female,none,1,real estate,57,none,rent,1,unskilled - resident,1,none,yes,1,divorced/separated
no checking account,27,existing credits paid back duly till now,radio/television,728,unknown / no savings account,1 <= ... < 4 years,4,male,none,3,building society savings agreement / life insurance,32,none,own,1,skilled employee / official,1,none,yes,1,married/widowed
0 <= ... < 200 DM,12,no credits taken / all credits paid back duly,radio/television,2968,... < 100 DM,1 <= ... < 4 years,1,male,none,2,"car or other, not in savings account",19,none,own,2,skilled employee / official,1,none,yes,2,single
no checking account,17,existing credits paid back duly till now,car (used),1551,... < 100 DM,... >= 7 years,4,male,none,4,unknown / no property,32,bank,for free,1,skilled employee / official,1,"yes, registered under customer's name",yes,2,single
no checking account,4,existing credits paid back duly till now,radio/television,1968,... < 100 DM,... < 1 year,2,female,co-applicant,2,real estate,21,none,own,1,skilled employee / official,1,none,yes,1,divorced/separated
no checking account,12,critical account / other credits existing (not at this bank),radio/television,3153,... < 100 DM,... >= 7 years,2,male,none,2,real estate,19,none,rent,1,skilled employee / official,1,none,yes,1,divorced/separated
... < 0 DM,51,existing credits paid back duly till now,furniture/equipment,2796,100 <= ... < 500 DM,1 <= ... < 4 years,4,female,none,4,unknown / no property,28,none,for free,1,management / self-employed / highly qualified employee / officer,1,"yes, registered under customer's name",yes,1,divorced/separated
0 <= ... < 200 DM,21,existing credits paid back duly till now,furniture/equipment,3089,100 <= ... < 500 DM,1 <= ... < 4 years,2,male,co-applicant,2,"car or other, not in savings account",24,none,own,1,management / self-employed / highly qualified employee / officer,1,none,yes,2,divorced/separated
0 <= ... < 200 DM,41,delay in paying off in the past,business,5888,... < 100 DM,1 <= ... < 4 years,2,male,none,4,"car or other, not in savings account",19,stores,own,1,skilled employee / official,2,"yes, registered under customer's name",yes,2,single
no checking account,23,critical account / other credits existing (not at this bank),radio/television,2526,500 <= ... < 1000 DM,... < 1 year,4,female,none,4,"car or other, not in savings account",32,none,own,1,skilled employee / official,1,"yes, registered under customer's name",yes,1,divorced/separated
0 <= ... < 200 DM,18,existing credits paid back duly till now,radio/television,1249,... < 100 DM,1 <= ... < 4 years,4,female,none,2,"car or other, not in savings account",19,none,own,1,skilled employee / official,1,none,yes,1,divorced/separated
... < 0 DM,19,existing credits paid back duly till now,furniture/equipment,1058,... < 100 DM,1 <= ... < 4 years,3,female,none,2,real estate,22,none,own,1,skilled employee / official,1,none,yes,1,married/widowed
... >= 200 DM / salary assignments for at least 1 year,20,critical account / other credits existing (not at this bank),car (new),1220,... < 100 DM,... >= 7 years,4,male,none,4,unknown / no property,50,none,own,2,skilled employee / official,2,"yes, registered under customer's name",yes,1,single
no checking account,14,critical account / other credits existing (not at this bank),car (new),1627,... >= 1000 DM,1 <= ... < 4 years,4,female,none,3,unknown / no property,55,none,own,4,skilled employee / official,1,"yes, registered under customer's name",yes,1,divorced/separated
no checking account,14,existing credits paid back duly till now,radio/television,978,... < 100 DM,4 <= ... < 7 years,4,female,none,2,"car or other, not in savings account",22,none,own,1,unskilled - resident,1,none,yes,1,divorced/separated
... < 0 DM,21,existing credits paid back duly till now,furniture/equipment,950,... < 100 DM,1 <= ... < 4 years,4,female,none,1,unknown / no property,29,none,own,1,skilled employee / official,1,none,yes,2,single
... >= 200 DM / salary assignments for at least 1 year,13,existing credits paid back duly till now,car (new),974,... < 100 DM,1 <= ... < 4 years,4,male,none,4,unknown / no property,19,bank,rent,1,skilled employee / official,2,none,yes,1,single
0 <= ... < 200 DM,7,critical account / other credits existing (not at this bank),car (used),1402,... < 100 DM,... >= 7 years,4,female,co-applicant,2,real estate,34,none,rent,2,management / self-employed / highly qualified employee / officer,1,"yes, registered under customer's name",yes,2,divorced/separated
0 <= ... < 200 DM,9,existing credits paid back duly till now,furniture/equipment,2099,unknown / no savings account,... >= 7 years,2,male,none,1,"car or other, not in savings account",28,none,own,2,skilled employee / official,1,"yes, registered under customer's name",yes,1,single
... >= 200 DM / salary assignments for at least 1 year,13,critical account / other credits existing (not at this bank),radio/television,458,... < 100 DM,... >= 7 years,1,male,none,4,real estate,41,none,own,2,unskilled - resident,1,"yes, registered under customer's name",yes,1,single
... < 0 DM,24,critical account / other credits existing (not at this bank),retraining,1334,500 <= ... < 1000 DM,... >= 7 years,1,female,none,4,"car or other, not in savings account",56,none,rent,3,skilled employee / official,1,none,yes,1,single
... < 0 DM,26,existing credits paid back duly till now,radio/television,3014,... < 100 DM,4 <= ... < 7 years,4,male,none,1,building society savings agreement / life insurance,26,stores,own,2,skilled employee / official,1,none,yes,2,single
no checking account,10,critical account / other credits existing (not at this bank),furniture/equipment,601,... < 100 DM,1 <= ... < 4 years,2,male,none,4,real estate,33,none,own,2,skilled employee / official,2,none,yes,1,single
... < 0 DM,41,critical account / other credits existing (not at this bank),business,6227,... < 100 DM,1 <= ... < 4 years,4,male,none,1,building society savings agreement / life insurance,25,bank,own,2,skilled employee / official,2,none,yes,2,single
0 <= ... < 200 DM,22,existing credits paid back duly till now,education,1416,unknown / no savings account,1 <= ... < 4 years,1,male,none,4,"car or other, not in savings account",31,bank,own,1,skilled employee / official,1,"yes, registered under customer's name",yes,1,divorced/separated
0 <= ... < 200 DM,13,existing credits paid back duly till now,radio/television,587,... < 100 DM,1 <= ... < 4 years,3,female,none,1,"car or other, not in savings account",21,none,own,1,skilled employee / official,1,none,yes,2,divorced/separated
... >= 200 DM / salary assignments for at least 1 year,6,existing credits paid back duly till now,car (new),1216,500 <= ... < 1000 DM,... < 1 year,2,female,co-applicant,1,building society savings agreement / life insurance,27,none,own,1,management / self-employed / highly qualified employee / officer,1,none,yes,1,divorced/separated
... < 0 DM,22,existing credits paid back duly till now,radio/television,441,... >= 1000 DM,... < 1 year,3,male,none,2,real estate,24,none,own,2,skilled employee / official,1,none,yes,2,single
0 <= ... < 200 DM,24,existing credits paid back duly till now,car (used),3224,... < 100 DM,unemployed,1,male,none,4,building society savings agreement / life insurance,34,bank,for free,2,skilled employee / official,1,none,yes,2,single
0 <= ... < 200 DM,18,existing credits paid back duly till now,furniture/equipment,2923,500 <= ... < 1000 DM,1 <= ... < 4 years,2,female,co-applicant,2,"car or other, not in savings account",22,none,own,1,management / self-employed / highly qualified employee / officer,1,none,yes,2,divorced/separated
... >= 200 DM / salary assignments for at least 1 year,15,delay in paying off in the past,others,1634,... < 100 DM,1 <= ... < 4 years,2,male,none,2,"car or other, not in savings account",25,none,own,2,skilled employee / official,1,none,yes,2,single
no checking account,36,existing credits paid back duly till now,furniture/equipment,4973,... < 100 DM,4 <= ... < 7 years,4,female,none,2,"car or other, not in savings account",23,none,own,1,skilled employee / official,1,none,yes,1,divorced/separated
no checking account,26,existing credits paid back duly till now,car (new),4308,unknown / no savings account,... >= 7 years,3,male,none,4,unknown / no property,35,none,for free,1,management / self-employed / highly qualified employee / officer,2,"yes, registered under customer's name",yes,1,single
... < 0 DM,33,no credits taken / all credits paid back duly,business,7059,... < 100 DM,1 <= ... < 4 years,2,male,guarantor,2,"car or other, not in savings account",24,none,own,1,unskilled - resident,2,none,yes,1,single
no checking account,25,critical account / other credits existing (not at this bank),business,7723,... < 100 DM,4 <= ... < 7 years,2,male,none,4,building society savings agreement / life insurance,39,none,own,1,skilled employee / official,1,"yes, registered under customer's name",yes,1,single
no checking account,10,critical account / other credits existing (not at this bank),car (new),2072,... < 100 DM,1 <= ... < 4 years,2,male,guarantor,3,real estate,44,bank,own,2,skilled employee / official,1,none,no,1,single
0 <= ... < 200 DM,20,critical account / other credits existing (not at this bank),business,1291,... >= 1000 DM,1 <= ... < 4 years,2,male,none,4,"car or other, not in savings account",19,bank,own,2,skilled employee / official,1,none,yes,2,single
no checking account,7,no credits taken / all credits paid back duly,car (new),1292,... < 100 DM,1 <= ... < 4 years,4,male,none,1,building society savings agreement / life insurance,37,none,own,3,unskilled - resident,1,none,yes,1,single
no checking account,19,existing credits paid back duly till now,car (used),15364,unknown / no savings account,... >= 7 years,2,male,none,4,unknown / no property,37,none,for free,1,management / self-employed / highly qualified employee / officer,1,"yes, registered under customer's name",yes,1,single
no checking account,18,delay in paying off in the past,furniture/equipment,5113,... < 100 DM,1 <= ... < 4 years,2,male,none,3,building society savings agreement / life insurance,46,bank,own,1,management / self-employed / highly qualified employee / officer,2,none,yes,1,single
... < 0 DM,18,no credits taken / all credits paid back duly,business,5854,... < 100 DM,1 <= ... < 4 years,2,male,none,3,real estate,28,none,own,1,unskilled - resident,2,none,yes,2,single
... >= 200 DM / salary assignments for at least 1 year,17,existing credits paid back duly till now,radio/television,1641,... < 100 DM,... < 1 year,4,male,none,2,"car or other, not in savings account",25,bank,own,1,management / self-employed / highly qualified employee / officer,1,"yes, registered under customer's name",yes,1,divorced/separated
... < 0 DM,35,existing credits paid back duly till now,radio/television,2097,... < 100 DM,1 <= ... < 4 years,4,male,guarantor,2,real estate,26,none,own,2,skilled employee / official,1,none,yes,1,single
0 <= ... < 200 DM,18,existing credits paid back duly till now,radio/television,1683,100 <= ... < 500 DM,1 <= ... < 4 years,2,male,none,4,unknown / no property,37,none,own,1,unskilled - resident,2,none,yes,1,single
no checking account,11,existing credits paid back duly till now,radio/television,2842,unknown / no savings account,... >= 7 years,3,male,none,4,unknown / no property,43,none,for free,1,unemployed / unskilled - non-resident,2,"yes, registered under customer's name",yes,1,single
no checking account,10,existing credits paid back duly till now,radio/television,794,100 <= ... < 500 DM,1 <= ... < 4 years,2,female,none,3,real estate,32,none,own,1,unemployed / unskilled - non-resident,1,none,yes,1,divorced/separated
0 <= ... < 200 DM,12,existing credits paid back duly till now,education,5701,... < 100 DM,... >= 7 years,2,male,none,4,unknown / no property,51,none,for free,1,skilled employee / official,1,none,yes,2,single
... < 0 DM,4,existing credits paid back duly till now,radio/television,250,... < 100 DM,... < 1 year,4,female,none,3,"car or other, not in savings account",20,bank,own,1,skilled employee / official,1,"yes, registered under customer's name",yes,2,married/widowed
0 <= ... < 200 DM,31,existing credits paid back duly till now,radio/television,6061,... < 100 DM,4 <= ... < 7 years,2,male,none,3,real estate,26,none,own,1,skilled employee / official,1,"yes, registered under customer's name",yes,1,married/widowed
no checking account,15,existing credits paid back duly till now,radio/television,3687,unknown / no savings account,unemployed,4,male,none,4,real estate,29,none,own,1,skilled employee / official,1,none,no,1,single
no checking account,19,all credits at this bank paid back duly,radio/television,1752,... < 100 DM,1 <= ... < 4 years,3,female,none,2,real estate,52,none,own,2,skilled employee / official,1,none,yes,1,divorced/separated
... < 0 DM,12,all credits at this bank paid back duly,car (new),3125,100 <= ... < 500 DM,1 <= ... < 4 years,2,male,guarantor,1,building society savings agreement / life insurance,27,none,own,1,skilled employee / official,1,none,yes,1,divorced/separated
no checking account,15,critical account / other credits existing (not at this bank),repairs,2121,... < 100 DM,1 <= ... < 4 years,1,female,co-applicant,4,"car or other, not in savings account",53,none,rent,1,management / self-employed / highly qualified employee / officer,1,"yes, registered under customer's name",yes,1,divorced/separated
0 <= ... < 200 DM,26,all credits at this bank paid back duly,radio/television,1812,... < 100 DM,... < 1 year,4,female,none,4,"car or other, not in savings account",29,none,own,1,skilled employee / official,1,none,yes,1,divorced/separated
... < 0 DM,26,critical account / other credits existing (not at this bank),business,1662,... < 100 DM,... >= 7 years,4,male,co-applicant,4,unknown / no property,74,none,own,2,skilled employee / official,1,none,yes,2,single
... < 0 DM,10,existing credits paid back duly till now,domestic appliances,2682,100 <= ... < 500 DM,1 <= ... < 4 years,4,female,co-applicant,2,building society savings agreement / life insurance,23,none,own,1,unskilled - resident,1,none,yes,2,divorced/separated
no checking account,40,existing credits paid back duly till now,business,8228,100 <= ... < 500 DM,1 <= ... < 4 years,4,male,none,2,building society savings agreement / life insurance,22,none,own,1,skilled employee / official,1,none,yes,1,single
0 <= ... < 200 DM,31,existing credits paid back duly till now,car (new),6401,unknown / no savings account,... >= 7 years,4,male,none,4,unknown / no property,36,none,for free,1,skilled employee / official,2,"yes, registered under customer's name",yes,1,single
no checking account,25,delay in paying off in the past,business,3489,... < 100 DM,1 <= ... < 4 years,3,male,none,2,real estate,32,none,own,2,management / self-employed / highly qualified employee / officer,1,"yes, registered under customer's name",yes,1,single
no checking account,31,existing credits paid back duly till now,business,1943,100 <= ... < 500 DM,1 <= ... < 4 years,1,female,none,3,"car or other, not in savings account",27,none,own,4,skilled employee / official,1,"yes, registered under customer's name",yes,1,divorced/separated
no checking account,20,existing credits paid back duly till now,radio/television,2195,... < 100 DM,... < 1 year,4,male,none,2,real estate,41,none,own,1,skilled employee / official,1,none,yes,1,married/widowed
... < 0 DM,33,critical account / other credits existing (not at this bank),business,1079,... < 100 DM,... < 1 year,4,female,none,2,"car or other, not in savings account",32,bank,own,2,skilled employee / official,1,none,yes,2,divorced/separated
0 <= ... < 200 DM,16,existing credits paid back duly till now,radio/television,1542,100 <= ... < 500 DM,unemployed,3,male,none,1,"car or other, not in savings account",35,none,own,1,skilled employee / official,1,none,yes,1,divorced/separated
... < 0 DM,12,existing credits paid back duly till now,furniture/equipment,1586,... < 100 DM,1 <= ... < 4 years,4,female,none,2,"car or other, not in savings account",25,none,own,2,skilled employee / official,1,none,yes,1,divorced/separated
0 <= ... < 200 DM,14,existing credits paid back duly till now,radio/television,1086,... < 100 DM,1 <= ... < 4 years,2,male,none,4,real estate,37,none,rent,1,skilled employee / official,1,none,yes,1,single
... >= 200 DM / salary assignments for at least 1 year,10,critical account / other credits existing (not at this bank),radio/television,1998,... < 100 DM,... >= 7 years,4,male,none,4,real estate,44,none,own,1,skilled employee / official,1,none,no,1,single
0 <= ... < 200 DM,26,no credits taken / all credits paid back duly,car (used),8142,... < 100 DM,4 <= ... < 7 years,4,male,co-applicant,2,"car or other, not in savings account",23,bank,own,3,skilled employee / official,1,none,yes,2,single
... < 0 DM,18,delay in paying off in the past,radio/television,544,... < 100 DM,1 <= ... < 4 years,4,male,guarantor,1,real estate,24,bank,own,2,unskilled - resident,1,none,yes,1,single
... < 0 DM,38,all credits at this bank paid back duly,car (used),13453,... < 100 DM,... >= 7 years,1,male,none,4,unknown / no property,44,none,for free,1,skilled employee / official,1,"yes, registered under customer's name",yes,2,single
... < 0 DM,40,existing credits paid back duly till now,furniture/equipment,991,... < 100 DM,1 <= ... < 4 years,2,female,none,2,"car or other, not in savings account",20,none,own,2,skilled employee / official,1,none,yes,1,divorced/separated
0 <= ... < 200 DM,66,existing credits paid back duly till now,furniture/equipment,3821,unknown / no savings account,... < 1 year,4,male,none,2,"car or other, not in savings account",31,bank,own,1,skilled employee / official,1,"yes, registered under customer's name",yes,2,divorced/separated
no checking account,57,all credits at this bank paid back duly,radio/television,2924,unknown / no savings account,... >= 7 years,1,male,none,4,unknown / no property,33,none,for free,1,management / self-employed / highly qualified employee / officer,2,"yes, registered under customer's name",yes,1,single
... < 0 DM,71,existing credits paid back duly till now,car (used),4839,500 <= ... < 1000 DM,unemployed,2,male,none,2,building society savings agreement / life insurance,40,none,rent,1,skilled employee / official,1,"yes, registered under customer's name",yes,1,divorced/separated
no checking account,25,critical account / other credits existing (not at this bank),furniture/equipment,1818,... < 100 DM,1 <= ... < 4 years,3,female,none,2,building society savings agreement / life insurance,60,none,rent,1,skilled employee / official,1,"yes, registered under customer's name",yes,1,single
no checking account,14,existing credits paid back duly till now,radio/television,1781,... < 100 DM,... < 1 year,3,male,none,2,"car or other, not in savings account",28,none,own,1,unskilled - resident,1,none,yes,1,divorced/separated
0 <= ... < 200 DM,64,existing credits paid back duly till now,car (used),8024,... < 100 DM,... >= 7 years,2,male,none,3,unknown / no property,29,none,for free,1,management / self-employed / highly qualified employee / officer,1,"yes, registered under customer's name",yes,1,single
... < 0 DM,19,critical account / other credits existing (not at this bank),car (new),1137,... < 100 DM,1 <= ... < 4 years,1,male,none,3,real estate,56,none,own,3,skilled employee / official,2,none,yes,1,single
... < 0 DM,24,critical account / other credits existing (not at this bank),radio/television,1343,... < 100 DM,1 <= ... < 4 years,4,male,none,1,"car or other, not in savings account",46,none,own,2,skilled employee / official,1,none,yes,1,single
... < 0 DM,23,existing credits paid back duly till now,retraining,6671,... < 100 DM,1 <= ... < 4 years,3,female,none,1,unknown / no property,32,none,rent,1,skilled employee / official,1,"yes, registered under customer's name",yes,2,divorced/separated
no checking account,10,existing credits paid back duly till now,furniture/equipment,1187,... < 100 DM,1 <= ... < 4 years,1,female,none,4,unknown / no property,37,none,rent,1,skilled employee / official,1,none,yes,2,divorced/separated
0 <= ... < 200 DM,18,existing credits paid back duly till now,radio/television,818,... < 100 DM,... >= 7 years,1,male,none,3,"car or other, not in savings account",25,stores,own,1,skilled employee / official,1,"yes, registered under customer's name",yes,1,single
... >= 200 DM / salary assignments for at least 1 year,17,existing credits paid back duly till now,radio/television,659,... >= 1000 DM,... < 1 year,3,female,none,4,real estate,31,bank,own,1,skilled employee / official,1,none,yes,1,divorced/separated
no checking account,16,critical account / other credits existing (not at this bank),radio/television,1295,... < 100 DM,4 <= ... < 7 years,2,male,none,3,"car or other, not in savings account",26,none,own,2,skilled employee / official,1,"yes, registered under customer's name",yes,1,divorced/separated
0 <= ... < 200 DM,25,existing credits paid back duly till now,car (used),15945,... < 100 DM,... < 1 year,4,female,none,4,"car or other, not in savings account",73,none,for free,1,skilled employee / official,1,"yes, registered under customer's name",yes,1,divorced/separated
no checking account,25,critical account / other credits existing (not at this bank),car (new),1959,... < 100 DM,... >= 7 years,1,female,none,4,real estate,44,none,own,1,skilled employee / official,1,"yes, registered under customer's name",yes,1,divorced/separated
no checking account,18,existing credits paid back duly till now,furniture/equipment,2145,... < 100 DM,unemployed,1,male,none,3,unknown / no property,35,none,own,1,unemployed / unskilled - non-resident,1,none,yes,1,single
... < 0 DM,27,existing credits paid back duly till now,repairs,2817,... < 100 DM,... < 1 year,4,female,none,2,"car or other, not in savings account",33,none,rent,2,skilled employee / official,1,none,yes,1,divorced/separated
0 <= ... < 200 DM,8,existing credits paid back duly till now,radio/television,1266,... < 100 DM,1 <= ... < 4 years,1,female,none,2,building society savings agreement / life insurance,19,none,own,1,skilled employee / official,1,none,yes,1,married/widowed
... < 0 DM,22,existing credits paid back duly till now,radio/television,2232,... < 100 DM,1 <= ... < 4 years,4,male,none,1,"car or other, not in savings account",24,stores,own,1,skilled employee / official,1,none,yes,2,single
no checking account,4,existing credits paid back duly till now,car (new),1549,500 <= ... < 1000 DM,... >= 7 years,2,male,none,4,unknown / no property,36,none,own,2,unskilled - resident,2,"yes, registered under customer's name",yes,1,single
no checking account,18,critical account / other credits existing (not at this bank),radio/television,1465,... < 100 DM,1 <= ... < 4 years,4,female,none,3,"car or other, not in savings account",75,none,own,2,skilled employee / official,1,none,yes,1,married/widowed
no checking account,37,existing credits paid back duly till now,car (new),4378,500 <= ... < 1000 DM,1 <= ... < 4 years,4,female,none,3,real estate,32,none,own,1,skilled employee / official,1,"yes, registered under customer's name",yes,1,single
0 <= ... < 200 DM,61,existing credits paid back duly till now,education,11907,... < 100 DM,... < 1 year,2,male,co-applicant,4,unknown / no property,27,bank,for free,1,management / self-employed / highly qualified employee / officer,1,none,yes,2,married/widowed
no checking account,15,critical account / other credits existing (not at this bank),car (new),1645,... < 100 DM,4 <= ... < 7 years,4,male,none,3,"car or other, not in savings account",22,none,own,2,unskilled - resident,2,none,yes,1,single
no checking account,25,delay in paying off in the past,business,9433,... < 100 DM,1 <= ... < 4 years,2,female,none,1,real estate,29,bank,own,1,skilled employee / official,1,"yes, registered under customer's name",yes,2,divorced/separated
... < 0 DM,15,existing credits paid back duly till now,car (new),1097,100 <= ... < 500 DM,... < 1 year,4,female,none,4,"car or other, not in savings account",46,none,rent,1,skilled employee / official,1,"yes, registered under customer's name",yes,2,divorced/separated
... >= 200 DM / salary assignments for at least 1 year,25,existing credits paid back duly till now,car (used),15094,unknown / no savings account,unemployed,4,female,none,4,unknown / no property,39,none,for free,1,skilled employee / official,1,"yes, registered under customer's name",yes,1,divorced/separated
0 <= ... < 200 DM,17,delay in paying off in the past,car (new),1602,... < 100 DM,... < 1 year,2,male,none,1,real estate,45,none,own,2,skilled employee / official,2,none,yes,1,single
... < 0 DM,13,critical account / other credits existing (not at this bank),radio/television,714,... < 100 DM,1 <= ... < 4 years,4,female,none,2,"car or other, not in savings account",22,none,own,1,skilled employee / official,1,none,yes,2,divorced/separated
0 <= ... < 200 DM,71,existing credits paid back duly till now,furniture/equipment,5579,... < 100 DM,1 <= ... < 4 years,4,male,none,2,"car or other, not in savings account",19,none,own,1,skilled employee / official,1,none,yes,1,divorced/separated
0 <= ... < 200 DM,55,all credits at this bank paid back duly,car (used),6062,... >= 1000 DM,1 <= ... < 4 years,4,male,co-applicant,4,unknown / no property,45,none,own,1,skilled employee / official,1,"yes, registered under customer's name",yes,2,single
no checking account,14,existing credits paid back duly till now,furniture/equipment,2730,500 <= ... < 1000 DM,... < 1 year,2,male,none,4,"car or other, not in savings account",20,none,own,1,skilled employee / official,1,none,yes,1,single
0 <= ... < 200 DM,15,existing credits paid back duly till now,radio/television,1688,... < 100 DM,... < 1 year,3,male,guarantor,2,building society savings agreement / life insurance,23,bank,own,1,skilled employee / official,1,none,yes,2,married/widowed
... >= 200 DM / salary assignments for at least 1 year,6,existing credits paid back duly till now,radio/television,4584,... < 100 DM,... < 1 year,4,male,none,2,building society savings agreement / life insurance,22,none,own,1,skilled employee / official,1,"yes, registered under customer's name",yes,2,divorced/separated
0 <= ... < 200 DM,11,existing credits paid back duly till now,radio/television,1026,... < 100 DM,... >= 7 years,4,male,none,3,building society savings agreement / life insurance,38,none,own,1,skilled employee / official,1,none,yes,1,married/widowed
no checking account,39,critical account / other credits existing (not at this bank),car (new),2575,... < 100 DM,... >= 7 years,3,male,none,4,unknown / no property,50,none,own,2,skilled employee / official,1,none,yes,1,married/widowed
0 <= ... < 200 DM,40,existing credits paid back duly till now,furniture/equipment,3268,... < 100 DM,1 <= ... < 4 years,4,male,guarantor,2,"car or other, not in savings account",24,bank,own,1,skilled employee / official,1,none,yes,1,single
0 <= ... < 200 DM,14,existing credits paid back duly till now,radio/television,1208,... < 100 DM,1 <= ... < 4 years,3,female,none,1,real estate,33,none,rent,1,skilled employee / official,1,none,yes,1,married/widowed
0 <= ... < 200 DM,12,existing credits paid back duly till now,car (new),1137,... < 100 DM,... >= 7 years,2,male,none,4,building society savings agreement / life insurance,47,none,rent,1,unskilled - resident,1,none,no,1,single
0 <= ... < 200 DM,8,existing credits paid back duly till now,car (new),1911,... < 100 DM,... < 1 year,4,female,none,2,real estate,46,none,own,1,unemployed / unskilled - non-resident,1,none,yes,2,divorced/separated
0 <= ... < 200 DM,4,existing credits paid back duly till now,car (new),1761,... < 100 DM,... >= 7 years,1,male,guarantor,4,unknown / no property,31,none,own,3,skilled employee / official,2,none,no,1,married/widowed
no checking account,12,existing credits paid back duly till now,radio/television,1333,unknown / no savings account,... < 1 year,3,male,none,2,real estate,44,none,own,2,unskilled - resident,1,"yes, registered under customer's name",yes,1,single
0 <= ... < 200 DM,4,all credits at this bank paid back duly,radio/television,709,... >= 1000 DM,1 <= ... < 4 years,2,female,none,2,real estate,36,bank,rent,1,unskilled - resident,1,none,yes,1,married/widowed
... >= 200 DM / salary assignments for at least 1 year,16,all credits at this bank paid back duly,radio/television,862,... < 100 DM,1 <= ... < 4 years,1,female,none,3,real estate,57,none,for free,2,skilled employee / official,1,none,yes,2,single
no checking account,18,existing credits paid back duly till now,car (new),493,unknown / no savings account,... < 1 year,4,male,none,4,real estate,53,none,own,1,unskilled - resident,1,none,yes,1,single
0 <= ... < 200 DM,23,delay in paying off in the past,furniture/equipment,2120,... < 100 DM,1 <= ... < 4 years,1,female,none,1,building society savings agreement / life insurance,29,none,own,1,skilled employee / official,1,none,yes,2,divorced/separated
no checking account,37,existing credits paid back duly till now,others,7937,100 <= ... < 500 DM,unemployed,2,male,none,2,unknown / no property,20,none,own,1,skilled employee / official,1,none,yes,2,single
... >= 200 DM / salary assignments for at least 1 year,10,critical account / other credits existing (not at this bank),car (new),788,... < 100 DM,... >= 7 years,1,male,none,4,real estate,38,bank,for free,2,skilled employee / official,2,"yes, registered under customer's name",yes,1,single
no checking account,23,existing credits paid back duly till now,furniture/equipment,2697,... < 100 DM,4 <= ... < 7 years,1,male,none,2,real estate,26,stores,own,1,skilled employee / official,1,none,yes,1,divorced/separated
no checking account,23,existing credits paid back duly till now,car (new),1046,... < 100 DM,1 <= ... < 4 years,2,male,none,4,real estate,25,none,rent,1,unskilled - resident,1,none,yes,1,single
0 <= ... < 200 DM,15,critical account / other credits existing (not at this bank),domestic appliances,2101,... < 100 DM,1 <= ... < 4 years,2,male,guarantor,2,real estate,40,stores,own,2,skilled employee / official,1,"yes, registered under customer's name",yes,1,single
0 <= ... < 200 DM,44,all credits at this bank paid back duly,car (new),6509,... < 100 DM,... < 1 year,1,male,none,1,unknown / no property,52,none,own,3,management / self-employed / highly qualified employee / officer,2,none,yes,2,single
no checking account,25,delay in paying off in the past,furniture/equipment,8576,unknown / no savings account,4 <= ... < 7 years,1,male,none,4,"car or other, not in savings account",33,none,own,1,skilled employee / official,1,"yes, registered under customer's name",yes,1,single
0 <= ... < 200 DM,56,delay in paying off in the past,furniture/equipment,7644,... < 100 DM,... < 1 year,3,male,none,2,unknown / no property,23,none,for free,1,management / self-employed / highly qualified employee / officer,1,"yes, registered under customer's name",yes,2,married/widowed
no checking account,23,critical account / other credits existing (not at this bank),radio/television,1104,unknown / no savings account,4 <= ... < 7 years,4,male,none,4,"car or other, not in savings account",47,none,own,2,skilled employee / official,1,"yes, registered under customer's name",yes,1,single
0 <= ... < 200 DM,21,critical account / other credits existing (not at this bank),car (new),1498,... < 100 DM,1 <= ... < 4 years,4,male,none,4,"car or other, not in savings account",24,bank,own,2,unskilled - resident,1,none,yes,2,single
... < 0 DM,11,no credits taken / all credits paid back duly,business,899,... < 100 DM,... >= 7 years,4,male,none,4,building society savings agreement / life insurance,64,none,own,2,unskilled - resident,1,none,yes,2,single
no checking account,24,critical account / other credits existing (not at this bank),car (used),11312,unknown / no savings account,... >= 7 years,2,male,none,4,unknown / no property,32,none,for free,2,skilled employee / official,2,"yes, registered under customer's name",yes,1,single
no checking account,15,critical account / other credits existing (not at this bank),furniture/equipment,1011,100 <= ... < 500 DM,... >= 7 years,2,female,co-applicant,2,"car or other, not in savings account",35,none,own,1,skilled employee / official,1,"yes, registered under customer's name",yes,1,divorced/separated
... < 0 DM,20,existing credits paid back duly till now,furniture/equipment,2394,... < 100 DM,4 <= ... < 7 years,4,male,none,3,"car or other, not in savings account",25,stores,own,1,management / self-employed / highly qualified employee / officer,1,none,yes,1,single
0 <= ... < 200 DM,61,all credits at this bank paid back duly,car (used),3222,unknown / no savings account,... >= 7 years,2,male,none,1,real estate,41,none,rent,4,skilled employee / official,2,"yes, registered under customer's name",yes,1,single
... >= 200 DM / salary assignments for at least 1 year,14,critical account / other credits existing (not at this bank),radio/television,898,... < 100 DM,... >= 7 years,4,male,none,2,real estate,65,none,own,2,unskilled - resident,2,none,yes,1,single
no checking account,59,existing credits paid back duly till now,car (used),4315,... < 100 DM,... >= 7 years,3,male,none,4,unknown / no property,39,bank,for free,1,management / self-employed / highly qualified employee / officer,2,none,yes,1,single
... < 0 DM,17,existing credits paid back duly till now,furniture/equipment,477,... < 100 DM,4 <= ... < 7 years,1,female,none,2,"car or other, not in savings account",36,none,own,1,skilled employee / official,1,none,yes,1,divorced/separated
0 <= ... < 200 DM,33,critical account / other credits existing (not at this bank),car (new),7503,... < 100 DM,1 <= ... < 4 years,2,male,co-applicant,3,building society savings agreement / life insurance,31,none,own,2,unskilled - resident,1,none,yes,2,single
0 <= ... < 200 DM,13,existing credits paid back duly till now,furniture/equipment,6561,... < 100 DM,1 <= ... < 4 years,2,female,guarantor,2,building society savings agreement / life insurance,19,none,own,1,skilled employee / official,1,none,yes,2,divorced/separated
... < 0 DM,26,existing credits paid back duly till now,radio/television,3518,100 <= ... < 500 DM,... < 1 year,4,female,none,2,"car or other, not in savings account",39,stores,rent,1,skilled employee / official,1,none,yes,2,divorced/separated
0 <= ... < 200 DM,25,existing credits paid back duly till now,car (new),3625,... < 100 DM,unemployed,1,male,none,1,"car or other, not in savings account",37,none,own,4,management / self-employed / highly qualified employee / officer,1,none,yes,2,single
0 <= ... < 200 DM,19,existing credits paid back duly till now,furniture/equipment,2081,100 <= ... < 500 DM,1 <= ... < 4 years,4,female,none,1,building society savings agreement / life insurance,25,none,rent,1,skilled employee / official,1,none,yes,1,divorced/separated
no checking account,10,existing credits paid back duly till now,radio/television,3191,... < 100 DM,... >= 7 years,3,male,none,4,unknown / no property,53,none,for free,1,unskilled - resident,2,"yes, registered under customer's name",yes,1,single
... < 0 DM,17,existing credits paid back duly till now,furniture/equipment,1002,... < 100 DM,1 <= ... < 4 years,4,male,none,1,real estate,59,bank,own,2,skilled employee / official,1,none,yes,1,single
no checking account,9,existing credits paid back duly till now,furniture/equipment,5108,unknown / no savings account,... >= 7 years,2,male,none,4,unknown / no property,35,none,for free,1,unskilled - resident,1,"yes, registered under customer's name",no,1,single
no checking account,41,existing credits paid back duly till now,furniture/equipment,4337,unknown / no savings account,1 <= ... < 4 years,4,male,none,2,"car or other, not in savings account",19,none,own,1,skilled employee / official,1,none,yes,2,single
0 <= ... < 200 DM,25,existing credits paid back duly till now,radio/television,2010,... < 100 DM,1 <= ... < 4 years,2,male,none,2,building society savings agreement / life insurance,30,none,rent,1,skilled employee / official,1,none,yes,2,single
no checking account,13,critical account / other credits existing (not at this bank),radio/television,250,... < 100 DM,... >= 7 years,4,male,none,4,building society savings agreement / life insurance,33,bank,own,2,skilled employee / official,1,none,yes,1,single
no checking account,7,existing credits paid back duly till now,repairs,1965,... < 100 DM,... >= 7 years,3,male,none,1,real estate,52,none,own,2,unskilled - resident,2,none,no,1,single
0 <= ... < 200 DM,27,existing credits paid back duly till now,furniture/equipment,15945,... < 100 DM,4 <= ... < 7 years,4,male,none,4,"car or other, not in savings account",35,none,own,1,skilled employee / official,1,none,yes,1,single
0 <= ... < 200 DM,16,delay in paying off in the past,radio/television,3975,... < 100 DM,1 <= ... < 4 years,2,female,none,2,real estate,27,none,own,1,unskilled - resident,1,none,yes,2,divorced/separated
no checking account,10,existing credits paid back duly till now,furniture/equipment,829,unknown / no savings account,1 <= ... < 4 years,1,female,co-applicant,3,building society savings agreement / life insurance,75,none,own,2,skilled employee / official,1,none,yes,1,single
no checking account,22,existing credits paid back duly till now,domestic appliances,1842,100 <= ... < 500 DM,... >= 7 years,2,male,guarantor,2,"car or other, not in savings account",48,none,for free,1,unskilled - resident,2,none,yes,1,single
