checking_account_status,duration_months,credit_history,purpose,credit_amount,savings_account,employment_duration,installment_rate,sex,other_debtors,residence_duration,property,age,other_installment_plans,housing,existing_credits,job,num_dependents,telephone,foreign_worker,target,relationship_status
... < 0 DM,35,delay in paying off in the past,education,4586,... < 100 DM,... >= 7 years,4,male,none,4,building society savings agreement / life insurance,37,stores,own,2,management / self-employed / highly qualified employee / officer,1,none,yes,1,single
... < 0 DM,22,critical account / other credits existing (not at this bank),car (new),887,... < 100 DM,1 <= ... < 4 years,4,male,none,3,real estate,37,none,own,2,unskilled - resident,1,none,yes,1,single
no checking account,9,existing credits paid back duly till now,repairs,3375,100 <= ... < 500 DM,1 <= ... < 4 years,1,female,none,1,real estate,19,none,own,1,unskilled - resident,1,none,yes,1,divorced/separated
... >= 200 DM / salary assignments for at least 1 year,28,delay in paying off in the past,radio/television,2760,... < 100 DM,unemployed,2,female,none,4,"car or other, not in savings account",29,none,rent,1,management / self-employed / highly qualified employee / officer,1,"yes, registered under customer's name",yes,2,single
no checking account,55,critical account / other credits existing (not at this bank),car (new),12446,... < 100 DM,... >= 7 years,4,male,none,4,unknown / no property,59,bank,own,2,unskilled - resident,1,none,yes,1,single
... < 0 DM,27,delay in paying off in the past,furniture/equipment,4578,... < 100 DM,4 <= ... < 7 years,2,female,co-applicant,1,building society savings agreement / life insurance,75,bank,own,1,unskilled - resident,1,"yes, registered under customer's name",yes,1,single
no checking account,29,existing credits paid back duly till now,others,2650,500 <= ... < 1000 DM,1 <= ... < 4 years,4,male,none,1,"car or other, not in savings account",26,none,own,2,skilled employee / official,1,none,no,1,married/widowed
... < 0 DM,47,all credits at this bank paid back duly,car (new),250,... < 100 DM,1 <= ... < 4 years,4,male,none,4,unknown / no property,58,bank,own,1,skilled employee / official,1,"yes, registered under customer's name",yes,1,divorced/separated
no checking account,6,existing credits paid back duly till now,business,2378,... < 100 DM,4 <= ... < 7 years,3,male,none,4,"car or other, not in savings account",30,none,own,1,unskilled - resident,1,none,yes,1,married/widowed
... < 0 DM,28,existing credits paid back duly till now,car (used),5255,unknown / no savings account,unemployed,4,male,none,4,building society savings agreement / life insurance,19,stores,for free,1,skilled employee / official,1,"yes, registered under customer's name",yes,2,divorced/separated
... < 0 DM,37,all credits at this bank paid back duly,car (used),2146,... < 100 DM,... >= 7 years,2,male,none,4,unknown / no property,31,bank,for free,1,management / self-employed / highly qualified employee / officer,1,"yes, registered under customer's name",yes,2,single
0 <= ... < 200 DM,5,all credits at this bank paid back duly,car (used),2717,500 <= ... < 1000 DM,1 <= ... < 4 years,2,male,none,2,real estate,74,none,own,1,management / self-employed / highly qualified employee / officer,1,none,no,1,single
no checking account,26,existing credits paid back duly till now,radio/television,3528,unknown / no savings account,1 <= ... < 4 years,2,male,none,2,building society savings agreement / life insurance,34,none,own,1,skilled employee / official,1,"yes, registered under customer's name",yes,1,single
no checking account,16,existing credits paid back duly till now,furniture/equipment,385,... < 100 DM,1 <= ... < 4 years,4,male,none,3,real estate,29,none,own,1,unskilled - resident,1,none,yes,1,single
no checking account,21,critical account / other credits existing (not at this bank),business,664,... < 100 DM,... < 1 year,4,male,none,4,real estate,54,stores,own,2,skilled employee / official,1,none,yes,1,single
0 <= ... < 200 DM,72,existing credits paid back duly till now,furniture/equipment,3596,unknown / no savings account,4 <= ... < 7 years,4,male,none,4,"car or other, not in savings account",59,bank,own,1,management / self-employed / highly qualified employee / officer,1,"yes, registered under customer's name",yes,2,single
0 <= ... < 200 DM,24,critical account / other credits existing (not at this bank),radio/television,250,unknown / no savings account,4 <= ... < 7 years,4,male,none,2,"car or other, not in savings account",38,none,own,2,unskilled - resident,1,"yes, registered under customer's name",yes,1,single
no checking account,36,all credits at this bank paid back duly,car (new),3051,... < 100 DM,... >= 7 years,2,male,none,4,building society savings agreement / life insurance,75,none,own,1,skilled employee / official,2,none,yes,1,single
... < 0 DM,26,delay in paying off in the past,furniture/equipment,2621,500 <= ... < 1000 DM,1 <= ... < 4 years,2,male,none,4,"car or other, not in savings account",66,none,own,2,management / self-employed / highly qualified employee / officer,1,"yes, registered under customer's name",yes,2,divorced/separated
no checking account,17,critical account / other credits existing (not at this bank),radio/television,5898,unknown / no savings account,1 <= ... < 4 years,1,male,none,2,building society savings agreement / life insurance,61,none,own,2,unskilled - resident,1,none,yes,1,single
... >= 200 DM / salary assignments for at least 1 year,30,existing credits paid back duly till now,others,2648,100 <= ... < 500 DM,... < 1 year,1,female,none,4,"car or other, not in savings account",24,none,own,1,skilled employee / official,1,none,yes,2,divorced/separated
no checking account,5,critical account / other credits existing (not at this bank),education,250,... < 100 DM,... < 1 year,4,male,none,2,"car or other, not in savings account",22,none,own,1,skilled employee / official,1,none,yes,1,divorced/separated
... < 0 DM,17,all credits at this bank paid back duly,car (used),15945,100 <= ... < 500 DM,unemployed,2,female,none,4,"car or other, not in savings account",25,none,own,1,management / self-employed / highly qualified employee / officer,1,none,yes,2,divorced/separated
... < 0 DM,12,critical account / other credits existing (not at this bank),furniture/equipment,250,... < 100 DM,... < 1 year,2,male,none,4,real estate,19,none,own,2,skilled employee / official,1,none,yes,1,divorced/separated
... < 0 DM,21,critical account / other credits existing (not at this bank),car (new),250,unknown / no savings account,1 <= ... < 4 years,1,male,none,4,real estate,60,none,own,2,skilled employee / official,1,none,yes,1,divorced/separated
... < 0 DM,25,existing credits paid back duly till now,business,15945,... < 100 DM,unemployed,4,male,none,4,unknown / no property,75,bank,for free,1,skilled employee / official,1,"yes, registered under customer's name",yes,2,single
0 <= ... < 200 DM,26,existing credits paid back duly till now,education,9355,... < 100 DM,... >= 7 years,4,male,none,4,"car or other, not in savings account",20,stores,for free,1,skilled employee / official,1,"yes, registered under customer's name",yes,2,single
... >= 200 DM / salary assignments for at least 1 year,28,critical account / other credits existing (not at this bank),business,250,... < 100 DM,1 <= ... < 4 years,1,male,none,4,building society savings agreement / life insurance,46,none,own,2,management / self-employed / highly qualified employee / officer,1,none,yes,1,single
no checking account,19,existing credits paid back duly till now,car (new),346,unknown / no savings account,4 <= ... < 7 years,4,male,guarantor,4,real estate,19,none,own,2,unskilled - resident,1,none,yes,1,married/widowed
... < 0 DM,25,delay in paying off in the past,car (new),2051,... < 100 DM,... >= 7 years,1,male,co-applicant,4,real estate,19,none,rent,2,unemployed / unskilled - non-resident,1,none,yes,1,divorced/separated
no checking account,7,critical account / other credits existing (not at this bank),car (new),250,... < 100 DM,... < 1 year,2,male,none,3,real estate,30,none,own,3,skilled employee / official,1,none,yes,1,divorced/separated
no checking account,26,critical account / other credits existing (not at this bank),radio/television,250,... < 100 DM,4 <= ... < 7 years,2,male,none,3,real estate,44,none,own,2,skilled employee / official,2,none,yes,1,single
0 <= ... < 200 DM,22,existing credits paid back duly till now,car (new),250,... < 100 DM,... < 1 year,1,female,co-applicant,4,"car or other, not in savings account",19,bank,own,1,skilled employee / official,1,"yes, registered under customer's name",yes,2,divorced/separated
... < 0 DM,21,all credits at this bank paid back duly,car (new),277,unknown / no savings account,... >= 7 years,4,male,none,1,unknown / no property,55,none,own,3,skilled employee / official,1,"yes, registered under customer's name",yes,1,single
no checking account,20,all credits at this bank paid back duly,car (new),5009,... < 100 DM,... >= 7 years,4,male,none,4,building society savings agreement / life insurance,38,none,own,1,management / self-employed / highly qualified employee / officer,1,"yes, registered under customer's name",yes,1,single
0 <= ... < 200 DM,13,existing credits paid back duly till now,car (new),2437,100 <= ... < 500 DM,... < 1 year,4,female,none,1,"car or other, not in savings account",36,none,rent,1,skilled employee / official,1,none,yes,2,divorced/separated
no checking account,4,existing credits paid back duly till now,radio/television,1606,500 <= ... < 1000 DM,1 <= ... < 4 years,4,male,none,2,building society savings agreement / life insurance,30,none,own,2,unskilled - resident,2,none,no,1,divorced/separated
no checking account,25,existing credits paid back duly till now,car (new),5244,500 <= ... < 1000 DM,... < 1 year,2,female,none,1,"car or other, not in savings account",25,none,own,2,unskilled - resident,1,none,yes,1,divorced/separated
no checking account,22,existing credits paid back duly till now,repairs,10422,unknown / no savings account,... < 1 year,1,male,none,4,unknown / no property,34,none,rent,1,management / self-employed / highly qualified employee / officer,1,"yes, registered under customer's name",yes,1,single
no checking account,21,no credits taken / all credits paid back duly,business,2644,500 <= ... < 1000 DM,... >= 7 years,4,male,none,4,unknown / no property,33,bank,for free,1,skilled employee / official,1,"yes, registered under customer's name",yes,1,divorced/separated
no checking account,4,existing credits paid back duly till now,car (new),2567,unknown / no savings account,... < 1 year,2,male,none,4,"car or other, not in savings account",30,none,own,2,unskilled - resident,1,none,yes,1,divorced/separated
no checking account,65,all credits at this bank paid back duly,car (used),3282,unknown / no savings account,... >= 7 years,4,male,none,4,real estate,56,none,own,4,management / self-employed / highly qualified employee / officer,1,none,yes,2,single
0 <= ... < 200 DM,38,delay in paying off in the past,car (used),1799,... >= 1000 DM,... >= 7 years,3,male,none,4,"car or other, not in savings account",58,stores,for free,1,management / self-employed / highly qualified employee / officer,1,"yes, registered under customer's name",yes,2,married/widowed
... >= 200 DM / salary assignments for at least 1 year,4,existing credits paid back duly till now,radio/television,3289,... < 100 DM,4 <= ... < 7 years,1,male,none,4,building society savings agreement / life insurance,19,none,rent,1,skilled employee / official,1,none,yes,1,single
... < 0 DM,28,existing credits paid back duly till now,furniture/equipment,3756,... < 100 DM,... < 1 year,2,female,none,4,"car or other, not in savings account",19,none,rent,1,skilled employee / official,1,"yes, registered under customer's name",yes,2,divorced/separated
... < 0 DM,11,existing credits paid back duly till now,car (new),250,... < 100 DM,... < 1 year,4,female,none,4,"car or other, not in savings account",36,none,own,1,unskilled - resident,1,none,yes,1,divorced/separated
0 <= ... < 200 DM,29,existing credits paid back duly till now,furniture/equipment,1182,100 <= ... < 500 DM,... >= 7 years,2,female,guarantor,1,"car or other, not in savings account",19,none,rent,1,skilled employee / official,1,"yes, registered under customer's name",yes,2,divorced/separated
no checking account,20,existing credits paid back duly till now,business,2657,... < 100 DM,... < 1 year,4,female,none,1,"car or other, not in savings account",31,bank,rent,1,skilled employee / official,1,none,yes,1,divorced/separated
... >= 200 DM / salary assignments for at least 1 year,28,delay in paying off in the past,education,7762,... < 100 DM,1 <= ... < 4 years,4,female,none,4,unknown / no property,26,none,for free,3,skilled employee / official,1,"yes, registered under customer's name",yes,2,divorced/separated
no checking account,19,existing credits paid back duly till now,radio/television,2539,500 <= ... < 1000 DM,1 <= ... < 4 years,3,male,none,3,"car or other, not in savings account",21,none,own,1,skilled employee / official,1,"yes, registered under customer's name",yes,1,divorced/separated
... < 0 DM,48,existing credits paid back duly till now,furniture/equipment,8344,... < 100 DM,... >= 7 years,2,female,none,4,unknown / no property,19,none,for free,1,skilled employee / official,1,"yes, registered under customer's name",yes,1,divorced/separated
no checking account,17,critical account / other credits existing (not at this bank),car (new),595,... < 100 DM,1 <= ... < 4 years,4,male,none,3,real estate,21,none,own,2,unskilled - resident,1,none,yes,1,single
... >= 200 DM / salary assignments for at least 1 year,19,existing credits paid back duly till now,car (used),5553,... < 100 DM,... < 1 year,4,male,none,4,"car or other, not in savings account",19,none,for free,1,management / self-employed / highly qualified employee / officer,1,none,yes,2,single
... < 0 DM,16,all credits at this bank paid back duly,education,6328,... < 100 DM,... < 1 year,3,female,none,4,building society savings agreement / life insurance,29,none,rent,1,skilled employee / official,1,none,yes,1,divorced/separated
... < 0 DM,22,existing credits paid back duly till now,car (new),1390,... < 100 DM,1 <= ... < 4 years,4,male,none,2,"car or other, not in savings account",23,none,own,1,skilled employee / official,1,none,yes,1,single
... < 0 DM,18,existing credits paid back duly till now,radio/television,2654,500 <= ... < 1000 DM,4 <= ... < 7 years,4,male,none,2,"car or other, not in savings account",23,none,own,1,skilled employee / official,1,none,yes,1,married/widowed
... >= 200 DM / salary assignments for at least 1 year,4,delay in paying off in the past,education,3512,... < 100 DM,... < 1 year,1,female,co-applicant,4,building society savings agreement / life insurance,27,none,own,1,skilled employee / official,1,none,yes,1,divorced/separated
no checking account,4,existing credits paid back duly till now,car (new),3264,100 <= ... < 500 DM,... >= 7 years,2,male,none,4,real estate,52,none,own,2,skilled employee / official,1,none,yes,1,married/widowed
0 <= ... < 200 DM,22,all credits at this bank paid back duly,car (new),4345,... >= 1000 DM,... < 1 year,4,female,none,4,building society savings agreement / life insurance,57,none,rent,1,skilled employee / official,1,"yes, registered under customer's name",yes,2,divorced/separated
... < 0 DM,29,all credits at this bank paid back duly,car (used),12471,... < 100 DM,1 <= ... < 4 years,4,male,none,4,building society savings agreement / life insurance,21,none,own,2,unemployed / unskilled - non-resident,1,"yes, registered under customer's name",yes,1,single
0 <= ... < 200 DM,22,existing credits paid back duly till now,radio/television,1725,... < 100 DM,1 <= ... < 4 years,4,female,co-applicant,4,real estate,20,none,for free,2,skilled employee / official,1,"yes, registered under customer's name",no,1,divorced/separated
no checking account,21,critical account / other credits existing (not at this bank),radio/television,250,unknown / no savings account,... >= 7 years,4,male,none,4,building society savings agreement / life insurance,59,bank,own,2,skilled employee / official,2,none,yes,1,single
0 <= ... < 200 DM,4,existing credits paid back duly till now,radio/television,3594,500 <= ... < 1000 DM,... < 1 year,3,female,none,4,"car or other, not in savings account",19,none,rent,1,skilled employee / official,1,none,yes,2,divorced/separated
... < 0 DM,27,critical account / other credits existing (not at this bank),car (new),555,500 <= ... < 1000 DM,4 <= ... < 7 years,4,male,none,2,real estate,51,none,own,1,management / self-employed / highly qualified employee / officer,1,none,yes,1,single
no checking account,16,delay in paying off in the past,car (new),15945,... < 100 DM,... >= 7 years,4,male,none,4,unknown / no property,52,none,for free,2,management / self-employed / highly qualified employee / officer,1,"yes, registered under customer's name",yes,2,single
... < 0 DM,44,delay in paying off in the past,car (used),11350,... < 100 DM,unemployed,2,male,none,4,unknown / no property,75,stores,for free,1,management / self-employed / highly qualified employee / officer,1,"yes, registered under customer's name",yes,2,divorced/separated
no checking account,4,critical account / other credits existing (not at this bank),radio/television,1192,... < 100 DM,1 <= ... < 4 years,4,male,none,2,real estate,25,none,own,2,skilled employee / official,2,none,yes,1,single
... < 0 DM,60,existing credits paid back duly till now,furniture/equipment,4425,500 <= ... < 1000 DM,... < 1 year,2,female,none,4,"car or other, not in savings account",24,none,rent,1,skilled employee / official,1,"yes, registered under customer's name",yes,2,divorced/separated
no checking account,4,all credits at this bank paid back duly,car (used),931,... < 100 DM,1 <= ... < 4 years,4,male,none,2,real estate,41,none,own,2,management / self-employed / highly qualified employee / officer,1,none,yes,1,divorced/separated
... < 0 DM,20,critical account / other credits existing (not at this bank),car (new),250,500 <= ... < 1000 DM,... >= 7 years,4,male,none,4,building society savings agreement / life insurance,67,none,rent,1,unskilled - resident,1,none,yes,1,single
... < 0 DM,12,critical account / other credits existing (not at this bank),car (used),10157,... < 100 DM,... >= 7 years,3,male,guarantor,4,building society savings agreement / life insurance,47,stores,own,3,skilled employee / official,2,none,yes,1,single
... < 0 DM,11,existing credits paid back duly till now,radio/television,3563,... >= 1000 DM,... < 1 year,2,male,none,4,building society savings agreement / life insurance,55,stores,own,1,skilled employee / official,1,"yes, registered under customer's name",yes,2,divorced/separated
... < 0 DM,38,existing credits paid back duly till now,furniture/equipment,1098,... < 100 DM,... < 1 year,4,female,none,1,"car or other, not in savings account",19,none,rent,1,skilled employee / official,1,"yes, registered under customer's name",yes,2,married/widowed
no checking account,15,critical account / other credits existing (not at this bank),radio/television,250,unknown / no savings account,1 <= ... < 4 years,4,male,none,2,"car or other, not in savings account",21,none,own,2,skilled employee / official,1,none,yes,1,single
... < 0 DM,8,critical account / other credits existing (not at this bank),education,13772,... < 100 DM,... >= 7 years,4,female,none,1,"car or other, not in savings account",26,none,own,1,skilled employee / official,2,none,no,1,divorced/separated
... < 0 DM,28,existing credits paid back duly till now,furniture/equipment,15945,100 <= ... < 500 DM,... < 1 year,2,female,co-applicant,2,building society savings agreement / life insurance,21,none,rent,1,management / self-employed / highly qualified employee / officer,1,none,yes,2,married/widowed
... < 0 DM,23,all credits at this bank paid back duly,furniture/equipment,5281,... < 100 DM,... < 1 year,4,female,none,4,unknown / no property,33,none,rent,1,management / self-employed / highly qualified employee / officer,1,"yes, registered under customer's name",yes,2,divorced/separated
... < 0 DM,60,all credits at this bank paid back duly,car (new),1140,100 <= ... < 500 DM,... < 1 year,4,female,none,4,building society savings agreement / life insurance,36,stores,rent,2,skilled employee / official,1,none,yes,1,divorced/separated
0 <= ... < 200 DM,47,critical account / other credits existing (not at this bank),business,4750,unknown / no savings account,... >= 7 years,4,male,none,3,unknown / no property,40,none,for free,2,unskilled - resident,2,none,yes,1,single
... >= 200 DM / salary assignments for at least 1 year,23,critical account / other credits existing (not at this bank),radio/television,2252,... < 100 DM,1 <= ... < 4 years,2,male,none,3,"car or other, not in savings account",34,none,own,2,skilled employee / official,1,none,yes,1,single
... < 0 DM,72,critical account / other credits existing (not at this bank),radio/television,803,unknown / no savings account,... >= 7 years,4,male,none,4,unknown / no property,58,bank,for free,1,management / self-employed / highly qualified employee / officer,1,"yes, registered under customer's name",yes,2,single
... >= 200 DM / salary assignments for at least 1 year,23,existing credits paid back duly till now,education,1335,100 <= ... < 500 DM,... < 1 year,4,female,co-applicant,3,"car or other, not in savings account",31,none,rent,1,skilled employee / official,1,none,yes,1,married/widowed
... < 0 DM,49,existing credits paid back duly till now,others,1024,... < 100 DM,1 <= ... < 4 years,2,male,co-applicant,3,unknown / no property,36,none,rent,1,skilled employee / official,1,"yes, registered under customer's name",yes,2,divorced/separated
... < 0 DM,10,critical account / other credits existing (not at this bank),car (new),763,500 <= ... < 1000 DM,unemployed,2,male,none,4,real estate,26,none,own,1,skilled employee / official,1,"yes, registered under customer's name",yes,2,single
... < 0 DM,51,all credits at this bank paid back duly,car (used),250,... < 100 DM,... < 1 year,4,female,none,4,unknown / no property,19,stores,rent,1,skilled employee / official,1,"yes, registered under customer's name",yes,2,divorced/separated
... < 0 DM,22,existing credits paid back duly till now,radio/television,3665,unknown / no savings account,1 <= ... < 4 years,2,male,none,2,real estate,19,none,own,2,skilled employee / official,1,none,yes,1,married/widowed
no checking account,4,critical account / other credits existing (not at this bank),radio/television,250,... >= 1000 DM,1 <= ... < 4 years,4,male,none,4,"car or other, not in savings account",32,none,own,1,skilled employee / official,1,none,yes,1,married/widowed
... < 0 DM,23,no credits taken / all credits paid back duly,radio/television,2295,... < 100 DM,4 <= ... < 7 years,4,female,guarantor,4,"car or other, not in savings account",34,none,rent,1,skilled employee / official,1,"yes, registered under customer's name",yes,2,divorced/separated
no checking account,10,existing credits paid back duly till now,car (new),6749,unknown / no savings account,4 <= ... < 7 years,2,female,none,2,real estate,24,none,own,2,unemployed / unskilled - non-resident,1,none,yes,1,divorced/separated
no checking account,8,existing credits paid back duly till now,car (new),2584,... < 100 DM,... >= 7 years,4,male,none,3,building society savings agreement / life insurance,25,none,own,2,management / self-employed / highly qualified employee / officer,1,"yes, registered under customer's name",yes,1,single
0 <= ... < 200 DM,39,existing credits paid back duly till now,business,1548,100 <= ... < 500 DM,... >= 7 years,4,male,none,4,building society savings agreement / life insurance,45,none,for free,1,unskilled - resident,2,none,yes,1,single
no checking account,13,critical account / other credits existing (not at this bank),car (new),250,unknown / no savings account,... >= 7 years,4,male,guarantor,2,real estate,44,none,own,2,skilled employee / official,1,none,no,1,single
no checking account,25,critical account / other credits existing (not at this bank),car (new),1639,... < 100 DM,1 <= ... < 4 years,4,male,none,3,real estate,36,none,own,2,skilled employee / official,1,none,yes,1,single
no checking account,10,existing credits paid back duly till now,radio/television,6308,100 <= ... < 500 DM,1 <= ... < 4 years,2,female,none,1,building society savings agreement / life insurance,25,none,own,1,skilled employee / official,1,"yes, registered under customer's name",yes,2,divorced/separated
no checking account,25,existing credits paid back duly till now,car (new),15945,... < 100 DM,... < 1 year,3,male,none,4,building society savings agreement / life insurance,53,none,for free,1,skilled employee / official,1,"yes, registered under customer's name",yes,2,divorced/separated
no checking account,54,critical account / other credits existing (not at this bank),radio/television,746,... < 100 DM,... < 1 year,4,male,co-applicant,3,"car or other, not in savings account",57,bank,own,2,management / self-employed / highly qualified employee / officer,1,"yes, registered under customer's name",yes,2,divorced/separated
no checking account,24,existing credits paid back duly till now,furniture/equipment,1147,... < 100 DM,... < 1 year,2,female,none,4,"car or other, not in savings account",29,stores,rent,1,unemployed / unskilled - non-resident,1,"yes, registered under customer's name",yes,2,divorced/separated
0 <= ... < 200 DM,27,existing credits paid back duly till now,car (used),2875,unknown / no savings account,... >= 7 years,2,male,none,2,building society savings agreement / life insurance,26,none,own,2,unskilled - resident,1,none,yes,1,single
no checking account,11,existing credits paid back duly till now,car (new),2612,unknown / no savings account,1 <= ... < 4 years,3,male,none,3,real estate,27,none,own,2,skilled employee / official,1,none,yes,1,single
no checking account,8,critical account / other credits existing (not at this bank),business,1817,unknown / no savings account,4 <= ... < 7 years,4,male,none,2,real estate,19,none,own,2,skilled employee / official,2,none,yes,1,single
no checking account,14,existing credits paid back duly till now,radio/television,2065,... < 100 DM,1 <= ... < 4 years,4,female,none,2,real estate,19,none,own,2,unskilled - resident,1,none,yes,1,divorced/separated
... < 0 DM,12,existing credits paid back duly till now,car (used),15945,unknown / no savings account,1 <= ... < 4 years,2,male,none,4,building society savings agreement / life insurance,19,none,own,1,skilled employee / official,1,"yes, registered under customer's name",yes,1,divorced/separated
... >= 200 DM / salary assignments for at least 1 year,15,critical account / other credits existing (not at this bank),radio/television,6438,... >= 1000 DM,... >= 7 years,4,male,none,4,real estate,60,none,own,2,management / self-employed / highly qualified employee / officer,1,none,yes,1,single
no checking account,29,delay in paying off in the past,furniture/equipment,1479,unknown / no savings account,4 <= ... < 7 years,4,male,none,2,unknown / no property,52,none,own,2,skilled employee / official,1,"yes, registered under customer's name",yes,2,divorced/separated
no checking account,9,existing credits paid back duly till now,car (new),699,... < 100 DM,1 <= ... < 4 years,1,male,none,2,real estate,22,none,own,2,skilled employee / official,1,none,yes,1,married/widowed
... < 0 DM,4,critical account / other credits existing (not at this bank),furniture/equipment,250,unknown / no savings account,4 <= ... < 7 years,4,male,none,2,real estate,30,none,rent,2,skilled employee / official,1,none,no,1,single
... >= 200 DM / salary assignments for at least 1 year,26,existing credits paid back duly till now,car (used),664,... < 100 DM,... >= 7 years,4,male,none,4,unknown / no property,33,none,for free,1,management / self-employed / highly qualified employee / officer,1,"yes, registered under customer's name",yes,1,single
... < 0 DM,23,critical account / other credits existing (not at this bank),car (new),2578,... < 100 DM,1 <= ... < 4 years,3,male,co-applicant,2,"car or other, not in savings account",19,none,for free,1,unemployed / unskilled - non-resident,1,none,yes,1,divorced/separated
... < 0 DM,26,existing credits paid back duly till now,car (used),5436,... < 100 DM,... < 1 year,1,female,none,4,unknown / no property,30,bank,for free,1,skilled employee / official,1,"yes, registered under customer's name",yes,2,single
... < 0 DM,4,critical account / other credits existing (not at this bank),car (new),250,500 <= ... < 1000 DM,1 <= ... < 4 years,3,male,none,1,"car or other, not in savings account",26,none,own,2,skilled employee / official,1,none,yes,1,divorced/separated
0 <= ... < 200 DM,49,critical account / other credits existing (not at this bank),education,7522,... < 100 DM,unemployed,4,male,none,4,"car or other, not in savings account",34,bank,for free,1,skilled employee / official,1,"yes, registered under customer's name",yes,2,divorced/separated
... < 0 DM,26,existing credits paid back duly till now,business,250,100 <= ... < 500 DM,unemployed,1,female,co-applicant,1,"car or other, not in savings account",34,none,rent,1,skilled employee / official,1,"yes, registered under customer's name",yes,1,divorced/separated
no checking account,14,critical account / other credits existing (not at this bank),business,2199,... < 100 DM,... < 1 year,4,female,none,2,building society savings agreement / life insurance,43,none,rent,1,skilled employee / official,1,"yes, registered under customer's name",yes,1,divorced/separated
... < 0 DM,26,critical account / other credits existing (not at this bank),radio/television,1917,100 <= ... < 500 DM,... < 1 year,4,female,none,4,"car or other, not in savings account",19,none,own,1,unemployed / unskilled - non-resident,1,none,no,2,divorced/separated
0 <= ... < 200 DM,18,existing credits paid back duly till now,business,15945,unknown / no savings account,... >= 7 years,2,male,none,4,unknown / no property,24,none,rent,1,management / self-employed / highly qualified employee / officer,2,"yes, registered under customer's name",yes,2,single
... < 0 DM,8,existing credits paid back duly till now,car (new),2679,unknown / no savings account,1 <= ... < 4 years,4,female,none,1,real estate,24,none,own,2,skilled employee / official,1,none,yes,1,married/widowed
no checking account,28,existing credits paid back duly till now,radio/television,3003,unknown / no savings account,1 <= ... < 4 years,3,male,none,4,"car or other, not in savings account",32,none,own,1,skilled employee / official,1,none,yes,1,single
0 <= ... < 200 DM,49,delay in paying off in the past,car (new),6647,... < 100 DM,... >= 7 years,4,male,guarantor,4,"car or other, not in savings account",55,none,own,1,management / self-employed / highly qualified employee / officer,1,"yes, registered under customer's name",yes,1,single
no checking account,25,critical account / other credits existing (not at this bank),radio/television,3276,... < 100 DM,4 <= ... < 7 years,4,male,none,2,real estate,32,none,own,2,skilled employee / official,1,none,yes,1,single
... < 0 DM,5,existing credits paid back duly till now,car (new),3029,... < 100 DM,unemployed,3,male,none,4,unknown / no property,54,bank,for free,3,skilled employee / official,1,"yes, registered under customer's name",yes,1,single
... < 0 DM,25,existing credits paid back duly till now,car (new),15945,... < 100 DM,1 <= ... < 4 years,4,female,guarantor,4,building society savings agreement / life insurance,20,none,own,1,skilled employee / official,1,none,yes,1,divorced/separated
0 <= ... < 200 DM,26,delay in paying off in the past,car (new),10032,100 <= ... < 500 DM,unemployed,4,male,none,4,building society savings agreement / life insurance,62,bank,own,2,skilled employee / official,1,"yes, registered under customer's name",yes,2,single
no checking account,15,existing credits paid back duly till now,car (new),4834,... < 100 DM,... < 1 year,1,female,none,4,real estate,21,none,own,1,skilled employee / official,1,none,yes,1,divorced/separated
... < 0 DM,14,all credits at this bank paid back duly,furniture/equipment,250,unknown / no savings account,1 <= ... < 4 years,4,female,co-applicant,4,building society savings agreement / life insurance,25,none,own,1,skilled employee / official,1,"yes, registered under customer's name",yes,1,divorced/separated
no checking account,4,critical account / other credits existing (not at this bank),radio/television,3042,unknown / no savings account,1 <= ... < 4 years,3,male,none,2,"car or other, not in savings account",45,none,own,3,skilled employee / official,1,"yes, registered under customer's name",yes,1,single
no checking account,21,existing credits paid back duly till now,car (new),903,... < 100 DM,... >= 7 years,4,male,none,4,unknown / no property,33,stores,own,3,skilled employee / official,1,none,yes,1,married/widowed
no checking account,16,critical account / other credits existing (not at this bank),radio/television,3260,100 <= ... < 500 DM,1 <= ... < 4 years,1,female,none,2,building society savings agreement / life insurance,24,none,own,1,skilled employee / official,1,none,yes,1,divorced/separated
... >= 200 DM / salary assignments for at least 1 year,4,existing credits paid back duly till now,car (new),316,100 <= ... < 500 DM,... >= 7 years,4,male,none,4,"car or other, not in savings account",27,bank,own,1,skilled employee / official,1,"yes, registered under customer's name",yes,1,single
0 <= ... < 200 DM,41,no credits taken / all credits paid back duly,radio/television,13343,... < 100 DM,... >= 7 years,3,male,none,4,unknown / no property,73,stores,for free,1,management / self-employed / highly qualified employee / officer,1,"yes, registered under customer's name",yes,2,single
no checking account,20,existing credits paid back duly till now,car (new),1486,... >= 1000 DM,1 <= ... < 4 years,1,female,none,2,real estate,28,none,own,1,unskilled - resident,1,none,yes,1,single
no checking account,24,delay in paying off in the past,radio/television,2709,unknown / no savings account,1 <= ... < 4 years,2,male,none,4,real estate,53,bank,own,1,skilled employee / official,1,"yes, registered under customer's name",yes,1,married/widowed
no checking account,22,delay in paying off in the past,car (new),2735,... < 100 DM,1 <= ... < 4 years,4,male,none,3,real estate,19,none,own,1,skilled employee / official,1,none,no,1,married/widowed
... >= 200 DM / salary assignments for at least 1 year,23,existing credits paid back duly till now,car (new),2348,unknown / no savings account,1 <= ... < 4 years,3,male,co-applicant,2,building society savings agreement / life insurance,41,none,own,3,unskilled - resident,1,none,yes,1,single
no checking account,4,critical account / other credits existing (not at this bank),radio/television,2179,... < 100 DM,4 <= ... < 7 years,4,male,none,2,real estate,33,stores,own,2,unskilled - resident,1,none,yes,1,single
no checking account,12,critical account / other credits existing (not at this bank),retraining,1452,... < 100 DM,1 <= ... < 4 years,4,male,co-applicant,4,real estate,29,none,own,2,unemployed / unskilled - non-resident,1,none,yes,1,married/widowed
... < 0 DM,18,no credits taken / all credits paid back duly,furniture/equipment,3556,unknown / no savings account,... < 1 year,4,female,none,4,unknown / no property,19,none,rent,1,unemployed / unskilled - non-resident,1,"yes, registered under customer's name",yes,1,divorced/separated
no checking account,4,critical account / other credits existing (not at this bank),car (used),2154,... >= 1000 DM,... >= 7 years,2,male,none,4,real estate,75,none,own,2,unskilled - resident,1,none,yes,1,single
no checking account,25,critical account / other credits existing (not at this bank),education,2713,500 <= ... < 1000 DM,... < 1 year,4,female,none,4,"car or other, not in savings account",40,none,own,1,skilled employee / official,1,none,yes,1,divorced/separated
0 <= ... < 200 DM,14,critical account / other credits existing (not at this bank),car (new),1978,500 <= ... < 1000 DM,1 <= ... < 4 years,4,male,none,2,building society savings agreement / life insurance,60,none,own,2,skilled employee / official,1,none,no,1,single
no checking account,22,critical account / other credits existing (not at this bank),radio/television,337,unknown / no savings account,... >= 7 years,4,male,none,3,"car or other, not in savings account",28,none,own,2,skilled employee / official,1,none,yes,1,single
no checking account,6,existing credits paid back duly till now,radio/television,1729,... < 100 DM,1 <= ... < 4 years,2,male,none,2,building society savings agreement / life insurance,41,none,own,1,skilled employee / official,1,none,no,1,single
... < 0 DM,27,existing credits paid back duly till now,furniture/equipment,13860,unknown / no savings account,unemployed,3,male,none,4,unknown / no property,37,bank,for free,1,skilled employee / official,1,"yes, registered under customer's name",yes,1,single
no checking account,19,existing credits paid back duly till now,retraining,791,100 <= ... < 500 DM,... >= 7 years,4,male,none,3,real estate,34,none,own,1,skilled employee / official,1,none,yes,1,married/widowed
no checking account,19,existing credits paid back duly till now,furniture/equipment,859,100 <= ... < 500 DM,... < 1 year,1,female,none,3,building society savings agreement / life insurance,26,bank,rent,1,skilled employee / official,1,"yes, registered under customer's name",yes,1,divorced/separated
... < 0 DM,24,existing credits paid back duly till now,furniture/equipment,337,unknown / no savings account,... < 1 year,3,male,none,4,unknown / no property,27,none,own,1,skilled employee / official,1,"yes, registered under customer's name",yes,2,divorced/separated
... < 0 DM,24,critical account / other credits existing (not at this bank),radio/television,2587,unknown / no savings account,... < 1 year,4,female,co-applicant,3,building society savings agreement / life insurance,25,none,rent,1,skilled employee / official,1,none,yes,1,divorced/separated
no checking account,14,critical account / other credits existing (not at this bank),radio/television,250,500 <= ... < 1000 DM,unemployed,4,male,none,4,real estate,75,stores,own,2,unskilled - resident,1,"yes, registered under customer's name",yes,1,single
no checking account,19,existing credits paid back duly till now,furniture/equipment,1806,100 <= ... < 500 DM,... < 1 year,4,male,none,1,"car or other, not in savings account",22,none,own,1,skilled employee / official,1,none,yes,2,divorced/separated
no checking account,17,existing credits paid back duly till now,car (new),250,... < 100 DM,... < 1 year,1,female,none,2,real estate,19,none,own,2,skilled employee / official,1,none,yes,1,divorced/separated
... < 0 DM,4,existing credits paid back duly till now,domestic appliances,924,... < 100 DM,... >= 7 years,4,male,none,1,"car or other, not in savings account",47,none,own,1,skilled employee / official,1,none,yes,1,single
no checking account,21,delay in paying off in the past,others,1587,... < 100 DM,1 <= ... < 4 years,2,female,none,4,unknown / no property,30,none,rent,1,skilled employee / official,1,"yes, registered under customer's name",yes,1,divorced/separated
no checking account,19,existing credits paid back duly till now,car (new),861,... < 100 DM,... < 1 year,1,female,none,4,"car or other, not in savings account",25,none,own,1,unskilled - resident,1,none,yes,1,single
... >= 200 DM / salary assignments for at least 1 year,72,delay in paying off in the past,car (used),13414,100 <= ... < 500 DM,... < 1 year,4,male,guarantor,4,unknown / no property,66,none,for free,1,management / self-employed / highly qualified employee / officer,1,"yes, registered under customer's name",yes,2,single
... < 0 DM,26,critical account / other credits existing (not at this bank),radio/television,2029,... < 100 DM,... >= 7 years,4,male,none,4,real estate,36,none,own,1,skilled employee / official,1,none,yes,1,single
no checking account,27,existing credits paid back duly till now,car (new),4576,100 <= ... < 500 DM,unemployed,2,male,none,1,building society savings agreement / life insurance,22,none,for free,2,management / self-employed / highly qualified employee / officer,1,"yes, registered under customer's name",yes,1,divorced/separated
no checking account,4,no credits taken / all credits paid back duly,car (new),250,unknown / no savings account,1 <= ... < 4 years,4,male,guarantor,2,real estate,25,none,own,2,unskilled - resident,1,none,yes,1,single
no checking account,6,critical account / other credits existing (not at this bank),car (new),4036,unknown / no savings account,1 <= ... < 4 years,4,male,none,2,real estate,27,none,own,2,unskilled - resident,2,none,yes,1,single
no checking account,39,critical account / other credits existing (not at this bank),car (new),2056,500 <= ... < 1000 DM,... < 1 year,4,male,none,2,building society savings agreement / life insurance,46,none,own,1,management / self-employed / highly qualified employee / officer,1,none,yes,1,single
0 <= ... < 200 DM,6,existing credits paid back duly till now,business,2270,500 <= ... < 1000 DM,4 <= ... < 7 years,4,female,co-applicant,4,building society savings agreement / life insurance,41,none,own,1,unskilled - resident,1,"yes, registered under customer's name",yes,1,single
no checking account,14,existing credits paid back duly till now,radio/television,250,... < 100 DM,1 <= ... < 4 years,4,male,none,2,real estate,22,none,own,2,unskilled - resident,2,none,yes,1,married/widowed
... < 0 DM,25,existing credits paid back duly till now,car (used),379,... < 100 DM,unemployed,2,male,none,4,unknown / no property,75,bank,for free,1,management / self-employed / highly qualified employee / officer,1,"yes, registered under customer's name",yes,2,divorced/separated
0 <= ... < 200 DM,16,no credits taken / all credits paid back duly,domestic appliances,503,100 <= ... < 500 DM,... < 1 year,4,female,none,4,real estate,40,none,own,2,unskilled - resident,1,none,yes,2,divorced/separated
... < 0 DM,28,critical account / other credits existing (not at this bank),car (new),909,unknown / no savings account,... >= 7 years,2,male,none,4,building society savings agreement / life insurance,66,none,own,1,skilled employee / official,2,none,yes,1,single
... < 0 DM,4,critical account / other credits existing (not at this bank),car (new),3415,100 <= ... < 500 DM,... < 1 year,3,male,guarantor,4,"car or other, not in savings account",28,bank,own,2,skilled employee / official,2,none,yes,1,single
... < 0 DM,53,existing credits paid back duly till now,car (used),6122,... >= 1000 DM,... < 1 year,1,female,none,4,"car or other, not in savings account",19,bank,rent,1,skilled employee / official,1,"yes, registered under customer's name",yes,2,divorced/separated
no checking account,21,critical account / other credits existing (not at this bank),car (new),652,unknown / no savings account,... >= 7 years,4,male,none,3,real estate,42,none,own,2,skilled employee / official,2,none,yes,1,single
no checking account,33,critical account / other credits existing (not at this bank),furniture/equipment,2431,unknown / no savings account,... < 1 year,3,male,none,4,building society savings agreement / life insurance,26,bank,own,1,skilled employee / official,1,none,yes,1,single
0 <= ... < 200 DM,48,existing credits paid back duly till now,business,2154,unknown / no savings account,unemployed,3,male,none,4,unknown / no property,56,bank,for free,1,skilled employee / official,1,"yes, registered under customer's name",yes,1,single
... < 0 DM,28,existing credits paid back duly till now,education,250,... < 100 DM,... < 1 year,2,female,none,2,"car or other, not in savings account",23,bank,rent,1,skilled employee / official,1,"yes, registered under customer's name",yes,1,divorced/separated
no checking account,24,existing credits paid back duly till now,car (new),1213,... < 100 DM,1 <= ... < 4 years,4,male,none,4,real estate,27,none,own,1,skilled employee / official,1,none,yes,1,married/widowed
... >= 200 DM / salary assignments for at least 1 year,25,critical account / other credits existing (not at this bank),car (new),319,... < 100 DM,... >= 7 years,4,male,none,2,real estate,75,none,rent,2,unemployed / unskilled - non-resident,1,"yes, registered under customer's name",yes,1,single
... < 0 DM,24,critical account / other credits existing (not at this bank),car (new),299,unknown / no savings account,unemployed,2,male,co-applicant,1,"car or other, not in savings account",75,none,for free,2,management / self-employed / highly qualified employee / officer,1,"yes, registered under customer's name",no,1,single
... < 0 DM,41,existing credits paid back duly till now,repairs,4756,... < 100 DM,... < 1 year,1,female,none,4,"car or other, not in savings account",38,none,rent,2,skilled employee / official,1,"yes, registered under customer's name",yes,2,divorced/separated
... < 0 DM,24,critical account / other credits existing (not at this bank),car (used),2174,... < 100 DM,... < 1 year,4,female,none,4,unknown / no property,30,none,rent,2,unemployed / unskilled - non-resident,1,none,yes,2,divorced/separated
no checking account,22,delay in paying off in the past,education,1983,... < 100 DM,1 <= ... < 4 years,4,male,none,2,"car or other, not in savings account",19,none,own,2,skilled employee / official,1,none,yes,1,divorced/separated
... < 0 DM,29,existing credits paid back duly till now,business,6655,unknown / no savings account,... < 1 year,2,female,none,4,"car or other, not in savings account",19,none,rent,1,skilled employee / official,1,none,yes,2,divorced/separated
0 <= ... < 200 DM,69,existing credits paid back duly till now,business,12198,unknown / no savings account,... >= 7 years,3,male,none,4,unknown / no property,51,none,own,2,management / self-employed / highly qualified employee / officer,1,"yes, registered under customer's name",yes,2,single
0 <= ... < 200 DM,23,existing credits paid back duly till now,car (new),5930,unknown / no savings account,... < 1 year,1,male,none,3,"car or other, not in savings account",28,none,own,2,skilled employee / official,1,none,yes,1,divorced/separated
no checking account,4,existing credits paid back duly till now,furniture/equipment,2573,unknown / no savings account,... < 1 year,3,female,none,2,"car or other, not in savings account",19,none,rent,3,unskilled - resident,1,"yes, registered under customer's name",yes,1,divorced/separated
... >= 200 DM / salary assignments for at least 1 year,13,critical account / other credits existing (not at this bank),furniture/equipment,1595,... < 100 DM,... < 1 year,2,female,none,1,building society savings agreement / life insurance,19,none,own,4,skilled employee / official,1,none,yes,1,divorced/separated
... < 0 DM,29,existing credits paid back duly till now,furniture/equipment,441,... < 100 DM,... < 1 year,3,female,none,4,real estate,37,none,rent,1,unskilled - resident,1,none,yes,2,divorced/separated
... < 0 DM,20,existing credits paid back duly till now,radio/television,5567,... < 100 DM,... < 1 year,4,female,none,4,unknown / no property,19,none,rent,2,skilled employee / official,1,"yes, registered under customer's name",yes,1,single
... < 0 DM,68,existing credits paid back duly till now,furniture/equipment,4138,... < 100 DM,... < 1 year,4,female,none,4,unknown / no property,35,none,rent,1,management / self-employed / highly qualified employee / officer,1,"yes, registered under customer's name",yes,2,divorced/separated
... < 0 DM,34,existing credits paid back duly till now,furniture/equipment,1621,... < 100 DM,... < 1 year,4,female,none,4,"car or other, not in savings account",27,none,rent,1,skilled employee / official,1,"yes, registered under customer's name",yes,2,divorced/separated
... < 0 DM,33,no credits taken / all credits paid back duly,education,250,... < 100 DM,... < 1 year,4,female,none,4,building society savings agreement / life insurance,19,none,own,1,skilled employee / official,1,none,yes,1,divorced/separated
0 <= ... < 200 DM,22,delay in paying off in the past,business,909,... < 100 DM,... < 1 year,4,male,none,4,"car or other, not in savings account",75,bank,for free,1,skilled employee / official,1,none,yes,1,single
no checking account,25,existing credits paid back duly till now,car (new),4014,500 <= ... < 1000 DM,... >= 7 years,4,male,none,3,"car or other, not in savings account",34,none,own,2,skilled employee / official,1,none,yes,1,single
no checking account,4,critical account / other credits existing (not at this bank),radio/television,1493,... < 100 DM,... >= 7 years,2,male,none,3,building society savings agreement / life insurance,20,none,own,2,unskilled - resident,1,none,yes,1,single
... < 0 DM,53,critical account / other credits existing (not at this bank),business,8152,... < 100 DM,1 <= ... < 4 years,4,male,none,1,building society savings agreement / life insurance,37,bank,own,2,management / self-employed / highly qualified employee / officer,1,"yes, registered under customer's name",yes,1,single
no checking account,4,existing credits paid back duly till now,car (new),11756,unknown / no savings account,... >= 7 years,3,male,none,2,unknown / no property,53,none,own,1,skilled employee / official,2,"yes, registered under customer's name",yes,1,single
no checking account,23,critical account / other credits existing (not at this bank),repairs,1224,... < 100 DM,1 <= ... < 4 years,2,female,none,4,"car or other, not in savings account",75,none,own,3,skilled employee / official,1,none,yes,2,single
0 <= ... < 200 DM,28,existing credits paid back duly till now,education,1588,500 <= ... < 1000 DM,... < 1 year,1,male,none,1,"car or other, not in savings account",19,none,rent,1,skilled employee / official,1,none,yes,2,divorced/separated
no checking account,12,critical account / other credits existing (not at this bank),car (new),3073,... < 100 DM,1 <= ... < 4 years,4,male,none,2,real estate,35,none,own,3,unskilled - resident,1,none,yes,1,married/widowed
... < 0 DM,43,delay in paying off in the past,radio/television,15945,... < 100 DM,... >= 7 years,4,male,none,4,"car or other, not in savings account",20,none,own,1,skilled employee / official,1,"yes, registered under customer's name",yes,1,divorced/separated
... < 0 DM,9,existing credits paid back duly till now,furniture/equipment,250,... < 100 DM,4 <= ... < 7 years,4,female,none,2,"car or other, not in savings account",32,none,own,1,unskilled - resident,1,none,yes,1,divorced/separated
... < 0 DM,25,existing credits paid back duly till now,car (used),9556,unknown / no savings account,... >= 7 years,2,male,none,4,"car or other, not in savings account",45,stores,rent,1,management / self-employed / highly qualified employee / officer,1,"yes, registered under customer's name",yes,1,single
no checking account,6,existing credits paid back duly till now,radio/television,250,... < 100 DM,1 <= ... < 4 years,2,male,none,4,real estate,38,none,own,2,skilled employee / official,2,none,yes,1,single
... < 0 DM,62,delay in paying off in the past,car (used),7912,... < 100 DM,1 <= ... < 4 years,2,male,none,4,unknown / no property,67,none,for free,1,management / self-employed / highly qualified employee / officer,1,"yes, registered under customer's name",yes,1,single
no checking account,4,critical account / other credits existing (not at this bank),education,2996,... < 100 DM,1 <= ... < 4 years,4,male,none,2,real estate,28,none,own,3,skilled employee / official,2,none,yes,1,single
... < 0 DM,4,existing credits paid back duly till now,business,3389,... < 100 DM,... < 1 year,2,female,none,2,real estate,32,none,own,2,skilled employee / official,1,none,yes,1,divorced/separated
no checking account,4,existing credits paid back duly till now,radio/television,250,... < 100 DM,1 <= ... < 4 years,4,female,none,4,"car or other, not in savings account",25,none,own,1,skilled employee / official,1,none,yes,1,divorced/separated
no checking account,50,delay in paying off in the past,car (used),814,unknown / no savings account,... < 1 year,2,male,none,4,unknown / no property,23,stores,for free,2,management / self-employed / highly qualified employee / officer,1,"yes, registered under customer's name",yes,2,married/widowed
... < 0 DM,70,delay in paying off in the past,business,6622,... < 100 DM,unemployed,4,male,none,4,unknown / no property,49,none,own,2,skilled employee / official,1,"yes, registered under customer's name",yes,2,single
0 <= ... < 200 DM,24,existing credits paid back duly till now,radio/television,2157,100 <= ... < 500 DM,... < 1 year,2,female,none,1,real estate,29,none,own,1,unskilled - resident,1,none,yes,2,divorced/separated
no checking account,4,critical account / other credits existing (not at this bank),furniture/equipment,2834,unknown / no savings account,1 <= ... < 4 years,4,male,none,3,"car or other, not in savings account",36,none,own,2,unskilled - resident,1,none,yes,1,single
0 <= ... < 200 DM,4,existing credits paid back duly till now,furniture/equipment,5742,... < 100 DM,unemployed,4,male,none,4,"car or other, not in savings account",25,none,rent,1,skilled employee / official,1,"yes, registered under customer's name",yes,2,divorced/separated
... < 0 DM,24,critical account / other credits existing (not at this bank),business,6384,unknown / no savings account,1 <= ... < 4 years,4,male,none,1,real estate,40,stores,own,2,unemployed / unskilled - non-resident,1,"yes, registered under customer's name",yes,2,single
no checking account,20,critical account / other credits existing (not at this bank),car (new),5251,500 <= ... < 1000 DM,... >= 7 years,1,male,guarantor,3,real estate,59,none,for free,1,skilled employee / official,1,none,yes,1,single
... < 0 DM,25,existing credits paid back duly till now,education,6114,100 <= ... < 500 DM,... >= 7 years,2,female,none,4,"car or other, not in savings account",25,none,own,2,skilled employee / official,1,"yes, registered under customer's name",yes,2,single
no checking account,6,critical account / other credits existing (not at this bank),radio/television,250,... < 100 DM,1 <= ... < 4 years,4,male,guarantor,3,real estate,33,none,own,2,skilled employee / official,1,none,no,1,single
no checking account,9,existing credits paid back duly till now,car (new),1868,unknown / no savings account,... < 1 year,1,male,none,4,real estate,21,bank,own,1,skilled employee / official,1,none,yes,1,divorced/separated
... < 0 DM,28,existing credits paid back duly till now,furniture/equipment,250,... < 100 DM,... < 1 year,2,female,co-applicant,4,building society savings agreement / life insurance,36,none,rent,1,skilled employee / official,1,none,yes,2,divorced/separated
... >= 200 DM / salary assignments for at least 1 year,60,all credits at this bank paid back duly,car (used),1661,500 <= ... < 1000 DM,... >= 7 years,4,male,none,4,unknown / no property,40,bank,for free,1,management / self-employed / highly qualified employee / officer,1,"yes, registered under customer's name",yes,2,single
0 <= ... < 200 DM,49,no credits taken / all credits paid back duly,car (new),8143,100 <= ... < 500 DM,... >= 7 years,2,male,none,4,real estate,24,none,for free,1,management / self-employed / highly qualified employee / officer,2,"yes, registered under customer's name",yes,2,single
0 <= ... < 200 DM,45,all credits at this bank paid back duly,car (new),1192,100 <= ... < 500 DM,... < 1 year,1,male,none,4,building society savings agreement / life insurance,29,bank,own,1,unemployed / unskilled - non-resident,1,none,yes,2,single
0 <= ... < 200 DM,22,existing credits paid back duly till now,furniture/equipment,1921,... < 100 DM,... >= 7 years,4,female,none,2,"car or other, not in savings account",19,none,rent,1,unskilled - resident,1,"yes, registered under customer's name",yes,1,divorced/separated
... >= 200 DM / salary assignments for at least 1 year,25,no credits taken / all credits paid back duly,business,250,100 <= ... < 500 DM,1 <= ... < 4 years,3,male,none,4,building society savings agreement / life insurance,38,none,rent,2,skilled employee / official,1,none,yes,1,divorced/separated
0 <= ... < 200 DM,18,critical account / other credits existing (not at this bank),car (used),5399,500 <= ... < 1000 DM,... >= 7 years,2,male,none,3,real estate,35,none,own,2,skilled employee / official,1,"yes, registered under customer's name",yes,1,single
no checking account,7,critical account / other credits existing (not at this bank),radio/television,2624,... < 100 DM,1 <= ... < 4 years,4,male,none,2,real estate,30,none,own,2,unskilled - resident,1,none,yes,1,married/widowed
no checking account,23,critical account / other credits existing (not at this bank),car (new),250,unknown / no savings account,1 <= ... < 4 years,4,male,none,2,real estate,24,none,own,2,skilled employee / official,1,none,yes,1,single
no checking account,42,no credits taken / all credits paid back duly,car (new),14489,... < 100 DM,... >= 7 years,4,female,none,1,unknown / no property,49,none,for free,2,management / self-employed / highly qualified employee / officer,1,"yes, registered under customer's name",yes,2,single
no checking account,19,critical account / other credits existing (not at this bank),radio/television,2478,... < 100 DM,... >= 7 years,4,male,co-applicant,2,real estate,73,none,own,2,skilled employee / official,1,"yes, registered under customer's name",yes,1,single
no checking account,19,critical account / other credits existing (not at this bank),furniture/equipment,1113,unknown / no savings account,... < 1 year,4,male,guarantor,4,real estate,25,none,own,2,management / self-employed / highly qualified employee / officer,1,none,yes,1,married/widowed
0 <= ... < 200 DM,27,existing credits paid back duly till now,business,15945,100 <= ... < 500 DM,... >= 7 years,2,male,none,4,unknown / no property,25,bank,own,1,skilled employee / official,1,"yes, registered under customer's name",yes,2,divorced/separated
0 <= ... < 200 DM,23,existing credits paid back duly till now,education,250,unknown / no savings account,... >= 7 years,1,female,co-applicant,2,building society savings agreement / life insurance,63,none,own,1,unskilled - resident,1,"yes, registered under customer's name",no,1,single
... < 0 DM,28,critical account / other credits existing (not at this bank),radio/television,1983,... < 100 DM,... < 1 year,4,male,none,4,"car or other, not in savings account",33,bank,for free,2,unskilled - resident,1,none,yes,1,divorced/separated
... < 0 DM,69,existing credits paid back duly till now,business,250,unknown / no savings account,... < 1 year,2,female,none,4,unknown / no property,30,bank,for free,1,management / self-employed / highly qualified employee / officer,1,"yes, registered under customer's name",yes,1,divorced/separated
no checking account,22,critical account / other credits existing (not at this bank),radio/television,770,... < 100 DM,1 <= ... < 4 years,2,male,none,2,building society savings agreement / life insurance,56,none,own,3,unskilled - resident,1,none,yes,1,single
... < 0 DM,27,existing credits paid back duly till now,furniture/equipment,250,... < 100 DM,... >= 7 years,2,female,none,4,"car or other, not in savings account",32,none,own,2,skilled employee / official,1,none,yes,1,divorced/separated
0 <= ... < 200 DM,25,existing credits paid back duly till now,furniture/equipment,4034,... < 100 DM,... < 1 year,1,female,none,2,real estate,31,none,rent,2,skilled employee / official,1,none,yes,1,divorced/separated
... < 0 DM,12,existing credits paid back duly till now,business,6758,100 <= ... < 500 DM,... >= 7 years,3,male,none,4,unknown / no property,43,none,own,1,management / self-employed / highly qualified employee / officer,1,"yes, registered under customer's name",yes,2,divorced/separated
0 <= ... < 200 DM,36,critical account / other credits existing (not at this bank),furniture/equipment,3044,... < 100 DM,... < 1 year,4,male,none,4,building society savings agreement / life insurance,47,none,own,1,skilled employee / official,1,"yes, registered under customer's name",yes,1,married/widowed
... >= 200 DM / salary assignments for at least 1 year,20,critical account / other credits existing (not at this bank),radio/television,250,... < 100 DM,... >= 7 years,3,male,none,2,real estate,30,bank,own,2,skilled employee / official,1,none,yes,1,single
... < 0 DM,17,critical account / other credits existing (not at this bank),radio/television,2678,... < 100 DM,... >= 7 years,4,male,none,4,real estate,52,bank,own,1,skilled employee / official,1,"yes, registered under customer's name",yes,1,single
... < 0 DM,22,no credits taken / all credits paid back duly,radio/television,250,... < 100 DM,... < 1 year,4,male,guarantor,2,real estate,19,none,own,2,skilled employee / official,1,none,yes,1,single
... < 0 DM,25,existing credits paid back duly till now,car (new),2550,100 <= ... < 500 DM,1 <= ... < 4 years,1,female,none,4,building society savings agreement / life insurance,43,none,own,1,skilled employee / official,1,none,yes,1,divorced/separated
no checking account,11,delay in paying off in the past,car (used),11840,... < 100 DM,1 <= ... < 4 years,1,male,none,2,unknown / no property,27,none,rent,1,unskilled - resident,1,none,yes,1,single
no checking account,25,critical account / other credits existing (not at this bank),radio/television,1023,... >= 1000 DM,unemployed,2,male,none,2,"car or other, not in savings account",69,bank,for free,2,management / self-employed / highly qualified employee / officer,1,"yes, registered under customer's name",yes,1,divorced/separated
no checking account,26,critical account / other credits existing (not at this bank),radio/television,5185,unknown / no savings account,1 <= ... < 4 years,1,male,none,4,"car or other, not in savings account",29,none,own,2,skilled employee / official,1,none,yes,1,divorced/separated
... < 0 DM,5,critical account / other credits existing (not at this bank),furniture/equipment,453,100 <= ... < 500 DM,... < 1 year,4,female,guarantor,4,real estate,27,none,own,1,skilled employee / official,1,"yes, registered under customer's name",yes,2,divorced/separated
... < 0 DM,27,critical account / other credits existing (not at this bank),car (used),10648,... < 100 DM,... < 1 year,4,male,none,4,unknown / no property,30,bank,own,2,skilled employee / official,1,"yes, registered under customer's name",yes,1,single
... < 0 DM,22,existing credits paid back duly till now,furniture/equipment,1112,... < 100 DM,unemployed,2,female,none,4,unknown / no property,25,none,rent,1,skilled employee / official,1,"yes, registered under customer's name",yes,2,divorced/separated
... < 0 DM,22,all credits at this bank paid back duly,car (new),3072,unknown / no savings account,... >= 7 years,4,male,none,4,real estate,68,none,own,2,skilled employee / official,2,none,yes,2,single
... >= 200 DM / salary assignments for at least 1 year,4,existing credits paid back duly till now,furniture/equipment,664,100 <= ... < 500 DM,... < 1 year,1,female,none,4,"car or other, not in savings account",27,none,rent,1,skilled employee / official,1,none,yes,1,divorced/separated
no checking account,21,existing credits paid back duly till now,radio/television,250,... < 100 DM,4 <= ... < 7 years,4,female,none,4,real estate,19,none,own,2,unskilled - resident,1,none,yes,1,married/widowed
0 <= ... < 200 DM,28,existing credits paid back duly till now,car (new),8900,unknown / no savings account,... >= 7 years,4,male,none,4,unknown / no property,61,none,for free,1,management / self-employed / highly qualified employee / officer,1,"yes, registered under customer's name",yes,2,single
... < 0 DM,35,critical account / other credits existing (not at this bank),furniture/equipment,1074,... < 100 DM,... < 1 year,1,female,none,1,"car or other, not in savings account",32,none,own,2,skilled employee / official,1,none,yes,1,divorced/separated
0 <= ... < 200 DM,60,existing credits paid back duly till now,furniture/equipment,2015,... < 100 DM,... >= 7 years,3,male,none,2,"car or other, not in savings account",32,none,own,3,unskilled - resident,1,"yes, registered under customer's name",yes,1,single
0 <= ... < 200 DM,24,existing credits paid back duly till now,car (new),2202,... >= 1000 DM,... >= 7 years,4,male,guarantor,4,unknown / no property,19,bank,for free,1,management / self-employed / highly qualified employee / officer,1,"yes, registered under customer's name",yes,2,single
no checking account,35,critical account / other credits existing (not at this bank),car (new),14828,unknown / no savings account,... >= 7 years,2,male,none,4,unknown / no property,34,none,own,1,skilled employee / official,1,"yes, registered under customer's name",yes,2,single
no checking account,4,critical account / other credits existing (not at this bank),car (new),407,500 <= ... < 1000 DM,1 <= ... < 4 years,4,male,none,4,real estate,21,none,own,1,unskilled - resident,1,none,yes,1,married/widowed
no checking account,14,existing credits paid back duly till now,furniture/equipment,2941,500 <= ... < 1000 DM,1 <= ... < 4 years,4,male,none,1,real estate,20,none,rent,2,unskilled - resident,1,none,yes,1,divorced/separated
... >= 200 DM / salary assignments for at least 1 year,8,existing credits paid back duly till now,furniture/equipment,1787,... < 100 DM,... < 1 year,4,male,none,3,building society savings agreement / life insurance,23,none,rent,2,skilled employee / official,1,"yes, registered under customer's name",yes,1,divorced/separated
0 <= ... < 200 DM,47,all credits at this bank paid back duly,car (used),5721,... < 100 DM,... >= 7 years,3,male,none,4,unknown / no property,49,stores,for free,1,management / self-employed / highly qualified employee / officer,1,"yes, registered under customer's name",yes,2,single
... < 0 DM,23,critical account / other credits existing (not at this bank),car (new),3018,... < 100 DM,1 <= ... < 4 years,4,male,none,3,real estate,46,none,own,2,skilled employee / official,1,none,yes,1,single
... < 0 DM,12,critical account / other credits existing (not at this bank),furniture/equipment,3541,... < 100 DM,... < 1 year,4,male,none,3,"car or other, not in savings account",24,none,own,1,skilled employee / official,1,none,yes,1,single
... < 0 DM,12,critical account / other credits existing (not at this bank),furniture/equipment,2332,500 <= ... < 1000 DM,... < 1 year,4,female,none,4,"car or other, not in savings account",34,none,rent,1,unemployed / unskilled - non-resident,1,none,yes,2,divorced/separated
0 <= ... < 200 DM,23,delay in paying off in the past,furniture/equipment,1478,... < 100 DM,... >= 7 years,4,female,none,4,"car or other, not in savings account",25,none,rent,1,skilled employee / official,1,none,yes,1,divorced/separated
no checking account,12,critical account / other credits existing (not at this bank),radio/television,2857,... < 100 DM,1 <= ... < 4 years,2,male,none,3,"car or other, not in savings account",38,none,own,2,skilled employee / official,1,none,yes,1,married/widowed
no checking account,4,existing credits paid back duly till now,furniture/equipment,1660,500 <= ... < 1000 DM,... >= 7 years,4,male,none,1,real estate,29,none,own,1,skilled employee / official,1,none,yes,1,divorced/separated
0 <= ... < 200 DM,28,delay in paying off in the past,car (used),871,... < 100 DM,... >= 7 years,1,male,none,4,"car or other, not in savings account",58,stores,for free,1,management / self-employed / highly qualified employee / officer,1,"yes, registered under customer's name",yes,1,single
... < 0 DM,40,all credits at this bank paid back duly,car (new),2219,500 <= ... < 1000 DM,1 <= ... < 4 years,4,male,co-applicant,4,unknown / no property,35,stores,rent,1,skilled employee / official,1,none,yes,1,divorced/separated
... >= 200 DM / salary assignments for at least 1 year,35,existing credits paid back duly till now,furniture/equipment,15945,unknown / no savings account,1 <= ... < 4 years,2,male,none,3,"car or other, not in savings account",28,none,own,1,skilled employee / official,1,none,yes,1,single
no checking account,26,critical account / other credits existing (not at this bank),business,1896,unknown / no savings account,... >= 7 years,4,male,none,2,real estate,49,bank,own,2,skilled employee / official,1,none,yes,1,single
no checking account,23,critical account / other credits existing (not at this bank),business,1891,unknown / no savings account,1 <= ... < 4 years,2,male,none,2,real estate,22,none,own,2,skilled employee / official,1,none,yes,1,single
no checking account,26,existing credits paid back duly till now,car (new),2888,... < 100 DM,... < 1 year,4,male,none,3,real estate,31,none,own,1,unskilled - resident,1,none,yes,1,married/widowed
no checking account,52,no credits taken / all credits paid back duly,furniture/equipment,911,... >= 1000 DM,1 <= ... < 4 years,2,female,none,4,building society savings agreement / life insurance,25,none,rent,1,skilled employee / official,1,"yes, registered under customer's name",yes,1,divorced/separated
... < 0 DM,41,all credits at this bank paid back duly,radio/television,2765,... < 100 DM,... >= 7 years,3,male,none,3,unknown / no property,44,none,own,2,skilled employee / official,1,"yes, registered under customer's name",yes,1,single
no checking account,26,existing credits paid back duly till now,furniture/equipment,1590,unknown / no savings account,... < 1 year,3,female,none,4,"car or other, not in savings account",36,none,rent,1,unemployed / unskilled - non-resident,1,"yes, registered under customer's name",yes,2,divorced/separated
no checking account,30,delay in paying off in the past,car (new),3290,... < 100 DM,... >= 7 years,4,male,none,3,"car or other, not in savings account",32,none,own,1,skilled employee / official,1,none,yes,1,single
... < 0 DM,21,critical account / other credits existing (not at this bank),radio/television,609,... < 100 DM,1 <= ... < 4 years,4,female,none,4,real estate,27,none,own,2,skilled employee / official,1,none,yes,1,divorced/separated
0 <= ... < 200 DM,27,delay in paying off in the past,car (used),12096,... < 100 DM,... >= 7 years,2,male,none,2,unknown / no property,52,stores,for free,1,management / self-employed / highly qualified employee / officer,1,"yes, registered under customer's name",yes,2,divorced/separated
no checking account,5,critical account / other credits existing (not at this bank),radio/television,2620,... < 100 DM,4 <= ... < 7 years,4,female,none,1,"car or other, not in savings account",19,none,own,2,unskilled - resident,1,none,yes,1,divorced/separated
0 <= ... < 200 DM,52,delay in paying off in the past,radio/television,2498,unknown / no savings account,unemployed,3,male,none,3,building society savings agreement / life insurance,55,stores,own,1,skilled employee / official,1,"yes, registered under customer's name",yes,1,single
0 <= ... < 200 DM,4,critical account / other credits existing (not at this bank),business,250,... < 100 DM,... >= 7 years,4,male,none,4,real estate,27,none,own,2,management / self-employed / highly qualified employee / officer,1,none,yes,1,single
... < 0 DM,19,existing credits paid back duly till now,business,4055,... < 100 DM,... < 1 year,4,male,none,4,unknown / no property,46,none,for free,1,management / self-employed / highly qualified employee / officer,1,"yes, registered under customer's name",yes,2,single
... < 0 DM,4,existing credits paid back duly till now,car (used),8411,100 <= ... < 500 DM,unemployed,1,female,none,4,unknown / no property,19,stores,rent,1,skilled employee / official,1,"yes, registered under customer's name",yes,2,divorced/separated
no checking account,4,critical account / other credits existing (not at this bank),business,1449,... < 100 DM,1 <= ... < 4 years,2,male,none,2,real estate,64,none,own,2,skilled employee / official,1,none,yes,1,single
... < 0 DM,6,existing credits paid back duly till now,radio/television,250,100 <= ... < 500 DM,... >= 7 years,4,male,none,1,real estate,19,bank,for free,2,management / self-employed / highly qualified employee / officer,1,none,yes,2,divorced/separated
... < 0 DM,4,critical account / other credits existing (not at this bank),car (new),3426,100 <= ... < 500 DM,... >= 7 years,3,male,none,4,building society savings agreement / life insurance,75,bank,own,1,skilled employee / official,1,none,yes,2,single
no checking account,26,existing credits paid back duly till now,car (new),3465,... < 100 DM,... >= 7 years,4,female,none,4,building society savings agreement / life insurance,35,none,own,1,skilled employee / official,1,none,yes,1,divorced/separated
no checking account,16,delay in paying off in the past,radio/television,2890,100 <= ... < 500 DM,... >= 7 years,2,male,none,3,"car or other, not in savings account",27,none,own,2,skilled employee / official,1,none,no,1,single
no checking account,4,existing credits paid back duly till now,car (used),3707,... < 100 DM,unemployed,4,male,co-applicant,2,unknown / no property,63,none,own,2,skilled employee / official,1,none,yes,1,single
0 <= ... < 200 DM,27,existing credits paid back duly till now,business,250,unknown / no savings account,1 <= ... < 4 years,2,female,none,4,"car or other, not in savings account",35,none,own,1,skilled employee / official,1,"yes, registered under customer's name",yes,2,divorced/separated
no checking account,24,critical account / other credits existing (not at this bank),radio/television,250,... < 100 DM,... >= 7 years,4,male,none,4,building society savings agreement / life insurance,42,stores,own,1,skilled employee / official,1,none,yes,1,single
... >= 200 DM / salary assignments for at least 1 year,9,critical account / other credits existing (not at this bank),business,250,... < 100 DM,unemployed,4,male,none,4,"car or other, not in savings account",56,bank,own,2,unskilled - resident,1,"yes, registered under customer's name",yes,1,single
... < 0 DM,15,existing credits paid back duly till now,furniture/equipment,2745,... < 100 DM,unemployed,4,male,none,4,"car or other, not in savings account",36,none,own,1,unskilled - resident,1,none,yes,1,divorced/separated
0 <= ... < 200 DM,23,existing credits paid back duly till now,furniture/equipment,250,... < 100 DM,unemployed,1,female,none,4,"car or other, not in savings account",19,none,rent,1,skilled employee / official,1,none,yes,1,divorced/separated
no checking account,19,delay in paying off in the past,car (new),1841,500 <= ... < 1000 DM,4 <= ... < 7 years,4,male,guarantor,3,building society savings agreement / life insurance,19,none,own,2,skilled employee / official,1,none,yes,1,single
0 <= ... < 200 DM,14,existing credits paid back duly till now,furniture/equipment,425,... < 100 DM,... < 1 year,1,female,none,2,"car or other, not in savings account",19,none,own,1,skilled employee / official,1,"yes, registered under customer's name",no,1,divorced/separated
no checking account,21,existing credits paid back duly till now,car (used),3168,... < 100 DM,1 <= ... < 4 years,4,male,none,2,"car or other, not in savings account",35,bank,for free,1,management / self-employed / highly qualified employee / officer,1,"yes, registered under customer's name",yes,1,single
... < 0 DM,22,critical account / other credits existing (not at this bank),radio/television,1524,... < 100 DM,1 <= ... < 4 years,4,female,none,4,real estate,33,none,rent,1,skilled employee / official,1,none,yes,1,divorced/separated
0 <= ... < 200 DM,27,existing credits paid back duly till now,car (new),250,500 <= ... < 1000 DM,... < 1 year,1,female,none,4,real estate,34,none,rent,1,skilled employee / official,1,none,yes,1,divorced/separated
no checking account,35,existing credits paid back duly till now,radio/television,2924,unknown / no savings account,1 <= ... < 4 years,4,male,none,1,unknown / no property,20,none,own,1,skilled employee / official,1,none,yes,1,single
no checking account,9,critical account / other credits existing (not at this bank),car (new),2936,unknown / no savings account,... >= 7 years,4,male,none,2,unknown / no property,74,none,own,3,unskilled - resident,2,none,yes,2,single
... < 0 DM,27,existing credits paid back duly till now,furniture/equipment,934,unknown / no savings account,unemployed,4,female,none,4,real estate,39,none,rent,1,unemployed / unskilled - non-resident,1,"yes, registered under customer's name",yes,1,divorced/separated
no checking account,13,existing credits paid back duly till now,education,3615,100 <= ... < 500 DM,... >= 7 years,4,male,none,4,building society savings agreement / life insurance,63,none,own,1,management / self-employed / highly qualified employee / officer,1,"yes, registered under customer's name",yes,1,single
no checking account,12,critical account / other credits existing (not at this bank),radio/television,2967,... < 100 DM,1 <= ... < 4 years,4,male,none,4,"car or other, not in savings account",39,none,own,2,skilled employee / official,2,"yes, registered under customer's name",yes,1,single
0 <= ... < 200 DM,21,existing credits paid back duly till now,furniture/equipment,2355,... < 100 DM,... < 1 year,4,female,none,2,"car or other, not in savings account",23,none,rent,1,management / self-employed / highly qualified employee / officer,1,"yes, registered under customer's name",yes,2,divorced/separated
no checking account,31,delay in paying off in the past,car (new),1861,... >= 1000 DM,1 <= ... < 4 years,1,male,none,3,"car or other, not in savings account",75,none,own,2,unskilled - resident,1,none,yes,1,divorced/separated
... < 0 DM,21,existing credits paid back duly till now,furniture/equipment,250,unknown / no savings account,1 <= ... < 4 years,1,female,none,4,real estate,19,none,rent,1,skilled employee / official,1,none,yes,1,divorced/separated
... < 0 DM,23,existing credits paid back duly till now,car (new),449,500 <= ... < 1000 DM,1 <= ... < 4 years,4,male,none,2,"car or other, not in savings account",23,none,own,1,skilled employee / official,1,none,yes,1,single
... < 0 DM,5,critical account / other credits existing (not at this bank),radio/television,2240,... < 100 DM,1 <= ... < 4 years,2,male,none,2,real estate,24,none,own,2,skilled employee / official,1,none,yes,2,single
0 <= ... < 200 DM,72,existing credits paid back duly till now,radio/television,15945,... < 100 DM,... >= 7 years,3,male,none,4,unknown / no property,51,bank,for free,1,management / self-employed / highly qualified employee / officer,1,"yes, registered under customer's name",yes,2,divorced/separated
no checking account,4,critical account / other credits existing (not at this bank),radio/television,250,100 <= ... < 500 DM,1 <= ... < 4 years,4,male,co-applicant,3,real estate,21,none,own,3,unemployed / unskilled - non-resident,1,none,yes,1,married/widowed
no checking account,52,critical account / other credits existing (not at this bank),radio/television,2786,... < 100 DM,... >= 7 years,4,male,none,3,real estate,55,none,own,2,skilled employee / official,2,none,yes,1,single
no checking account,8,critical account / other credits existing (not at this bank),furniture/equipment,2069,500 <= ... < 1000 DM,... >= 7 years,2,male,none,4,real estate,54,none,own,2,skilled employee / official,1,none,no,1,divorced/separated
... < 0 DM,28,all credits at this bank paid back duly,car (new),880,unknown / no savings account,4 <= ... < 7 years,4,female,none,3,"car or other, not in savings account",26,none,rent,2,skilled employee / official,1,"yes, registered under customer's name",yes,2,divorced/separated
... < 0 DM,18,existing credits paid back duly till now,radio/television,12861,100 <= ... < 500 DM,unemployed,4,male,none,4,unknown / no property,19,none,rent,1,management / self-employed / highly qualified employee / officer,1,"yes, registered under customer's name",yes,2,single
0 <= ... < 200 DM,21,existing credits paid back duly till now,car (new),2010,... < 100 DM,... >= 7 years,4,male,none,4,unknown / no property,50,none,for free,1,management / self-employed / highly qualified employee / officer,1,"yes, registered under customer's name",yes,2,single
0 <= ... < 200 DM,26,existing credits paid back duly till now,business,250,... < 100 DM,... >= 7 years,2,male,none,4,unknown / no property,69,stores,for free,2,management / self-employed / highly qualified employee / officer,1,"yes, registered under customer's name",yes,1,single
... < 0 DM,28,existing credits paid back duly till now,radio/television,3121,... < 100 DM,... < 1 year,2,male,none,2,"car or other, not in savings account",19,none,own,1,skilled employee / official,1,none,yes,1,single
no checking account,21,existing credits paid back duly till now,business,549,... < 100 DM,... >= 7 years,4,male,none,4,"car or other, not in savings account",23,none,own,1,skilled employee / official,1,none,yes,1,single
... < 0 DM,28,all credits at this bank paid back duly,business,250,... < 100 DM,unemployed,2,male,none,4,unknown / no property,20,bank,for free,2,skilled employee / official,1,"yes, registered under customer's name",yes,2,single
no checking account,24,all credits at this bank paid back duly,radio/television,522,unknown / no savings account,1 <= ... < 4 years,4,male,none,2,real estate,31,none,own,1,skilled employee / official,2,"yes, registered under customer's name",yes,1,single
0 <= ... < 200 DM,11,no credits taken / all credits paid back duly,repairs,2532,... < 100 DM,... >= 7 years,4,male,none,3,real estate,26,none,for free,2,management / self-employed / highly qualified employee / officer,1,none,yes,1,single
no checking account,4,no credits taken / all credits paid back duly,furniture/equipment,250,... < 100 DM,... < 1 year,1,female,none,4,real estate,31,none,own,1,management / self-employed / highly qualified employee / officer,1,none,yes,2,divorced/separated
0 <= ... < 200 DM,20,critical account / other credits existing (not at this bank),education,250,... < 100 DM,... < 1 year,4,female,guarantor,4,real estate,26,bank,rent,2,unskilled - resident,1,none,yes,1,divorced/separated
... < 0 DM,28,all credits at this bank paid back duly,car (new),1175,100 <= ... < 500 DM,... < 1 year,1,female,none,1,"car or other, not in savings account",29,none,rent,1,skilled employee / official,1,"yes, registered under customer's name",yes,1,divorced/separated
... < 0 DM,27,critical account / other credits existing (not at this bank),business,13749,unknown / no savings account,4 <= ... < 7 years,1,male,none,2,real estate,24,none,for free,1,unskilled - resident,2,none,yes,1,married/widowed
no checking account,11,existing credits paid back duly till now,radio/television,3029,unknown / no savings account,1 <= ... < 4 years,4,male,none,2,real estate,23,none,own,2,unskilled - resident,1,none,yes,1,single
no checking account,25,existing credits paid back duly till now,radio/television,12630,... < 100 DM,... >= 7 years,4,male,none,2,"car or other, not in savings account",19,none,own,2,skilled employee / official,1,none,yes,1,single
0 <= ... < 200 DM,47,existing credits paid back duly till now,car (used),5104,... >= 1000 DM,unemployed,2,female,none,4,unknown / no property,30,none,rent,1,management / self-employed / highly qualified employee / officer,1,"yes, registered under customer's name",yes,2,divorced/separated
... < 0 DM,26,existing credits paid back duly till now,furniture/equipment,3765,... < 100 DM,... < 1 year,4,female,none,4,unknown / no property,43,stores,own,1,management / self-employed / highly qualified employee / officer,1,"yes, registered under customer's name",yes,2,divorced/separated
no checking account,4,existing credits paid back duly till now,radio/television,411,unknown / no savings account,1 <= ... < 4 years,2,male,none,1,"car or other, not in savings account",21,none,own,1,skilled employee / official,1,none,yes,1,married/widowed
no checking account,28,critical account / other credits existing (not at this bank),education,2696,unknown / no savings account,... >= 7 years,2,male,none,4,building society savings agreement / life insurance,75,none,own,2,skilled employee / official,1,none,yes,1,single
... < 0 DM,29,delay in paying off in the past,radio/television,7649,500 <= ... < 1000 DM,... >= 7 years,2,male,none,4,building society savings agreement / life insurance,19,none,for free,1,management / self-employed / highly qualified employee / officer,1,"yes, registered under customer's name",yes,2,single
no checking account,21,all credits at this bank paid back duly,repairs,3131,unknown / no savings account,1 <= ... < 4 years,4,female,none,4,building society savings agreement / life insurance,47,none,rent,1,skilled employee / official,1,none,yes,1,divorced/separated
0 <= ... < 200 DM,26,existing credits paid back duly till now,car (new),1169,... < 100 DM,... < 1 year,4,female,none,4,unknown / no property,22,bank,rent,1,skilled employee / official,1,none,yes,1,divorced/separated
no checking account,10,existing credits paid back duly till now,radio/television,250,... < 100 DM,... < 1 year,1,female,guarantor,2,"car or other, not in savings account",19,none,rent,1,skilled employee / official,1,"yes, registered under customer's name",yes,1,divorced/separated
0 <= ... < 200 DM,22,delay in paying off in the past,car (used),837,unknown / no savings account,... >= 7 years,4,male,none,4,unknown / no property,50,none,own,1,unskilled - resident,1,"yes, registered under customer's name",yes,1,single
no checking account,13,existing credits paid back duly till now,education,897,... < 100 DM,4 <= ... < 7 years,2,female,none,4,building society savings agreement / life insurance,34,none,rent,2,skilled employee / official,1,none,yes,1,divorced/separated
0 <= ... < 200 DM,24,existing credits paid back duly till now,radio/television,250,unknown / no savings account,1 <= ... < 4 years,2,male,none,4,"car or other, not in savings account",49,none,own,1,skilled employee / official,1,"yes, registered under customer's name",yes,1,single
0 <= ... < 200 DM,16,critical account / other credits existing (not at this bank),radio/television,9871,... < 100 DM,... >= 7 years,4,male,none,2,real estate,31,none,own,2,skilled employee / official,1,none,yes,1,single
... < 0 DM,21,existing credits paid back duly till now,car (used),1279,... >= 1000 DM,... < 1 year,1,female,none,1,"car or other, not in savings account",19,none,rent,1,skilled employee / official,1,"yes, registered under customer's name",yes,1,divorced/separated
no checking account,28,existing credits paid back duly till now,furniture/equipment,250,... < 100 DM,4 <= ... < 7 years,1,male,guarantor,2,real estate,23,none,own,2,skilled employee / official,1,none,yes,1,divorced/separated
0 <= ... < 200 DM,4,existing credits paid back duly till now,furniture/equipment,250,... >= 1000 DM,... < 1 year,1,female,guarantor,2,"car or other, not in savings account",34,none,own,1,skilled employee / official,1,none,no,1,divorced/separated
no checking account,34,delay in paying off in the past,car (new),6014,unknown / no savings account,... < 1 year,4,male,none,3,"car or other, not in savings account",29,none,own,2,skilled employee / official,1,"yes, registered under customer's name",yes,1,single
no checking account,31,no credits taken / all credits paid back duly,car (used),3192,... < 100 DM,4 <= ... < 7 years,4,male,none,4,unknown / no property,50,none,own,1,skilled employee / official,1,"yes, registered under customer's name",yes,1,single
no checking account,12,existing credits paid back duly till now,repairs,250,100 <= ... < 500 DM,... < 1 year,1,male,none,4,building society savings agreement / life insurance,32,none,rent,1,unemployed / unskilled - non-resident,1,none,yes,1,single
... < 0 DM,28,all credits at this bank paid back duly,car (new),2784,unknown / no savings account,... >= 7 years,4,male,none,1,unknown / no property,29,bank,for free,1,management / self-employed / highly qualified employee / officer,1,none,yes,1,single
... >= 200 DM / salary assignments for at least 1 year,16,existing credits paid back duly till now,business,1282,unknown / no savings account,4 <= ... < 7 years,2,male,none,2,"car or other, not in savings account",19,none,rent,1,unskilled - resident,1,none,yes,1,married/widowed
no checking account,28,critical account / other credits existing (not at this bank),car (new),2841,... < 100 DM,4 <= ... < 7 years,2,female,none,4,"car or other, not in savings account",34,none,own,2,skilled employee / official,1,none,yes,1,married/widowed
... < 0 DM,24,critical account / other credits existing (not at this bank),furniture/equipment,250,... < 100 DM,... < 1 year,4,male,none,4,"car or other, not in savings account",21,none,own,2,skilled employee / official,1,none,yes,1,divorced/separated
no checking account,26,critical account / other credits existing (not at this bank),radio/television,1861,... < 100 DM,1 <= ... < 4 years,4,male,none,4,real estate,19,none,own,1,skilled employee / official,1,none,yes,1,divorced/separated
... < 0 DM,29,existing credits paid back duly till now,car (used),1847,500 <= ... < 1000 DM,1 <= ... < 4 years,1,female,none,4,"car or other, not in savings account",26,bank,rent,1,skilled employee / official,1,"yes, registered under customer's name",yes,2,divorced/separated
0 <= ... < 200 DM,23,critical account / other credits existing (not at this bank),radio/television,1059,... < 100 DM,unemployed,2,male,none,4,real estate,34,none,own,2,skilled employee / official,1,none,yes,1,single
no checking account,9,existing credits paid back duly till now,radio/television,250,unknown / no savings account,... < 1 year,3,female,guarantor,4,"car or other, not in savings account",37,bank,own,1,unskilled - resident,1,none,yes,1,divorced/separated
... < 0 DM,12,existing credits paid back duly till now,radio/television,1627,500 <= ... < 1000 DM,... >= 7 years,2,male,none,4,real estate,44,none,rent,2,skilled employee / official,1,none,yes,1,single
... < 0 DM,17,critical account / other credits existing (not at this bank),business,2663,unknown / no savings account,4 <= ... < 7 years,4,male,none,4,real estate,27,none,own,1,skilled employee / official,1,none,yes,1,divorced/separated
... < 0 DM,14,delay in paying off in the past,education,11687,... < 100 DM,1 <= ... < 4 years,1,male,none,3,unknown / no property,73,none,own,1,management / self-employed / highly qualified employee / officer,1,none,yes,1,single
... < 0 DM,28,existing credits paid back duly till now,business,332,... < 100 DM,... < 1 year,3,male,none,4,real estate,75,bank,for free,1,unskilled - resident,1,none,yes,1,single
no checking account,26,delay in paying off in the past,car (new),2138,100 <= ... < 500 DM,1 <= ... < 4 years,3,male,none,4,real estate,22,bank,own,1,skilled employee / official,1,none,yes,1,married/widowed
0 <= ... < 200 DM,21,existing credits paid back duly till now,car (new),2221,... < 100 DM,1 <= ... < 4 years,1,female,none,4,"car or other, not in savings account",24,none,rent,1,skilled employee / official,1,none,yes,2,divorced/separated
no checking account,6,all credits at this bank paid back duly,radio/television,721,500 <= ... < 1000 DM,1 <= ... < 4 years,4,female,none,4,"car or other, not in savings account",58,stores,own,2,skilled employee / official,1,"yes, registered under customer's name",yes,1,divorced/separated
... < 0 DM,4,all credits at this bank paid back duly,domestic appliances,1704,... < 100 DM,... < 1 year,1,female,guarantor,4,real estate,28,none,own,1,unskilled - resident,1,none,yes,1,divorced/separated
... < 0 DM,23,existing credits paid back duly till now,car (new),6446,... < 100 DM,... >= 7 years,2,male,none,1,unknown / no property,32,none,rent,1,skilled employee / official,2,"yes, registered under customer's name",yes,2,divorced/separated
... < 0 DM,25,delay in paying off in the past,business,250,... < 100 DM,unemployed,2,female,none,4,unknown / no property,53,bank,for free,1,skilled employee / official,1,"yes, registered under customer's name",yes,2,single
no checking account,21,critical account / other credits existing (not at this bank),car (new),1126,... < 100 DM,... >= 7 years,4,male,none,2,real estate,60,none,own,2,unskilled - resident,2,none,yes,1,single
... >= 200 DM / salary assignments for at least 1 year,7,critical account / other credits existing (not at this bank),car (new),1350,... < 100 DM,... >= 7 years,4,male,none,4,real estate,36,none,rent,1,unskilled - resident,1,"yes, registered under customer's name",yes,1,single
... < 0 DM,29,existing credits paid back duly till now,furniture/equipment,250,... >= 1000 DM,... < 1 year,4,female,none,4,"car or other, not in savings account",19,none,own,3,skilled employee / official,1,none,yes,2,divorced/separated
0 <= ... < 200 DM,8,existing credits paid back duly till now,business,2960,... < 100 DM,... < 1 year,2,female,none,2,"car or other, not in savings account",33,none,rent,1,skilled employee / official,1,"yes, registered under customer's name",yes,2,divorced/separated
no checking account,14,no credits taken / all credits paid back duly,furniture/equipment,250,100 <= ... < 500 DM,4 <= ... < 7 years,4,male,guarantor,4,building society savings agreement / life insurance,75,bank,rent,1,skilled employee / official,2,none,yes,1,single
no checking account,29,critical account / other credits existing (not at this bank),radio/television,6729,100 <= ... < 500 DM,... < 1 year,2,female,none,1,"car or other, not in savings account",19,none,own,2,skilled employee / official,1,"yes, registered under customer's name",yes,1,divorced/separated
0 <= ... < 200 DM,26,all credits at this bank paid back duly,car (used),15945,unknown / no savings account,unemployed,4,male,none,4,unknown / no property,36,none,for free,1,management / self-employed / highly qualified employee / officer,1,"yes, registered under customer's name",yes,2,single
no checking account,5,critical account / other credits existing (not at this bank),car (new),250,... < 100 DM,... >= 7 years,4,male,none,4,building society savings agreement / life insurance,75,bank,for free,1,skilled employee / official,1,"yes, registered under customer's name",yes,1,divorced/separated
... < 0 DM,21,critical account / other credits existing (not at this bank),radio/television,5570,... < 100 DM,1 <= ... < 4 years,4,male,none,3,real estate,34,none,own,2,skilled employee / official,1,none,yes,1,divorced/separated
... < 0 DM,17,critical account / other credits existing (not at this bank),car (new),2783,... >= 1000 DM,... >= 7 years,1,male,none,2,unknown / no property,71,none,own,3,skilled employee / official,2,"yes, registered under customer's name",yes,1,single
no checking account,18,critical account / other credits existing (not at this bank),business,3008,500 <= ... < 1000 DM,... >= 7 years,4,male,none,4,building society savings agreement / life insurance,24,none,own,2,skilled employee / official,1,none,yes,1,single
no checking account,23,critical account / other credits existing (not at this bank),business,2048,... < 100 DM,... >= 7 years,4,male,none,2,"car or other, not in savings account",47,none,own,2,skilled employee / official,1,none,yes,1,single
0 <= ... < 200 DM,25,no credits taken / all credits paid back duly,car (used),10540,unknown / no savings account,... >= 7 years,4,male,none,3,"car or other, not in savings account",45,none,for free,1,management / self-employed / highly qualified employee / officer,1,"yes, registered under customer's name",yes,1,single
... < 0 DM,24,critical account / other credits existing (not at this bank),radio/television,1814,... >= 1000 DM,... < 1 year,4,female,none,1,"car or other, not in savings account",32,none,rent,1,skilled employee / official,1,"yes, registered under customer's name",yes,2,divorced/separated
no checking account,8,critical account / other credits existing (not at this bank),car (new),250,... < 100 DM,1 <= ... < 4 years,4,male,none,2,"car or other, not in savings account",23,none,own,2,skilled employee / official,1,none,yes,1,single
0 <= ... < 200 DM,4,existing credits paid back duly till now,car (new),2181,... < 100 DM,... < 1 year,4,female,none,4,unknown / no property,34,bank,rent,1,management / self-employed / highly qualified employee / officer,1,"yes, registered under customer's name",yes,2,divorced/separated
... < 0 DM,28,delay in paying off in the past,car (new),15945,... < 100 DM,... < 1 year,2,male,none,2,"car or other, not in savings account",19,none,own,2,management / self-employed / highly qualified employee / officer,1,"yes, registered under customer's name",yes,1,single
0 <= ... < 200 DM,21,existing credits paid back duly till now,car (new),12528,100 <= ... < 500 DM,... >= 7 years,2,male,none,2,unknown / no property,26,none,own,1,skilled employee / official,1,"yes, registered under customer's name",yes,1,single
no checking account,21,critical account / other credits existing (not at this bank),radio/television,576,unknown / no savings account,1 <= ... < 4 years,2,male,none,2,"car or other, not in savings account",41,none,own,2,skilled employee / official,2,none,yes,1,single
... < 0 DM,4,critical account / other credits existing (not at this bank),furniture/equipment,2652,... < 100 DM,... < 1 year,3,female,none,4,real estate,19,none,own,1,skilled employee / official,1,none,yes,1,divorced/separated
no checking account,6,existing credits paid back duly till now,radio/television,3121,... < 100 DM,... >= 7 years,1,male,none,2,building society savings agreement / life insurance,21,none,own,4,skilled employee / official,1,none,yes,1,single
... < 0 DM,27,existing credits paid back duly till now,furniture/equipment,1087,500 <= ... < 1000 DM,... < 1 year,1,female,none,2,real estate,35,none,rent,2,skilled employee / official,1,none,yes,2,divorced/separated
no checking account,28,delay in paying off in the past,car (used),250,unknown / no savings account,... >= 7 years,3,male,none,4,building society savings agreement / life insurance,75,bank,own,2,skilled employee / official,1,none,yes,1,single
no checking account,17,existing credits paid back duly till now,car (new),10178,... >= 1000 DM,1 <= ... < 4 years,3,male,none,3,"car or other, not in savings account",20,none,rent,2,skilled employee / official,1,"yes, registered under customer's name",yes,1,divorced/separated
no checking account,28,delay in paying off in the past,education,15945,unknown / no savings account,... >= 7 years,4,male,none,4,unknown / no property,36,none,for free,2,skilled employee / official,1,none,yes,1,single
... < 0 DM,37,critical account / other credits existing (not at this bank),car (new),714,... < 100 DM,... >= 7 years,4,male,none,2,building society savings agreement / life insurance,19,none,own,2,unskilled - resident,1,"yes, registered under customer's name",yes,1,single
0 <= ... < 200 DM,23,existing credits paid back duly till now,car (new),2614,... < 100 DM,... < 1 year,2,female,none,4,"car or other, not in savings account",33,none,rent,1,skilled employee / official,1,none,yes,1,married/widowed
no checking account,26,critical account / other credits existing (not at this bank),car (new),1563,... < 100 DM,... < 1 year,1,female,none,2,"car or other, not in savings account",19,none,own,1,skilled employee / official,1,none,yes,1,divorced/separated
0 <= ... < 200 DM,28,existing credits paid back duly till now,car (new),2135,... >= 1000 DM,... < 1 year,4,female,none,4,"car or other, not in savings account",35,none,rent,1,skilled employee / official,1,none,yes,1,divorced/separated
no checking account,26,delay in paying off in the past,car (new),15945,... < 100 DM,... >= 7 years,4,male,none,4,building society savings agreement / life insurance,42,none,rent,1,management / self-employed / highly qualified employee / officer,1,none,yes,1,single
no checking account,18,critical account / other credits existing (not at this bank),car (new),546,100 <= ... < 500 DM,1 <= ... < 4 years,3,male,none,3,real estate,75,none,own,2,skilled employee / official,2,none,yes,1,single
... < 0 DM,22,delay in paying off in the past,business,10387,... >= 1000 DM,... >= 7 years,2,male,none,3,"car or other, not in savings account",52,bank,own,1,skilled employee / official,1,"yes, registered under customer's name",yes,1,single
... < 0 DM,22,existing credits paid back duly till now,business,250,unknown / no savings account,... < 1 year,3,female,none,4,unknown / no property,43,none,for free,1,skilled employee / official,1,"yes, registered under customer's name",yes,2,divorced/separated
... < 0 DM,27,all credits at this bank paid back duly,car (used),250,... < 100 DM,... >= 7 years,2,male,none,4,"car or other, not in savings account",67,stores,for free,1,skilled employee / official,1,"yes, registered under customer's name",yes,2,single
... < 0 DM,26,existing credits paid back duly till now,car (new),250,... < 100 DM,... < 1 year,2,female,none,4,"car or other, not in savings account",22,stores,rent,1,skilled employee / official,1,"yes, registered under customer's name",yes,1,divorced/separated
no checking account,23,all credits at this bank paid back duly,car (new),431,500 <= ... < 1000 DM,1 <= ... < 4 years,4,male,none,2,real estate,19,none,own,2,skilled employee / official,1,none,no,1,single
no checking account,4,critical account / other credits existing (not at this bank),radio/television,250,... < 100 DM,1 <= ... < 4 years,4,male,guarantor,1,real estate,35,none,own,2,skilled employee / official,1,none,yes,1,married/widowed
... < 0 DM,13,existing credits paid back duly till now,radio/television,5659,100 <= ... < 500 DM,... < 1 year,4,female,none,4,building society savings agreement / life insurance,19,none,own,1,skilled employee / official,1,none,yes,1,divorced/separated
... < 0 DM,26,no credits taken / all credits paid back duly,retraining,2199,500 <= ... < 1000 DM,... >= 7 years,1,male,none,4,real estate,53,none,own,2,unskilled - resident,2,none,no,1,single
0 <= ... < 200 DM,22,critical account / other credits existing (not at this bank),business,1672,100 <= ... < 500 DM,1 <= ... < 4 years,2,female,none,1,"car or other, not in savings account",20,none,own,2,skilled employee / official,1,none,yes,1,divorced/separated
no checking account,4,critical account / other credits existing (not at this bank),others,11755,... < 100 DM,... < 1 year,2,male,co-applicant,3,"car or other, not in savings account",60,none,own,2,unemployed / unskilled - non-resident,1,"yes, registered under customer's name",yes,1,single
no checking account,4,critical account / other credits existing (not at this bank),radio/television,3137,... < 100 DM,1 <= ... < 4 years,4,male,none,2,real estate,35,bank,own,2,unskilled - resident,1,none,yes,1,single
no checking account,49,existing credits paid back duly till now,radio/television,3508,... < 100 DM,... >= 7 years,1,female,none,4,"car or other, not in savings account",36,none,own,2,skilled employee / official,1,"yes, registered under customer's name",yes,1,divorced/separated
... < 0 DM,18,existing credits paid back duly till now,car (new),250,100 <= ... < 500 DM,1 <= ... < 4 years,4,female,none,1,building society savings agreement / life insurance,30,none,own,1,unskilled - resident,1,none,yes,1,divorced/separated
no checking account,4,critical account / other credits existing (not at this bank),car (new),250,unknown / no savings account,1 <= ... < 4 years,4,male,co-applicant,4,"car or other, not in savings account",33,none,own,2,skilled employee / official,1,none,yes,1,married/widowed
0 <= ... < 200 DM,31,existing credits paid back duly till now,car (new),390,... < 100 DM,4 <= ... < 7 years,2,female,none,4,"car or other, not in savings account",34,none,own,1,management / self-employed / highly qualified employee / officer,2,"yes, registered under customer's name",yes,2,divorced/separated
... < 0 DM,4,critical account / other credits existing (not at this bank),car (used),250,... < 100 DM,... >= 7 years,4,female,none,3,real estate,37,none,rent,2,unskilled - resident,2,none,yes,1,single
no checking account,32,delay in paying off in the past,car (used),4984,unknown / no savings account,... >= 7 years,2,male,none,4,unknown / no property,35,none,for free,1,skilled employee / official,1,"yes, registered under customer's name",yes,1,single
no checking account,4,critical account / other credits existing (not at this bank),radio/television,250,... < 100 DM,4 <= ... < 7 years,1,male,none,4,real estate,19,none,own,2,unskilled - resident,1,none,yes,1,married/widowed
no checking account,31,critical account / other credits existing (not at this bank),car (new),2394,100 <= ... < 500 DM,... < 1 year,2,female,none,4,real estate,19,none,own,3,skilled employee / official,1,none,yes,1,married/widowed
... < 0 DM,29,critical account / other credits existing (not at this bank),furniture/equipment,250,... < 100 DM,... < 1 year,1,female,none,2,"car or other, not in savings account",20,none,own,1,skilled employee / official,1,none,yes,1,divorced/separated
... >= 200 DM / salary assignments for at least 1 year,25,critical account / other credits existing (not at this bank),business,3378,... < 100 DM,... >= 7 years,4,male,none,4,real estate,46,none,for free,1,unskilled - resident,1,"yes, registered under customer's name",yes,1,divorced/separated
... < 0 DM,21,all credits at this bank paid back duly,radio/television,6707,100 <= ... < 500 DM,1 <= ... < 4 years,1,male,none,2,unknown / no property,20,bank,for free,1,skilled employee / official,1,"yes, registered under customer's name",yes,2,divorced/separated
0 <= ... < 200 DM,26,existing credits paid back duly till now,business,15945,... < 100 DM,... >= 7 years,2,male,none,4,unknown / no property,58,none,for free,1,management / self-employed / highly qualified employee / officer,1,"yes, registered under customer's name",yes,2,single
0 <= ... < 200 DM,28,critical account / other credits existing (not at this bank),radio/television,250,100 <= ... < 500 DM,... < 1 year,2,male,co-applicant,1,"car or other, not in savings account",25,none,own,2,management / self-employed / highly qualified employee / officer,1,"yes, registered under customer's name",yes,1,divorced/separated
... < 0 DM,28,critical account / other credits existing (not at this bank),furniture/equipment,849,... < 100 DM,... >= 7 years,4,male,none,2,building society savings agreement / life insurance,58,none,own,1,skilled employee / official,1,none,yes,1,single
0 <= ... < 200 DM,41,critical account / other credits existing (not at this bank),car (new),1618,500 <= ... < 1000 DM,... >= 7 years,2,male,none,4,"car or other, not in savings account",57,stores,for free,1,unskilled - resident,1,"yes, registered under customer's name",no,1,single
0 <= ... < 200 DM,72,existing credits paid back duly till now,car (new),8760,unknown / no savings account,... >= 7 years,4,male,none,2,unknown / no property,65,bank,for free,1,management / self-employed / highly qualified employee / officer,1,"yes, registered under customer's name",yes,2,single
0 <= ... < 200 DM,30,existing credits paid back duly till now,business,250,unknown / no savings account,1 <= ... < 4 years,1,male,none,4,unknown / no property,39,none,for free,1,skilled employee / official,1,"yes, registered under customer's name",yes,1,single
no checking account,4,critical account / other credits existing (not at this bank),car (new),3339,unknown / no savings account,... < 1 year,4,male,none,2,real estate,48,none,own,2,skilled employee / official,1,"yes, registered under customer's name",yes,1,single
... < 0 DM,11,critical account / other credits existing (not at this bank),car (new),9698,... < 100 DM,... >= 7 years,4,male,none,4,unknown / no property,29,none,own,3,skilled employee / official,2,"yes, registered under customer's name",yes,1,single
no checking account,7,critical account / other credits existing (not at this bank),radio/television,2776,100 <= ... < 500 DM,1 <= ... < 4 years,4,male,none,4,real estate,19,none,own,2,unskilled - resident,2,none,yes,1,single
no checking account,40,existing credits paid back duly till now,education,250,500 <= ... < 1000 DM,1 <= ... < 4 years,4,male,none,4,real estate,24,none,for free,1,skilled employee / official,1,"yes, registered under customer's name",yes,2,divorced/separated
... < 0 DM,72,existing credits paid back duly till now,education,2299,... >= 1000 DM,... >= 7 years,1,male,none,4,unknown / no property,23,none,rent,1,management / self-employed / highly qualified employee / officer,1,"yes, registered under customer's name",yes,1,divorced/separated
... < 0 DM,25,delay in paying off in the past,radio/television,250,... < 100 DM,4 <= ... < 7 years,2,male,none,4,"car or other, not in savings account",29,none,own,2,skilled employee / official,1,none,yes,1,married/widowed
no checking account,16,existing credits paid back duly till now,car (new),1817,... < 100 DM,... < 1 year,1,female,none,4,building society savings agreement / life insurance,21,none,rent,2,unskilled - resident,1,none,yes,1,divorced/separated
no checking account,11,critical account / other credits existing (not at this bank),radio/television,830,... < 100 DM,... >= 7 years,4,male,none,4,real estate,39,none,own,2,unskilled - resident,2,none,yes,1,single
no checking account,27,no credits taken / all credits paid back duly,car (used),3664,... < 100 DM,... >= 7 years,2,male,none,4,"car or other, not in savings account",20,none,own,2,skilled employee / official,1,none,yes,1,single
... < 0 DM,22,existing credits paid back duly till now,car (new),2881,unknown / no savings account,... < 1 year,1,male,none,1,real estate,19,none,own,1,skilled employee / official,1,none,yes,1,divorced/separated
... < 0 DM,25,delay in paying off in the past,retraining,15945,... < 100 DM,... >= 7 years,4,male,none,4,"car or other, not in savings account",75,bank,own,2,skilled employee / official,1,"yes, registered under customer's name",yes,1,single
no checking account,58,existing credits paid back duly till now,business,346,unknown / no savings account,4 <= ... < 7 years,4,male,none,4,"car or other, not in savings account",43,none,own,1,unskilled - resident,1,"yes, registered under customer's name",yes,1,divorced/separated
... < 0 DM,20,existing credits paid back duly till now,radio/television,4710,... < 100 DM,... >= 7 years,1,male,none,4,unknown / no property,42,bank,for free,1,unemployed / unskilled - non-resident,1,"yes, registered under customer's name",yes,1,single
0 <= ... < 200 DM,26,existing credits paid back duly till now,business,1973,500 <= ... < 1000 DM,... < 1 year,4,male,none,2,building society savings agreement / life insurance,45,bank,own,2,unskilled - resident,1,none,yes,1,married/widowed
no checking account,17,critical account / other credits existing (not at this bank),car (new),3312,unknown / no savings account,... >= 7 years,4,male,none,3,real estate,29,none,own,2,skilled employee / official,2,none,yes,1,single
no checking account,10,critical account / other credits existing (not at this bank),radio/television,1070,... < 100 DM,1 <= ... < 4 years,4,male,none,3,real estate,39,none,own,2,unskilled - resident,1,none,yes,1,married/widowed
no checking account,29,existing credits paid back duly till now,car (new),432,unknown / no savings account,... >= 7 years,4,male,none,4,unknown / no property,41,none,own,1,skilled employee / official,2,"yes, registered under customer's name",yes,1,single
... >= 200 DM / salary assignments for at least 1 year,22,all credits at this bank paid back duly,education,4885,unknown / no savings account,... >= 7 years,4,male,none,4,"car or other, not in savings account",58,stores,own,2,unskilled - resident,1,none,yes,1,single
... >= 200 DM / salary assignments for at least 1 year,21,critical account / other credits existing (not at this bank),car (new),1280,100 <= ... < 500 DM,... < 1 year,1,female,none,2,building society savings agreement / life insurance,32,none,rent,1,skilled employee / official,1,none,yes,1,divorced/separated
0 <= ... < 200 DM,29,existing credits paid back duly till now,radio/television,6352,unknown / no savings account,4 <= ... < 7 years,3,male,none,2,unknown / no property,25,none,own,1,management / self-employed / highly qualified employee / officer,1,none,yes,1,single
... < 0 DM,24,no credits taken / all credits paid back duly,furniture/equipment,4236,... < 100 DM,... >= 7 years,1,female,none,4,real estate,55,none,for free,1,skilled employee / official,1,"yes, registered under customer's name",yes,1,divorced/separated
... >= 200 DM / salary assignments for at least 1 year,23,all credits at this bank paid back duly,car (used),3559,... < 100 DM,4 <= ... < 7 years,3,male,none,4,"car or other, not in savings account",75,bank,own,1,management / self-employed / highly qualified employee / officer,1,none,yes,1,single
no checking account,26,critical account / other credits existing (not at this bank),radio/television,2619,100 <= ... < 500 DM,1 <= ... < 4 years,4,male,none,2,real estate,53,none,own,1,unskilled - resident,2,none,yes,1,single
0 <= ... < 200 DM,4,critical account / other credits existing (not at this bank),radio/television,1483,... < 100 DM,... < 1 year,4,female,none,4,unknown / no property,36,stores,rent,1,unskilled - resident,1,none,yes,2,divorced/separated
0 <= ... < 200 DM,24,existing credits paid back duly till now,car (used),2545,... < 100 DM,1 <= ... < 4 years,4,male,none,2,"car or other, not in savings account",19,none,own,2,skilled employee / official,1,"yes, registered under customer's name",yes,2,single
... < 0 DM,27,no credits taken / all credits paid back duly,education,2169,unknown / no savings account,unemployed,4,male,none,2,"car or other, not in savings account",60,none,for free,1,management / self-employed / highly qualified employee / officer,1,none,yes,1,divorced/separated
... >= 200 DM / salary assignments for at least 1 year,4,existing credits paid back duly till now,furniture/equipment,556,... < 100 DM,1 <= ... < 4 years,2,female,none,1,"car or other, not in savings account",23,bank,rent,1,skilled employee / official,1,none,yes,1,divorced/separated
no checking account,22,existing credits paid back duly till now,furniture/equipment,2245,... < 100 DM,... >= 7 years,1,female,none,2,"car or other, not in savings account",19,none,own,2,skilled employee / official,1,none,yes,1,divorced/separated
no checking account,11,all credits at this bank paid back duly,car (new),250,unknown / no savings account,unemployed,1,male,none,4,real estate,45,none,rent,2,skilled employee / official,1,none,yes,1,single
no checking account,4,critical account / other credits existing (not at this bank),radio/television,3159,unknown / no savings account,1 <= ... < 4 years,2,male,none,3,real estate,31,none,own,2,skilled employee / official,1,none,yes,1,single
... < 0 DM,4,existing credits paid back duly till now,furniture/equipment,2177,500 <= ... < 1000 DM,... < 1 year,1,female,none,1,building society savings agreement / life insurance,35,none,own,1,skilled employee / official,1,none,yes,2,divorced/separated
... >= 200 DM / salary assignments for at least 1 year,47,delay in paying off in the past,car (used),11597,unknown / no savings account,4 <= ... < 7 years,3,male,co-applicant,4,unknown / no property,75,none,for free,1,management / self-employed / highly qualified employee / officer,1,"yes, registered under customer's name",yes,1,single
no checking account,53,existing credits paid back duly till now,education,7960,100 <= ... < 500 DM,... >= 7 years,3,male,none,2,"car or other, not in savings account",29,none,own,1,skilled employee / official,1,none,yes,1,single
... < 0 DM,47,critical account / other credits existing (not at this bank),car (new),3369,unknown / no savings account,1 <= ... < 4 years,4,male,none,4,"car or other, not in savings account",61,none,own,1,management / self-employed / highly qualified employee / officer,1,none,yes,1,single
0 <= ... < 200 DM,26,all credits at this bank paid back duly,furniture/equipment,308,unknown / no savings account,1 <= ... < 4 years,1,female,none,4,"car or other, not in savings account",19,bank,rent,1,skilled employee / official,1,"yes, registered under customer's name",yes,1,divorced/separated
no checking account,4,critical account / other credits existing (not at this bank),car (new),2882,... < 100 DM,... >= 7 years,3,male,none,2,building society savings agreement / life insurance,19,none,own,2,management / self-employed / highly qualified employee / officer,1,none,no,1,single
no checking account,4,existing credits paid back duly till now,radio/television,446,... < 100 DM,... < 1 year,4,male,none,2,"car or other, not in savings account",36,none,own,1,unskilled - resident,1,none,yes,1,divorced/separated
no checking account,27,critical account / other credits existing (not at this bank),car (new),777,100 <= ... < 500 DM,... >= 7 years,4,male,none,1,"car or other, not in savings account",19,none,own,1,unskilled - resident,1,none,yes,1,divorced/separated
... < 0 DM,17,critical account / other credits existing (not at this bank),business,2929,unknown / no savings account,... >= 7 years,2,male,co-applicant,4,unknown / no property,75,none,for free,2,unskilled - resident,1,"yes, registered under customer's name",yes,2,single
0 <= ... < 200 DM,22,critical account / other credits existing (not at this bank),radio/television,15945,... < 100 DM,... >= 7 years,4,male,none,4,"car or other, not in savings account",21,none,own,2,skilled employee / official,1,"yes, registered under customer's name",yes,1,single
0 <= ... < 200 DM,24,existing credits paid back duly till now,furniture/equipment,406,... < 100 DM,... < 1 year,2,female,none,4,"car or other, not in savings account",23,none,rent,1,skilled employee / official,1,none,yes,2,divorced/separated
no checking account,20,existing credits paid back duly till now,radio/television,3330,... < 100 DM,1 <= ... < 4 years,4,male,none,3,real estate,19,none,own,2,unskilled - resident,1,none,yes,1,single
... < 0 DM,24,critical account / other credits existing (not at this bank),radio/television,2337,unknown / no savings account,... < 1 year,4,male,none,1,"car or other, not in savings account",58,none,own,1,skilled employee / official,2,none,yes,2,married/widowed
0 <= ... < 200 DM,28,existing credits paid back duly till now,car (new),1865,unknown / no savings account,1 <= ... < 4 years,2,female,none,4,"car or other, not in savings account",35,bank,rent,1,management / self-employed / highly qualified employee / officer,1,"yes, registered under customer's name",yes,1,divorced/separated
no checking account,12,critical account / other credits existing (not at this bank),car (new),250,unknown / no savings account,1 <= ... < 4 years,4,male,none,3,real estate,44,none,own,3,skilled employee / official,1,none,no,1,single
no checking account,4,no credits taken / all credits paid back duly,car (new),250,500 <= ... < 1000 DM,... < 1 year,4,female,none,4,building society savings agreement / life insurance,30,none,own,3,skilled employee / official,1,"yes, registered under customer's name",yes,2,married/widowed
0 <= ... < 200 DM,42,delay in paying off in the past,business,1456,... < 100 DM,... >= 7 years,2,female,none,4,"car or other, not in savings account",27,none,rent,1,skilled employee / official,1,"yes, registered under customer's name",yes,2,divorced/separated
no checking account,4,critical account / other credits existing (not at this bank),car (new),3035,unknown / no savings account,... >= 7 years,1,male,none,1,real estate,63,none,own,2,skilled employee / official,2,none,yes,2,single
... < 0 DM,22,critical account / other credits existing (not at this bank),radio/television,1038,... >= 1000 DM,... < 1 year,2,female,none,2,"car or other, not in savings account",19,none,rent,2,skilled employee / official,1,none,yes,1,divorced/separated
no checking account,4,critical account / other credits existing (not at this bank),car (new),2753,unknown / no savings account,unemployed,4,male,none,2,"car or other, not in savings account",27,none,own,2,unskilled - resident,1,none,yes,1,single
... < 0 DM,34,existing credits paid back duly till now,furniture/equipment,250,... < 100 DM,1 <= ... < 4 years,2,male,none,3,"car or other, not in savings account",19,none,own,1,skilled employee / official,1,"yes, registered under customer's name",yes,1,married/widowed
0 <= ... < 200 DM,22,no credits taken / all credits paid back duly,furniture/equipment,250,... < 100 DM,1 <= ... < 4 years,1,male,none,2,"car or other, not in savings account",25,none,rent,1,skilled employee / official,1,none,yes,1,married/widowed
... >= 200 DM / salary assignments for at least 1 year,5,critical account / other credits existing (not at this bank),repairs,1407,500 <= ... < 1000 DM,4 <= ... < 7 years,2,female,co-applicant,3,real estate,19,bank,own,1,unskilled - resident,1,none,yes,1,divorced/separated
... < 0 DM,67,existing credits paid back duly till now,car (used),2620,... < 100 DM,... < 1 year,1,female,none,4,"car or other, not in savings account",32,none,rent,1,skilled employee / official,1,"yes, registered under customer's name",yes,2,divorced/separated
... < 0 DM,5,delay in paying off in the past,car (new),1576,... < 100 DM,... < 1 year,4,female,none,4,unknown / no property,33,none,own,1,unskilled - resident,2,none,yes,1,divorced/separated
0 <= ... < 200 DM,19,existing credits paid back duly till now,car (used),11665,unknown / no savings account,... >= 7 years,2,female,none,4,"car or other, not in savings account",30,bank,for free,1,skilled employee / official,1,"yes, registered under customer's name",yes,2,single
no checking account,27,delay in paying off in the past,radio/television,885,unknown / no savings account,... >= 7 years,2,male,none,4,"car or other, not in savings account",63,bank,for free,3,skilled employee / official,1,"yes, registered under customer's name",yes,1,single
... < 0 DM,4,existing credits paid back duly till now,car (new),1681,unknown / no savings account,... < 1 year,4,male,none,4,"car or other, not in savings account",19,none,own,2,skilled employee / official,1,none,yes,1,single
... < 0 DM,23,existing credits paid back duly till now,car (new),1577,... < 100 DM,4 <= ... < 7 years,2,male,none,4,"car or other, not in savings account",22,none,rent,1,skilled employee / official,1,"yes, registered under customer's name",yes,2,single
... < 0 DM,23,existing credits paid back duly till now,car (used),3358,... < 100 DM,4 <= ... < 7 years,2,male,none,4,"car or other, not in savings account",41,none,own,1,skilled employee / official,1,none,yes,1,single
0 <= ... < 200 DM,24,delay in paying off in the past,car (used),15945,unknown / no savings account,... >= 7 years,3,male,none,4,unknown / no property,75,none,for free,1,management / self-employed / highly qualified employee / officer,2,"yes, registered under customer's name",yes,2,single
no checking account,38,delay in paying off in the past,car (used),1599,100 <= ... < 500 DM,... >= 7 years,3,male,none,4,unknown / no property,38,none,own,1,skilled employee / official,1,"yes, registered under customer's name",yes,1,divorced/separated
... < 0 DM,69,critical account / other credits existing (not at this bank),car (used),250,unknown / no savings account,unemployed,4,female,none,4,unknown / no property,32,none,for free,1,management / self-employed / highly qualified employee / officer,1,"yes, registered under customer's name",yes,2,divorced/separated
no checking account,14,existing credits paid back duly till now,car (new),250,500 <= ... < 1000 DM,1 <= ... < 4 years,4,female,none,1,"car or other, not in savings account",21,none,own,3,unskilled - resident,1,none,yes,1,divorced/separated
0 <= ... < 200 DM,19,existing credits paid back duly till now,radio/television,12578,... < 100 DM,... < 1 year,2,male,none,2,unknown / no property,75,none,own,1,unskilled - resident,1,none,yes,1,married/widowed
... < 0 DM,41,existing credits paid back duly till now,car (used),10919,... < 100 DM,1 <= ... < 4 years,4,male,none,4,unknown / no property,40,none,for free,1,management / self-employed / highly qualified employee / officer,1,"yes, registered under customer's name",yes,2,divorced/separated
no checking account,28,existing credits paid back duly till now,car (used),2973,100 <= ... < 500 DM,4 <= ... < 7 years,4,female,none,1,building society savings agreement / life insurance,31,none,own,2,skilled employee / official,1,"yes, registered under customer's name",yes,2,divorced/separated
no checking account,29,critical account / other credits existing (not at this bank),car (new),1383,... < 100 DM,1 <= ... < 4 years,2,male,none,4,real estate,33,none,own,2,skilled employee / official,1,none,yes,1,divorced/separated
... < 0 DM,66,critical account / other credits existing (not at this bank),car (used),1347,... < 100 DM,1 <= ... < 4 years,1,female,none,4,"car or other, not in savings account",43,stores,rent,3,skilled employee / official,1,none,yes,1,single
no checking account,15,critical account / other credits existing (not at this bank),radio/television,1507,100 <= ... < 500 DM,4 <= ... < 7 years,4,male,none,2,"car or other, not in savings account",29,none,own,2,skilled employee / official,1,none,yes,1,married/widowed
... < 0 DM,20,critical account / other credits existing (not at this bank),radio/television,250,unknown / no savings account,1 <= ... < 4 years,4,male,none,4,real estate,52,none,own,2,skilled employee / official,2,none,yes,1,single
0 <= ... < 200 DM,10,no credits taken / all credits paid back duly,business,2551,... < 100 DM,4 <= ... < 7 years,3,male,guarantor,4,real estate,49,none,own,2,unskilled - resident,1,"yes, registered under customer's name",yes,1,single
... < 0 DM,4,critical account / other credits existing (not at this bank),car (new),3531,unknown / no savings account,... >= 7 years,4,male,co-applicant,1,real estate,19,none,own,2,skilled employee / official,1,none,yes,1,single
no checking account,22,existing credits paid back duly till now,business,2411,... < 100 DM,1 <= ... < 4 years,4,male,none,2,"car or other, not in savings account",37,none,own,1,skilled employee / official,1,none,yes,1,divorced/separated
no checking account,26,existing credits paid back duly till now,radio/television,2618,unknown / no savings account,1 <= ... < 4 years,1,male,none,4,"car or other, not in savings account",34,none,own,1,skilled employee / official,1,none,yes,1,single
... < 0 DM,12,critical account / other credits existing (not at this bank),radio/television,250,... < 100 DM,1 <= ... < 4 years,4,male,none,3,building society savings agreement / life insurance,45,none,own,2,skilled employee / official,1,"yes, registered under customer's name",yes,1,single
0 <= ... < 200 DM,50,existing credits paid back duly till now,car (used),5416,100 <= ... < 500 DM,... < 1 year,3,female,none,4,"car or other, not in savings account",38,bank,for free,1,skilled employee / official,1,"yes, registered under customer's name",yes,2,divorced/separated
no checking account,26,delay in paying off in the past,education,951,unknown / no savings account,... < 1 year,2,female,none,4,unknown / no property,37,none,own,1,skilled employee / official,1,none,yes,1,divorced/separated
... < 0 DM,29,delay in paying off in the past,education,396,500 <= ... < 1000 DM,... < 1 year,4,female,none,4,unknown / no property,24,none,rent,1,skilled employee / official,1,"yes, registered under customer's name",yes,2,divorced/separated
... >= 200 DM / salary assignments for at least 1 year,23,existing credits paid back duly till now,car (used),250,... < 100 DM,1 <= ... < 4 years,1,male,co-applicant,2,real estate,19,none,own,2,unemployed / unskilled - non-resident,1,none,yes,1,married/widowed
no checking account,23,existing credits paid back duly till now,radio/television,4943,... < 100 DM,4 <= ... < 7 years,4,male,none,4,"car or other, not in savings account",23,none,own,1,skilled employee / official,1,"yes, registered under customer's name",yes,1,divorced/separated
no checking account,19,critical account / other credits existing (not at this bank),radio/television,2697,... < 100 DM,unemployed,4,male,none,3,"car or other, not in savings account",44,none,own,2,skilled employee / official,1,none,yes,1,single
... < 0 DM,28,existing credits paid back duly till now,furniture/equipment,1822,unknown / no savings account,1 <= ... < 4 years,1,female,none,4,real estate,20,bank,rent,2,skilled employee / official,1,"yes, registered under customer's name",yes,1,single
... < 0 DM,13,critical account / other credits existing (not at this bank),radio/television,1925,... < 100 DM,... < 1 year,4,female,none,4,"car or other, not in savings account",31,none,own,1,unskilled - resident,1,none,yes,2,married/widowed
0 <= ... < 200 DM,8,existing credits paid back duly till now,business,1129,100 <= ... < 500 DM,... < 1 year,2,female,none,2,"car or other, not in savings account",19,none,own,2,skilled employee / official,1,"yes, registered under customer's name",yes,1,divorced/separated
no checking account,12,critical account / other credits existing (not at this bank),radio/television,3414,... < 100 DM,4 <= ... < 7 years,4,male,none,2,real estate,43,none,own,2,unskilled - resident,1,none,yes,1,single
no checking account,69,critical account / other credits existing (not at this bank),car (new),3110,... < 100 DM,1 <= ... < 4 years,2,female,none,2,real estate,24,none,own,1,management / self-employed / highly qualified employee / officer,1,none,yes,1,single
0 <= ... < 200 DM,24,existing credits paid back duly till now,car (new),478,unknown / no savings account,... >= 7 years,4,male,none,4,unknown / no property,75,none,for free,1,management / self-employed / highly qualified employee / officer,1,"yes, registered under customer's name",yes,2,single
0 <= ... < 200 DM,4,critical account / other credits existing (not at this bank),car (new),6567,unknown / no savings account,... >= 7 years,4,male,none,4,real estate,65,bank,for free,1,unskilled - resident,1,"yes, registered under customer's name",yes,1,single
... < 0 DM,24,existing credits paid back duly till now,furniture/equipment,1161,100 <= ... < 500 DM,... < 1 year,3,female,none,4,"car or other, not in savings account",23,none,own,1,skilled employee / official,1,none,yes,1,divorced/separated
no checking account,25,critical account / other credits existing (not at this bank),domestic appliances,3382,... >= 1000 DM,1 <= ... < 4 years,1,male,none,3,building society savings agreement / life insurance,33,none,own,2,skilled employee / official,1,none,yes,1,married/widowed
... >= 200 DM / salary assignments for at least 1 year,39,existing credits paid back duly till now,car (used),10089,... >= 1000 DM,unemployed,2,female,co-applicant,4,"car or other, not in savings account",34,stores,rent,1,unskilled - resident,1,none,yes,1,single
... < 0 DM,4,critical account / other credits existing (not at this bank),radio/television,2783,unknown / no savings account,1 <= ... < 4 years,2,female,none,2,real estate,19,bank,own,1,management / self-employed / highly qualified employee / officer,1,none,yes,1,married/widowed
... < 0 DM,19,existing credits paid back duly till now,car (new),3284,... < 100 DM,1 <= ... < 4 years,4,male,guarantor,1,real estate,26,none,own,2,skilled employee / official,2,none,yes,1,single
no checking account,28,all credits at this bank paid back duly,car (new),2680,500 <= ... < 1000 DM,... < 1 year,3,male,none,1,building society savings agreement / life insurance,19,none,own,2,management / self-employed / highly qualified employee / officer,1,"yes, registered under customer's name",yes,1,single
no checking account,52,existing credits paid back duly till now,furniture/equipment,4042,... < 100 DM,... < 1 year,1,male,none,4,real estate,34,bank,own,1,skilled employee / official,1,"yes, registered under customer's name",yes,1,single
... >= 200 DM / salary assignments for at least 1 year,27,critical account / other credits existing (not at this bank),car (used),2735,unknown / no savings account,... >= 7 years,4,male,none,4,"car or other, not in savings account",36,bank,own,1,skilled employee / official,1,none,yes,1,single
no checking account,6,existing credits paid back duly till now,car (new),1440,100 <= ... < 500 DM,... >= 7 years,1,male,none,4,building society savings agreement / life insurance,25,none,own,3,skilled employee / official,1,"yes, registered under customer's name",yes,1,single
no checking account,23,critical account / other credits existing (not at this bank),car (used),4416,... < 100 DM,1 <= ... < 4 years,4,male,none,2,building society savings agreement / life insurance,32,none,own,4,unskilled - resident,2,none,yes,1,single
0 <= ... < 200 DM,23,existing credits paid back duly till now,car (new),2169,... < 100 DM,... < 1 year,1,female,co-applicant,4,"car or other, not in savings account",19,none,rent,1,skilled employee / official,1,none,yes,1,divorced/separated
... < 0 DM,33,existing credits paid back duly till now,radio/television,250,500 <= ... < 1000 DM,... < 1 year,4,male,none,2,"car or other, not in savings account",38,none,own,1,skilled employee / official,2,"yes, registered under customer's name",yes,1,married/widowed
no checking account,19,no credits taken / all credits paid back duly,radio/television,3524,... < 100 DM,1 <= ... < 4 years,4,male,none,4,unknown / no property,35,bank,own,2,skilled employee / official,1,none,yes,1,single
no checking account,14,existing credits paid back duly till now,education,250,100 <= ... < 500 DM,1 <= ... < 4 years,1,male,none,4,building society savings agreement / life insurance,75,none,for free,1,unemployed / unskilled - non-resident,1,"yes, registered under customer's name",yes,1,divorced/separated
0 <= ... < 200 DM,21,existing credits paid back duly till now,car (new),2599,unknown / no savings account,1 <= ... < 4 years,2,male,none,1,real estate,75,none,own,1,unskilled - resident,1,none,yes,1,single
... < 0 DM,55,no credits taken / all credits paid back duly,radio/television,1968,... < 100 DM,4 <= ... < 7 years,2,male,none,4,real estate,24,none,own,1,skilled employee / official,2,none,yes,1,divorced/separated
no checking account,25,existing credits paid back duly till now,car (new),1425,500 <= ... < 1000 DM,1 <= ... < 4 years,2,male,none,3,real estate,27,none,own,2,unskilled - resident,2,none,yes,1,single
0 <= ... < 200 DM,25,existing credits paid back duly till now,business,250,... < 100 DM,... >= 7 years,4,male,none,4,"car or other, not in savings account",28,stores,own,1,skilled employee / official,1,"yes, registered under customer's name",yes,1,married/widowed
0 <= ... < 200 DM,47,delay in paying off in the past,car (new),1984,100 <= ... < 500 DM,1 <= ... < 4 years,1,male,none,4,unknown / no property,59,none,for free,1,skilled employee / official,1,"yes, registered under customer's name",yes,2,single
0 <= ... < 200 DM,24,existing credits paid back duly till now,car (used),2753,... < 100 DM,... >= 7 years,2,female,none,4,"car or other, not in savings account",19,none,rent,1,skilled employee / official,1,none,yes,2,divorced/separated
... < 0 DM,23,no credits taken / all credits paid back duly,radio/television,923,... < 100 DM,4 <= ... < 7 years,4,male,none,2,real estate,22,stores,own,2,unskilled - resident,1,"yes, registered under customer's name",yes,1,single
0 <= ... < 200 DM,54,delay in paying off in the past,car (new),250,... < 100 DM,unemployed,3,female,none,4,unknown / no property,19,bank,for free,1,skilled employee / official,1,"yes, registered under customer's name",yes,2,divorced/separated
... < 0 DM,19,critical account / other credits existing (not at this bank),radio/television,2481,500 <= ... < 1000 DM,unemployed,4,male,none,2,unknown / no property,51,bank,own,2,skilled employee / official,2,none,yes,1,single
0 <= ... < 200 DM,22,existing credits paid back duly till now,radio/television,3519,... < 100 DM,... < 1 year,2,female,none,4,"car or other, not in savings account",19,none,rent,1,skilled employee / official,1,none,yes,1,married/widowed
no checking account,28,critical account / other credits existing (not at this bank),car (new),2705,... < 100 DM,... >= 7 years,4,male,none,2,real estate,28,none,own,2,skilled employee / official,1,none,yes,1,single
no checking account,22,existing credits paid back duly till now,business,2090,500 <= ... < 1000 DM,4 <= ... < 7 years,2,female,none,4,"car or other, not in savings account",35,none,rent,1,skilled employee / official,1,"yes, registered under customer's name",yes,2,divorced/separated
no checking account,14,no credits taken / all credits paid back duly,car (new),3238,... < 100 DM,... < 1 year,4,male,none,4,real estate,32,none,own,1,skilled employee / official,1,"yes, registered under customer's name",yes,1,single
... < 0 DM,47,critical account / other credits existing (not at this bank),car (used),250,... < 100 DM,... >= 7 years,4,female,none,4,building society savings agreement / life insurance,64,bank,for free,1,skilled employee / official,1,none,yes,2,single
no checking account,26,critical account / other credits existing (not at this bank),business,10329,... < 100 DM,... >= 7 years,2,male,none,4,"car or other, not in savings account",19,none,own,2,skilled employee / official,1,"yes, registered under customer's name",yes,2,single
no checking account,25,existing credits paid back duly till now,education,250,unknown / no savings account,1 <= ... < 4 years,4,female,guarantor,4,real estate,19,bank,rent,1,unemployed / unskilled - non-resident,1,none,yes,2,divorced/separated
... >= 200 DM / salary assignments for at least 1 year,28,existing credits paid back duly till now,furniture/equipment,2607,... < 100 DM,4 <= ... < 7 years,2,female,none,4,"car or other, not in savings account",28,none,rent,3,management / self-employed / highly qualified employee / officer,1,"yes, registered under customer's name",yes,2,divorced/separated
0 <= ... < 200 DM,22,no credits taken / all credits paid back duly,furniture/equipment,2826,... < 100 DM,1 <= ... < 4 years,4,female,none,2,real estate,25,none,own,2,skilled employee / official,1,none,yes,1,divorced/separated
no checking account,26,critical account / other credits existing (not at this bank),car (used),250,unknown / no savings account,1 <= ... < 4 years,1,male,none,4,real estate,39,none,own,2,skilled employee / official,2,none,yes,1,single
0 <= ... < 200 DM,21,existing credits paid back duly till now,radio/television,606,100 <= ... < 500 DM,1 <= ... < 4 years,2,female,none,4,real estate,25,none,rent,1,unemployed / unskilled - non-resident,1,none,yes,2,divorced/separated
no checking account,21,existing credits paid back duly till now,car (new),1692,... < 100 DM,1 <= ... < 4 years,4,male,none,2,real estate,36,none,own,1,skilled employee / official,1,none,yes,1,single
no checking account,25,all credits at this bank paid back duly,furniture/equipment,3350,unknown / no savings account,4 <= ... < 7 years,4,male,none,3,"car or other, not in savings account",31,none,own,1,unskilled - resident,1,none,yes,1,single
0 <= ... < 200 DM,22,all credits at this bank paid back duly,radio/television,2922,unknown / no savings account,... >= 7 years,3,male,none,4,unknown / no property,75,none,own,1,management / self-employed / highly qualified employee / officer,1,"yes, registered under customer's name",yes,1,single
no checking account,26,delay in paying off in the past,education,3711,500 <= ... < 1000 DM,... >= 7 years,2,male,none,4,building society savings agreement / life insurance,75,none,for free,1,skilled employee / official,1,"yes, registered under customer's name",yes,1,single
no checking account,28,existing credits paid back duly till now,radio/television,3480,unknown / no savings account,... < 1 year,1,female,none,1,real estate,26,none,own,1,skilled employee / official,1,none,yes,1,married/widowed
no checking account,29,critical account / other credits existing (not at this bank),car (new),2768,... < 100 DM,1 <= ... < 4 years,1,female,none,2,"car or other, not in savings account",27,none,own,1,skilled employee / official,1,none,yes,1,divorced/separated
... < 0 DM,25,existing credits paid back duly till now,furniture/equipment,250,... < 100 DM,... < 1 year,2,female,none,4,building society savings agreement / life insurance,33,bank,rent,1,skilled employee / official,1,none,yes,2,divorced/separated
no checking account,28,existing credits paid back duly till now,business,1323,500 <= ... < 1000 DM,... >= 7 years,4,male,none,4,unknown / no property,26,none,own,1,skilled employee / official,1,"yes, registered under customer's name",yes,2,single
... < 0 DM,61,delay in paying off in the past,car (new),250,... >= 1000 DM,... < 1 year,2,male,none,4,unknown / no property,19,none,for free,2,skilled employee / official,1,none,yes,1,single
no checking account,58,critical account / other credits existing (not at this bank),radio/television,1502,... < 100 DM,... >= 7 years,4,male,none,4,building society savings agreement / life insurance,33,none,for free,1,management / self-employed / highly qualified employee / officer,1,none,yes,2,single
no checking account,4,critical account / other credits existing (not at this bank),furniture/equipment,1269,100 <= ... < 500 DM,1 <= ... < 4 years,4,male,none,2,building society savings agreement / life insurance,24,none,own,2,skilled employee / official,1,none,no,1,divorced/separated
no checking account,11,critical account / other credits existing (not at this bank),business,3199,unknown / no savings account,... >= 7 years,4,male,none,4,building society savings agreement / life insurance,57,none,own,1,skilled employee / official,1,"yes, registered under customer's name",yes,2,single
no checking account,42,critical account / other credits existing (not at this bank),repairs,11424,... < 100 DM,... >= 7 years,4,male,none,4,unknown / no property,41,bank,own,2,management / self-employed / highly qualified employee / officer,2,"yes, registered under customer's name",yes,1,single
no checking account,50,existing credits paid back duly till now,furniture/equipment,670,500 <= ... < 1000 DM,unemployed,4,female,none,2,"car or other, not in savings account",40,none,own,2,management / self-employed / highly qualified employee / officer,1,"yes, registered under customer's name",yes,1,single
no checking account,10,critical account / other credits existing (not at this bank),repairs,250,500 <= ... < 1000 DM,... >= 7 years,4,male,none,2,real estate,38,none,own,2,skilled employee / official,1,none,yes,1,single
... >= 200 DM / salary assignments for at least 1 year,8,existing credits paid back duly till now,radio/television,1381,... < 100 DM,1 <= ... < 4 years,2,male,none,4,"car or other, not in savings account",22,none,own,1,skilled employee / official,1,none,yes,1,single
... >= 200 DM / salary assignments for at least 1 year,35,existing credits paid back duly till now,radio/television,2190,... < 100 DM,1 <= ... < 4 years,1,male,guarantor,2,"car or other, not in savings account",19,none,rent,3,skilled employee / official,1,none,yes,2,single
no checking account,6,critical account / other credits existing (not at this bank),radio/television,2466,... < 100 DM,1 <= ... < 4 years,4,male,none,3,building society savings agreement / life insurance,54,none,own,2,skilled employee / official,1,none,yes,1,single
... < 0 DM,6,critical account / other credits existing (not at this bank),radio/television,1093,... < 100 DM,1 <= ... < 4 years,4,male,none,1,real estate,60,none,own,4,skilled employee / official,1,none,yes,1,single
no checking account,21,existing credits paid back duly till now,radio/television,2662,... < 100 DM,1 <= ... < 4 years,4,male,none,2,real estate,21,none,own,2,unskilled - resident,1,none,yes,1,single
... < 0 DM,22,existing credits paid back duly till now,furniture/equipment,5679,... < 100 DM,... < 1 year,2,male,none,4,"car or other, not in savings account",22,none,own,1,unemployed / unskilled - non-resident,1,none,yes,1,divorced/separated
no checking account,4,existing credits paid back duly till now,radio/television,2238,... < 100 DM,... < 1 year,4,male,none,3,real estate,21,none,own,2,skilled employee / official,1,none,yes,1,married/widowed
0 <= ... < 200 DM,22,existing credits paid back duly till now,furniture/equipment,250,... < 100 DM,... < 1 year,1,female,co-applicant,2,"car or other, not in savings account",19,none,own,2,skilled employee / official,1,none,yes,1,married/widowed
... < 0 DM,19,critical account / other credits existing (not at this bank),car (new),5094,unknown / no savings account,... >= 7 years,4,male,none,4,unknown / no property,72,bank,own,1,unskilled - resident,1,none,yes,1,single
0 <= ... < 200 DM,9,existing credits paid back duly till now,furniture/equipment,250,100 <= ... < 500 DM,unemployed,4,male,none,4,"car or other, not in savings account",60,none,rent,1,management / self-employed / highly qualified employee / officer,1,"yes, registered under customer's name",yes,1,single
no checking account,7,critical account / other credits existing (not at this bank),radio/television,3963,unknown / no savings account,... >= 7 years,2,male,none,4,"car or other, not in savings account",19,none,own,1,skilled employee / official,2,"yes, registered under customer's name",yes,1,single
0 <= ... < 200 DM,26,delay in paying off in the past,business,337,... >= 1000 DM,... < 1 year,4,male,none,2,real estate,35,none,own,2,unskilled - resident,2,none,yes,1,single
no checking account,12,all credits at this bank paid back duly,radio/television,3988,... < 100 DM,... >= 7 years,3,male,none,4,"car or other, not in savings account",44,bank,own,3,skilled employee / official,1,"yes, registered under customer's name",yes,2,single
... < 0 DM,23,all credits at this bank paid back duly,radio/television,250,100 <= ... < 500 DM,4 <= ... < 7 years,2,female,none,1,building society savings agreement / life insurance,19,none,own,1,skilled employee / official,1,"yes, registered under customer's name",yes,2,divorced/separated
0 <= ... < 200 DM,11,existing credits paid back duly till now,car (used),2310,... < 100 DM,1 <= ... < 4 years,4,female,co-applicant,1,"car or other, not in savings account",37,bank,own,2,skilled employee / official,1,none,yes,1,divorced/separated
... < 0 DM,54,existing credits paid back duly till now,furniture/equipment,2676,100 <= ... < 500 DM,... < 1 year,4,female,none,4,unknown / no property,32,none,rent,1,skilled employee / official,1,"yes, registered under customer's name",yes,1,divorced/separated
... >= 200 DM / salary assignments for at least 1 year,27,delay in paying off in the past,car (new),8709,500 <= ... < 1000 DM,... < 1 year,2,female,none,2,"car or other, not in savings account",23,bank,rent,1,unskilled - resident,1,none,yes,1,divorced/separated
... >= 200 DM / salary assignments for at least 1 year,26,existing credits paid back duly till now,car (used),15945,unknown / no savings account,... >= 7 years,2,male,none,4,unknown / no property,25,none,own,1,management / self-employed / highly qualified employee / officer,1,"yes, registered under customer's name",yes,1,single
0 <= ... < 200 DM,25,existing credits paid back duly till now,furniture/equipment,250,... < 100 DM,... < 1 year,4,female,none,1,"car or other, not in savings account",34,none,for free,1,skilled employee / official,1,none,yes,2,divorced/separated
... < 0 DM,13,existing credits paid back duly till now,furniture/equipment,3446,... < 100 DM,... < 1 year,2,female,none,1,"car or other, not in savings account",19,none,rent,1,skilled employee / official,1,none,yes,1,divorced/separated
... < 0 DM,27,existing credits paid back duly till now,education,8338,... < 100 DM,... >= 7 years,2,male,none,4,unknown / no property,34,none,for free,1,management / self-employed / highly qualified employee / officer,1,"yes, registered under customer's name",yes,2,divorced/separated
0 <= ... < 200 DM,53,critical account / other credits existing (not at this bank),radio/television,3495,500 <= ... < 1000 DM,4 <= ... < 7 years,4,male,none,4,"car or other, not in savings account",74,none,for free,2,skilled employee / official,1,none,yes,2,single
no checking account,15,critical account / other credits existing (not at this bank),radio/television,3370,... < 100 DM,1 <= ... < 4 years,4,male,none,2,real estate,19,none,own,2,skilled employee / official,2,none,no,1,divorced/separated
... < 0 DM,24,critical account / other credits existing (not at this bank),car (new),250,... < 100 DM,... < 1 year,1,female,none,4,real estate,28,none,own,2,unskilled - resident,1,none,yes,1,divorced/separated
0 <= ... < 200 DM,24,existing credits paid back duly till now,business,2236,... < 100 DM,... >= 7 years,2,male,none,4,"car or other, not in savings account",60,none,for free,3,management / self-employed / highly qualified employee / officer,1,"yes, registered under customer's name",yes,1,single
... < 0 DM,28,delay in paying off in the past,others,8071,... >= 1000 DM,unemployed,4,female,guarantor,4,unknown / no property,22,bank,for free,1,management / self-employed / highly qualified employee / officer,1,"yes, registered under customer's name",yes,1,divorced/separated
... < 0 DM,4,critical account / other credits existing (not at this bank),radio/television,2896,... < 100 DM,1 <= ... < 4 years,4,male,none,3,real estate,26,none,own,2,unskilled - resident,1,none,yes,1,married/widowed
0 <= ... < 200 DM,28,all credits at this bank paid back duly,car (used),3103,... >= 1000 DM,... < 1 year,2,male,none,4,unknown / no property,24,none,rent,1,skilled employee / official,1,"yes, registered under customer's name",yes,1,single
0 <= ... < 200 DM,4,existing credits paid back duly till now,car (new),4887,... < 100 DM,1 <= ... < 4 years,2,male,none,4,unknown / no property,75,none,own,1,management / self-employed / highly qualified employee / officer,1,"yes, registered under customer's name",yes,1,single
... < 0 DM,23,critical account / other credits existing (not at this bank),car (used),1924,500 <= ... < 1000 DM,unemployed,3,male,none,4,unknown / no property,65,stores,for free,2,unskilled - resident,1,none,yes,1,single
... < 0 DM,4,existing credits paid back duly till now,car (used),2286,unknown / no savings account,1 <= ... < 4 years,4,female,none,4,real estate,28,none,own,1,skilled employee / official,1,none,yes,1,single
... < 0 DM,16,critical account / other credits existing (not at this bank),business,4365,... < 100 DM,... >= 7 years,4,female,co-applicant,4,real estate,61,none,own,2,management / self-employed / highly qualified employee / officer,1,none,yes,1,single
no checking account,30,critical account / other credits existing (not at this bank),business,3022,unknown / no savings account,... >= 7 years,4,male,none,3,unknown / no property,54,none,own,2,management / self-employed / highly qualified employee / officer,1,none,yes,1,single
no checking account,10,existing credits paid back duly till now,radio/television,842,... < 100 DM,... < 1 year,2,male,none,2,"car or other, not in savings account",58,none,own,1,unskilled - resident,1,"yes, registered under customer's name",yes,1,single
no checking account,18,existing credits paid back duly till now,others,250,100 <= ... < 500 DM,... < 1 year,1,male,none,4,"car or other, not in savings account",22,none,own,2,skilled employee / official,1,none,yes,1,divorced/separated
0 <= ... < 200 DM,72,existing credits paid back duly till now,furniture/equipment,5472,unknown / no savings account,... < 1 year,4,female,co-applicant,1,"car or other, not in savings account",32,none,rent,1,skilled employee / official,1,"yes, registered under customer's name",yes,2,divorced/separated
... >= 200 DM / salary assignments for at least 1 year,21,critical account / other credits existing (not at this bank),radio/television,1751,500 <= ... < 1000 DM,... < 1 year,1,female,none,3,real estate,19,none,own,1,unskilled - resident,1,none,yes,1,divorced/separated
... < 0 DM,20,existing credits paid back duly till now,business,330,100 <= ... < 500 DM,... < 1 year,4,female,co-applicant,4,unknown / no property,24,none,rent,1,skilled employee / official,1,"yes, registered under customer's name",yes,1,divorced/separated
0 <= ... < 200 DM,18,all credits at this bank paid back duly,car (new),3174,unknown / no savings account,... < 1 year,2,male,none,2,real estate,19,none,own,1,skilled employee / official,1,none,yes,1,divorced/separated
no checking account,28,critical account / other credits existing (not at this bank),radio/television,3533,... < 100 DM,4 <= ... < 7 years,4,male,none,1,"car or other, not in savings account",24,none,own,2,skilled employee / official,1,none,yes,1,single
no checking account,4,critical account / other credits existing (not at this bank),business,5150,... >= 1000 DM,1 <= ... < 4 years,4,male,none,3,real estate,19,none,for free,2,unskilled - resident,1,none,yes,1,married/widowed
0 <= ... < 200 DM,21,existing credits paid back duly till now,business,9696,... < 100 DM,... >= 7 years,4,male,none,4,"car or other, not in savings account",19,none,own,1,management / self-employed / highly qualified employee / officer,1,"yes, registered under customer's name",yes,1,single
no checking account,25,critical account / other credits existing (not at this bank),furniture/equipment,715,... < 100 DM,1 <= ... < 4 years,4,male,none,4,building society savings agreement / life insurance,25,none,own,1,skilled employee / official,1,none,yes,1,married/widowed
no checking account,7,critical account / other credits existing (not at this bank),radio/television,3535,... < 100 DM,... >= 7 years,2,male,none,3,real estate,33,none,own,1,skilled employee / official,2,none,yes,1,single
no checking account,4,existing credits paid back duly till now,furniture/equipment,1198,100 <= ... < 500 DM,1 <= ... < 4 years,1,female,none,1,"car or other, not in savings account",35,none,rent,1,unemployed / unskilled - non-resident,1,none,yes,1,divorced/separated
no checking account,24,existing credits paid back duly till now,car (new),250,500 <= ... < 1000 DM,unemployed,2,female,none,2,real estate,20,none,own,2,unskilled - resident,1,none,no,1,divorced/separated
0 <= ... < 200 DM,43,existing credits paid back duly till now,car (new),3127,... < 100 DM,... >= 7 years,4,male,none,4,building society savings agreement / life insurance,22,bank,for free,4,skilled employee / official,1,"yes, registered under customer's name",yes,1,single
... < 0 DM,22,no credits taken / all credits paid back duly,radio/television,250,100 <= ... < 500 DM,... >= 7 years,1,male,none,1,"car or other, not in savings account",26,none,rent,1,skilled employee / official,1,"yes, registered under customer's name",yes,1,single
no checking account,23,existing credits paid back duly till now,furniture/equipment,1088,... < 100 DM,... < 1 year,4,female,none,1,"car or other, not in savings account",22,none,own,1,skilled employee / official,1,none,yes,1,divorced/separated
0 <= ... < 200 DM,27,existing credits paid back duly till now,car (used),1966,100 <= ... < 500 DM,1 <= ... < 4 years,4,male,none,4,"car or other, not in savings account",64,bank,own,2,skilled employee / official,1,"yes, registered under customer's name",yes,2,single
... < 0 DM,25,all credits at this bank paid back duly,furniture/equipment,3089,unknown / no savings account,4 <= ... < 7 years,4,female,co-applicant,2,building society savings agreement / life insurance,19,none,own,1,skilled employee / official,2,"yes, registered under customer's name",yes,1,divorced/separated
no checking account,38,critical account / other credits existing (not at this bank),furniture/equipment,1283,... < 100 DM,... < 1 year,3,female,guarantor,1,real estate,19,none,own,2,skilled employee / official,1,none,yes,1,divorced/separated
no checking account,28,existing credits paid back duly till now,furniture/equipment,3241,unknown / no savings account,1 <= ... < 4 years,2,male,none,1,unknown / no property,19,none,rent,1,skilled employee / official,1,"yes, registered under customer's name",yes,1,married/widowed
no checking account,70,existing credits paid back duly till now,radio/television,319,... < 100 DM,... < 1 year,4,male,none,2,unknown / no property,33,none,own,2,skilled employee / official,1,none,yes,2,divorced/separated
... < 0 DM,29,existing credits paid back duly till now,furniture/equipment,6676,... < 100 DM,... >= 7 years,2,male,none,4,unknown / no property,29,bank,for free,1,skilled employee / official,1,"yes, registered under customer's name",yes,2,single
... < 0 DM,27,existing credits paid back duly till now,business,10101,... < 100 DM,... >= 7 years,4,male,none,4,real estate,54,stores,rent,2,unskilled - resident,2,"yes, registered under customer's name",yes,1,single
no checking account,16,critical account / other credits existing (not at this bank),radio/television,3258,... < 100 DM,4 <= ... < 7 years,4,male,none,2,real estate,20,none,own,2,skilled employee / official,1,none,yes,1,single
no checking account,22,existing credits paid back duly till now,retraining,3494,unknown / no savings account,1 <= ... < 4 years,4,male,guarantor,2,real estate,48,bank,own,2,skilled employee / official,2,none,yes,1,single
0 <= ... < 200 DM,20,existing credits paid back duly till now,furniture/equipment,3638,... >= 1000 DM,4 <= ... < 7 years,2,male,none,4,"car or other, not in savings account",75,none,own,1,unskilled - resident,1,"yes, registered under customer's name",yes,1,married/widowed
0 <= ... < 200 DM,12,critical account / other credits existing (not at this bank),education,3100,... < 100 DM,... >= 7 years,4,male,co-applicant,4,"car or other, not in savings account",67,none,own,2,management / self-employed / highly qualified employee / officer,2,"yes, registered under customer's name",yes,1,single
no checking account,16,critical account / other credits existing (not at this bank),car (new),570,... < 100 DM,1 <= ... < 4 years,4,female,none,3,real estate,34,none,own,2,unskilled - resident,2,none,no,1,single
... >= 200 DM / salary assignments for at least 1 year,9,existing credits paid back duly till now,others,250,... < 100 DM,4 <= ... < 7 years,4,male,none,4,real estate,23,none,own,1,unskilled - resident,1,none,yes,1,married/widowed
0 <= ... < 200 DM,46,critical account / other credits existing (not at this bank),others,1416,100 <= ... < 500 DM,1 <= ... < 4 years,2,male,none,2,"car or other, not in savings account",21,none,rent,2,unskilled - resident,1,"yes, registered under customer's name",yes,1,single
0 <= ... < 200 DM,7,delay in paying off in the past,radio/television,1619,unknown / no savings account,4 <= ... < 7 years,4,male,guarantor,2,"car or other, not in savings account",30,none,own,2,skilled employee / official,1,"yes, registered under customer's name",no,1,divorced/separated
no checking account,25,delay in paying off in the past,radio/television,1066,100 <= ... < 500 DM,1 <= ... < 4 years,3,male,co-applicant,3,real estate,31,none,own,2,skilled employee / official,1,none,yes,1,single
... < 0 DM,17,existing credits paid back duly till now,car (new),1279,... < 100 DM,... < 1 year,2,male,none,2,building society savings agreement / life insurance,63,none,own,2,skilled employee / official,1,"yes, registered under customer's name",yes,1,single
no checking account,15,existing credits paid back duly till now,furniture/equipment,1746,100 <= ... < 500 DM,... < 1 year,1,female,none,1,building society savings agreement / life insurance,29,none,rent,1,skilled employee / official,1,none,yes,1,divorced/separated
no checking account,25,critical account / other credits existing (not at this bank),car (new),1084,unknown / no savings account,... >= 7 years,2,male,none,2,"car or other, not in savings account",39,none,own,2,skilled employee / official,1,none,yes,1,single
0 <= ... < 200 DM,11,critical account / other credits existing (not at this bank),radio/television,250,... < 100 DM,... >= 7 years,4,male,none,3,building society savings agreement / life insurance,27,none,own,2,skilled employee / official,1,"yes, registered under customer's name",yes,1,single
... < 0 DM,26,existing credits paid back duly till now,furniture/equipment,1272,unknown / no savings account,... < 1 year,3,female,none,4,real estate,34,none,rent,1,skilled employee / official,1,"yes, registered under customer's name",yes,1,divorced/separated
0 <= ... < 200 DM,41,existing credits paid back duly till now,radio/television,3512,unknown / no savings account,... >= 7 years,2,male,none,4,unknown / no property,34,none,own,1,management / self-employed / highly qualified employee / officer,1,"yes, registered under customer's name",yes,1,single
no checking account,20,delay in paying off in the past,radio/television,2806,... < 100 DM,... < 1 year,2,female,none,4,unknown / no property,58,none,own,2,skilled employee / official,1,none,yes,1,single
no checking account,22,critical account / other credits existing (not at this bank),education,726,100 <= ... < 500 DM,... < 1 year,1,female,none,2,real estate,19,none,own,2,unskilled - resident,1,none,no,1,married/widowed
0 <= ... < 200 DM,42,delay in paying off in the past,radio/television,3180,unknown / no savings account,... >= 7 years,2,female,guarantor,2,unknown / no property,66,none,own,1,skilled employee / official,1,"yes, registered under customer's name",yes,1,single
0 <= ... < 200 DM,53,existing credits paid back duly till now,radio/television,10175,unknown / no savings account,... < 1 year,3,male,none,4,unknown / no property,25,none,for free,1,management / self-employed / highly qualified employee / officer,1,"yes, registered under customer's name",yes,1,single
no checking account,20,critical account / other credits existing (not at this bank),radio/television,3238,... < 100 DM,... >= 7 years,4,male,none,3,"car or other, not in savings account",19,none,own,1,unskilled - resident,1,none,yes,1,single
0 <= ... < 200 DM,4,critical account / other credits existing (not at this bank),furniture/equipment,1892,... < 100 DM,unemployed,1,male,none,4,unknown / no property,24,none,for free,3,management / self-employed / highly qualified employee / officer,1,"yes, registered under customer's name",yes,1,single
no checking account,21,existing credits paid back duly till now,radio/television,15945,... < 100 DM,... >= 7 years,3,male,none,3,real estate,51,none,own,2,skilled employee / official,1,none,yes,1,single
no checking account,6,critical account / other credits existing (not at this bank),business,1696,unknown / no savings account,4 <= ... < 7 years,3,male,none,2,real estate,37,none,own,2,unskilled - resident,1,none,no,1,single
no checking account,4,critical account / other credits existing (not at this bank),radio/television,508,unknown / no savings account,1 <= ... < 4 years,3,male,none,2,real estate,19,none,own,2,unskilled - resident,1,none,no,1,married/widowed
... >= 200 DM / salary assignments for at least 1 year,4,critical account / other credits existing (not at this bank),business,3613,unknown / no savings account,... >= 7 years,4,male,none,4,"car or other, not in savings account",33,none,own,2,management / self-employed / highly qualified employee / officer,1,"yes, registered under customer's name",no,1,single
... < 0 DM,4,critical account / other credits existing (not at this bank),car (new),250,unknown / no savings account,... < 1 year,4,male,none,4,real estate,19,none,own,1,skilled employee / official,1,none,yes,1,single
no checking account,28,critical account / other credits existing (not at this bank),furniture/equipment,3371,... < 100 DM,... >= 7 years,1,male,none,1,"car or other, not in savings account",25,none,own,1,skilled employee / official,1,none,yes,1,single
0 <= ... < 200 DM,33,delay in paying off in the past,retraining,4272,100 <= ... < 500 DM,... >= 7 years,3,male,none,4,building society savings agreement / life insurance,56,bank,for free,1,management / self-employed / highly qualified employee / officer,1,"yes, registered under customer's name",yes,2,single
... < 0 DM,28,existing credits paid back duly till now,furniture/equipment,250,unknown / no savings account,... >= 7 years,2,female,none,4,"car or other, not in savings account",23,none,rent,1,unskilled - resident,1,"yes, registered under customer's name",yes,2,divorced/separated
no checking account,22,critical account / other credits existing (not at this bank),radio/television,2071,... < 100 DM,1 <= ... < 4 years,2,male,none,2,real estate,30,none,own,2,skilled employee / official,1,none,yes,1,married/widowed
no checking account,26,delay in paying off in the past,domestic appliances,2577,unknown / no savings account,4 <= ... < 7 years,4,female,guarantor,4,real estate,28,none,rent,2,skilled employee / official,1,none,yes,1,divorced/separated
0 <= ... < 200 DM,4,delay in paying off in the past,car (new),9682,... < 100 DM,4 <= ... < 7 years,4,male,none,4,"car or other, not in savings account",30,none,for free,2,skilled employee / official,1,"yes, registered under customer's name",yes,2,single
no checking account,13,no credits taken / all credits paid back duly,car (new),1573,unknown / no savings account,1 <= ... < 4 years,1,male,guarantor,3,real estate,19,none,own,2,skilled employee / official,1,none,yes,1,married/widowed
... >= 200 DM / salary assignments for at least 1 year,14,critical account / other credits existing (not at this bank),car (new),250,... < 100 DM,... >= 7 years,2,female,guarantor,4,"car or other, not in savings account",50,none,own,1,unskilled - resident,2,"yes, registered under customer's name",yes,1,single
no checking account,4,critical account / other credits existing (not at this bank),radio/television,1793,unknown / no savings account,... < 1 year,3,male,none,2,"car or other, not in savings account",41,none,own,1,management / self-employed / highly qualified employee / officer,1,none,yes,1,single
0 <= ... < 200 DM,49,all credits at this bank paid back duly,car (used),15945,... < 100 DM,... < 1 year,1,female,none,4,"car or other, not in savings account",30,bank,own,1,skilled employee / official,1,"yes, registered under customer's name",yes,2,divorced/separated
... < 0 DM,30,existing credits paid back duly till now,furniture/equipment,676,500 <= ... < 1000 DM,... < 1 year,4,male,none,4,building society savings agreement / life insurance,54,bank,own,2,skilled employee / official,1,"yes, registered under customer's name",no,2,single
no checking account,4,critical account / other credits existing (not at this bank),car (used),3366,... < 100 DM,unemployed,2,male,co-applicant,2,real estate,22,none,own,2,skilled employee / official,1,none,yes,1,married/widowed
0 <= ... < 200 DM,19,existing credits paid back duly till now,furniture/equipment,2909,500 <= ... < 1000 DM,1 <= ... < 4 years,1,female,none,1,"car or other, not in savings account",30,none,own,2,unskilled - resident,1,none,yes,1,divorced/separated
no checking account,20,existing credits paid back duly till now,car (new),680,... >= 1000 DM,... >= 7 years,4,male,none,4,real estate,47,none,own,2,unskilled - resident,1,none,yes,1,single
... < 0 DM,28,critical account / other credits existing (not at this bank),radio/television,691,... < 100 DM,... >= 7 years,4,male,none,4,real estate,22,none,own,2,unskilled - resident,1,none,yes,1,divorced/separated
... < 0 DM,28,existing credits paid back duly till now,business,1886,unknown / no savings account,1 <= ... < 4 years,4,female,none,4,unknown / no property,37,none,for free,1,management / self-employed / highly qualified employee / officer,1,"yes, registered under customer's name",yes,2,divorced/separated
no checking account,14,existing credits paid back duly till now,radio/television,3626,... < 100 DM,... < 1 year,4,male,none,4,"car or other, not in savings account",75,none,own,1,skilled employee / official,1,none,yes,1,single
no checking account,13,critical account / other credits existing (not at this bank),domestic appliances,1710,100 <= ... < 500 DM,... < 1 year,4,male,none,2,"car or other, not in savings account",42,none,own,3,skilled employee / official,1,none,yes,1,single
no checking account,24,existing credits paid back duly till now,business,3182,... < 100 DM,1 <= ... < 4 years,2,male,none,2,"car or other, not in savings account",29,bank,own,1,skilled employee / official,1,none,yes,1,single
no checking account,25,delay in paying off in the past,furniture/equipment,1216,500 <= ... < 1000 DM,... < 1 year,1,female,none,2,"car or other, not in savings account",27,none,own,1,skilled employee / official,1,none,no,1,divorced/separated
... < 0 DM,27,existing credits paid back duly till now,furniture/equipment,250,... < 100 DM,... < 1 year,1,male,none,4,"car or other, not in savings account",38,stores,own,1,skilled employee / official,1,"yes, registered under customer's name",yes,1,divorced/separated
no checking account,72,delay in paying off in the past,car (new),4325,... < 100 DM,unemployed,4,male,none,3,"car or other, not in savings account",27,none,own,1,skilled employee / official,1,"yes, registered under customer's name",yes,1,divorced/separated
... < 0 DM,20,existing credits paid back duly till now,business,1339,... < 100 DM,... >= 7 years,4,male,none,4,unknown / no property,63,none,for free,1,management / self-employed / highly qualified employee / officer,1,"yes, registered under customer's name",yes,1,single
... < 0 DM,4,all credits at this bank paid back duly,domestic appliances,8212,... < 100 DM,... >= 7 years,4,male,none,4,unknown / no property,42,stores,own,2,unskilled - resident,1,none,yes,2,single
... < 0 DM,34,critical account / other credits existing (not at this bank),car (used),7916,... < 100 DM,1 <= ... < 4 years,4,male,none,2,"car or other, not in savings account",30,none,own,2,skilled employee / official,1,"yes, registered under customer's name",yes,1,single
... < 0 DM,15,existing credits paid back duly till now,furniture/equipment,2677,... < 100 DM,... >= 7 years,4,male,none,4,"car or other, not in savings account",65,none,own,2,skilled employee / official,1,none,yes,1,divorced/separated
... < 0 DM,4,critical account / other credits existing (not at this bank),business,3577,... < 100 DM,1 <= ... < 4 years,4,male,none,3,real estate,25,none,own,2,unskilled - resident,2,none,no,1,single
no checking account,52,delay in paying off in the past,car (used),2066,... < 100 DM,... >= 7 years,2,male,none,4,unknown / no property,65,bank,for free,1,management / self-employed / highly qualified employee / officer,1,"yes, registered under customer's name",yes,2,single
0 <= ... < 200 DM,68,existing credits paid back duly till now,car (used),7203,... < 100 DM,unemployed,2,male,none,4,unknown / no property,44,none,for free,1,management / self-employed / highly qualified employee / officer,1,"yes, registered under customer's name",yes,2,single
no checking account,26,delay in paying off in the past,car (new),1573,... < 100 DM,1 <= ... < 4 years,2,male,none,4,building society savings agreement / life insurance,59,none,own,2,skilled employee / official,1,none,yes,1,single
... < 0 DM,18,delay in paying off in the past,car (new),951,... < 100 DM,1 <= ... < 4 years,1,female,guarantor,4,"car or other, not in savings account",27,bank,own,1,management / self-employed / highly qualified employee / officer,1,none,yes,1,single
no checking account,8,critical account / other credits existing (not at this bank),furniture/equipment,1880,unknown / no savings account,1 <= ... < 4 years,1,female,co-applicant,3,real estate,35,none,own,2,unskilled - resident,1,none,yes,1,divorced/separated
no checking account,47,existing credits paid back duly till now,car (new),10091,unknown / no savings account,... >= 7 years,4,male,none,3,real estate,64,none,for free,2,skilled employee / official,1,none,yes,1,single
0 <= ... < 200 DM,27,existing credits paid back duly till now,car (used),2918,... < 100 DM,... < 1 year,1,female,none,4,"car or other, not in savings account",23,bank,rent,1,skilled employee / official,1,"yes, registered under customer's name",yes,2,divorced/separated
... < 0 DM,10,no credits taken / all credits paid back duly,furniture/equipment,1009,... < 100 DM,1 <= ... < 4 years,1,female,co-applicant,2,"car or other, not in savings account",23,none,own,2,skilled employee / official,1,none,yes,2,divorced/separated
no checking account,26,existing credits paid back duly till now,car (new),5137,unknown / no savings account,... >= 7 years,2,male,none,4,unknown / no property,25,none,for free,1,skilled employee / official,1,"yes, registered under customer's name",yes,1,divorced/separated
... < 0 DM,4,no credits taken / all credits paid back duly,car (used),3328,unknown / no savings account,unemployed,2,male,none,4,unknown / no property,42,none,for free,1,management / self-employed / highly qualified employee / officer,1,"yes, registered under customer's name",yes,1,single
0 <= ... < 200 DM,17,critical account / other credits existing (not at this bank),business,6552,100 <= ... < 500 DM,... < 1 year,1,female,none,1,building society savings agreement / life insurance,28,none,rent,1,unskilled - resident,1,none,yes,1,divorced/separated
no checking account,12,critical account / other credits existing (not at this bank),radio/television,3095,... < 100 DM,... >= 7 years,4,male,none,4,"car or other, not in savings account",21,none,own,1,unskilled - resident,1,none,yes,1,single
0 <= ... < 200 DM,14,delay in paying off in the past,others,1474,... < 100 DM,... >= 7 years,4,male,none,3,real estate,30,stores,own,2,unskilled - resident,1,none,yes,2,single
... < 0 DM,47,existing credits paid back duly till now,radio/television,6573,100 <= ... < 500 DM,... < 1 year,4,female,none,2,"car or other, not in savings account",28,none,rent,1,unskilled - resident,1,none,yes,2,divorced/separated
no checking account,28,existing credits paid back duly till now,radio/television,959,unknown / no savings account,1 <= ... < 4 years,4,male,none,2,"car or other, not in savings account",75,none,own,2,skilled employee / official,1,none,yes,1,single
0 <= ... < 200 DM,28,critical account / other credits existing (not at this bank),retraining,15945,... < 100 DM,... >= 7 years,2,male,none,4,real estate,41,none,own,1,skilled employee / official,1,none,yes,1,divorced/separated
... < 0 DM,20,existing credits paid back duly till now,furniture/equipment,250,... < 100 DM,... < 1 year,1,female,none,4,real estate,35,bank,rent,1,skilled employee / official,1,"yes, registered under customer's name",yes,2,divorced/separated
0 <= ... < 200 DM,54,existing credits paid back duly till now,furniture/equipment,4594,100 <= ... < 500 DM,... < 1 year,4,female,co-applicant,4,"car or other, not in savings account",29,none,rent,1,skilled employee / official,1,"yes, registered under customer's name",yes,2,divorced/separated
... < 0 DM,4,critical account / other credits existing (not at this bank),car (new),2734,unknown / no savings account,4 <= ... < 7 years,4,male,none,2,real estate,19,none,own,2,unskilled - resident,2,none,yes,1,single
0 <= ... < 200 DM,26,all credits at this bank paid back duly,furniture/equipment,2382,... < 100 DM,... < 1 year,2,male,none,4,"car or other, not in savings account",19,none,rent,2,skilled employee / official,1,"yes, registered under customer's name",yes,1,single
... < 0 DM,20,existing credits paid back duly till now,business,604,500 <= ... < 1000 DM,1 <= ... < 4 years,4,female,none,4,building society savings agreement / life insurance,35,none,own,1,unemployed / unskilled - non-resident,1,none,yes,1,divorced/separated
0 <= ... < 200 DM,16,existing credits paid back duly till now,car (new),3858,500 <= ... < 1000 DM,... < 1 year,1,male,none,4,"car or other, not in savings account",43,none,rent,1,skilled employee / official,1,none,yes,1,divorced/separated
no checking account,4,existing credits paid back duly till now,business,1297,100 <= ... < 500 DM,... < 1 year,4,female,none,1,real estate,27,none,own,2,skilled employee / official,1,none,no,1,divorced/separated
0 <= ... < 200 DM,20,existing credits paid back duly till now,domestic appliances,758,500 <= ... < 1000 DM,... < 1 year,4,female,none,4,"car or other, not in savings account",25,none,own,1,skilled employee / official,1,"yes, registered under customer's name",yes,2,divorced/separated
no checking account,27,critical account / other credits existing (not at this bank),business,12355,unknown / no savings account,1 <= ... < 4 years,4,male,none,4,"car or other, not in savings account",46,none,for free,2,management / self-employed / highly qualified employee / officer,2,none,yes,1,single
... < 0 DM,36,existing credits paid back duly till now,retraining,9199,500 <= ... < 1000 DM,unemployed,3,male,none,4,unknown / no property,63,stores,for free,1,management / self-employed / highly qualified employee / officer,1,"yes, registered under customer's name",yes,2,divorced/separated
0 <= ... < 200 DM,20,delay in paying off in the past,radio/television,15945,... < 100 DM,unemployed,2,male,co-applicant,4,unknown / no property,21,none,rent,1,management / self-employed / highly qualified employee / officer,1,none,yes,2,divorced/separated
no checking account,49,existing credits paid back duly till now,business,1741,... < 100 DM,... >= 7 years,3,male,none,4,unknown / no property,52,none,for free,1,management / self-employed / highly qualified employee / officer,1,"yes, registered under customer's name",yes,2,single
... >= 200 DM / salary assignments for at least 1 year,70,no credits taken / all credits paid back duly,car (used),12889,... < 100 DM,... >= 7 years,2,male,none,4,unknown / no property,28,none,own,1,unskilled - resident,1,"yes, registered under customer's name",yes,1,single
... < 0 DM,24,existing credits paid back duly till now,education,250,500 <= ... < 1000 DM,... < 1 year,1,female,none,4,"car or other, not in savings account",37,bank,rent,1,skilled employee / official,1,none,yes,2,divorced/separated
... >= 200 DM / salary assignments for at least 1 year,28,delay in paying off in the past,car (new),7430,... < 100 DM,1 <= ... < 4 years,2,male,none,4,unknown / no property,28,none,own,1,unemployed / unskilled - non-resident,1,none,yes,1,single
0 <= ... < 200 DM,12,existing credits paid back duly till now,car (new),2530,... < 100 DM,1 <= ... < 4 years,2,female,none,2,"car or other, not in savings account",23,none,own,1,skilled employee / official,1,none,yes,1,married/widowed
... < 0 DM,41,existing credits paid back duly till now,radio/television,5958,... < 100 DM,1 <= ... < 4 years,2,male,none,2,unknown / no property,23,none,own,2,skilled employee / official,1,"yes, registered under customer's name",yes,1,single
no checking account,26,critical account / other credits existing (not at this bank),radio/television,250,100 <= ... < 500 DM,1 <= ... < 4 years,4,male,none,2,real estate,23,none,own,2,unskilled - resident,1,none,yes,1,married/widowed
... < 0 DM,4,existing credits paid back duly till now,car (new),2441,... < 100 DM,4 <= ... < 7 years,4,male,co-applicant,4,real estate,19,none,own,1,unskilled - resident,1,none,yes,1,single
no checking account,26,existing credits paid back duly till now,business,1247,500 <= ... < 1000 DM,... < 1 year,2,female,guarantor,4,"car or other, not in savings account",27,none,rent,1,skilled employee / official,1,none,yes,2,divorced/separated
no checking account,20,existing credits paid back duly till now,furniture/equipment,3493,... < 100 DM,1 <= ... < 4 years,4,male,none,4,building society savings agreement / life insurance,25,none,own,1,skilled employee / official,1,none,yes,1,single
... < 0 DM,20,delay in paying off in the past,car (used),15567,... < 100 DM,... >= 7 years,4,male,co-applicant,4,unknown / no property,58,none,for free,1,management / self-employed / highly qualified employee / officer,2,"yes, registered under customer's name",yes,1,single
... < 0 DM,68,existing credits paid back duly till now,furniture/equipment,15945,unknown / no savings account,unemployed,4,female,none,4,unknown / no property,45,bank,for free,1,skilled employee / official,1,none,yes,2,divorced/separated
... < 0 DM,23,delay in paying off in the past,car (used),536,unknown / no savings account,1 <= ... < 4 years,4,female,none,3,building society savings agreement / life insurance,28,none,own,3,unskilled - resident,1,"yes, registered under customer's name",yes,1,single
0 <= ... < 200 DM,27,delay in paying off in the past,furniture/equipment,3121,unknown / no savings account,... >= 7 years,4,male,none,4,"car or other, not in savings account",36,bank,own,1,management / self-employed / highly qualified employee / officer,1,"yes, registered under customer's name",yes,2,single
... < 0 DM,16,all credits at this bank paid back duly,furniture/equipment,2882,... < 100 DM,... >= 7 years,2,female,none,4,unknown / no property,40,none,own,3,skilled employee / official,1,"yes, registered under customer's name",yes,2,single
... < 0 DM,72,delay in paying off in the past,business,479,... < 100 DM,... >= 7 years,3,male,none,4,unknown / no property,60,none,for free,1,skilled employee / official,1,"yes, registered under customer's name",yes,1,single
0 <= ... < 200 DM,19,critical account / other credits existing (not at this bank),car (new),3388,unknown / no savings account,... >= 7 years,2,male,none,2,unknown / no property,75,none,own,2,unemployed / unskilled - non-resident,2,"yes, registered under customer's name",yes,1,married/widowed
0 <= ... < 200 DM,24,delay in paying off in the past,car (new),4532,... >= 1000 DM,... < 1 year,4,male,none,4,real estate,36,bank,own,2,unskilled - resident,2,none,yes,1,single
... < 0 DM,21,existing credits paid back duly till now,furniture/equipment,265,500 <= ... < 1000 DM,... < 1 year,1,female,none,4,"car or other, not in savings account",33,none,rent,1,unemployed / unskilled - non-resident,1,"yes, registered under customer's name",yes,1,divorced/separated
... < 0 DM,8,existing credits paid back duly till now,furniture/equipment,15945,... < 100 DM,... < 1 year,1,female,none,2,"car or other, not in savings account",19,none,own,2,skilled employee / official,1,none,yes,1,divorced/separated
... < 0 DM,27,existing credits paid back duly till now,furniture/equipment,250,... < 100 DM,... < 1 year,1,female,none,4,"car or other, not in savings account",19,none,rent,1,skilled employee / official,1,"yes, registered under customer's name",yes,2,divorced/separated
... < 0 DM,8,all credits at this bank paid back duly,furniture/equipment,278,500 <= ... < 1000 DM,1 <= ... < 4 years,1,female,none,4,"car or other, not in savings account",21,none,rent,1,skilled employee / official,1,none,yes,1,divorced/separated
0 <= ... < 200 DM,19,critical account / other credits existing (not at this bank),business,7939,... < 100 DM,... >= 7 years,2,male,none,4,unknown / no property,75,none,for free,2,unemployed / unskilled - non-resident,1,"yes, registered under customer's name",yes,2,single
0 <= ... < 200 DM,24,existing credits paid back duly till now,radio/television,1855,... < 100 DM,1 <= ... < 4 years,2,female,none,3,real estate,19,none,own,2,unskilled - resident,1,none,yes,1,single
... < 0 DM,39,existing credits paid back duly till now,car (new),1242,... >= 1000 DM,... < 1 year,2,female,none,2,"car or other, not in savings account",19,bank,own,1,skilled employee / official,1,none,yes,1,married/widowed
... < 0 DM,28,existing credits paid back duly till now,car (used),3027,unknown / no savings account,... < 1 year,2,female,none,4,"car or other, not in savings account",19,bank,rent,1,management / self-employed / highly qualified employee / officer,1,"yes, registered under customer's name",yes,1,divorced/separated
0 <= ... < 200 DM,6,no credits taken / all credits paid back duly,car (new),975,... >= 1000 DM,4 <= ... < 7 years,4,male,none,4,real estate,30,none,own,2,unskilled - resident,1,none,yes,1,divorced/separated
... >= 200 DM / salary assignments for at least 1 year,66,all credits at this bank paid back duly,furniture/equipment,1784,500 <= ... < 1000 DM,... < 1 year,1,male,none,1,"car or other, not in savings account",22,bank,rent,1,skilled employee / official,1,"yes, registered under customer's name",yes,1,divorced/separated
no checking account,20,existing credits paid back duly till now,car (new),682,... < 100 DM,... >= 7 years,2,male,none,4,unknown / no property,70,none,for free,1,management / self-employed / highly qualified employee / officer,1,"yes, registered under customer's name",yes,2,married/widowed
no checking account,16,critical account / other credits existing (not at this bank),radio/television,1349,... < 100 DM,... < 1 year,4,female,none,2,"car or other, not in savings account",19,none,own,2,unskilled - resident,1,none,yes,1,divorced/separated
no checking account,26,existing credits paid back duly till now,radio/television,1922,100 <= ... < 500 DM,... < 1 year,2,female,none,2,"car or other, not in savings account",30,none,own,1,skilled employee / official,1,"yes, registered under customer's name",yes,1,divorced/separated
... >= 200 DM / salary assignments for at least 1 year,8,existing credits paid back duly till now,car (new),3427,500 <= ... < 1000 DM,unemployed,2,male,none,4,real estate,25,none,rent,2,skilled employee / official,1,none,yes,1,divorced/separated
no checking account,4,critical account / other credits existing (not at this bank),car (new),2317,... < 100 DM,... >= 7 years,4,male,none,2,real estate,75,none,own,2,unskilled - resident,2,none,yes,1,single
no checking account,25,critical account / other credits existing (not at this bank),education,250,... < 100 DM,... >= 7 years,4,male,none,4,real estate,48,stores,own,2,unskilled - resident,1,none,yes,2,single
no checking account,4,no credits taken / all credits paid back duly,furniture/equipment,3362,... < 100 DM,1 <= ... < 4 years,4,female,none,2,real estate,19,none,own,2,skilled employee / official,1,none,yes,1,divorced/separated
no checking account,14,critical account / other credits existing (not at this bank),radio/television,1043,... < 100 DM,... >= 7 years,4,male,none,4,"car or other, not in savings account",25,none,own,1,skilled employee / official,1,none,yes,1,single
0 <= ... < 200 DM,26,existing credits paid back duly till now,furniture/equipment,358,100 <= ... < 500 DM,1 <= ... < 4 years,2,female,none,4,"car or other, not in savings account",25,none,rent,1,skilled employee / official,1,"yes, registered under customer's name",yes,2,divorced/separated
no checking account,24,critical account / other credits existing (not at this bank),car (used),7381,unknown / no savings account,... >= 7 years,4,male,none,4,"car or other, not in savings account",19,none,rent,1,skilled employee / official,1,"yes, registered under customer's name",yes,1,single
no checking account,28,critical account / other credits existing (not at this bank),radio/television,2330,... < 100 DM,1 <= ... < 4 years,4,male,none,3,real estate,27,none,own,2,unskilled - resident,1,none,yes,1,divorced/separated
... < 0 DM,23,existing credits paid back duly till now,radio/television,5822,500 <= ... < 1000 DM,... < 1 year,1,female,none,4,"car or other, not in savings account",19,none,rent,1,skilled employee / official,1,"yes, registered under customer's name",yes,2,divorced/separated
no checking account,4,critical account / other credits existing (not at this bank),radio/television,250,... >= 1000 DM,1 <= ... < 4 years,4,male,none,1,real estate,27,none,own,2,skilled employee / official,1,none,yes,1,married/widowed
no checking account,51,existing credits paid back duly till now,business,13633,100 <= ... < 500 DM,... >= 7 years,2,male,none,3,"car or other, not in savings account",19,none,for free,1,management / self-employed / highly qualified employee / officer,1,none,yes,1,single
no checking account,36,critical account / other credits existing (not at this bank),car (new),2834,... < 100 DM,4 <= ... < 7 years,4,male,none,4,real estate,27,none,own,1,unskilled - resident,2,none,yes,1,married/widowed
0 <= ... < 200 DM,32,existing credits paid back duly till now,furniture/equipment,5097,... < 100 DM,... < 1 year,4,female,co-applicant,4,"car or other, not in savings account",22,none,rent,1,unskilled - resident,1,"yes, registered under customer's name",yes,2,divorced/separated
... < 0 DM,21,existing credits paid back duly till now,furniture/equipment,1778,... < 100 DM,... < 1 year,4,female,none,2,real estate,21,none,rent,1,skilled employee / official,1,none,yes,1,divorced/separated
no checking account,16,no credits taken / all credits paid back duly,car (new),517,500 <= ... < 1000 DM,1 <= ... < 4 years,1,male,none,2,real estate,24,none,own,2,unskilled - resident,1,none,yes,1,single
0 <= ... < 200 DM,32,delay in paying off in the past,car (used),13607,... >= 1000 DM,... >= 7 years,4,male,guarantor,4,unknown / no property,67,none,own,1,management / self-employed / highly qualified employee / officer,1,"yes, registered under customer's name",yes,2,single
... < 0 DM,4,critical account / other credits existing (not at this bank),car (new),3724,unknown / no savings account,1 <= ... < 4 years,4,male,none,4,building society savings agreement / life insurance,75,none,own,2,skilled employee / official,2,none,no,1,single
no checking account,20,critical account / other credits existing (not at this bank),others,1128,... < 100 DM,... >= 7 years,2,male,none,4,real estate,75,none,own,1,management / self-employed / highly qualified employee / officer,1,none,yes,1,single
no checking account,36,existing credits paid back duly till now,radio/television,1436,... < 100 DM,... >= 7 years,2,male,none,3,real estate,64,none,own,1,management / self-employed / highly qualified employee / officer,1,none,yes,1,single
no checking account,16,delay in paying off in the past,car (new),250,unknown / no savings account,1 <= ... < 4 years,2,male,none,2,real estate,57,none,own,1,skilled employee / official,1,none,yes,1,single
no checking account,9,critical account / other credits existing (not at this bank),car (new),2340,... < 100 DM,1 <= ... < 4 years,4,male,none,2,real estate,34,none,own,1,skilled employee / official,1,none,yes,1,single
no checking account,16,all credits at this bank paid back duly,car (new),15945,... < 100 DM,4 <= ... < 7 years,2,male,none,4,"car or other, not in savings account",28,none,own,2,management / self-employed / highly qualified employee / officer,1,none,yes,1,single
0 <= ... < 200 DM,4,existing credits paid back duly till now,radio/television,4356,... < 100 DM,... < 1 year,1,female,none,4,unknown / no property,33,none,rent,1,skilled employee / official,1,"yes, registered under customer's name",yes,1,divorced/separated
0 <= ... < 200 DM,70,existing credits paid back duly till now,furniture/equipment,15945,500 <= ... < 1000 DM,... >= 7 years,2,male,none,4,unknown / no property,19,none,rent,1,unemployed / unskilled - non-resident,2,none,yes,1,divorced/separated
no checking account,25,existing credits paid back duly till now,radio/television,1006,unknown / no savings account,1 <= ... < 4 years,4,male,none,4,unknown / no property,39,none,for free,1,skilled employee / official,1,none,yes,1,single
no checking account,21,existing credits paid back duly till now,furniture/equipment,627,... < 100 DM,1 <= ... < 4 years,2,female,co-applicant,2,building society savings agreement / life insurance,21,bank,rent,1,skilled employee / official,1,"yes, registered under customer's name",yes,1,divorced/separated
... < 0 DM,5,critical account / other credits existing (not at this bank),radio/television,2324,... < 100 DM,1 <= ... < 4 years,4,female,none,3,"car or other, not in savings account",19,none,own,1,unskilled - resident,1,none,yes,1,single
no checking account,4,existing credits paid back duly till now,radio/television,3134,... < 100 DM,1 <= ... < 4 years,4,male,none,2,real estate,19,none,own,2,unskilled - resident,1,none,yes,1,single
0 <= ... < 200 DM,4,no credits taken / all credits paid back duly,retraining,3645,unknown / no savings account,... < 1 year,4,male,none,4,building society savings agreement / life insurance,19,none,rent,1,management / self-employed / highly qualified employee / officer,1,"yes, registered under customer's name",yes,2,single
no checking account,4,critical account / other credits existing (not at this bank),furniture/equipment,349,100 <= ... < 500 DM,... >= 7 years,4,male,none,3,real estate,46,none,own,2,skilled employee / official,1,none,yes,1,divorced/separated
no checking account,18,critical account / other credits existing (not at this bank),education,15945,100 <= ... < 500 DM,4 <= ... < 7 years,4,male,none,2,"car or other, not in savings account",47,none,own,2,skilled employee / official,1,none,yes,1,single
no checking account,18,delay in paying off in the past,repairs,4990,unknown / no savings account,4 <= ... < 7 years,4,male,none,2,unknown / no property,42,none,own,2,skilled employee / official,1,none,yes,1,single
0 <= ... < 200 DM,29,existing credits paid back duly till now,car (new),6328,... < 100 DM,... < 1 year,1,female,none,4,real estate,19,none,own,1,skilled employee / official,1,none,yes,2,divorced/separated
... >= 200 DM / salary assignments for at least 1 year,15,existing credits paid back duly till now,education,250,... < 100 DM,... >= 7 years,2,male,guarantor,4,real estate,19,none,own,2,unskilled - resident,1,none,yes,1,divorced/separated
... < 0 DM,19,existing credits paid back duly till now,education,1101,... >= 1000 DM,4 <= ... < 7 years,4,male,none,4,"car or other, not in savings account",27,stores,own,3,management / self-employed / highly qualified employee / officer,1,"yes, registered under customer's name",yes,1,divorced/separated
... < 0 DM,26,no credits taken / all credits paid back duly,domestic appliances,844,500 <= ... < 1000 DM,4 <= ... < 7 years,2,female,none,3,building society savings agreement / life insurance,19,none,own,2,unskilled - resident,1,none,yes,1,divorced/separated
0 <= ... < 200 DM,72,existing credits paid back duly till now,car (used),2280,unknown / no savings account,... >= 7 years,2,female,none,4,unknown / no property,31,none,for free,1,management / self-employed / highly qualified employee / officer,1,none,yes,2,divorced/separated
no checking account,20,critical account / other credits existing (not at this bank),car (new),250,... < 100 DM,1 <= ... < 4 years,4,male,none,1,"car or other, not in savings account",27,none,own,2,unskilled - resident,1,none,yes,1,married/widowed
0 <= ... < 200 DM,15,delay in paying off in the past,car (new),3445,... < 100 DM,... >= 7 years,2,male,none,4,real estate,42,none,own,1,management / self-employed / highly qualified employee / officer,1,none,yes,1,married/widowed
... < 0 DM,5,existing credits paid back duly till now,radio/television,250,100 <= ... < 500 DM,1 <= ... < 4 years,1,female,none,4,real estate,30,none,own,1,unskilled - resident,1,none,yes,1,divorced/separated
no checking account,16,critical account / other credits existing (not at this bank),car (new),250,... < 100 DM,... >= 7 years,2,male,none,2,"car or other, not in savings account",29,none,own,2,skilled employee / official,1,none,yes,1,single
no checking account,17,critical account / other credits existing (not at this bank),car (used),5588,... < 100 DM,... < 1 year,1,female,none,4,real estate,25,none,own,3,skilled employee / official,1,none,yes,1,divorced/separated
... < 0 DM,27,existing credits paid back duly till now,car (new),3443,unknown / no savings account,4 <= ... < 7 years,4,male,none,2,"car or other, not in savings account",22,none,own,1,skilled employee / official,1,none,yes,1,single
0 <= ... < 200 DM,25,existing credits paid back duly till now,business,676,... < 100 DM,4 <= ... < 7 years,2,female,none,4,unknown / no property,52,none,own,1,skilled employee / official,1,"yes, registered under customer's name",yes,1,divorced/separated
... < 0 DM,4,no credits taken / all credits paid back duly,radio/television,456,... < 100 DM,unemployed,2,female,none,4,"car or other, not in savings account",19,none,rent,1,skilled employee / official,1,"yes, registered under customer's name",yes,1,divorced/separated
0 <= ... < 200 DM,9,existing credits paid back duly till now,car (new),10788,100 <= ... < 500 DM,... >= 7 years,1,male,none,4,unknown / no property,27,none,rent,1,management / self-employed / highly qualified employee / officer,1,"yes, registered under customer's name",yes,2,divorced/separated
0 <= ... < 200 DM,28,existing credits paid back duly till now,radio/television,541,... < 100 DM,... < 1 year,4,female,none,1,"car or other, not in savings account",19,none,rent,1,unemployed / unskilled - non-resident,1,"yes, registered under customer's name",yes,1,divorced/separated
... < 0 DM,21,no credits taken / all credits paid back duly,retraining,7461,... < 100 DM,... >= 7 years,4,male,none,4,unknown / no property,75,bank,for free,1,skilled employee / official,1,"yes, registered under customer's name",yes,1,single
no checking account,19,existing credits paid back duly till now,car (new),2572,... < 100 DM,1 <= ... < 4 years,2,male,none,4,"car or other, not in savings account",45,none,own,1,skilled employee / official,1,"yes, registered under customer's name",yes,1,divorced/separated
no checking account,4,existing credits paid back duly till now,furniture/equipment,5937,... < 100 DM,... < 1 year,4,male,none,3,"car or other, not in savings account",62,none,own,2,skilled employee / official,2,"yes, registered under customer's name",yes,1,single
0 <= ... < 200 DM,70,all credits at this bank paid back duly,car (used),9970,... < 100 DM,unemployed,2,male,none,4,unknown / no property,37,stores,for free,1,management / self-employed / highly qualified employee / officer,1,"yes, registered under customer's name",yes,2,single
... < 0 DM,50,delay in paying off in the past,car (used),1680,unknown / no savings account,... >= 7 years,2,male,none,4,unknown / no property,64,bank,for free,1,management / self-employed / highly qualified employee / officer,1,"yes, registered under customer's name",yes,2,single
no checking account,45,critical account / other credits existing (not at this bank),radio/television,1090,... < 100 DM,... < 1 year,4,male,none,3,real estate,41,none,own,2,skilled employee / official,1,none,no,1,single
0 <= ... < 200 DM,40,existing credits paid back duly till now,education,2590,... < 100 DM,... >= 7 years,2,male,none,4,"car or other, not in savings account",19,none,own,2,skilled employee / official,1,none,yes,1,married/widowed
0 <= ... < 200 DM,4,existing credits paid back duly till now,furniture/equipment,332,... < 100 DM,... < 1 year,2,female,none,1,building society savings agreement / life insurance,19,none,rent,1,skilled employee / official,1,none,yes,1,divorced/separated
... < 0 DM,28,delay in paying off in the past,car (used),5871,unknown / no savings account,... < 1 year,4,male,none,4,unknown / no property,36,stores,for free,1,management / self-employed / highly qualified employee / officer,1,"yes, registered under customer's name",yes,2,divorced/separated
... < 0 DM,4,existing credits paid back duly till now,furniture/equipment,1172,... < 100 DM,... < 1 year,1,female,co-applicant,3,building society savings agreement / life insurance,26,none,own,2,unskilled - resident,1,none,yes,1,divorced/separated
no checking account,4,critical account / other credits existing (not at this bank),radio/television,781,unknown / no savings account,1 <= ... < 4 years,4,male,none,3,real estate,31,none,own,1,unskilled - resident,2,none,yes,1,single
0 <= ... < 200 DM,26,existing credits paid back duly till now,radio/television,5061,unknown / no savings account,... < 1 year,3,female,none,2,"car or other, not in savings account",26,none,own,1,skilled employee / official,1,"yes, registered under customer's name",yes,1,divorced/separated
... < 0 DM,4,critical account / other credits existing (not at this bank),radio/television,2839,unknown / no savings account,... >= 7 years,2,male,none,2,building society savings agreement / life insurance,51,none,own,2,skilled employee / official,1,"yes, registered under customer's name",yes,1,single
no checking account,24,critical account / other credits existing (not at this bank),car (new),2736,... < 100 DM,... >= 7 years,2,male,none,3,building society savings agreement / life insurance,53,none,own,3,unskilled - resident,1,none,yes,1,single
0 <= ... < 200 DM,68,all credits at this bank paid back duly,car (used),4784,... < 100 DM,... < 1 year,2,male,none,4,unknown / no property,75,stores,for free,1,management / self-employed / highly qualified employee / officer,1,"yes, registered under customer's name",yes,2,single
no checking account,28,delay in paying off in the past,car (used),1015,... < 100 DM,... >= 7 years,3,male,co-applicant,2,"car or other, not in savings account",36,none,own,2,skilled employee / official,1,"yes, registered under customer's name",yes,1,single
... < 0 DM,16,critical account / other credits existing (not at this bank),furniture/equipment,1514,500 <= ... < 1000 DM,... >= 7 years,2,male,none,4,building society savings agreement / life insurance,75,none,own,2,skilled employee / official,1,none,no,1,single
... < 0 DM,11,no credits taken / all credits paid back duly,furniture/equipment,250,... < 100 DM,... < 1 year,4,male,guarantor,2,building society savings agreement / life insurance,62,none,own,2,unemployed / unskilled - non-resident,1,none,yes,1,married/widowed
... < 0 DM,27,critical account / other credits existing (not at this bank),furniture/equipment,250,unknown / no savings account,... >= 7 years,2,female,none,3,real estate,56,none,own,2,skilled employee / official,1,none,yes,1,married/widowed
no checking account,14,critical account / other credits existing (not at this bank),radio/television,2927,... < 100 DM,1 <= ... < 4 years,1,male,none,3,real estate,40,none,own,2,skilled employee / official,2,none,yes,1,single
no checking account,16,critical account / other credits existing (not at this bank),car (new),250,unknown / no savings account,1 <= ... < 4 years,4,male,none,1,real estate,31,none,for free,2,unskilled - resident,1,none,yes,1,married/widowed
no checking account,27,delay in paying off in the past,furniture/equipment,846,unknown / no savings account,4 <= ... < 7 years,1,male,none,1,"car or other, not in savings account",24,none,own,1,skilled employee / official,1,none,no,1,single
0 <= ... < 200 DM,45,existing credits paid back duly till now,car (used),15945,100 <= ... < 500 DM,unemployed,4,male,none,4,unknown / no property,57,stores,for free,1,management / self-employed / highly qualified employee / officer,1,"yes, registered under customer's name",yes,2,divorced/separated
... < 0 DM,19,all credits at this bank paid back duly,radio/television,1755,... < 100 DM,1 <= ... < 4 years,4,male,none,3,real estate,29,none,own,2,skilled employee / official,1,none,yes,1,single
... < 0 DM,31,existing credits paid back duly till now,radio/television,6623,unknown / no savings account,... >= 7 years,2,male,none,4,unknown / no property,23,none,rent,1,skilled employee / official,1,"yes, registered under customer's name",yes,1,single
no checking account,4,critical account / other credits existing (not at this bank),radio/television,1320,... < 100 DM,4 <= ... < 7 years,2,male,none,3,building society savings agreement / life insurance,19,none,rent,2,skilled employee / official,1,none,yes,1,divorced/separated
no checking account,12,critical account / other credits existing (not at this bank),radio/television,250,... < 100 DM,1 <= ... < 4 years,4,male,guarantor,4,real estate,41,none,own,2,skilled employee / official,2,none,no,1,single
... < 0 DM,27,existing credits paid back duly till now,furniture/equipment,10308,... < 100 DM,... < 1 year,4,female,none,4,"car or other, not in savings account",23,none,own,1,skilled employee / official,1,none,yes,1,divorced/separated
no checking account,8,existing credits paid back duly till now,furniture/equipment,267,... < 100 DM,... < 1 year,4,male,guarantor,1,"car or other, not in savings account",19,none,own,3,skilled employee / official,2,none,yes,1,single
no checking account,21,critical account / other credits existing (not at this bank),furniture/equipment,1046,... < 100 DM,1 <= ... < 4 years,2,female,none,4,building society savings agreement / life insurance,23,none,rent,1,unskilled - resident,1,none,yes,1,divorced/separated
... < 0 DM,6,all credits at this bank paid back duly,furniture/equipment,1794,... < 100 DM,4 <= ... < 7 years,4,female,none,4,"car or other, not in savings account",27,none,own,2,unemployed / unskilled - non-resident,1,none,yes,2,divorced/separated
no checking account,27,existing credits paid back duly till now,furniture/equipment,10937,... < 100 DM,unemployed,3,male,none,4,unknown / no property,22,none,for free,2,management / self-employed / highly qualified employee / officer,1,"yes, registered under customer's name",yes,2,divorced/separated
no checking account,19,existing credits paid back duly till now,car (used),575,unknown / no savings account,... >= 7 years,4,male,none,4,building society savings agreement / life insurance,22,none,own,1,unemployed / unskilled - non-resident,1,none,yes,2,divorced/separated
0 <= ... < 200 DM,4,existing credits paid back duly till now,furniture/equipment,1849,100 <= ... < 500 DM,... < 1 year,1,female,co-applicant,2,"car or other, not in savings account",30,none,rent,1,unskilled - resident,1,none,yes,1,divorced/separated
no checking account,4,existing credits paid back duly till now,others,250,... < 100 DM,1 <= ... < 4 years,4,female,none,1,building society savings agreement / life insurance,58,none,own,2,unemployed / unskilled - non-resident,1,none,yes,2,divorced/separated
0 <= ... < 200 DM,43,existing credits paid back duly till now,education,14346,500 <= ... < 1000 DM,... >= 7 years,1,male,none,4,building society savings agreement / life insurance,29,none,for free,1,skilled employee / official,1,"yes, registered under customer's name",yes,1,single
0 <= ... < 200 DM,19,no credits taken / all credits paid back duly,car (new),1206,unknown / no savings account,... < 1 year,4,female,none,1,real estate,32,bank,rent,1,unskilled - resident,1,none,yes,1,divorced/separated
no checking account,11,existing credits paid back duly till now,car (new),1479,... < 100 DM,1 <= ... < 4 years,3,male,none,2,real estate,41,none,own,2,unskilled - resident,1,none,yes,1,married/widowed
0 <= ... < 200 DM,4,existing credits paid back duly till now,education,1064,... < 100 DM,... >= 7 years,2,male,none,4,"car or other, not in savings account",59,stores,own,1,skilled employee / official,1,"yes, registered under customer's name",yes,1,divorced/separated
no checking account,19,critical account / other credits existing (not at this bank),car (new),3225,... < 100 DM,1 <= ... < 4 years,4,male,none,4,"car or other, not in savings account",21,none,own,2,skilled employee / official,1,none,yes,1,married/widowed
... < 0 DM,12,existing credits paid back duly till now,radio/television,3216,unknown / no savings account,4 <= ... < 7 years,3,female,none,4,building society savings agreement / life insurance,26,bank,rent,1,skilled employee / official,1,"yes, registered under customer's name",yes,1,divorced/separated
... < 0 DM,8,existing credits paid back duly till now,furniture/equipment,2542,100 <= ... < 500 DM,... < 1 year,3,female,co-applicant,1,real estate,35,none,rent,1,unskilled - resident,1,none,yes,2,divorced/separated
no checking account,14,existing credits paid back duly till now,radio/television,5772,unknown / no savings account,... >= 7 years,3,female,none,4,building society savings agreement / life insurance,23,none,for free,1,skilled employee / official,1,"yes, registered under customer's name",yes,1,single
0 <= ... < 200 DM,4,existing credits paid back duly till now,radio/television,4852,... < 100 DM,1 <= ... < 4 years,4,male,none,4,unknown / no property,23,none,own,1,unskilled - resident,1,none,yes,2,single
no checking account,29,existing credits paid back duly till now,car (new),250,... < 100 DM,... >= 7 years,4,male,none,2,"car or other, not in savings account",30,none,own,2,skilled employee / official,1,none,yes,1,single
... < 0 DM,43,critical account / other credits existing (not at this bank),car (new),7953,... < 100 DM,... >= 7 years,4,male,none,4,real estate,38,none,rent,1,skilled employee / official,1,"yes, registered under customer's name",yes,2,single
no checking account,21,critical account / other credits existing (not at this bank),car (new),1057,... < 100 DM,... >= 7 years,4,male,none,3,unknown / no property,60,none,own,2,skilled employee / official,1,none,yes,1,single
no checking account,35,critical account / other credits existing (not at this bank),car (used),6076,... < 100 DM,... >= 7 years,2,male,none,4,real estate,48,none,for free,1,management / self-employed / highly qualified employee / officer,2,none,yes,1,single
no checking account,28,existing credits paid back duly till now,radio/television,3581,unknown / no savings account,unemployed,4,female,none,2,real estate,36,none,own,2,skilled employee / official,1,none,yes,1,married/widowed
no checking account,4,existing credits paid back duly till now,car (used),2123,unknown / no savings account,... >= 7 years,2,male,none,4,unknown / no property,47,bank,own,1,management / self-employed / highly qualified employee / officer,1,"yes, registered under customer's name",yes,1,single
0 <= ... < 200 DM,21,existing credits paid back duly till now,furniture/equipment,579,... < 100 DM,4 <= ... < 7 years,4,male,none,4,unknown / no property,75,none,own,1,skilled employee / official,1,"yes, registered under customer's name",yes,2,single
0 <= ... < 200 DM,26,existing credits paid back duly till now,furniture/equipment,1315,... < 100 DM,... < 1 year,1,female,none,4,"car or other, not in savings account",27,bank,own,1,skilled employee / official,1,"yes, registered under customer's name",yes,2,divorced/separated
0 <= ... < 200 DM,44,existing credits paid back duly till now,car (new),12068,unknown / no savings account,1 <= ... < 4 years,3,male,none,4,unknown / no property,58,stores,own,1,skilled employee / official,1,"yes, registered under customer's name",yes,2,single
no checking account,24,critical account / other credits existing (not at this bank),furniture/equipment,1029,unknown / no savings account,... >= 7 years,3,male,none,4,"car or other, not in savings account",55,bank,own,2,skilled employee / official,1,"yes, registered under customer's name",yes,2,single
no checking account,20,existing credits paid back duly till now,domestic appliances,2184,unknown / no savings account,... >= 7 years,1,female,none,4,"car or other, not in savings account",25,none,own,1,skilled employee / official,1,none,yes,1,married/widowed
... < 0 DM,25,delay in paying off in the past,business,250,... < 100 DM,... >= 7 years,4,male,none,4,unknown / no property,40,none,for free,2,management / self-employed / highly qualified employee / officer,1,none,yes,1,single
no checking account,10,critical account / other credits existing (not at this bank),radio/television,2447,500 <= ... < 1000 DM,1 <= ... < 4 years,4,male,none,2,"car or other, not in savings account",21,none,own,1,skilled employee / official,1,none,yes,1,married/widowed
... < 0 DM,7,critical account / other credits existing (not at this bank),furniture/equipment,701,... < 100 DM,... < 1 year,2,female,co-applicant,2,"car or other, not in savings account",48,none,own,2,skilled employee / official,1,"yes, registered under customer's name",yes,2,single
0 <= ... < 200 DM,21,existing credits paid back duly till now,retraining,8333,... < 100 DM,... >= 7 years,4,female,guarantor,4,"car or other, not in savings account",35,none,own,4,management / self-employed / highly qualified employee / officer,1,"yes, registered under customer's name",yes,2,divorced/separated
no checking account,28,critical account / other credits existing (not at this bank),car (new),250,... < 100 DM,1 <= ... < 4 years,3,male,guarantor,4,real estate,38,none,own,2,skilled employee / official,2,none,no,1,single
... < 0 DM,30,no credits taken / all credits paid back duly,business,1608,unknown / no savings account,... >= 7 years,2,male,co-applicant,4,unknown / no property,32,none,own,1,management / self-employed / highly qualified employee / officer,1,none,yes,1,single
... < 0 DM,29,delay in paying off in the past,car (used),824,unknown / no savings account,unemployed,1,female,none,4,unknown / no property,56,none,own,1,skilled employee / official,1,"yes, registered under customer's name",yes,2,single
... < 0 DM,21,existing credits paid back duly till now,furniture/equipment,5812,... < 100 DM,... >= 7 years,4,male,none,4,unknown / no property,71,none,own,1,management / self-employed / highly qualified employee / officer,1,"yes, registered under customer's name",yes,2,single
... < 0 DM,20,critical account / other credits existing (not at this bank),furniture/equipment,250,500 <= ... < 1000 DM,... < 1 year,4,female,none,4,"car or other, not in savings account",29,none,own,1,skilled employee / official,1,none,yes,1,divorced/separated
no checking account,57,no credits taken / all credits paid back duly,business,4157,... < 100 DM,4 <= ... < 7 years,2,female,none,1,real estate,19,bank,rent,1,unskilled - resident,1,none,yes,1,single
no checking account,8,critical account / other credits existing (not at this bank),radio/television,738,... < 100 DM,4 <= ... < 7 years,4,male,none,3,real estate,42,none,own,2,unskilled - resident,1,none,no,1,single
no checking account,5,existing credits paid back duly till now,car (new),1145,unknown / no savings account,4 <= ... < 7 years,3,female,guarantor,3,real estate,19,none,for free,2,unskilled - resident,1,"yes, registered under customer's name",yes,1,married/widowed
... < 0 DM,50,delay in paying off in the past,car (used),5611,unknown / no savings account,... >= 7 years,1,male,guarantor,4,unknown / no property,35,none,for free,1,management / self-employed / highly qualified employee / officer,1,"yes, registered under customer's name",yes,1,single
... < 0 DM,29,all credits at this bank paid back duly,furniture/equipment,2798,unknown / no savings account,1 <= ... < 4 years,1,female,none,2,"car or other, not in savings account",19,bank,own,4,skilled employee / official,1,none,yes,1,divorced/separated
... < 0 DM,15,all credits at this bank paid back duly,radio/television,740,... < 100 DM,... < 1 year,4,female,guarantor,2,"car or other, not in savings account",25,none,own,2,unskilled - resident,1,none,yes,1,divorced/separated
... < 0 DM,37,existing credits paid back duly till now,car (used),6955,unknown / no savings account,... >= 7 years,2,male,none,2,unknown / no property,36,none,for free,1,skilled employee / official,1,"yes, registered under customer's name",yes,1,single
... < 0 DM,20,existing credits paid back duly till now,radio/television,1263,500 <= ... < 1000 DM,... < 1 year,4,female,guarantor,4,real estate,31,none,own,1,skilled employee / official,1,none,yes,1,married/widowed
no checking account,9,existing credits paid back duly till now,radio/television,1189,... < 100 DM,... < 1 year,4,female,none,3,"car or other, not in savings account",32,none,own,1,skilled employee / official,1,none,yes,1,divorced/separated
0 <= ... < 200 DM,20,existing credits paid back duly till now,radio/television,3218,unknown / no savings account,... < 1 year,4,male,none,4,unknown / no property,26,none,own,1,skilled employee / official,1,none,yes,1,single
... < 0 DM,21,existing credits paid back duly till now,furniture/equipment,5125,unknown / no savings account,... < 1 year,1,female,none,1,"car or other, not in savings account",29,bank,rent,1,management / self-employed / highly qualified employee / officer,1,"yes, registered under customer's name",yes,2,divorced/separated
... < 0 DM,24,existing credits paid back duly till now,car (new),250,100 <= ... < 500 DM,... < 1 year,4,female,none,4,building society savings agreement / life insurance,25,bank,for free,1,skilled employee / official,1,none,yes,1,married/widowed
no checking account,4,no credits taken / all credits paid back duly,car (new),1926,100 <= ... < 500 DM,... >= 7 years,4,male,none,4,building society savings agreement / life insurance,33,none,own,2,unskilled - resident,2,"yes, registered under customer's name",yes,1,single
... < 0 DM,22,existing credits paid back duly till now,business,3446,unknown / no savings account,... < 1 year,2,female,none,4,unknown / no property,19,stores,for free,1,management / self-employed / highly qualified employee / officer,1,"yes, registered under customer's name",yes,2,married/widowed
... < 0 DM,27,all credits at this bank paid back duly,business,15945,unknown / no savings account,... >= 7 years,4,male,none,4,real estate,56,none,own,2,skilled employee / official,2,"yes, registered under customer's name",yes,1,single
0 <= ... < 200 DM,4,existing credits paid back duly till now,car (new),2689,... < 100 DM,1 <= ... < 4 years,4,male,none,2,real estate,28,none,own,2,skilled employee / official,1,none,yes,1,single
no checking account,50,existing credits paid back duly till now,radio/television,5376,... < 100 DM,1 <= ... < 4 years,1,female,none,1,"car or other, not in savings account",19,none,rent,1,skilled employee / official,1,none,yes,1,divorced/separated
... >= 200 DM / salary assignments for at least 1 year,8,no credits taken / all credits paid back duly,car (new),2215,... < 100 DM,4 <= ... < 7 years,4,male,none,2,real estate,31,none,own,3,skilled employee / official,1,none,yes,1,single
0 <= ... < 200 DM,24,existing credits paid back duly till now,furniture/equipment,3494,unknown / no savings account,... < 1 year,3,female,none,3,"car or other, not in savings account",35,bank,rent,1,skilled employee / official,1,"yes, registered under customer's name",yes,2,divorced/separated
no checking account,15,existing credits paid back duly till now,radio/television,3431,... < 100 DM,1 <= ... < 4 years,2,male,co-applicant,2,"car or other, not in savings account",19,none,rent,1,skilled employee / official,1,none,yes,1,divorced/separated
... >= 200 DM / salary assignments for at least 1 year,40,delay in paying off in the past,car (new),2629,500 <= ... < 1000 DM,... >= 7 years,4,female,none,4,real estate,39,none,own,1,skilled employee / official,1,none,yes,2,single
no checking account,28,delay in paying off in the past,radio/television,647,... < 100 DM,unemployed,3,male,none,3,"car or other, not in savings account",30,stores,own,1,skilled employee / official,1,"yes, registered under customer's name",yes,1,single
... < 0 DM,12,no credits taken / all credits paid back duly,furniture/equipment,1788,... < 100 DM,4 <= ... < 7 years,4,male,none,3,real estate,48,none,own,2,skilled employee / official,1,none,yes,1,single
... < 0 DM,21,existing credits paid back duly till now,car (new),1847,500 <= ... < 1000 DM,1 <= ... < 4 years,4,male,none,2,"car or other, not in savings account",35,none,own,2,skilled employee / official,1,none,yes,1,single
0 <= ... < 200 DM,25,existing credits paid back duly till now,car (used),884,unknown / no savings account,4 <= ... < 7 years,2,male,none,4,real estate,19,none,own,1,unskilled - resident,1,"yes, registered under customer's name",yes,1,married/widowed
0 <= ... < 200 DM,28,critical account / other credits existing (not at this bank),car (used),5482,100 <= ... < 500 DM,... >= 7 years,2,male,none,4,unknown / no property,40,none,own,1,management / self-employed / highly qualified employee / officer,1,"yes, registered under customer's name",yes,1,single
no checking account,30,existing credits paid back duly till now,car (new),250,... < 100 DM,... < 1 year,4,female,none,1,real estate,34,none,rent,2,skilled employee / official,1,none,yes,1,divorced/separated
... < 0 DM,10,existing credits paid back duly till now,car (new),676,500 <= ... < 1000 DM,... < 1 year,4,female,none,2,"car or other, not in savings account",27,none,own,2,unskilled - resident,1,none,yes,1,divorced/separated
... < 0 DM,62,existing credits paid back duly till now,furniture/equipment,10813,... < 100 DM,... >= 7 years,4,male,none,4,unknown / no property,73,bank,for free,1,skilled employee / official,1,"yes, registered under customer's name",yes,2,single
no checking account,8,all credits at this bank paid back duly,radio/television,3429,... < 100 DM,... >= 7 years,2,male,none,2,real estate,49,none,own,2,unskilled - resident,2,none,yes,1,single
... < 0 DM,25,critical account / other credits existing (not at this bank),car (used),1554,unknown / no savings account,unemployed,1,female,none,1,"car or other, not in savings account",26,none,rent,4,skilled employee / official,1,none,yes,1,divorced/separated
... < 0 DM,9,critical account / other credits existing (not at this bank),radio/television,580,... < 100 DM,1 <= ... < 4 years,1,male,none,4,"car or other, not in savings account",46,none,own,2,skilled employee / official,1,none,yes,1,single
0 <= ... < 200 DM,51,no credits taken / all credits paid back duly,furniture/equipment,5248,unknown / no savings account,1 <= ... < 4 years,4,male,none,4,unknown / no property,52,none,for free,1,skilled employee / official,1,"yes, registered under customer's name",yes,1,single
... < 0 DM,4,existing credits paid back duly till now,car (new),544,... < 100 DM,1 <= ... < 4 years,2,male,none,3,"car or other, not in savings account",25,none,own,1,skilled employee / official,1,none,yes,1,single
0 <= ... < 200 DM,63,existing credits paid back duly till now,car (new),1442,... < 100 DM,... >= 7 years,4,male,none,2,real estate,75,none,own,1,unemployed / unskilled - non-resident,1,none,yes,1,married/widowed
no checking account,23,all credits at this bank paid back duly,business,3686,... < 100 DM,... >= 7 years,4,male,none,2,"car or other, not in savings account",20,none,own,1,skilled employee / official,1,"yes, registered under customer's name",yes,1,single
no checking account,41,no credits taken / all credits paid back duly,business,1232,... < 100 DM,unemployed,2,female,none,4,unknown / no property,34,bank,rent,2,skilled employee / official,1,none,yes,2,married/widowed
no checking account,11,critical account / other credits existing (not at this bank),repairs,250,... < 100 DM,1 <= ... < 4 years,1,male,none,1,real estate,22,none,own,2,skilled employee / official,1,none,yes,1,single
0 <= ... < 200 DM,12,existing credits paid back duly till now,car (used),7634,... < 100 DM,1 <= ... < 4 years,4,male,none,4,"car or other, not in savings account",19,none,rent,1,skilled employee / official,1,"yes, registered under customer's name",yes,1,single
... < 0 DM,24,existing credits paid back duly till now,car (new),250,500 <= ... < 1000 DM,... < 1 year,1,female,none,4,"car or other, not in savings account",19,none,rent,2,skilled employee / official,1,none,yes,2,divorced/separated
no checking account,21,existing credits paid back duly till now,radio/television,1398,unknown / no savings account,... >= 7 years,4,male,none,2,building society savings agreement / life insurance,46,stores,own,2,unskilled - resident,1,none,yes,1,single
... < 0 DM,24,no credits taken / all credits paid back duly,education,5802,100 <= ... < 500 DM,... < 1 year,4,female,co-applicant,4,"car or other, not in savings account",22,none,rent,1,unemployed / unskilled - non-resident,1,none,yes,1,divorced/separated
no checking account,29,existing credits paid back duly till now,radio/television,3723,... < 100 DM,... < 1 year,1,female,none,2,"car or other, not in savings account",29,none,own,1,skilled employee / official,1,none,yes,1,single
no checking account,19,critical account / other credits existing (not at this bank),car (new),250,... < 100 DM,... >= 7 years,1,male,none,2,"car or other, not in savings account",23,none,own,2,skilled employee / official,1,none,yes,1,divorced/separated
no checking account,17,all credits at this bank paid back duly,business,1499,... >= 1000 DM,... < 1 year,3,female,none,3,building society savings agreement / life insurance,42,bank,rent,1,management / self-employed / highly qualified employee / officer,1,"yes, registered under customer's name",yes,2,single
no checking account,4,critical account / other credits existing (not at this bank),radio/television,4517,100 <= ... < 500 DM,... < 1 year,1,female,none,3,building society savings agreement / life insurance,19,none,own,1,skilled employee / official,1,none,yes,1,divorced/separated
0 <= ... < 200 DM,28,all credits at this bank paid back duly,furniture/equipment,1166,... < 100 DM,4 <= ... < 7 years,2,male,guarantor,4,unknown / no property,19,none,rent,1,skilled employee / official,1,"yes, registered under customer's name",yes,2,divorced/separated
no checking account,22,critical account / other credits existing (not at this bank),radio/television,1991,... < 100 DM,... >= 7 years,1,male,none,4,building society savings agreement / life insurance,26,none,own,2,skilled employee / official,1,none,yes,1,single
no checking account,21,existing credits paid back duly till now,car (new),2188,... < 100 DM,4 <= ... < 7 years,4,male,none,3,real estate,62,none,own,2,unskilled - resident,1,none,yes,1,single
no checking account,14,existing credits paid back duly till now,car (new),2814,unknown / no savings account,1 <= ... < 4 years,4,male,none,4,unknown / no property,25,none,for free,1,management / self-employed / highly qualified employee / officer,1,none,yes,1,single
... < 0 DM,32,existing credits paid back duly till now,radio/television,6023,unknown / no savings account,... < 1 year,4,female,none,2,"car or other, not in savings account",26,none,own,2,skilled employee / official,1,none,yes,1,divorced/separated
no checking account,15,critical account / other credits existing (not at this bank),car (new),1641,100 <= ... < 500 DM,4 <= ... < 7 years,4,female,none,2,building society savings agreement / life insurance,47,bank,own,2,skilled employee / official,1,none,yes,1,divorced/separated
... < 0 DM,41,all credits at this bank paid back duly,business,2588,... < 100 DM,... < 1 year,4,male,none,4,unknown / no property,75,stores,own,1,management / self-employed / highly qualified employee / officer,1,"yes, registered under customer's name",no,2,single
no checking account,4,critical account / other credits existing (not at this bank),business,475,... < 100 DM,... >= 7 years,4,male,none,3,"car or other, not in savings account",61,none,own,1,skilled employee / official,2,none,yes,1,single
no checking account,25,existing credits paid back duly till now,car (new),15945,unknown / no savings account,unemployed,1,female,none,4,building society savings agreement / life insurance,34,none,rent,2,skilled employee / official,1,none,yes,1,divorced/separated
... >= 200 DM / salary assignments for at least 1 year,4,existing credits paid back duly till now,car (new),1151,... >= 1000 DM,1 <= ... < 4 years,4,male,none,3,real estate,20,none,own,1,unskilled - resident,1,none,yes,1,divorced/separated
... < 0 DM,4,no credits taken / all credits paid back duly,radio/television,250,500 <= ... < 1000 DM,... >= 7 years,4,male,none,3,building society savings agreement / life insurance,35,none,own,2,skilled employee / official,2,none,yes,1,married/widowed
... < 0 DM,4,critical account / other credits existing (not at this bank),radio/television,250,... < 100 DM,... < 1 year,2,female,none,3,"car or other, not in savings account",28,none,own,2,skilled employee / official,1,none,yes,1,divorced/separated
no checking account,4,critical account / other credits existing (not at this bank),business,3522,... < 100 DM,1 <= ... < 4 years,4,male,guarantor,3,real estate,21,none,own,2,skilled employee / official,1,none,yes,1,single
no checking account,28,all credits at this bank paid back duly,furniture/equipment,1818,unknown / no savings account,1 <= ... < 4 years,4,male,guarantor,2,"car or other, not in savings account",34,none,own,2,skilled employee / official,2,"yes, registered under customer's name",yes,1,single
... < 0 DM,16,existing credits paid back duly till now,education,1906,... < 100 DM,... < 1 year,3,male,none,4,real estate,25,bank,own,1,unemployed / unskilled - non-resident,1,none,yes,2,divorced/separated
... < 0 DM,4,critical account / other credits existing (not at this bank),car (new),250,unknown / no savings account,... >= 7 years,2,male,co-applicant,4,unknown / no property,71,bank,for free,1,unskilled - resident,2,"yes, registered under customer's name",yes,2,single
no checking account,22,existing credits paid back duly till now,furniture/equipment,250,100 <= ... < 500 DM,... < 1 year,2,female,none,4,"car or other, not in savings account",26,bank,own,1,skilled employee / official,1,none,yes,1,divorced/separated
... < 0 DM,20,existing credits paid back duly till now,car (new),736,100 <= ... < 500 DM,... >= 7 years,1,male,none,4,"car or other, not in savings account",23,none,own,1,skilled employee / official,1,none,yes,2,divorced/separated
no checking account,4,existing credits paid back duly till now,radio/television,1156,unknown / no savings account,... < 1 year,4,female,none,2,"car or other, not in savings account",71,none,own,1,unemployed / unskilled - non-resident,1,none,yes,1,divorced/separated
... < 0 DM,52,existing credits paid back duly till now,radio/television,2078,... < 100 DM,... >= 7 years,2,male,none,4,"car or other, not in savings account",38,none,own,2,skilled employee / official,1,none,yes,1,single
... >= 200 DM / salary assignments for at least 1 year,14,no credits taken / all credits paid back duly,furniture/equipment,5479,unknown / no savings account,... >= 7 years,1,male,none,1,"car or other, not in savings account",65,none,own,1,unskilled - resident,1,none,no,1,divorced/separated
0 <= ... < 200 DM,25,all credits at this bank paid back duly,repairs,2080,unknown / no savings account,unemployed,2,male,none,4,unknown / no property,42,none,own,2,skilled employee / official,1,none,yes,2,married/widowed
no checking account,16,critical account / other credits existing (not at this bank),car (new),3159,... < 100 DM,... >= 7 years,4,male,guarantor,3,real estate,37,none,own,2,skilled employee / official,1,none,yes,1,married/widowed
0 <= ... < 200 DM,4,existing credits paid back duly till now,car (new),250,... < 100 DM,1 <= ... < 4 years,2,female,none,4,"car or other, not in savings account",24,none,rent,1,skilled employee / official,1,none,yes,1,divorced/separated
no checking account,26,critical account / other credits existing (not at this bank),retraining,623,... < 100 DM,... >= 7 years,4,female,none,4,real estate,64,none,rent,2,skilled employee / official,1,"yes, registered under customer's name",yes,1,divorced/separated
no checking account,17,existing credits paid back duly till now,car (new),250,500 <= ... < 1000 DM,1 <= ... < 4 years,4,female,co-applicant,3,real estate,19,none,own,2,unskilled - resident,1,none,yes,2,divorced/separated
... < 0 DM,4,existing credits paid back duly till now,car (new),250,... < 100 DM,... >= 7 years,4,male,co-applicant,4,unknown / no property,48,bank,for free,1,management / self-employed / highly qualified employee / officer,1,"yes, registered under customer's name",yes,1,single
0 <= ... < 200 DM,11,critical account / other credits existing (not at this bank),radio/television,250,unknown / no savings account,... < 1 year,4,male,none,4,building society savings agreement / life insurance,75,none,own,2,skilled employee / official,1,"yes, registered under customer's name",yes,1,single
... < 0 DM,4,critical account / other credits existing (not at this bank),radio/television,250,... < 100 DM,... >= 7 years,4,male,none,2,real estate,27,none,own,2,skilled employee / official,2,none,yes,1,single
... < 0 DM,11,critical account / other credits existing (not at this bank),repairs,746,100 <= ... < 500 DM,... < 1 year,3,female,none,4,unknown / no property,22,none,rent,2,unemployed / unskilled - non-resident,1,none,yes,1,married/widowed
... < 0 DM,33,critical account / other credits existing (not at this bank),radio/television,916,... >= 1000 DM,1 <= ... < 4 years,1,male,none,4,real estate,36,none,own,2,unskilled - resident,1,none,yes,1,single
... >= 200 DM / salary assignments for at least 1 year,13,no credits taken / all credits paid back duly,car (new),250,500 <= ... < 1000 DM,... < 1 year,4,male,none,1,building society savings agreement / life insurance,19,none,own,1,unskilled - resident,1,none,yes,1,married/widowed
no checking account,10,critical account / other credits existing (not at this bank),radio/television,2160,unknown / no savings account,... < 1 year,3,male,guarantor,3,real estate,22,bank,own,1,skilled employee / official,1,none,yes,1,divorced/separated
... < 0 DM,10,existing credits paid back duly till now,radio/television,250,100 <= ... < 500 DM,... >= 7 years,4,female,none,2,"car or other, not in savings account",33,stores,own,1,unskilled - resident,1,none,yes,1,single
... < 0 DM,26,existing credits paid back duly till now,retraining,291,unknown / no savings account,... < 1 year,3,female,none,4,"car or other, not in savings account",38,none,own,1,skilled employee / official,1,none,yes,1,divorced/separated
no checking account,11,critical account / other credits existing (not at this bank),car (new),250,100 <= ... < 500 DM,1 <= ... < 4 years,3,female,none,4,real estate,19,none,own,1,skilled employee / official,1,"yes, registered under customer's name",yes,1,married/widowed
0 <= ... < 200 DM,21,existing credits paid back duly till now,business,3592,... < 100 DM,... >= 7 years,4,male,none,4,unknown / no property,65,none,for free,1,management / self-employed / highly qualified employee / officer,1,"yes, registered under customer's name",yes,2,single
no checking account,22,critical account / other credits existing (not at this bank),education,2490,... < 100 DM,... >= 7 years,3,male,none,2,building society savings agreement / life insurance,42,none,own,3,management / self-employed / highly qualified employee / officer,1,none,yes,1,single
... < 0 DM,6,existing credits paid back duly till now,furniture/equipment,469,... < 100 DM,4 <= ... < 7 years,4,female,none,4,building society savings agreement / life insurance,24,none,own,1,unskilled - resident,1,none,yes,1,divorced/separated
... < 0 DM,21,existing credits paid back duly till now,radio/television,1873,unknown / no savings account,1 <= ... < 4 years,2,male,none,1,"car or other, not in savings account",54,none,own,2,skilled employee / official,1,"yes, registered under customer's name",yes,1,single
no checking account,4,existing credits paid back duly till now,car (new),9009,... < 100 DM,4 <= ... < 7 years,2,male,none,2,unknown / no property,39,none,for free,2,skilled employee / official,1,"yes, registered under customer's name",yes,1,single
no checking account,42,existing credits paid back duly till now,car (used),6218,unknown / no savings account,... < 1 year,1,male,none,4,unknown / no property,26,none,for free,1,unskilled - resident,1,none,yes,1,single
no checking account,4,critical account / other credits existing (not at this bank),radio/television,250,... < 100 DM,... >= 7 years,4,male,none,3,real estate,21,none,own,2,unskilled - resident,2,none,no,1,single
... < 0 DM,28,critical account / other credits existing (not at this bank),radio/television,1427,... < 100 DM,... >= 7 years,4,male,none,2,real estate,45,none,own,2,unskilled - resident,1,none,yes,1,single
... < 0 DM,26,existing credits paid back duly till now,education,3243,... < 100 DM,... < 1 year,4,female,co-applicant,4,building society savings agreement / life insurance,30,none,rent,1,skilled employee / official,1,"yes, registered under customer's name",yes,1,divorced/separated
0 <= ... < 200 DM,44,no credits taken / all credits paid back duly,radio/television,1982,100 <= ... < 500 DM,... < 1 year,1,female,none,4,"car or other, not in savings account",27,bank,for free,1,skilled employee / official,1,"yes, registered under customer's name",yes,2,divorced/separated
... < 0 DM,25,critical account / other credits existing (not at this bank),domestic appliances,2524,... < 100 DM,... >= 7 years,4,female,none,4,"car or other, not in savings account",20,none,own,2,unskilled - resident,1,"yes, registered under customer's name",yes,1,single
... < 0 DM,72,existing credits paid back duly till now,car (used),2093,... < 100 DM,... >= 7 years,4,male,none,4,unknown / no property,35,none,for free,2,skilled employee / official,1,"yes, registered under customer's name",yes,1,single
... < 0 DM,22,delay in paying off in the past,car (new),5586,unknown / no savings account,... >= 7 years,4,male,none,4,unknown / no property,75,stores,for free,2,management / self-employed / highly qualified employee / officer,1,"yes, registered under customer's name",yes,2,single
0 <= ... < 200 DM,11,existing credits paid back duly till now,repairs,1295,... < 100 DM,unemployed,3,female,none,4,unknown / no property,27,none,own,1,skilled employee / official,1,"yes, registered under customer's name",yes,2,divorced/separated
0 <= ... < 200 DM,35,existing credits paid back duly till now,car (used),963,... < 100 DM,... < 1 year,4,female,none,4,"car or other, not in savings account",36,none,rent,1,unemployed / unskilled - non-resident,1,"yes, registered under customer's name",yes,2,divorced/separated
... < 0 DM,7,existing credits paid back duly till now,radio/television,3395,100 <= ... < 500 DM,... < 1 year,4,male,none,4,"car or other, not in savings account",27,stores,own,1,unskilled - resident,1,none,yes,1,divorced/separated
0 <= ... < 200 DM,31,all credits at this bank paid back duly,business,2719,... < 100 DM,4 <= ... < 7 years,4,male,none,2,building society savings agreement / life insurance,33,none,own,2,skilled employee / official,1,none,yes,1,single
... < 0 DM,28,existing credits paid back duly till now,radio/television,3794,100 <= ... < 500 DM,... < 1 year,2,female,none,1,"car or other, not in savings account",19,none,rent,1,skilled employee / official,1,"yes, registered under customer's name",yes,1,married/widowed
no checking account,38,existing credits paid back duly till now,car (used),2101,... < 100 DM,... >= 7 years,4,male,none,4,unknown / no property,63,none,for free,2,skilled employee / official,1,"yes, registered under customer's name",yes,1,single
... < 0 DM,18,existing credits paid back duly till now,radio/television,250,... < 100 DM,... < 1 year,2,female,none,4,"car or other, not in savings account",19,none,rent,1,skilled employee / official,1,none,yes,2,divorced/separated
... < 0 DM,8,existing credits paid back duly till now,furniture/equipment,1074,... < 100 DM,1 <= ... < 4 years,2,female,none,1,real estate,50,none,rent,2,unemployed / unskilled - non-resident,1,none,yes,1,divorced/separated
no checking account,24,existing credits paid back duly till now,furniture/equipment,1266,... < 100 DM,... < 1 year,4,female,guarantor,1,building society savings agreement / life insurance,20,none,rent,1,skilled employee / official,1,none,yes,1,divorced/separated
... < 0 DM,8,existing credits paid back duly till now,radio/television,1426,100 <= ... < 500 DM,1 <= ... < 4 years,4,male,co-applicant,2,real estate,30,none,own,2,unskilled - resident,1,none,yes,1,married/widowed
no checking account,29,existing credits paid back duly till now,radio/television,397,... < 100 DM,... < 1 year,4,male,none,2,"car or other, not in savings account",27,none,own,1,skilled employee / official,1,none,yes,1,single
... < 0 DM,33,critical account / other credits existing (not at this bank),car (new),1674,unknown / no savings account,... >= 7 years,4,male,none,3,real estate,36,bank,own,2,unskilled - resident,2,none,yes,1,single
no checking account,19,existing credits paid back duly till now,furniture/equipment,2166,100 <= ... < 500 DM,... < 1 year,1,male,guarantor,2,"car or other, not in savings account",22,none,rent,1,skilled employee / official,1,none,yes,1,married/widowed
... < 0 DM,21,existing credits paid back duly till now,furniture/equipment,250,500 <= ... < 1000 DM,1 <= ... < 4 years,1,female,none,4,real estate,30,none,own,1,skilled employee / official,1,none,yes,1,divorced/separated
... >= 200 DM / salary assignments for at least 1 year,18,existing credits paid back duly till now,business,715,500 <= ... < 1000 DM,... < 1 year,2,female,none,2,"car or other, not in savings account",27,none,rent,1,skilled employee / official,1,none,yes,1,divorced/separated
... < 0 DM,21,existing credits paid back duly till now,business,9495,... < 100 DM,... >= 7 years,2,male,none,4,unknown / no property,30,none,for free,1,skilled employee / official,1,"yes, registered under customer's name",yes,2,single
no checking account,16,existing credits paid back duly till now,radio/television,12472,100 <= ... < 500 DM,unemployed,4,male,none,2,real estate,23,none,own,1,skilled employee / official,1,none,yes,1,married/widowed
... < 0 DM,6,critical account / other credits existing (not at this bank),car (new),368,... < 100 DM,... < 1 year,4,female,none,3,unknown / no property,46,none,rent,1,skilled employee / official,1,none,yes,1,divorced/separated
0 <= ... < 200 DM,22,existing credits paid back duly till now,business,1590,unknown / no savings account,... >= 7 years,4,male,none,4,"car or other, not in savings account",22,bank,own,2,management / self-employed / highly qualified employee / officer,1,"yes, registered under customer's name",yes,2,single
no checking account,27,existing credits paid back duly till now,car (new),2084,unknown / no savings account,1 <= ... < 4 years,2,male,none,3,real estate,20,none,own,2,unskilled - resident,1,none,yes,1,divorced/separated
no checking account,24,existing credits paid back duly till now,car (new),5102,... < 100 DM,... < 1 year,2,female,none,4,building society savings agreement / life insurance,21,none,rent,1,skilled employee / official,1,none,yes,1,divorced/separated
... < 0 DM,17,existing credits paid back duly till now,furniture/equipment,982,... < 100 DM,1 <= ... < 4 years,4,female,guarantor,1,real estate,36,none,rent,1,unskilled - resident,1,none,yes,2,divorced/separated
no checking account,4,no credits taken / all credits paid back duly,education,3628,... < 100 DM,... >= 7 years,4,male,co-applicant,1,building society savings agreement / life insurance,27,bank,own,3,skilled employee / official,1,"yes, registered under customer's name",yes,1,single
no checking account,22,existing credits paid back duly till now,car (new),699,... >= 1000 DM,1 <= ... < 4 years,1,male,co-applicant,2,building society savings agreement / life insurance,28,none,own,2,skilled employee / official,1,none,yes,1,divorced/separated
... < 0 DM,23,all credits at this bank paid back duly,education,3215,100 <= ... < 500 DM,... < 1 year,2,female,none,4,building society savings agreement / life insurance,32,bank,rent,1,skilled employee / official,1,"yes, registered under customer's name",yes,2,divorced/separated
no checking account,25,existing credits paid back duly till now,car (new),250,100 <= ... < 500 DM,... < 1 year,4,male,none,4,building society savings agreement / life insurance,27,none,own,2,unskilled - resident,1,"yes, registered under customer's name",yes,1,divorced/separated
0 <= ... < 200 DM,4,existing credits paid back duly till now,radio/television,1438,100 <= ... < 500 DM,1 <= ... < 4 years,2,male,none,4,"car or other, not in savings account",19,none,own,2,skilled employee / official,1,none,yes,1,married/widowed
no checking account,28,critical account / other credits existing (not at this bank),car (new),659,... < 100 DM,unemployed,4,male,none,4,"car or other, not in savings account",44,none,own,2,skilled employee / official,1,"yes, registered under customer's name",yes,1,single
no checking account,27,critical account / other credits existing (not at this bank),radio/television,2888,... < 100 DM,... >= 7 years,4,male,none,3,real estate,33,bank,own,2,skilled employee / official,2,"yes, registered under customer's name",yes,1,single
no checking account,24,critical account / other credits existing (not at this bank),radio/television,1465,... < 100 DM,4 <= ... < 7 years,4,male,none,2,real estate,66,none,own,2,unskilled - resident,1,none,yes,1,single
no checking account,21,critical account / other credits existing (not at this bank),radio/television,2172,... < 100 DM,... < 1 year,4,male,none,3,real estate,19,none,own,2,skilled employee / official,1,none,no,1,married/widowed
no checking account,17,critical account / other credits existing (not at this bank),car (new),3443,... < 100 DM,4 <= ... < 7 years,3,female,none,1,real estate,19,none,own,2,skilled employee / official,1,none,yes,1,divorced/separated
0 <= ... < 200 DM,42,existing credits paid back duly till now,car (used),10699,unknown / no savings account,... >= 7 years,1,male,none,4,building society savings agreement / life insurance,34,none,own,2,management / self-employed / highly qualified employee / officer,1,none,no,1,single
no checking account,67,all credits at this bank paid back duly,radio/television,2838,... < 100 DM,... >= 7 years,2,female,none,4,unknown / no property,45,stores,rent,2,management / self-employed / highly qualified employee / officer,1,"yes, registered under customer's name",yes,2,divorced/separated
... < 0 DM,28,existing credits paid back duly till now,furniture/equipment,1805,unknown / no savings account,... >= 7 years,1,female,none,4,unknown / no property,75,none,rent,1,skilled employee / official,1,"yes, registered under customer's name",yes,1,divorced/separated
0 <= ... < 200 DM,23,existing credits paid back duly till now,education,2186,unknown / no savings account,... >= 7 years,1,male,none,4,unknown / no property,49,bank,own,1,unemployed / unskilled - non-resident,1,"yes, registered under customer's name",yes,2,married/widowed
... >= 200 DM / salary assignments for at least 1 year,8,existing credits paid back duly till now,others,1529,500 <= ... < 1000 DM,... < 1 year,4,male,none,2,"car or other, not in savings account",39,none,rent,2,unskilled - resident,1,none,yes,2,single
0 <= ... < 200 DM,21,existing credits paid back duly till now,furniture/equipment,10664,... < 100 DM,... >= 7 years,4,female,none,2,"car or other, not in savings account",33,none,rent,1,skilled employee / official,1,"yes, registered under customer's name",yes,1,single
... < 0 DM,50,existing credits paid back duly till now,business,8611,100 <= ... < 500 DM,... >= 7 years,4,male,none,4,unknown / no property,49,none,own,1,skilled employee / official,1,"yes, registered under customer's name",yes,2,married/widowed
0 <= ... < 200 DM,23,existing credits paid back duly till now,furniture/equipment,2003,... < 100 DM,... < 1 year,2,female,guarantor,1,"car or other, not in savings account",19,none,for free,1,skilled employee / official,1,"yes, registered under customer's name",yes,2,divorced/separated
... < 0 DM,25,critical account / other credits existing (not at this bank),car (new),4164,... >= 1000 DM,... < 1 year,2,female,none,4,unknown / no property,19,stores,for free,1,management / self-employed / highly qualified employee / officer,1,"yes, registered under customer's name",yes,2,divorced/separated
... < 0 DM,4,critical account / other credits existing (not at this bank),car (new),250,... < 100 DM,1 <= ... < 4 years,3,male,none,4,real estate,75,none,own,2,unskilled - resident,1,none,yes,2,married/widowed
0 <= ... < 200 DM,22,existing credits paid back duly till now,car (new),849,unknown / no savings account,1 <= ... < 4 years,4,male,guarantor,2,building society savings agreement / life insurance,22,none,own,2,unskilled - resident,1,none,yes,1,single
no checking account,24,all credits at this bank paid back duly,others,1173,... < 100 DM,... < 1 year,4,male,none,4,building society savings agreement / life insurance,33,bank,own,4,unemployed / unskilled - non-resident,1,none,yes,1,single
no checking account,5,delay in paying off in the past,domestic appliances,1884,... < 100 DM,... < 1 year,4,male,none,4,"car or other, not in savings account",19,none,own,2,skilled employee / official,1,none,yes,1,single
0 <= ... < 200 DM,31,delay in paying off in the past,others,654,... < 100 DM,... >= 7 years,2,male,none,3,"car or other, not in savings account",19,bank,own,2,skilled employee / official,1,"yes, registered under customer's name",yes,1,divorced/separated
no checking account,60,existing credits paid back duly till now,car (new),2675,unknown / no savings account,4 <= ... < 7 years,4,female,none,4,"car or other, not in savings account",27,none,own,1,skilled employee / official,1,"yes, registered under customer's name",yes,1,divorced/separated
0 <= ... < 200 DM,43,existing credits paid back duly till now,car (used),442,... < 100 DM,4 <= ... < 7 years,4,male,none,4,"car or other, not in savings account",49,none,own,1,management / self-employed / highly qualified employee / officer,1,"yes, registered under customer's name",yes,2,single
... < 0 DM,21,existing credits paid back duly till now,radio/television,250,100 <= ... < 500 DM,1 <= ... < 4 years,1,female,none,2,"car or other, not in savings account",29,none,own,2,skilled employee / official,1,none,yes,2,divorced/separated
no checking account,72,delay in paying off in the past,business,6020,... < 100 DM,... >= 7 years,4,male,none,4,unknown / no property,42,none,for free,1,skilled employee / official,1,"yes, registered under customer's name",yes,1,single
no checking account,44,existing credits paid back duly till now,car (new),13052,... < 100 DM,... >= 7 years,2,male,none,3,unknown / no property,22,none,own,2,skilled employee / official,1,"yes, registered under customer's name",yes,1,single
... < 0 DM,28,existing credits paid back duly till now,car (used),3144,unknown / no savings account,... >= 7 years,4,male,none,1,building society savings agreement / life insurance,75,none,own,3,management / self-employed / highly qualified employee / officer,1,none,yes,2,single
... < 0 DM,25,all credits at this bank paid back duly,radio/television,250,unknown / no savings account,4 <= ... < 7 years,4,male,co-applicant,1,"car or other, not in savings account",20,none,rent,4,skilled employee / official,1,none,yes,1,divorced/separated
no checking account,40,critical account / other credits existing (not at this bank),radio/television,1090,unknown / no savings account,... >= 7 years,4,female,none,4,real estate,43,none,own,2,skilled employee / official,1,none,yes,1,divorced/separated
... < 0 DM,24,existing credits paid back duly till now,car (new),7938,... < 100 DM,... < 1 year,1,female,co-applicant,4,unknown / no property,19,bank,rent,1,skilled employee / official,2,"yes, registered under customer's name",yes,1,divorced/separated
no checking account,4,critical account / other credits existing (not at this bank),car (new),3579,... < 100 DM,1 <= ... < 4 years,2,male,none,2,real estate,19,none,own,2,skilled employee / official,2,none,yes,1,single
0 <= ... < 200 DM,31,all credits at this bank paid back duly,car (new),3019,... < 100 DM,... >= 7 years,4,male,none,2,"car or other, not in savings account",64,none,for free,2,skilled employee / official,1,none,yes,2,single
0 <= ... < 200 DM,28,existing credits paid back duly till now,business,6878,100 <= ... < 500 DM,1 <= ... < 4 years,3,male,guarantor,4,real estate,48,none,own,1,skilled employee / official,1,"yes, registered under customer's name",yes,2,single
0 <= ... < 200 DM,4,existing credits paid back duly till now,radio/television,250,100 <= ... < 500 DM,... < 1 year,2,female,none,4,"car or other, not in savings account",19,none,own,1,unemployed / unskilled - non-resident,1,"yes, registered under customer's name",yes,1,divorced/separated
... < 0 DM,7,all credits at this bank paid back duly,education,250,500 <= ... < 1000 DM,1 <= ... < 4 years,1,male,none,3,real estate,35,none,own,4,skilled employee / official,1,none,yes,1,single
no checking account,20,critical account / other credits existing (not at this bank),car (new),4433,500 <= ... < 1000 DM,1 <= ... < 4 years,4,male,none,3,building society savings agreement / life insurance,75,none,own,2,skilled employee / official,1,none,yes,1,single
no checking account,42,critical account / other credits existing (not at this bank),business,1029,... < 100 DM,unemployed,2,male,none,4,"car or other, not in savings account",19,none,own,2,skilled employee / official,1,none,yes,1,single
no checking account,27,existing credits paid back duly till now,radio/television,2895,unknown / no savings account,1 <= ... < 4 years,4,male,none,4,real estate,19,none,own,1,management / self-employed / highly qualified employee / officer,1,none,yes,1,divorced/separated
... < 0 DM,22,critical account / other credits existing (not at this bank),business,1735,... < 100 DM,1 <= ... < 4 years,4,male,guarantor,4,real estate,26,none,own,2,skilled employee / official,1,none,no,1,single
no checking account,22,existing credits paid back duly till now,furniture/equipment,2328,100 <= ... < 500 DM,1 <= ... < 4 years,4,female,none,4,"car or other, not in savings account",36,none,own,1,skilled employee / official,1,none,yes,1,divorced/separated
... < 0 DM,7,no credits taken / all credits paid back duly,radio/television,3372,... < 100 DM,... >= 7 years,4,male,none,2,"car or other, not in savings account",38,none,own,2,unskilled - resident,1,none,yes,1,single
no checking account,9,existing credits paid back duly till now,business,15945,unknown / no savings account,... >= 7 years,4,male,none,4,"car or other, not in savings account",47,none,own,2,unskilled - resident,1,"yes, registered under customer's name",yes,2,single
no checking account,4,critical account / other credits existing (not at this bank),car (new),3068,unknown / no savings account,1 <= ... < 4 years,2,male,none,4,building society savings agreement / life insurance,57,none,own,3,unskilled - resident,2,none,no,1,single
0 <= ... < 200 DM,58,delay in paying off in the past,education,1759,... < 100 DM,unemployed,1,male,none,3,"car or other, not in savings account",35,none,own,1,skilled employee / official,1,none,yes,1,single
no checking account,8,existing credits paid back duly till now,furniture/equipment,2287,... < 100 DM,... < 1 year,4,female,none,4,"car or other, not in savings account",36,none,own,1,skilled employee / official,1,none,yes,1,divorced/separated
... < 0 DM,19,existing credits paid back duly till now,furniture/equipment,448,100 <= ... < 500 DM,... < 1 year,1,female,none,4,"car or other, not in savings account",19,bank,rent,1,skilled employee / official,1,"yes, registered under customer's name",yes,2,divorced/separated
... >= 200 DM / salary assignments for at least 1 year,18,critical account / other credits existing (not at this bank),education,1506,... < 100 DM,... < 1 year,3,male,guarantor,2,"car or other, not in savings account",47,none,rent,2,skilled employee / official,1,none,yes,2,single
