checking_account_status,duration_months,credit_history,purpose,credit_amount,savings_account,employment_duration,installment_rate,sex,other_debtors,residence_duration,property,age,other_installment_plans,housing,existing_credits,job,num_dependents,telephone,foreign_worker,target,relationship_status
no checking account,38,critical account / other credits existing (not at this bank),radio/television,15945,unknown / no savings account,... >= 7 years,2,male,none,4,unknown / no property,64,none,for free,1,management / self-employed / highly qualified employee / officer,1,"yes, registered under customer's name",yes,1,single
no checking account,20,critical account / other credits existing (not at this bank),radio/television,2678,... < 100 DM,1 <= ... < 4 years,4,male,none,2,"car or other, not in savings account",21,none,own,2,unskilled - resident,1,none,yes,2,single
no checking account,23,existing credits paid back duly till now,radio/television,333,... < 100 DM,unemployed,4,female,none,4,real estate,42,none,own,1,skilled employee / official,1,"yes, registered under customer's name",yes,1,divorced/separated
... >= 200 DM / salary assignments for at least 1 year,4,existing credits paid back duly till now,radio/television,1615,... < 100 DM,1 <= ... < 4 years,4,male,none,2,real estate,37,bank,own,1,skilled employee / official,1,none,yes,1,single
no checking account,4,critical account / other credits existing (not at this bank),car (new),379,unknown / no savings account,... < 1 year,3,female,none,3,real estate,70,none,own,2,unskilled - resident,1,none,yes,1,divorced/separated
no checking account,15,existing credits paid back duly till now,radio/television,250,100 <= ... < 500 DM,4 <= ... < 7 years,3,male,none,2,real estate,24,none,own,1,skilled employee / official,1,none,yes,1,single
no checking account,4,existing credits paid back duly till now,furniture/equipment,2081,unknown / no savings account,1 <= ... < 4 years,3,male,guarantor,2,real estate,47,none,own,2,unskilled - resident,2,none,no,1,single
0 <= ... < 200 DM,4,existing credits paid back duly till now,radio/television,684,500 <= ... < 1000 DM,... >= 7 years,3,male,none,2,"car or other, not in savings account",29,none,own,1,skilled employee / official,1,"yes, registered under customer's name",yes,1,single
no checking account,30,delay in paying off in the past,furniture/equipment,4627,unknown / no savings account,4 <= ... < 7 years,4,male,none,4,"car or other, not in savings account",24,none,own,2,skilled employee / official,1,"yes, registered under customer's name",yes,1,married/widowed
0 <= ... < 200 DM,5,delay in paying off in the past,education,5911,... < 100 DM,1 <= ... < 4 years,3,male,none,4,"car or other, not in savings account",62,stores,own,4,skilled employee / official,1,"yes, registered under customer's name",yes,2,single
... >= 200 DM / salary assignments for at least 1 year,4,existing credits paid back duly till now,radio/television,3259,... < 100 DM,1 <= ... < 4 years,2,male,none,4,real estate,25,none,own,1,skilled employee / official,1,none,yes,1,married/widowed
0 <= ... < 200 DM,23,no credits taken / all credits paid back duly,repairs,2499,unknown / no savings account,1 <= ... < 4 years,3,male,none,2,real estate,39,none,rent,3,unskilled - resident,2,none,no,1,single
no checking account,5,critical account / other credits existing (not at this bank),car (new),4787,unknown / no savings account,1 <= ... < 4 years,4,male,none,2,real estate,29,none,own,1,unskilled - resident,2,none,yes,1,single
no checking account,23,existing credits paid back duly till now,car (new),250,... >= 1000 DM,1 <= ... < 4 years,1,male,none,1,building society savings agreement / life insurance,43,stores,own,2,skilled employee / official,1,none,yes,1,single
0 <= ... < 200 DM,8,critical account / other credits existing (not at this bank),furniture/equipment,1811,unknown / no savings account,... >= 7 years,4,male,none,1,real estate,26,none,own,2,unskilled - resident,2,none,yes,1,single
no checking account,28,existing credits paid back duly till now,furniture/equipment,999,500 <= ... < 1000 DM,1 <= ... < 4 years,2,female,none,2,"car or other, not in savings account",37,none,own,1,skilled employee / official,1,none,yes,1,divorced/separated
no checking account,20,existing credits paid back duly till now,domestic appliances,4891,... < 100 DM,1 <= ... < 4 years,3,female,none,2,building society savings agreement / life insurance,26,none,rent,1,unskilled - resident,1,none,yes,1,divorced/separated
... < 0 DM,58,all credits at this bank paid back duly,education,953,... < 100 DM,1 <= ... < 4 years,4,male,none,3,"car or other, not in savings account",36,bank,own,2,skilled employee / official,1,"yes, registered under customer's name",yes,2,single
... < 0 DM,16,critical account / other credits existing (not at this bank),radio/television,3088,... >= 1000 DM,1 <= ... < 4 years,3,male,none,4,building society savings agreement / life insurance,39,none,own,2,skilled employee / official,2,none,yes,1,single
no checking account,25,delay in paying off in the past,business,1679,unknown / no savings account,... >= 7 years,4,male,none,4,unknown / no property,34,none,own,1,skilled employee / official,1,"yes, registered under customer's name",yes,1,single
... < 0 DM,22,existing credits paid back duly till now,radio/television,10528,... < 100 DM,... < 1 year,1,male,none,1,"car or other, not in savings account",20,none,rent,1,unskilled - resident,1,none,yes,2,divorced/separated
... < 0 DM,21,existing credits paid back duly till now,education,415,... < 100 DM,... < 1 year,1,female,co-applicant,2,real estate,33,none,rent,1,unskilled - resident,1,none,yes,2,divorced/separated
... < 0 DM,16,no credits taken / all credits paid back duly,business,250,100 <= ... < 500 DM,... >= 7 years,4,male,none,4,unknown / no property,75,bank,for free,1,skilled employee / official,1,"yes, registered under customer's name",yes,2,single
... < 0 DM,13,existing credits paid back duly till now,car (new),1588,unknown / no savings account,... < 1 year,2,male,none,3,"car or other, not in savings account",45,none,for free,1,management / self-employed / highly qualified employee / officer,1,none,yes,1,married/widowed
no checking account,31,critical account / other credits existing (not at this bank),business,5339,unknown / no savings account,... >= 7 years,1,male,none,2,building society savings agreement / life insurance,45,none,own,2,skilled employee / official,1,"yes, registered under customer's name",yes,1,single
0 <= ... < 200 DM,26,existing credits paid back duly till now,furniture/equipment,250,100 <= ... < 500 DM,... < 1 year,1,female,none,4,building society savings agreement / life insurance,25,bank,own,1,skilled employee / official,1,none,yes,2,divorced/separated
... < 0 DM,46,delay in paying off in the past,education,250,100 <= ... < 500 DM,... >= 7 years,3,female,none,3,"car or other, not in savings account",35,stores,own,2,skilled employee / official,1,"yes, registered under customer's name",yes,2,divorced/separated
0 <= ... < 200 DM,47,all credits at this bank paid back duly,car (used),15945,... < 100 DM,... >= 7 years,3,male,none,4,unknown / no property,32,bank,for free,1,management / self-employed / highly qualified employee / officer,1,"yes, registered under customer's name",yes,2,single
0 <= ... < 200 DM,4,existing credits paid back duly till now,retraining,3080,100 <= ... < 500 DM,4 <= ... < 7 years,3,male,co-applicant,4,real estate,25,none,rent,2,unemployed / unskilled - non-resident,1,none,yes,1,single
... < 0 DM,4,existing credits paid back duly till now,car (new),1213,... < 100 DM,... >= 7 years,4,male,none,2,building society savings agreement / life insurance,61,bank,own,1,skilled employee / official,1,"yes, registered under customer's name",yes,1,single
no checking account,11,existing credits paid back duly till now,car (new),357,... < 100 DM,... >= 7 years,1,female,none,4,building society savings agreement / life insurance,31,bank,own,3,skilled employee / official,1,none,yes,1,divorced/separated
0 <= ... < 200 DM,6,existing credits paid back duly till now,furniture/equipment,3633,500 <= ... < 1000 DM,4 <= ... < 7 years,1,male,none,4,building society savings agreement / life insurance,57,none,rent,1,unskilled - resident,2,none,yes,1,single
0 <= ... < 200 DM,25,existing credits paid back duly till now,car (new),250,100 <= ... < 500 DM,1 <= ... < 4 years,2,female,none,4,"car or other, not in savings account",37,none,own,3,skilled employee / official,1,none,yes,1,single
0 <= ... < 200 DM,50,delay in paying off in the past,domestic appliances,3377,... < 100 DM,... < 1 year,3,male,none,1,real estate,19,none,own,2,skilled employee / official,1,none,yes,1,married/widowed
no checking account,26,existing credits paid back duly till now,radio/television,966,unknown / no savings account,... >= 7 years,4,female,none,4,building society savings agreement / life insurance,34,bank,own,1,skilled employee / official,1,none,yes,1,single
no checking account,9,critical account / other credits existing (not at this bank),car (new),4516,500 <= ... < 1000 DM,unemployed,3,male,none,1,real estate,66,none,own,1,unskilled - resident,1,none,yes,1,single
no checking account,9,existing credits paid back duly till now,car (new),682,500 <= ... < 1000 DM,... >= 7 years,4,male,none,1,real estate,75,none,own,2,unskilled - resident,1,none,yes,1,married/widowed
no checking account,4,no credits taken / all credits paid back duly,furniture/equipment,2676,100 <= ... < 500 DM,... >= 7 years,2,male,none,2,real estate,36,none,own,1,unskilled - resident,1,"yes, registered under customer's name",yes,1,single
no checking account,4,critical account / other credits existing (not at this bank),repairs,1140,unknown / no savings account,... >= 7 years,4,male,none,3,"car or other, not in savings account",44,none,own,2,skilled employee / official,1,none,yes,1,married/widowed
no checking account,16,no credits taken / all credits paid back duly,car (used),9594,100 <= ... < 500 DM,1 <= ... < 4 years,2,female,none,4,unknown / no property,32,none,for free,2,skilled employee / official,1,none,yes,1,divorced/separated
... >= 200 DM / salary assignments for at least 1 year,21,existing credits paid back duly till now,car (new),250,100 <= ... < 500 DM,... < 1 year,4,female,none,4,"car or other, not in savings account",38,none,own,2,skilled employee / official,1,none,yes,2,divorced/separated
... < 0 DM,21,existing credits paid back duly till now,radio/television,648,unknown / no savings account,... < 1 year,4,female,guarantor,2,building society savings agreement / life insurance,19,none,own,1,skilled employee / official,1,none,yes,2,divorced/separated
no checking account,5,existing credits paid back duly till now,car (new),1725,... >= 1000 DM,1 <= ... < 4 years,1,female,none,2,real estate,20,none,rent,1,unemployed / unskilled - non-resident,1,none,yes,1,divorced/separated
no checking account,20,existing credits paid back duly till now,furniture/equipment,3968,... < 100 DM,1 <= ... < 4 years,4,female,none,1,"car or other, not in savings account",21,none,own,1,skilled employee / official,1,"yes, registered under customer's name",yes,1,married/widowed
... < 0 DM,4,existing credits paid back duly till now,domestic appliances,250,... < 100 DM,1 <= ... < 4 years,1,female,none,4,"car or other, not in savings account",31,none,rent,1,skilled employee / official,1,none,yes,2,divorced/separated
... < 0 DM,23,existing credits paid back duly till now,radio/television,496,... < 100 DM,1 <= ... < 4 years,4,male,co-applicant,1,building society savings agreement / life insurance,19,none,own,1,unskilled - resident,1,none,yes,2,single
no checking account,23,existing credits paid back duly till now,furniture/equipment,4072,100 <= ... < 500 DM,4 <= ... < 7 years,2,male,none,2,"car or other, not in savings account",33,none,own,2,skilled employee / official,1,"yes, registered under customer's name",yes,1,single
... < 0 DM,42,critical account / other credits existing (not at this bank),radio/television,1655,unknown / no savings account,... < 1 year,4,male,none,2,"car or other, not in savings account",19,none,own,1,skilled employee / official,1,none,yes,2,single
0 <= ... < 200 DM,46,existing credits paid back duly till now,business,3561,... < 100 DM,1 <= ... < 4 years,2,female,none,2,"car or other, not in savings account",23,none,own,1,skilled employee / official,1,none,yes,2,divorced/separated
0 <= ... < 200 DM,17,critical account / other credits existing (not at this bank),radio/television,3020,500 <= ... < 1000 DM,4 <= ... < 7 years,4,male,none,2,"car or other, not in savings account",30,none,rent,1,skilled employee / official,1,none,yes,1,single
... < 0 DM,26,critical account / other credits existing (not at this bank),education,11712,... < 100 DM,... >= 7 years,4,male,none,4,"car or other, not in savings account",48,none,own,2,skilled employee / official,1,none,yes,2,single
no checking account,23,critical account / other credits existing (not at this bank),radio/television,2179,unknown / no savings account,1 <= ... < 4 years,4,female,none,4,real estate,53,none,own,3,skilled employee / official,1,none,yes,1,divorced/separated
0 <= ... < 200 DM,17,existing credits paid back duly till now,car (used),8758,100 <= ... < 500 DM,1 <= ... < 4 years,2,male,none,4,building society savings agreement / life insurance,75,none,own,2,skilled employee / official,1,none,yes,1,single
0 <= ... < 200 DM,25,existing credits paid back duly till now,business,1472,... >= 1000 DM,... < 1 year,4,male,none,1,"car or other, not in savings account",26,bank,own,1,unskilled - resident,1,none,no,2,married/widowed
... < 0 DM,22,existing credits paid back duly till now,furniture/equipment,1884,500 <= ... < 1000 DM,unemployed,4,male,none,2,"car or other, not in savings account",25,bank,own,1,skilled employee / official,1,"yes, registered under customer's name",yes,2,single
0 <= ... < 200 DM,15,critical account / other credits existing (not at this bank),car (new),2740,... >= 1000 DM,... >= 7 years,4,male,none,3,real estate,51,none,own,1,skilled employee / official,1,"yes, registered under customer's name",yes,1,married/widowed
no checking account,19,existing credits paid back duly till now,education,250,500 <= ... < 1000 DM,1 <= ... < 4 years,3,male,none,1,"car or other, not in savings account",30,none,own,1,unskilled - resident,1,"yes, registered under customer's name",yes,1,divorced/separated
no checking account,4,existing credits paid back duly till now,furniture/equipment,2840,100 <= ... < 500 DM,4 <= ... < 7 years,2,male,none,4,real estate,54,bank,own,1,unskilled - resident,2,"yes, registered under customer's name",yes,1,single
... < 0 DM,35,critical account / other credits existing (not at this bank),business,2942,... < 100 DM,unemployed,4,female,none,2,building society savings agreement / life insurance,45,none,own,2,skilled employee / official,1,"yes, registered under customer's name",yes,1,divorced/separated
0 <= ... < 200 DM,18,all credits at this bank paid back duly,car (new),250,... < 100 DM,... >= 7 years,4,female,none,4,"car or other, not in savings account",52,bank,own,1,skilled employee / official,1,"yes, registered under customer's name",yes,1,divorced/separated
... >= 200 DM / salary assignments for at least 1 year,4,existing credits paid back duly till now,radio/television,3041,unknown / no savings account,... >= 7 years,3,male,co-applicant,3,unknown / no property,57,none,for free,1,unskilled - resident,1,none,yes,1,single
no checking account,22,existing credits paid back duly till now,radio/television,1095,... < 100 DM,... >= 7 years,4,male,none,2,"car or other, not in savings account",31,none,own,1,unskilled - resident,1,none,yes,2,single
no checking account,4,critical account / other credits existing (not at this bank),furniture/equipment,1646,unknown / no savings account,... < 1 year,3,male,none,2,"car or other, not in savings account",33,none,own,1,skilled employee / official,1,"yes, registered under customer's name",yes,1,single
... >= 200 DM / salary assignments for at least 1 year,24,existing credits paid back duly till now,car (new),2557,unknown / no savings account,... < 1 year,1,male,none,1,building society savings agreement / life insurance,20,none,rent,1,skilled employee / official,1,none,yes,1,divorced/separated
no checking account,4,critical account / other credits existing (not at this bank),car (new),416,... < 100 DM,1 <= ... < 4 years,2,female,none,4,real estate,67,none,own,2,skilled employee / official,1,none,yes,1,divorced/separated
... < 0 DM,26,all credits at this bank paid back duly,business,3565,unknown / no savings account,... >= 7 years,2,male,none,4,unknown / no property,63,bank,for free,4,skilled employee / official,2,"yes, registered under customer's name",yes,1,single
... < 0 DM,14,critical account / other credits existing (not at this bank),education,3034,... < 100 DM,1 <= ... < 4 years,4,female,none,4,real estate,32,none,own,2,skilled employee / official,1,none,yes,1,divorced/separated
... < 0 DM,24,no credits taken / all credits paid back duly,car (new),3271,... < 100 DM,1 <= ... < 4 years,4,male,none,4,building society savings agreement / life insurance,38,bank,own,1,management / self-employed / highly qualified employee / officer,1,"yes, registered under customer's name",yes,1,single
... < 0 DM,10,critical account / other credits existing (not at this bank),car (used),8500,... < 100 DM,... >= 7 years,4,male,none,4,unknown / no property,35,none,own,2,management / self-employed / highly qualified employee / officer,1,"yes, registered under customer's name",yes,2,divorced/separated
no checking account,23,existing credits paid back duly till now,furniture/equipment,2494,... < 100 DM,1 <= ... < 4 years,1,female,none,2,"car or other, not in savings account",27,none,rent,1,skilled employee / official,1,none,yes,1,divorced/separated
... < 0 DM,19,existing credits paid back duly till now,radio/television,2886,unknown / no savings account,... >= 7 years,3,male,none,4,"car or other, not in savings account",55,none,own,1,skilled employee / official,1,none,yes,1,single
0 <= ... < 200 DM,37,delay in paying off in the past,radio/television,1521,... < 100 DM,4 <= ... < 7 years,4,male,none,2,real estate,50,stores,own,3,skilled employee / official,1,none,yes,1,single
no checking account,26,critical account / other credits existing (not at this bank),car (used),2381,... < 100 DM,1 <= ... < 4 years,4,male,none,4,unknown / no property,54,none,for free,2,skilled employee / official,1,"yes, registered under customer's name",yes,1,single
no checking account,23,existing credits paid back duly till now,radio/television,517,... >= 1000 DM,1 <= ... < 4 years,1,female,none,4,real estate,30,none,own,1,skilled employee / official,1,none,yes,1,divorced/separated
no checking account,29,critical account / other credits existing (not at this bank),car (used),368,100 <= ... < 500 DM,... < 1 year,2,female,none,4,building society savings agreement / life insurance,75,none,own,2,skilled employee / official,1,none,yes,1,divorced/separated
... < 0 DM,24,all credits at this bank paid back duly,others,5187,... >= 1000 DM,... >= 7 years,4,male,none,4,building society savings agreement / life insurance,75,bank,own,2,skilled employee / official,1,"yes, registered under customer's name",yes,1,single
no checking account,4,critical account / other credits existing (not at this bank),furniture/equipment,1377,... < 100 DM,1 <= ... < 4 years,4,female,none,4,"car or other, not in savings account",30,none,own,1,skilled employee / official,1,none,yes,1,divorced/separated
... < 0 DM,12,existing credits paid back duly till now,car (new),1139,... < 100 DM,... < 1 year,3,male,none,1,"car or other, not in savings account",25,none,rent,1,unskilled - resident,1,none,yes,2,married/widowed
... < 0 DM,30,existing credits paid back duly till now,car (used),10962,... < 100 DM,... >= 7 years,3,male,co-applicant,4,unknown / no property,19,none,for free,2,skilled employee / official,1,"yes, registered under customer's name",yes,2,divorced/separated
0 <= ... < 200 DM,29,critical account / other credits existing (not at this bank),business,3459,... < 100 DM,... < 1 year,2,male,none,1,real estate,24,none,own,2,unskilled - resident,1,none,yes,2,married/widowed
... < 0 DM,26,existing credits paid back duly till now,car (used),1089,... < 100 DM,4 <= ... < 7 years,3,male,none,4,unknown / no property,71,none,for free,1,skilled employee / official,1,"yes, registered under customer's name",yes,1,single
0 <= ... < 200 DM,4,delay in paying off in the past,radio/television,7178,... < 100 DM,1 <= ... < 4 years,3,male,none,1,real estate,53,none,own,2,skilled employee / official,2,none,yes,1,married/widowed
no checking account,19,critical account / other credits existing (not at this bank),furniture/equipment,5745,500 <= ... < 1000 DM,4 <= ... < 7 years,4,male,none,3,"car or other, not in savings account",20,none,rent,2,skilled employee / official,1,"yes, registered under customer's name",yes,1,single
no checking account,20,existing credits paid back duly till now,car (used),14025,unknown / no savings account,unemployed,1,female,none,2,building society savings agreement / life insurance,30,none,own,2,management / self-employed / highly qualified employee / officer,1,"yes, registered under customer's name",yes,1,divorced/separated
0 <= ... < 200 DM,28,existing credits paid back duly till now,radio/television,3081,unknown / no savings account,4 <= ... < 7 years,4,female,none,2,"car or other, not in savings account",19,stores,rent,1,management / self-employed / highly qualified employee / officer,1,"yes, registered under customer's name",yes,2,divorced/separated
no checking account,25,existing credits paid back duly till now,car (new),3184,... < 100 DM,4 <= ... < 7 years,2,male,none,4,real estate,50,none,own,1,unskilled - resident,1,none,yes,1,divorced/separated
no checking account,24,existing credits paid back duly till now,radio/television,527,... < 100 DM,4 <= ... < 7 years,4,male,none,3,building society savings agreement / life insurance,28,none,own,1,skilled employee / official,1,none,yes,1,married/widowed
... >= 200 DM / salary assignments for at least 1 year,4,existing credits paid back duly till now,radio/television,5581,... < 100 DM,1 <= ... < 4 years,4,male,none,2,"car or other, not in savings account",60,bank,own,1,unskilled - resident,1,"yes, registered under customer's name",yes,1,married/widowed
0 <= ... < 200 DM,4,existing credits paid back duly till now,furniture/equipment,250,... < 100 DM,... < 1 year,4,male,none,2,building society savings agreement / life insurance,75,none,own,1,unskilled - resident,1,none,yes,1,married/widowed
... < 0 DM,26,existing credits paid back duly till now,furniture/equipment,250,... < 100 DM,4 <= ... < 7 years,1,female,none,4,"car or other, not in savings account",34,none,rent,2,skilled employee / official,1,none,yes,2,divorced/separated
... < 0 DM,4,existing credits paid back duly till now,car (used),2048,... < 100 DM,... >= 7 years,3,male,co-applicant,4,unknown / no property,52,none,own,1,skilled employee / official,1,"yes, registered under customer's name",yes,1,single
no checking account,26,existing credits paid back duly till now,car (used),3275,100 <= ... < 500 DM,... >= 7 years,3,male,none,4,unknown / no property,35,bank,for free,1,skilled employee / official,1,"yes, registered under customer's name",yes,2,single
no checking account,23,critical account / other credits existing (not at this bank),radio/television,250,100 <= ... < 500 DM,... >= 7 years,3,male,none,4,real estate,38,bank,own,2,unskilled - resident,2,none,yes,1,single
... < 0 DM,41,no credits taken / all credits paid back duly,furniture/equipment,2957,... < 100 DM,... >= 7 years,2,male,none,2,unknown / no property,23,none,own,1,skilled employee / official,1,"yes, registered under customer's name",yes,1,single
no checking account,15,existing credits paid back duly till now,car (used),2022,... < 100 DM,... >= 7 years,2,female,none,4,building society savings agreement / life insurance,54,none,for free,1,unskilled - resident,2,none,yes,1,divorced/separated
... < 0 DM,25,critical account / other credits existing (not at this bank),radio/television,545,... < 100 DM,... >= 7 years,4,male,none,4,"car or other, not in savings account",53,none,own,2,skilled employee / official,1,"yes, registered under customer's name",yes,1,single
... < 0 DM,16,existing credits paid back duly till now,car (new),3339,100 <= ... < 500 DM,1 <= ... < 4 years,1,female,none,4,"car or other, not in savings account",19,none,rent,2,unemployed / unskilled - non-resident,1,none,yes,1,divorced/separated
0 <= ... < 200 DM,57,delay in paying off in the past,car (new),1376,unknown / no savings account,1 <= ... < 4 years,2,male,none,3,unknown / no property,40,none,own,1,management / self-employed / highly qualified employee / officer,1,"yes, registered under customer's name",yes,1,single
... >= 200 DM / salary assignments for at least 1 year,4,existing credits paid back duly till now,radio/television,1561,... < 100 DM,1 <= ... < 4 years,2,female,none,2,"car or other, not in savings account",33,none,rent,1,skilled employee / official,1,none,yes,1,divorced/separated
no checking account,25,critical account / other credits existing (not at this bank),business,1468,... < 100 DM,4 <= ... < 7 years,2,male,none,3,"car or other, not in savings account",37,none,own,2,management / self-employed / highly qualified employee / officer,2,none,yes,1,single
no checking account,14,existing credits paid back duly till now,radio/television,511,... < 100 DM,1 <= ... < 4 years,4,female,none,3,real estate,33,none,own,1,unskilled - resident,1,none,yes,1,divorced/separated
no checking account,17,critical account / other credits existing (not at this bank),business,284,unknown / no savings account,... >= 7 years,4,male,none,4,building society savings agreement / life insurance,63,none,for free,2,skilled employee / official,2,"yes, registered under customer's name",yes,1,single
0 <= ... < 200 DM,9,existing credits paid back duly till now,radio/television,953,... >= 1000 DM,1 <= ... < 4 years,4,male,co-applicant,2,real estate,28,none,own,1,skilled employee / official,2,none,yes,2,married/widowed
no checking account,36,critical account / other credits existing (not at this bank),car (used),250,unknown / no savings account,4 <= ... < 7 years,4,male,none,4,"car or other, not in savings account",32,none,for free,2,skilled employee / official,1,none,yes,1,single
no checking account,14,existing credits paid back duly till now,car (used),1857,500 <= ... < 1000 DM,1 <= ... < 4 years,2,female,none,4,unknown / no property,75,none,own,2,unskilled - resident,2,none,yes,1,divorced/separated
... < 0 DM,18,existing credits paid back duly till now,car (new),1010,... < 100 DM,unemployed,1,female,none,4,unknown / no property,31,none,rent,1,management / self-employed / highly qualified employee / officer,1,none,yes,2,divorced/separated
... >= 200 DM / salary assignments for at least 1 year,20,existing credits paid back duly till now,radio/television,3194,100 <= ... < 500 DM,... < 1 year,3,male,none,3,building society savings agreement / life insurance,27,none,own,1,skilled employee / official,2,none,yes,2,single
... < 0 DM,4,critical account / other credits existing (not at this bank),others,12487,... < 100 DM,unemployed,4,female,none,4,unknown / no property,67,bank,for free,2,unskilled - resident,2,"yes, registered under customer's name",yes,2,single
0 <= ... < 200 DM,9,existing credits paid back duly till now,car (used),3779,unknown / no savings account,1 <= ... < 4 years,4,male,none,4,"car or other, not in savings account",19,none,for free,1,management / self-employed / highly qualified employee / officer,1,"yes, registered under customer's name",yes,1,single
no checking account,23,existing credits paid back duly till now,radio/television,1111,... < 100 DM,... >= 7 years,3,male,none,1,real estate,35,none,own,1,skilled employee / official,1,none,yes,1,single
... < 0 DM,25,critical account / other credits existing (not at this bank),car (new),250,... < 100 DM,... >= 7 years,3,female,none,4,unknown / no property,75,none,for free,2,unemployed / unskilled - non-resident,1,none,yes,2,divorced/separated
0 <= ... < 200 DM,38,critical account / other credits existing (not at this bank),domestic appliances,3685,100 <= ... < 500 DM,... < 1 year,2,male,none,4,building society savings agreement / life insurance,42,none,for free,1,unemployed / unskilled - non-resident,1,"yes, registered under customer's name",yes,2,divorced/separated
... < 0 DM,22,existing credits paid back duly till now,business,5783,unknown / no savings account,1 <= ... < 4 years,3,male,guarantor,2,building society savings agreement / life insurance,41,none,own,1,skilled employee / official,2,none,yes,1,single
... < 0 DM,6,existing credits paid back duly till now,radio/television,250,... < 100 DM,1 <= ... < 4 years,4,male,guarantor,3,real estate,26,none,own,1,skilled employee / official,1,none,no,1,married/widowed
no checking account,41,existing credits paid back duly till now,car (new),1497,... < 100 DM,1 <= ... < 4 years,1,female,none,4,"car or other, not in savings account",30,none,rent,2,skilled employee / official,1,none,yes,1,divorced/separated
... >= 200 DM / salary assignments for at least 1 year,4,existing credits paid back duly till now,radio/television,2993,... < 100 DM,1 <= ... < 4 years,4,male,none,2,building society savings agreement / life insurance,22,none,own,1,skilled employee / official,1,"yes, registered under customer's name",yes,1,married/widowed
... < 0 DM,8,critical account / other credits existing (not at this bank),radio/television,2383,... < 100 DM,... >= 7 years,4,female,none,2,real estate,25,none,own,1,skilled employee / official,1,none,yes,1,divorced/separated
no checking account,24,existing credits paid back duly till now,car (used),250,... < 100 DM,... >= 7 years,4,male,none,4,unknown / no property,75,bank,for free,1,skilled employee / official,1,none,yes,2,single
no checking account,39,delay in paying off in the past,business,250,unknown / no savings account,4 <= ... < 7 years,2,male,none,2,"car or other, not in savings account",34,none,own,2,skilled employee / official,1,none,yes,1,single
no checking account,14,existing credits paid back duly till now,repairs,1346,... < 100 DM,unemployed,4,male,none,3,"car or other, not in savings account",34,none,own,3,skilled employee / official,1,"yes, registered under customer's name",yes,2,single
0 <= ... < 200 DM,10,existing credits paid back duly till now,car (new),596,... < 100 DM,... < 1 year,2,male,none,3,real estate,42,none,own,1,skilled employee / official,1,none,yes,1,married/widowed
no checking account,24,existing credits paid back duly till now,furniture/equipment,2697,unknown / no savings account,unemployed,3,male,none,4,unknown / no property,52,bank,own,1,unskilled - resident,2,"yes, registered under customer's name",yes,2,single
... < 0 DM,28,critical account / other credits existing (not at this bank),radio/television,250,... < 100 DM,... < 1 year,4,male,none,2,real estate,59,none,own,1,management / self-employed / highly qualified employee / officer,1,"yes, registered under customer's name",yes,1,divorced/separated
... < 0 DM,17,no credits taken / all credits paid back duly,furniture/equipment,8095,... < 100 DM,... < 1 year,4,female,none,4,unknown / no property,34,bank,rent,2,management / self-employed / highly qualified employee / officer,1,none,yes,2,divorced/separated
no checking account,20,critical account / other credits existing (not at this bank),radio/television,250,100 <= ... < 500 DM,4 <= ... < 7 years,3,male,none,4,building society savings agreement / life insurance,46,none,own,2,unskilled - resident,1,none,yes,1,single
0 <= ... < 200 DM,26,critical account / other credits existing (not at this bank),car (used),15524,... < 100 DM,unemployed,2,male,none,4,unknown / no property,27,bank,for free,2,management / self-employed / highly qualified employee / officer,1,"yes, registered under customer's name",yes,2,divorced/separated
... < 0 DM,14,all credits at this bank paid back duly,furniture/equipment,1771,... < 100 DM,... >= 7 years,4,female,none,4,building society savings agreement / life insurance,40,stores,own,2,skilled employee / official,1,none,yes,2,divorced/separated
no checking account,19,critical account / other credits existing (not at this bank),car (new),4736,unknown / no savings account,1 <= ... < 4 years,2,male,none,4,building society savings agreement / life insurance,53,bank,rent,1,unemployed / unskilled - non-resident,1,"yes, registered under customer's name",yes,1,single
0 <= ... < 200 DM,25,delay in paying off in the past,business,2833,unknown / no savings account,1 <= ... < 4 years,2,male,none,2,building society savings agreement / life insurance,25,stores,rent,1,skilled employee / official,1,none,yes,1,married/widowed
0 <= ... < 200 DM,4,all credits at this bank paid back duly,domestic appliances,11746,100 <= ... < 500 DM,unemployed,2,male,none,2,real estate,63,none,own,2,skilled employee / official,2,"yes, registered under customer's name",yes,1,married/widowed
... < 0 DM,12,all credits at this bank paid back duly,car (new),1978,... < 100 DM,unemployed,4,female,none,1,unknown / no property,38,bank,own,1,skilled employee / official,1,"yes, registered under customer's name",yes,2,divorced/separated
... < 0 DM,19,existing credits paid back duly till now,car (new),1504,... < 100 DM,1 <= ... < 4 years,2,male,none,2,real estate,33,none,own,1,skilled employee / official,1,none,yes,1,divorced/separated
no checking account,23,existing credits paid back duly till now,car (used),2639,100 <= ... < 500 DM,... >= 7 years,4,male,none,4,unknown / no property,22,none,for free,3,management / self-employed / highly qualified employee / officer,1,"yes, registered under customer's name",yes,2,single
... < 0 DM,25,delay in paying off in the past,repairs,4833,100 <= ... < 500 DM,4 <= ... < 7 years,4,male,none,3,"car or other, not in savings account",39,stores,own,1,skilled employee / official,1,none,yes,2,single
no checking account,47,critical account / other credits existing (not at this bank),furniture/equipment,5890,unknown / no savings account,4 <= ... < 7 years,2,male,co-applicant,3,real estate,38,none,own,3,skilled employee / official,1,none,yes,1,single
0 <= ... < 200 DM,13,existing credits paid back duly till now,furniture/equipment,250,... < 100 DM,4 <= ... < 7 years,4,female,none,4,building society savings agreement / life insurance,42,none,rent,1,skilled employee / official,1,none,yes,2,divorced/separated
0 <= ... < 200 DM,25,existing credits paid back duly till now,car (used),1252,... >= 1000 DM,4 <= ... < 7 years,2,male,none,4,"car or other, not in savings account",30,none,own,1,skilled employee / official,1,none,yes,1,married/widowed
0 <= ... < 200 DM,7,critical account / other credits existing (not at this bank),car (new),250,... < 100 DM,unemployed,4,female,none,4,real estate,73,bank,own,2,unskilled - resident,1,none,yes,1,divorced/separated
... >= 200 DM / salary assignments for at least 1 year,7,critical account / other credits existing (not at this bank),car (used),250,... < 100 DM,1 <= ... < 4 years,2,male,none,2,real estate,49,bank,own,1,unskilled - resident,2,none,no,1,single
... < 0 DM,4,existing credits paid back duly till now,business,3145,500 <= ... < 1000 DM,1 <= ... < 4 years,3,male,none,3,building society savings agreement / life insurance,43,none,own,1,skilled employee / official,1,none,yes,1,single
no checking account,4,critical account / other credits existing (not at this bank),repairs,250,unknown / no savings account,1 <= ... < 4 years,2,male,none,2,building society savings agreement / life insurance,36,none,own,2,skilled employee / official,2,none,yes,1,single
no checking account,4,existing credits paid back duly till now,car (new),696,... < 100 DM,1 <= ... < 4 years,1,female,none,4,real estate,21,none,own,1,unskilled - resident,1,none,yes,1,divorced/separated
0 <= ... < 200 DM,8,critical account / other credits existing (not at this bank),radio/television,3109,unknown / no savings account,1 <= ... < 4 years,2,male,none,2,real estate,22,none,own,1,unskilled - resident,1,none,no,1,married/widowed
no checking account,28,existing credits paid back duly till now,car (new),250,unknown / no savings account,1 <= ... < 4 years,1,female,none,2,real estate,21,none,own,1,skilled employee / official,1,"yes, registered under customer's name",yes,1,divorced/separated
no checking account,27,delay in paying off in the past,car (used),250,unknown / no savings account,4 <= ... < 7 years,2,female,none,4,"car or other, not in savings account",29,none,own,1,management / self-employed / highly qualified employee / officer,1,none,yes,2,divorced/separated
... >= 200 DM / salary assignments for at least 1 year,14,all credits at this bank paid back duly,furniture/equipment,1143,... < 100 DM,... < 1 year,1,female,none,4,real estate,37,none,own,2,skilled employee / official,1,none,yes,1,divorced/separated
... >= 200 DM / salary assignments for at least 1 year,20,existing credits paid back duly till now,radio/television,1447,unknown / no savings account,1 <= ... < 4 years,4,male,none,3,"car or other, not in savings account",32,stores,own,1,skilled employee / official,1,none,yes,1,married/widowed
... < 0 DM,4,critical account / other credits existing (not at this bank),radio/television,2059,... < 100 DM,... >= 7 years,4,female,none,3,"car or other, not in savings account",32,stores,own,2,skilled employee / official,1,"yes, registered under customer's name",yes,2,divorced/separated
no checking account,4,existing credits paid back duly till now,car (new),1669,unknown / no savings account,1 <= ... < 4 years,3,female,none,2,real estate,39,none,own,1,skilled employee / official,1,"yes, registered under customer's name",yes,1,divorced/separated
... < 0 DM,16,existing credits paid back duly till now,radio/television,1892,... < 100 DM,... >= 7 years,4,male,none,4,"car or other, not in savings account",72,bank,own,1,skilled employee / official,1,"yes, registered under customer's name",yes,1,single
0 <= ... < 200 DM,31,existing credits paid back duly till now,car (new),1852,... < 100 DM,... >= 7 years,4,male,none,1,building society savings agreement / life insurance,38,none,rent,1,skilled employee / official,2,none,yes,1,single
0 <= ... < 200 DM,60,existing credits paid back duly till now,car (new),250,... < 100 DM,1 <= ... < 4 years,3,male,none,1,unknown / no property,33,none,for free,1,management / self-employed / highly qualified employee / officer,1,"yes, registered under customer's name",yes,2,single
0 <= ... < 200 DM,30,delay in paying off in the past,car (used),6287,... < 100 DM,unemployed,1,male,none,4,unknown / no property,30,bank,own,2,skilled employee / official,1,"yes, registered under customer's name",yes,2,single
no checking account,16,critical account / other credits existing (not at this bank),education,5360,100 <= ... < 500 DM,1 <= ... < 4 years,2,male,none,2,real estate,23,none,own,2,unskilled - resident,1,none,yes,1,single
no checking account,7,existing credits paid back duly till now,radio/television,250,... < 100 DM,1 <= ... < 4 years,1,male,none,3,real estate,50,none,own,1,unskilled - resident,1,none,yes,1,married/widowed
no checking account,4,all credits at this bank paid back duly,radio/television,250,... < 100 DM,1 <= ... < 4 years,4,male,none,1,"car or other, not in savings account",70,none,own,2,skilled employee / official,1,"yes, registered under customer's name",yes,1,single
... < 0 DM,4,no credits taken / all credits paid back duly,car (new),1106,... < 100 DM,... >= 7 years,1,male,guarantor,3,real estate,38,none,own,1,skilled employee / official,2,"yes, registered under customer's name",no,1,single
0 <= ... < 200 DM,42,all credits at this bank paid back duly,car (used),11035,100 <= ... < 500 DM,... >= 7 years,2,male,none,4,unknown / no property,43,bank,own,2,management / self-employed / highly qualified employee / officer,2,"yes, registered under customer's name",yes,2,single
no checking account,8,existing credits paid back duly till now,radio/television,1282,100 <= ... < 500 DM,1 <= ... < 4 years,4,male,guarantor,2,building society savings agreement / life insurance,34,none,own,1,unskilled - resident,2,none,no,1,single
no checking account,25,existing credits paid back duly till now,radio/television,250,100 <= ... < 500 DM,1 <= ... < 4 years,4,male,none,2,"car or other, not in savings account",22,none,own,1,skilled employee / official,1,none,yes,1,single
0 <= ... < 200 DM,23,all credits at this bank paid back duly,car (used),1988,100 <= ... < 500 DM,... >= 7 years,3,male,none,4,unknown / no property,75,none,for free,1,skilled employee / official,1,none,yes,1,single
no checking account,22,existing credits paid back duly till now,domestic appliances,6329,100 <= ... < 500 DM,1 <= ... < 4 years,2,female,none,4,building society savings agreement / life insurance,22,none,own,3,management / self-employed / highly qualified employee / officer,1,none,yes,1,married/widowed
no checking account,22,existing credits paid back duly till now,car (new),545,... < 100 DM,... >= 7 years,4,female,none,2,"car or other, not in savings account",31,none,own,1,skilled employee / official,1,none,yes,2,divorced/separated
... < 0 DM,20,critical account / other credits existing (not at this bank),radio/television,363,... < 100 DM,1 <= ... < 4 years,4,male,guarantor,1,building society savings agreement / life insurance,23,none,own,2,unskilled - resident,1,none,yes,1,single
... < 0 DM,22,critical account / other credits existing (not at this bank),car (used),4309,... < 100 DM,... >= 7 years,1,male,none,4,unknown / no property,26,none,for free,2,skilled employee / official,1,none,yes,1,divorced/separated
no checking account,4,existing credits paid back duly till now,car (new),250,... >= 1000 DM,4 <= ... < 7 years,3,female,none,3,real estate,75,none,own,1,unskilled - resident,1,none,yes,1,divorced/separated
no checking account,4,critical account / other credits existing (not at this bank),radio/television,353,100 <= ... < 500 DM,... >= 7 years,4,male,none,4,"car or other, not in savings account",45,none,own,1,skilled employee / official,1,none,yes,1,single
no checking account,22,critical account / other credits existing (not at this bank),education,2540,... < 100 DM,unemployed,3,male,none,3,"car or other, not in savings account",61,bank,own,2,skilled employee / official,1,"yes, registered under customer's name",yes,1,single
no checking account,4,existing credits paid back duly till now,radio/television,1396,... < 100 DM,1 <= ... < 4 years,4,male,none,4,building society savings agreement / life insurance,41,bank,rent,1,unskilled - resident,1,none,yes,1,married/widowed
... >= 200 DM / salary assignments for at least 1 year,5,existing credits paid back duly till now,radio/television,1291,unknown / no savings account,... < 1 year,2,female,none,2,"car or other, not in savings account",24,stores,own,1,skilled employee / official,1,none,yes,1,divorced/separated
... >= 200 DM / salary assignments for at least 1 year,18,existing credits paid back duly till now,car (new),250,... < 100 DM,1 <= ... < 4 years,1,female,none,4,real estate,75,bank,rent,1,skilled employee / official,1,none,yes,2,divorced/separated
no checking account,17,critical account / other credits existing (not at this bank),car (used),880,unknown / no savings account,1 <= ... < 4 years,2,male,co-applicant,4,unknown / no property,28,none,own,1,unskilled - resident,1,none,yes,1,divorced/separated
no checking account,7,all credits at this bank paid back duly,education,926,... < 100 DM,1 <= ... < 4 years,2,female,none,4,real estate,34,none,rent,2,management / self-employed / highly qualified employee / officer,1,none,yes,1,divorced/separated
no checking account,19,existing credits paid back duly till now,furniture/equipment,3598,... < 100 DM,4 <= ... < 7 years,1,male,none,2,building society savings agreement / life insurance,27,none,own,1,skilled employee / official,1,"yes, registered under customer's name",yes,1,married/widowed
no checking account,20,delay in paying off in the past,furniture/equipment,4684,100 <= ... < 500 DM,... < 1 year,3,female,none,4,unknown / no property,19,none,for free,1,unemployed / unskilled - non-resident,1,none,yes,2,divorced/separated
0 <= ... < 200 DM,22,existing credits paid back duly till now,car (used),250,... < 100 DM,... >= 7 years,4,female,none,1,building society savings agreement / life insurance,51,none,for free,1,skilled employee / official,1,none,yes,2,single
... < 0 DM,4,critical account / other credits existing (not at this bank),car (new),1620,... < 100 DM,... < 1 year,3,male,none,4,unknown / no property,68,none,own,2,unemployed / unskilled - non-resident,1,none,yes,2,single
no checking account,21,delay in paying off in the past,car (used),4728,... < 100 DM,... >= 7 years,2,male,none,4,"car or other, not in savings account",31,none,for free,2,skilled employee / official,1,"yes, registered under customer's name",yes,1,single
no checking account,31,critical account / other credits existing (not at this bank),car (used),2146,... < 100 DM,... < 1 year,2,male,none,3,building society savings agreement / life insurance,43,stores,own,3,skilled employee / official,1,"yes, registered under customer's name",yes,2,divorced/separated
... < 0 DM,4,existing credits paid back duly till now,furniture/equipment,250,100 <= ... < 500 DM,1 <= ... < 4 years,3,male,none,4,building society savings agreement / life insurance,46,none,own,4,skilled employee / official,1,none,yes,1,married/widowed
no checking account,23,existing credits paid back duly till now,education,2208,100 <= ... < 500 DM,... < 1 year,3,female,none,4,"car or other, not in savings account",42,none,own,1,unemployed / unskilled - non-resident,1,none,yes,1,divorced/separated
no checking account,37,critical account / other credits existing (not at this bank),business,250,unknown / no savings account,4 <= ... < 7 years,2,male,none,3,"car or other, not in savings account",40,stores,own,2,skilled employee / official,1,"yes, registered under customer's name",yes,1,single
no checking account,24,critical account / other credits existing (not at this bank),car (new),271,... < 100 DM,1 <= ... < 4 years,3,female,none,2,real estate,31,none,own,1,unskilled - resident,1,none,yes,1,divorced/separated
0 <= ... < 200 DM,20,existing credits paid back duly till now,car (new),768,100 <= ... < 500 DM,... < 1 year,4,female,none,4,building society savings agreement / life insurance,27,bank,own,1,skilled employee / official,1,none,no,2,divorced/separated
... < 0 DM,9,critical account / other credits existing (not at this bank),car (new),714,100 <= ... < 500 DM,... < 1 year,4,male,none,4,building society savings agreement / life insurance,54,none,own,2,management / self-employed / highly qualified employee / officer,1,none,yes,1,single
... < 0 DM,35,existing credits paid back duly till now,car (new),4827,... < 100 DM,unemployed,4,male,none,4,unknown / no property,56,bank,for free,1,management / self-employed / highly qualified employee / officer,1,"yes, registered under customer's name",yes,2,single
no checking account,7,critical account / other credits existing (not at this bank),car (used),250,... >= 1000 DM,1 <= ... < 4 years,2,male,none,2,real estate,33,none,own,3,skilled employee / official,1,none,yes,1,divorced/separated
... < 0 DM,18,delay in paying off in the past,furniture/equipment,3702,... < 100 DM,1 <= ... < 4 years,3,male,none,4,real estate,32,bank,own,2,unskilled - resident,1,"yes, registered under customer's name",yes,2,single
... < 0 DM,6,delay in paying off in the past,furniture/equipment,250,... < 100 DM,... < 1 year,4,female,none,1,"car or other, not in savings account",36,bank,own,1,unskilled - resident,1,none,yes,2,divorced/separated
no checking account,9,existing credits paid back duly till now,education,250,500 <= ... < 1000 DM,4 <= ... < 7 years,4,male,none,1,"car or other, not in savings account",39,none,own,1,management / self-employed / highly qualified employee / officer,1,"yes, registered under customer's name",yes,1,single
0 <= ... < 200 DM,24,delay in paying off in the past,radio/television,3052,... < 100 DM,... < 1 year,1,male,none,4,building society savings agreement / life insurance,26,stores,own,1,skilled employee / official,1,none,yes,2,single
... < 0 DM,23,existing credits paid back duly till now,radio/television,250,unknown / no savings account,... < 1 year,4,male,none,2,building society savings agreement / life insurance,29,none,own,1,skilled employee / official,1,none,yes,2,single
no checking account,12,critical account / other credits existing (not at this bank),car (new),3085,... < 100 DM,1 <= ... < 4 years,1,female,none,2,real estate,31,none,rent,2,unskilled - resident,1,none,yes,2,divorced/separated
... < 0 DM,6,existing credits paid back duly till now,radio/television,1828,100 <= ... < 500 DM,1 <= ... < 4 years,3,male,none,4,real estate,23,none,rent,1,skilled employee / official,1,none,yes,1,single
... < 0 DM,23,delay in paying off in the past,furniture/equipment,477,... < 100 DM,1 <= ... < 4 years,4,male,none,1,building society savings agreement / life insurance,25,bank,own,1,skilled employee / official,1,none,yes,2,married/widowed
0 <= ... < 200 DM,18,existing credits paid back duly till now,furniture/equipment,250,unknown / no savings account,... >= 7 years,1,male,none,2,building society savings agreement / life insurance,39,none,for free,1,skilled employee / official,1,"yes, registered under customer's name",yes,1,single
no checking account,27,critical account / other credits existing (not at this bank),car (used),4621,... < 100 DM,1 <= ... < 4 years,2,male,none,4,building society savings agreement / life insurance,31,none,own,1,skilled employee / official,1,"yes, registered under customer's name",yes,1,single
0 <= ... < 200 DM,19,critical account / other credits existing (not at this bank),car (new),712,... < 100 DM,1 <= ... < 4 years,4,male,none,4,unknown / no property,75,none,own,2,skilled employee / official,1,"yes, registered under customer's name",yes,1,single
no checking account,7,existing credits paid back duly till now,car (new),3985,... < 100 DM,4 <= ... < 7 years,4,male,none,1,building society savings agreement / life insurance,19,none,own,3,skilled employee / official,1,"yes, registered under customer's name",yes,2,divorced/separated
... < 0 DM,4,all credits at this bank paid back duly,radio/television,2505,... < 100 DM,unemployed,3,male,none,4,building society savings agreement / life insurance,32,none,own,1,skilled employee / official,1,none,yes,1,single
no checking account,25,existing credits paid back duly till now,car (used),3799,unknown / no savings account,4 <= ... < 7 years,3,male,none,4,unknown / no property,47,bank,for free,1,skilled employee / official,2,"yes, registered under customer's name",yes,1,single
0 <= ... < 200 DM,12,existing credits paid back duly till now,car (used),6268,... < 100 DM,... >= 7 years,3,female,none,4,unknown / no property,58,bank,for free,1,management / self-employed / highly qualified employee / officer,1,"yes, registered under customer's name",yes,1,divorced/separated
0 <= ... < 200 DM,26,no credits taken / all credits paid back duly,business,799,100 <= ... < 500 DM,... < 1 year,3,male,none,1,building society savings agreement / life insurance,27,none,own,1,skilled employee / official,2,none,yes,1,single
... < 0 DM,4,critical account / other credits existing (not at this bank),furniture/equipment,2993,... < 100 DM,... < 1 year,1,female,none,4,"car or other, not in savings account",33,none,rent,2,skilled employee / official,1,none,yes,2,divorced/separated
... < 0 DM,17,existing credits paid back duly till now,furniture/equipment,4193,... < 100 DM,... < 1 year,1,male,none,4,"car or other, not in savings account",26,none,own,1,skilled employee / official,1,"yes, registered under customer's name",yes,2,single
no checking account,7,critical account / other credits existing (not at this bank),radio/television,250,unknown / no savings account,... >= 7 years,3,male,none,2,unknown / no property,75,none,own,3,skilled employee / official,2,"yes, registered under customer's name",yes,1,single
0 <= ... < 200 DM,21,existing credits paid back duly till now,car (new),250,... < 100 DM,1 <= ... < 4 years,4,female,none,1,real estate,75,none,own,1,skilled employee / official,1,none,yes,2,divorced/separated
... < 0 DM,7,existing credits paid back duly till now,radio/television,15945,... < 100 DM,4 <= ... < 7 years,2,male,guarantor,3,building society savings agreement / life insurance,26,none,own,1,skilled employee / official,1,none,yes,2,divorced/separated
no checking account,11,existing credits paid back duly till now,car (new),250,... < 100 DM,1 <= ... < 4 years,1,female,none,2,"car or other, not in savings account",47,none,own,2,unskilled - resident,2,none,yes,1,married/widowed
no checking account,4,critical account / other credits existing (not at this bank),education,1126,... < 100 DM,... >= 7 years,1,male,none,4,"car or other, not in savings account",29,bank,own,1,skilled employee / official,1,"yes, registered under customer's name",yes,1,divorced/separated
no checking account,13,existing credits paid back duly till now,others,1775,... < 100 DM,1 <= ... < 4 years,1,female,none,2,real estate,30,none,own,1,skilled employee / official,1,"yes, registered under customer's name",yes,1,divorced/separated
no checking account,14,delay in paying off in the past,furniture/equipment,1331,100 <= ... < 500 DM,4 <= ... < 7 years,2,male,none,4,building society savings agreement / life insurance,38,none,own,1,unskilled - resident,1,"yes, registered under customer's name",yes,1,single
no checking account,17,existing credits paid back duly till now,radio/television,250,500 <= ... < 1000 DM,1 <= ... < 4 years,4,male,none,2,"car or other, not in savings account",36,none,own,1,unskilled - resident,1,none,yes,1,single
0 <= ... < 200 DM,64,critical account / other credits existing (not at this bank),radio/television,250,... < 100 DM,... >= 7 years,4,male,none,2,"car or other, not in savings account",69,none,own,2,management / self-employed / highly qualified employee / officer,1,"yes, registered under customer's name",yes,2,single
0 <= ... < 200 DM,4,existing credits paid back duly till now,car (new),1703,... < 100 DM,unemployed,1,female,none,4,unknown / no property,75,none,rent,1,unemployed / unskilled - non-resident,1,"yes, registered under customer's name",yes,1,divorced/separated
... < 0 DM,4,existing credits paid back duly till now,car (used),678,100 <= ... < 500 DM,1 <= ... < 4 years,2,male,none,1,"car or other, not in savings account",48,none,own,1,skilled employee / official,1,"yes, registered under customer's name",no,1,divorced/separated
... < 0 DM,30,delay in paying off in the past,car (new),250,... < 100 DM,1 <= ... < 4 years,4,male,none,4,real estate,43,stores,own,2,management / self-employed / highly qualified employee / officer,2,none,yes,1,single
... < 0 DM,4,existing credits paid back duly till now,furniture/equipment,2941,500 <= ... < 1000 DM,... >= 7 years,4,male,co-applicant,4,unknown / no property,49,none,own,1,skilled employee / official,1,none,yes,2,divorced/separated
no checking account,30,critical account / other credits existing (not at this bank),furniture/equipment,1895,... < 100 DM,... >= 7 years,4,male,none,1,real estate,34,none,own,2,skilled employee / official,1,"yes, registered under customer's name",yes,1,married/widowed
no checking account,4,critical account / other credits existing (not at this bank),car (new),2032,unknown / no savings account,1 <= ... < 4 years,3,male,none,2,real estate,34,none,own,2,unskilled - resident,2,none,yes,1,single
... < 0 DM,4,existing credits paid back duly till now,radio/television,2188,... < 100 DM,... >= 7 years,4,male,none,4,"car or other, not in savings account",36,bank,own,1,skilled employee / official,1,none,yes,1,married/widowed
no checking account,24,critical account / other credits existing (not at this bank),furniture/equipment,1790,100 <= ... < 500 DM,... >= 7 years,4,male,co-applicant,4,"car or other, not in savings account",32,stores,own,2,skilled employee / official,1,"yes, registered under customer's name",yes,1,single
... < 0 DM,21,existing credits paid back duly till now,furniture/equipment,3219,... < 100 DM,1 <= ... < 4 years,4,female,guarantor,2,building society savings agreement / life insurance,29,none,own,1,skilled employee / official,1,none,yes,2,divorced/separated
no checking account,14,existing credits paid back duly till now,business,5279,100 <= ... < 500 DM,1 <= ... < 4 years,2,male,none,2,"car or other, not in savings account",35,none,own,1,skilled employee / official,1,none,yes,1,married/widowed
no checking account,31,critical account / other credits existing (not at this bank),others,2219,100 <= ... < 500 DM,... >= 7 years,3,female,none,3,real estate,42,bank,own,1,skilled employee / official,1,none,yes,1,single
0 <= ... < 200 DM,4,existing credits paid back duly till now,radio/television,799,... < 100 DM,1 <= ... < 4 years,2,male,none,2,real estate,32,none,own,1,unskilled - resident,1,none,yes,1,married/widowed
no checking account,13,critical account / other credits existing (not at this bank),car (new),340,unknown / no savings account,1 <= ... < 4 years,1,female,none,1,real estate,42,none,own,1,unskilled - resident,2,none,yes,1,single
0 <= ... < 200 DM,25,existing credits paid back duly till now,repairs,5210,... >= 1000 DM,1 <= ... < 4 years,3,female,none,4,"car or other, not in savings account",30,none,own,3,skilled employee / official,1,none,yes,1,divorced/separated
no checking account,6,existing credits paid back duly till now,radio/television,3337,... < 100 DM,1 <= ... < 4 years,4,male,none,4,real estate,32,none,own,1,unskilled - resident,1,none,yes,1,married/widowed
... < 0 DM,6,no credits taken / all credits paid back duly,furniture/equipment,569,... < 100 DM,4 <= ... < 7 years,3,female,none,1,building society savings agreement / life insurance,30,none,own,1,skilled employee / official,1,"yes, registered under customer's name",yes,1,divorced/separated
no checking account,21,no credits taken / all credits paid back duly,business,6346,unknown / no savings account,unemployed,2,male,none,4,building society savings agreement / life insurance,26,none,rent,2,skilled employee / official,1,"yes, registered under customer's name",yes,1,single
no checking account,21,critical account / other credits existing (not at this bank),furniture/equipment,3604,... >= 1000 DM,1 <= ... < 4 years,4,male,none,2,real estate,37,none,own,1,unskilled - resident,1,"yes, registered under customer's name",yes,1,married/widowed
0 <= ... < 200 DM,9,existing credits paid back duly till now,radio/television,2456,... < 100 DM,4 <= ... < 7 years,4,male,none,1,real estate,27,none,own,1,skilled employee / official,1,none,yes,1,married/widowed
0 <= ... < 200 DM,28,critical account / other credits existing (not at this bank),radio/television,4309,... < 100 DM,1 <= ... < 4 years,1,female,none,4,"car or other, not in savings account",24,stores,rent,2,unskilled - resident,1,none,yes,1,divorced/separated
no checking account,22,existing credits paid back duly till now,radio/television,837,unknown / no savings account,... < 1 year,4,male,none,2,"car or other, not in savings account",20,none,own,1,skilled employee / official,1,none,yes,1,married/widowed
... < 0 DM,9,existing credits paid back duly till now,furniture/equipment,1958,... < 100 DM,1 <= ... < 4 years,3,female,guarantor,2,building society savings agreement / life insurance,25,none,own,1,skilled employee / official,1,none,yes,2,divorced/separated
... < 0 DM,25,critical account / other credits existing (not at this bank),car (new),1032,... < 100 DM,... >= 7 years,4,female,none,4,unknown / no property,27,bank,for free,1,skilled employee / official,1,"yes, registered under customer's name",yes,2,divorced/separated
no checking account,25,critical account / other credits existing (not at this bank),repairs,1612,unknown / no savings account,... >= 7 years,3,male,none,4,"car or other, not in savings account",73,bank,own,1,skilled employee / official,1,"yes, registered under customer's name",yes,1,single
no checking account,22,delay in paying off in the past,radio/television,6213,unknown / no savings account,1 <= ... < 4 years,4,male,none,2,"car or other, not in savings account",29,none,own,1,skilled employee / official,1,none,yes,1,single
no checking account,10,existing credits paid back duly till now,business,2279,... < 100 DM,4 <= ... < 7 years,4,male,guarantor,2,building society savings agreement / life insurance,25,stores,own,1,skilled employee / official,1,none,yes,1,married/widowed
... < 0 DM,4,existing credits paid back duly till now,business,3626,unknown / no savings account,1 <= ... < 4 years,2,male,none,1,real estate,20,none,own,1,skilled employee / official,1,none,yes,1,married/widowed
... < 0 DM,21,existing credits paid back duly till now,car (new),15945,... < 100 DM,... >= 7 years,4,male,none,4,unknown / no property,43,bank,for free,1,management / self-employed / highly qualified employee / officer,1,"yes, registered under customer's name",yes,2,single
no checking account,10,existing credits paid back duly till now,radio/television,250,500 <= ... < 1000 DM,... < 1 year,3,male,none,2,real estate,34,none,own,1,unskilled - resident,1,none,yes,1,married/widowed
... >= 200 DM / salary assignments for at least 1 year,15,critical account / other credits existing (not at this bank),car (new),496,... < 100 DM,1 <= ... < 4 years,3,male,guarantor,4,building society savings agreement / life insurance,28,none,own,2,unskilled - resident,2,none,yes,1,single
no checking account,9,critical account / other credits existing (not at this bank),furniture/equipment,250,unknown / no savings account,... >= 7 years,2,male,none,4,"car or other, not in savings account",61,none,own,2,skilled employee / official,2,none,yes,1,single
no checking account,36,critical account / other credits existing (not at this bank),car (new),1230,unknown / no savings account,1 <= ... < 4 years,1,male,none,1,"car or other, not in savings account",41,none,own,2,management / self-employed / highly qualified employee / officer,1,none,yes,1,single
no checking account,12,critical account / other credits existing (not at this bank),car (new),250,... < 100 DM,... >= 7 years,4,male,none,4,real estate,73,none,own,2,skilled employee / official,1,none,yes,1,single
0 <= ... < 200 DM,7,critical account / other credits existing (not at this bank),business,2447,... >= 1000 DM,... < 1 year,3,female,none,4,real estate,49,none,rent,2,unskilled - resident,1,none,no,1,single
... < 0 DM,26,existing credits paid back duly till now,business,1850,100 <= ... < 500 DM,1 <= ... < 4 years,4,male,guarantor,2,"car or other, not in savings account",25,bank,own,2,skilled employee / official,1,none,yes,2,single
0 <= ... < 200 DM,11,existing credits paid back duly till now,car (used),313,... < 100 DM,... < 1 year,1,male,none,4,building society savings agreement / life insurance,52,none,rent,1,skilled employee / official,1,none,yes,2,single
no checking account,25,existing credits paid back duly till now,furniture/equipment,1176,100 <= ... < 500 DM,1 <= ... < 4 years,2,male,none,2,building society savings agreement / life insurance,28,none,own,1,skilled employee / official,1,"yes, registered under customer's name",yes,1,divorced/separated
0 <= ... < 200 DM,4,critical account / other credits existing (not at this bank),radio/television,756,... < 100 DM,... >= 7 years,4,male,co-applicant,3,real estate,75,none,own,3,unskilled - resident,2,none,yes,1,single
... < 0 DM,40,critical account / other credits existing (not at this bank),car (new),1982,500 <= ... < 1000 DM,1 <= ... < 4 years,2,male,none,4,real estate,32,none,rent,2,unemployed / unskilled - non-resident,1,none,yes,1,divorced/separated
... < 0 DM,71,critical account / other credits existing (not at this bank),car (used),1855,... < 100 DM,unemployed,3,male,none,4,unknown / no property,36,bank,for free,1,unskilled - resident,1,none,yes,2,single
no checking account,17,critical account / other credits existing (not at this bank),radio/television,371,... >= 1000 DM,... >= 7 years,4,male,none,4,"car or other, not in savings account",59,none,own,1,skilled employee / official,1,none,yes,1,single
... < 0 DM,21,existing credits paid back duly till now,radio/television,3362,100 <= ... < 500 DM,4 <= ... < 7 years,4,female,none,4,building society savings agreement / life insurance,26,none,own,1,skilled employee / official,1,"yes, registered under customer's name",yes,2,divorced/separated
... < 0 DM,20,existing credits paid back duly till now,car (new),475,... < 100 DM,1 <= ... < 4 years,2,male,none,4,unknown / no property,29,none,for free,1,skilled employee / official,2,none,yes,2,single
0 <= ... < 200 DM,11,existing credits paid back duly till now,furniture/equipment,250,unknown / no savings account,1 <= ... < 4 years,3,female,none,2,real estate,35,none,rent,1,unskilled - resident,1,none,yes,1,divorced/separated
... < 0 DM,45,existing credits paid back duly till now,business,2722,... < 100 DM,1 <= ... < 4 years,4,male,none,1,"car or other, not in savings account",31,bank,own,1,skilled employee / official,1,none,yes,1,single
no checking account,4,existing credits paid back duly till now,radio/television,1039,unknown / no savings account,... >= 7 years,1,male,none,2,real estate,58,none,own,1,skilled employee / official,1,none,yes,1,single
0 <= ... < 200 DM,11,existing credits paid back duly till now,car (used),2759,unknown / no savings account,... >= 7 years,4,male,none,1,real estate,23,stores,own,1,skilled employee / official,1,"yes, registered under customer's name",yes,1,single
no checking account,7,existing credits paid back duly till now,car (new),806,100 <= ... < 500 DM,1 <= ... < 4 years,4,male,none,3,real estate,38,none,own,1,unskilled - resident,1,none,yes,1,single
0 <= ... < 200 DM,49,existing credits paid back duly till now,car (new),1080,unknown / no savings account,1 <= ... < 4 years,2,female,guarantor,2,building society savings agreement / life insurance,32,none,rent,1,unemployed / unskilled - non-resident,1,none,yes,1,divorced/separated
no checking account,22,existing credits paid back duly till now,furniture/equipment,270,unknown / no savings account,... >= 7 years,4,male,none,2,"car or other, not in savings account",34,none,own,1,skilled employee / official,1,"yes, registered under customer's name",yes,1,single
0 <= ... < 200 DM,4,existing credits paid back duly till now,car (new),1267,... >= 1000 DM,1 <= ... < 4 years,2,male,none,2,building society savings agreement / life insurance,48,none,own,1,unskilled - resident,1,"yes, registered under customer's name",no,1,married/widowed
... >= 200 DM / salary assignments for at least 1 year,22,critical account / other credits existing (not at this bank),car (new),250,... < 100 DM,... < 1 year,4,female,none,3,real estate,75,none,own,1,skilled employee / official,1,none,yes,1,divorced/separated
no checking account,7,critical account / other credits existing (not at this bank),education,4230,unknown / no savings account,1 <= ... < 4 years,2,female,none,4,building society savings agreement / life insurance,30,bank,rent,2,skilled employee / official,1,"yes, registered under customer's name",yes,1,divorced/separated
... < 0 DM,32,critical account / other credits existing (not at this bank),car (new),15945,... < 100 DM,1 <= ... < 4 years,3,male,none,3,real estate,21,none,rent,2,management / self-employed / highly qualified employee / officer,2,"yes, registered under customer's name",yes,1,single
... < 0 DM,14,existing credits paid back duly till now,furniture/equipment,3064,... >= 1000 DM,... < 1 year,1,female,none,2,real estate,33,none,rent,1,skilled employee / official,1,none,yes,1,divorced/separated
0 <= ... < 200 DM,14,delay in paying off in the past,furniture/equipment,8913,... < 100 DM,... < 1 year,1,male,none,4,real estate,31,none,own,1,skilled employee / official,1,none,yes,2,married/widowed
no checking account,4,critical account / other credits existing (not at this bank),car (new),1754,unknown / no savings account,4 <= ... < 7 years,4,male,none,2,"car or other, not in savings account",30,none,own,2,skilled employee / official,1,none,yes,1,married/widowed
0 <= ... < 200 DM,44,delay in paying off in the past,others,3976,... < 100 DM,unemployed,2,male,none,3,"car or other, not in savings account",37,none,own,2,skilled employee / official,2,none,yes,2,single
... < 0 DM,4,existing credits paid back duly till now,radio/television,3448,... < 100 DM,... < 1 year,4,female,none,4,"car or other, not in savings account",53,bank,own,1,skilled employee / official,1,"yes, registered under customer's name",yes,2,divorced/separated
0 <= ... < 200 DM,21,delay in paying off in the past,car (new),11779,... >= 1000 DM,unemployed,2,male,none,3,unknown / no property,38,none,for free,1,management / self-employed / highly qualified employee / officer,2,"yes, registered under customer's name",yes,1,single
no checking account,10,critical account / other credits existing (not at this bank),car (used),2686,500 <= ... < 1000 DM,unemployed,1,male,none,2,building society savings agreement / life insurance,21,none,own,1,unskilled - resident,2,none,yes,1,divorced/separated
no checking account,4,existing credits paid back duly till now,radio/television,1780,... < 100 DM,4 <= ... < 7 years,4,female,none,1,"car or other, not in savings account",47,bank,own,2,unskilled - resident,1,none,yes,2,divorced/separated
0 <= ... < 200 DM,35,existing credits paid back duly till now,radio/television,1595,100 <= ... < 500 DM,4 <= ... < 7 years,1,male,none,4,unknown / no property,25,bank,own,1,skilled employee / official,1,"yes, registered under customer's name",yes,1,divorced/separated
0 <= ... < 200 DM,20,critical account / other credits existing (not at this bank),business,5938,unknown / no savings account,1 <= ... < 4 years,2,male,none,2,building society savings agreement / life insurance,60,stores,own,2,management / self-employed / highly qualified employee / officer,2,"yes, registered under customer's name",yes,1,single
no checking account,22,critical account / other credits existing (not at this bank),business,5612,unknown / no savings account,4 <= ... < 7 years,2,male,none,1,building society savings agreement / life insurance,26,none,own,2,skilled employee / official,1,"yes, registered under customer's name",yes,1,single
... < 0 DM,20,existing credits paid back duly till now,car (new),6390,... < 100 DM,... < 1 year,3,male,none,4,building society savings agreement / life insurance,32,none,own,2,management / self-employed / highly qualified employee / officer,1,none,yes,2,single
... < 0 DM,7,no credits taken / all credits paid back duly,business,3459,100 <= ... < 500 DM,4 <= ... < 7 years,4,male,none,4,building society savings agreement / life insurance,54,none,own,2,skilled employee / official,1,none,yes,2,single
0 <= ... < 200 DM,51,existing credits paid back duly till now,radio/television,2726,100 <= ... < 500 DM,1 <= ... < 4 years,2,male,none,2,"car or other, not in savings account",48,none,own,1,skilled employee / official,1,"yes, registered under customer's name",yes,2,single
no checking account,24,critical account / other credits existing (not at this bank),radio/television,3147,... < 100 DM,1 <= ... < 4 years,4,male,none,1,building society savings agreement / life insurance,35,none,own,2,skilled employee / official,1,none,yes,1,single
no checking account,26,existing credits paid back duly till now,radio/television,250,unknown / no savings account,1 <= ... < 4 years,3,male,none,3,real estate,26,none,own,1,skilled employee / official,1,"yes, registered under customer's name",yes,1,single
no checking account,21,critical account / other credits existing (not at this bank),radio/television,250,... >= 1000 DM,4 <= ... < 7 years,4,male,none,4,"car or other, not in savings account",35,none,own,1,skilled employee / official,1,none,yes,1,divorced/separated
0 <= ... < 200 DM,15,existing credits paid back duly till now,furniture/equipment,5257,... < 100 DM,4 <= ... < 7 years,3,female,none,4,building society savings agreement / life insurance,32,none,own,1,unskilled - resident,1,none,yes,1,single
0 <= ... < 200 DM,19,delay in paying off in the past,car (new),1869,... < 100 DM,4 <= ... < 7 years,3,male,none,4,real estate,42,bank,own,1,unskilled - resident,2,"yes, registered under customer's name",yes,1,divorced/separated
... < 0 DM,18,no credits taken / all credits paid back duly,car (used),1844,... < 100 DM,unemployed,1,female,none,4,unknown / no property,22,bank,rent,1,unskilled - resident,1,none,yes,2,divorced/separated
... < 0 DM,9,all credits at this bank paid back duly,furniture/equipment,3884,... < 100 DM,1 <= ... < 4 years,2,male,guarantor,1,real estate,29,none,own,2,skilled employee / official,1,none,yes,2,single
... >= 200 DM / salary assignments for at least 1 year,4,critical account / other credits existing (not at this bank),furniture/equipment,895,... < 100 DM,4 <= ... < 7 years,1,female,none,2,unknown / no property,55,none,rent,3,skilled employee / official,1,none,no,1,single
no checking account,44,delay in paying off in the past,business,9480,... < 100 DM,... < 1 year,4,female,none,3,"car or other, not in savings account",23,none,own,2,management / self-employed / highly qualified employee / officer,2,none,yes,2,single
... < 0 DM,4,critical account / other credits existing (not at this bank),car (new),250,... < 100 DM,1 <= ... < 4 years,3,female,none,4,building society savings agreement / life insurance,55,none,rent,2,skilled employee / official,1,none,yes,2,divorced/separated
no checking account,36,existing credits paid back duly till now,radio/television,939,100 <= ... < 500 DM,4 <= ... < 7 years,3,female,none,4,real estate,32,none,own,2,skilled employee / official,1,none,yes,1,divorced/separated
no checking account,29,critical account / other credits existing (not at this bank),business,15945,100 <= ... < 500 DM,unemployed,2,male,none,3,unknown / no property,72,bank,for free,2,skilled employee / official,2,"yes, registered under customer's name",yes,1,single
0 <= ... < 200 DM,4,existing credits paid back duly till now,furniture/equipment,7022,... < 100 DM,4 <= ... < 7 years,3,male,none,4,real estate,45,stores,own,3,unskilled - resident,1,"yes, registered under customer's name",yes,2,single
no checking account,4,existing credits paid back duly till now,furniture/equipment,1946,... < 100 DM,... >= 7 years,2,male,none,4,real estate,51,none,rent,1,unskilled - resident,1,"yes, registered under customer's name",yes,1,married/widowed
... < 0 DM,22,critical account / other credits existing (not at this bank),car (used),658,... < 100 DM,4 <= ... < 7 years,4,male,none,4,building society savings agreement / life insurance,60,bank,own,1,skilled employee / official,1,none,yes,1,single
no checking account,11,critical account / other credits existing (not at this bank),domestic appliances,1736,unknown / no savings account,4 <= ... < 7 years,1,male,none,2,real estate,44,none,own,1,unskilled - resident,1,none,yes,1,single
0 <= ... < 200 DM,19,existing credits paid back duly till now,furniture/equipment,250,... < 100 DM,1 <= ... < 4 years,2,male,none,2,building society savings agreement / life insurance,47,none,rent,1,unskilled - resident,1,none,yes,1,married/widowed
... >= 200 DM / salary assignments for at least 1 year,5,delay in paying off in the past,radio/television,2607,unknown / no savings account,... >= 7 years,2,male,none,3,building society savings agreement / life insurance,49,none,for free,2,skilled employee / official,1,none,yes,1,single
no checking account,9,existing credits paid back duly till now,radio/television,4167,unknown / no savings account,... >= 7 years,3,male,none,1,unknown / no property,33,bank,own,1,skilled employee / official,1,none,yes,1,single
no checking account,8,existing credits paid back duly till now,furniture/equipment,699,... < 100 DM,... < 1 year,4,female,none,2,"car or other, not in savings account",32,none,rent,1,skilled employee / official,1,none,yes,1,divorced/separated
no checking account,42,critical account / other credits existing (not at this bank),education,3314,... < 100 DM,1 <= ... < 4 years,1,female,none,4,building society savings agreement / life insurance,75,bank,for free,2,skilled employee / official,2,none,yes,1,divorced/separated
0 <= ... < 200 DM,11,delay in paying off in the past,radio/television,1678,... < 100 DM,... < 1 year,4,female,none,1,"car or other, not in savings account",22,bank,own,1,skilled employee / official,1,none,yes,2,single
0 <= ... < 200 DM,18,existing credits paid back duly till now,furniture/equipment,2091,100 <= ... < 500 DM,... < 1 year,4,male,co-applicant,2,"car or other, not in savings account",19,none,own,1,unemployed / unskilled - non-resident,1,none,yes,1,single
0 <= ... < 200 DM,16,existing credits paid back duly till now,car (new),250,... >= 1000 DM,... < 1 year,2,male,guarantor,3,building society savings agreement / life insurance,39,none,own,2,skilled employee / official,2,none,yes,1,single
no checking account,28,existing credits paid back duly till now,car (used),250,500 <= ... < 1000 DM,1 <= ... < 4 years,4,male,none,3,"car or other, not in savings account",44,bank,own,1,skilled employee / official,1,"yes, registered under customer's name",yes,2,single
0 <= ... < 200 DM,32,delay in paying off in the past,business,3926,... < 100 DM,4 <= ... < 7 years,1,male,none,3,real estate,32,none,own,2,management / self-employed / highly qualified employee / officer,1,"yes, registered under customer's name",yes,1,married/widowed
no checking account,27,existing credits paid back duly till now,radio/television,1197,... < 100 DM,... >= 7 years,4,female,none,4,"car or other, not in savings account",60,none,for free,1,skilled employee / official,1,"yes, registered under customer's name",yes,1,divorced/separated
0 <= ... < 200 DM,24,existing credits paid back duly till now,furniture/equipment,1291,100 <= ... < 500 DM,... >= 7 years,4,male,none,4,building society savings agreement / life insurance,31,none,own,1,skilled employee / official,1,"yes, registered under customer's name",yes,1,single
no checking account,4,existing credits paid back duly till now,car (new),250,... < 100 DM,... < 1 year,2,male,co-applicant,4,real estate,36,bank,own,1,unskilled - resident,1,none,yes,1,single
... < 0 DM,4,delay in paying off in the past,business,4011,... < 100 DM,... < 1 year,2,male,none,2,"car or other, not in savings account",55,stores,own,2,skilled employee / official,1,"yes, registered under customer's name",yes,2,single
... < 0 DM,16,existing credits paid back duly till now,radio/television,250,unknown / no savings account,1 <= ... < 4 years,4,male,none,4,"car or other, not in savings account",26,none,own,1,skilled employee / official,1,none,yes,1,married/widowed
0 <= ... < 200 DM,28,delay in paying off in the past,radio/television,2994,... < 100 DM,... >= 7 years,4,male,none,2,real estate,64,bank,own,2,unskilled - resident,1,"yes, registered under customer's name",yes,1,single
no checking account,23,no credits taken / all credits paid back duly,car (new),2523,... < 100 DM,1 <= ... < 4 years,2,male,none,2,building society savings agreement / life insurance,30,none,own,1,skilled employee / official,2,"yes, registered under customer's name",yes,1,single
no checking account,8,critical account / other credits existing (not at this bank),radio/television,1570,unknown / no savings account,... >= 7 years,4,male,none,4,"car or other, not in savings account",75,none,own,2,skilled employee / official,1,"yes, registered under customer's name",yes,1,single
no checking account,5,critical account / other credits existing (not at this bank),radio/television,427,unknown / no savings account,... >= 7 years,2,male,none,4,building society savings agreement / life insurance,44,none,rent,2,skilled employee / official,1,none,yes,1,divorced/separated
... < 0 DM,24,no credits taken / all credits paid back duly,car (used),344,... < 100 DM,1 <= ... < 4 years,4,female,guarantor,4,unknown / no property,32,none,own,1,skilled employee / official,1,"yes, registered under customer's name",yes,2,divorced/separated
... >= 200 DM / salary assignments for at least 1 year,4,existing credits paid back duly till now,radio/television,5863,unknown / no savings account,1 <= ... < 4 years,3,female,none,4,real estate,19,none,own,1,unskilled - resident,1,none,yes,1,divorced/separated
... < 0 DM,7,all credits at this bank paid back duly,business,1637,unknown / no savings account,... >= 7 years,4,male,co-applicant,4,unknown / no property,44,none,for free,1,skilled employee / official,1,"yes, registered under customer's name",yes,2,single
no checking account,24,existing credits paid back duly till now,radio/television,250,unknown / no savings account,4 <= ... < 7 years,4,male,none,2,"car or other, not in savings account",27,none,own,1,skilled employee / official,1,none,yes,1,married/widowed
no checking account,10,all credits at this bank paid back duly,car (used),741,... < 100 DM,... < 1 year,4,male,none,4,unknown / no property,57,none,own,3,skilled employee / official,1,"yes, registered under customer's name",yes,1,single
no checking account,32,all credits at this bank paid back duly,furniture/equipment,2828,... < 100 DM,unemployed,2,female,none,4,building society savings agreement / life insurance,37,none,own,1,management / self-employed / highly qualified employee / officer,1,"yes, registered under customer's name",yes,1,divorced/separated
0 <= ... < 200 DM,36,no credits taken / all credits paid back duly,car (new),250,... < 100 DM,unemployed,4,female,none,4,unknown / no property,72,none,for free,2,skilled employee / official,1,"yes, registered under customer's name",yes,2,divorced/separated
... < 0 DM,14,existing credits paid back duly till now,business,1241,... < 100 DM,unemployed,1,male,none,4,unknown / no property,62,bank,own,1,skilled employee / official,1,none,yes,2,single
no checking account,22,existing credits paid back duly till now,radio/television,2112,unknown / no savings account,1 <= ... < 4 years,4,male,none,2,"car or other, not in savings account",30,none,own,1,skilled employee / official,1,none,yes,1,single
... < 0 DM,9,critical account / other credits existing (not at this bank),radio/television,9955,500 <= ... < 1000 DM,1 <= ... < 4 years,2,male,none,4,real estate,42,none,for free,2,skilled employee / official,1,none,yes,1,divorced/separated
... < 0 DM,18,no credits taken / all credits paid back duly,radio/television,666,... < 100 DM,... < 1 year,4,male,none,1,building society savings agreement / life insurance,47,none,own,1,skilled employee / official,1,none,yes,2,single
0 <= ... < 200 DM,31,critical account / other credits existing (not at this bank),radio/television,718,100 <= ... < 500 DM,... < 1 year,4,male,none,2,real estate,48,stores,own,2,unskilled - resident,1,"yes, registered under customer's name",yes,1,single
... < 0 DM,10,existing credits paid back duly till now,business,1694,... < 100 DM,... < 1 year,3,male,guarantor,4,building society savings agreement / life insurance,30,bank,own,1,skilled employee / official,1,"yes, registered under customer's name",yes,2,single
... < 0 DM,22,existing credits paid back duly till now,education,250,... < 100 DM,... >= 7 years,4,female,none,4,"car or other, not in savings account",38,none,own,1,unskilled - resident,1,"yes, registered under customer's name",yes,2,single
0 <= ... < 200 DM,21,existing credits paid back duly till now,radio/television,12678,... < 100 DM,1 <= ... < 4 years,4,male,none,2,"car or other, not in savings account",26,none,own,1,skilled employee / official,1,"yes, registered under customer's name",yes,2,single
no checking account,44,critical account / other credits existing (not at this bank),furniture/equipment,2030,500 <= ... < 1000 DM,4 <= ... < 7 years,4,male,none,3,building society savings agreement / life insurance,41,none,own,2,skilled employee / official,2,none,yes,1,single
no checking account,21,critical account / other credits existing (not at this bank),furniture/equipment,2380,unknown / no savings account,... >= 7 years,4,male,none,4,building society savings agreement / life insurance,25,none,own,2,skilled employee / official,1,none,yes,1,single
no checking account,4,existing credits paid back duly till now,car (new),765,... >= 1000 DM,1 <= ... < 4 years,1,female,none,3,"car or other, not in savings account",40,none,own,1,skilled employee / official,1,"yes, registered under customer's name",yes,2,divorced/separated
no checking account,4,existing credits paid back duly till now,furniture/equipment,3888,... < 100 DM,1 <= ... < 4 years,3,male,none,2,"car or other, not in savings account",24,none,own,1,unskilled - resident,1,none,yes,1,divorced/separated
no checking account,4,existing credits paid back duly till now,radio/television,1904,unknown / no savings account,1 <= ... < 4 years,2,male,co-applicant,2,real estate,24,none,own,1,skilled employee / official,1,none,no,1,married/widowed
0 <= ... < 200 DM,16,delay in paying off in the past,radio/television,918,... < 100 DM,1 <= ... < 4 years,2,male,none,3,building society savings agreement / life insurance,31,none,own,2,unemployed / unskilled - non-resident,2,none,yes,1,single
no checking account,25,existing credits paid back duly till now,radio/television,2227,... < 100 DM,4 <= ... < 7 years,4,male,none,4,real estate,32,stores,own,2,skilled employee / official,1,"yes, registered under customer's name",yes,1,single
... < 0 DM,4,critical account / other credits existing (not at this bank),car (new),3980,100 <= ... < 500 DM,1 <= ... < 4 years,3,female,none,1,real estate,21,none,own,1,skilled employee / official,1,none,yes,1,single
no checking account,4,critical account / other credits existing (not at this bank),car (new),3286,unknown / no savings account,4 <= ... < 7 years,4,male,none,3,building society savings agreement / life insurance,75,none,own,2,skilled employee / official,1,"yes, registered under customer's name",yes,1,single
0 <= ... < 200 DM,20,existing credits paid back duly till now,car (new),1586,... < 100 DM,1 <= ... < 4 years,1,male,none,1,building society savings agreement / life insurance,61,none,rent,1,unskilled - resident,1,none,no,1,single
... >= 200 DM / salary assignments for at least 1 year,20,delay in paying off in the past,car (new),3177,100 <= ... < 500 DM,... >= 7 years,4,male,none,2,"car or other, not in savings account",37,bank,own,3,skilled employee / official,1,"yes, registered under customer's name",yes,1,single
0 <= ... < 200 DM,14,existing credits paid back duly till now,business,4447,... < 100 DM,1 <= ... < 4 years,2,male,none,4,real estate,30,bank,own,1,unskilled - resident,1,none,yes,1,divorced/separated
no checking account,23,existing credits paid back duly till now,radio/television,1477,... < 100 DM,... >= 7 years,4,female,none,1,"car or other, not in savings account",49,none,own,1,skilled employee / official,1,none,yes,1,married/widowed
... < 0 DM,4,existing credits paid back duly till now,furniture/equipment,250,500 <= ... < 1000 DM,... < 1 year,3,male,none,1,building society savings agreement / life insurance,49,bank,own,1,unskilled - resident,1,none,yes,1,single
no checking account,25,existing credits paid back duly till now,radio/television,3165,unknown / no savings account,unemployed,4,male,none,1,building society savings agreement / life insurance,31,none,own,1,skilled employee / official,1,"yes, registered under customer's name",yes,1,single
no checking account,17,critical account / other credits existing (not at this bank),car (new),1311,... < 100 DM,4 <= ... < 7 years,3,male,co-applicant,4,real estate,24,none,own,1,skilled employee / official,1,none,yes,1,married/widowed
0 <= ... < 200 DM,55,delay in paying off in the past,business,10785,100 <= ... < 500 DM,... < 1 year,3,male,none,1,building society savings agreement / life insurance,19,none,own,2,management / self-employed / highly qualified employee / officer,1,"yes, registered under customer's name",yes,2,divorced/separated
... < 0 DM,12,critical account / other credits existing (not at this bank),car (new),1319,... < 100 DM,1 <= ... < 4 years,4,female,none,4,"car or other, not in savings account",58,none,own,2,skilled employee / official,1,none,yes,2,divorced/separated
... < 0 DM,34,existing credits paid back duly till now,radio/television,991,... < 100 DM,... >= 7 years,4,male,co-applicant,4,unknown / no property,38,none,for free,1,unskilled - resident,2,"yes, registered under customer's name",yes,2,single
... < 0 DM,20,delay in paying off in the past,furniture/equipment,250,... < 100 DM,... < 1 year,2,female,none,4,"car or other, not in savings account",27,none,rent,1,skilled employee / official,1,none,yes,2,divorced/separated
... < 0 DM,4,critical account / other credits existing (not at this bank),car (new),2916,... < 100 DM,... < 1 year,4,male,none,4,real estate,24,none,rent,2,skilled employee / official,1,none,yes,2,married/widowed
no checking account,25,delay in paying off in the past,business,5306,unknown / no savings account,... >= 7 years,4,male,none,3,"car or other, not in savings account",42,none,own,1,skilled employee / official,1,"yes, registered under customer's name",yes,1,single
no checking account,20,existing credits paid back duly till now,radio/television,250,unknown / no savings account,... >= 7 years,4,male,none,2,"car or other, not in savings account",53,none,own,1,skilled employee / official,1,none,yes,1,single
no checking account,10,critical account / other credits existing (not at this bank),car (new),250,unknown / no savings account,1 <= ... < 4 years,3,male,none,2,real estate,57,none,own,2,unskilled - resident,2,none,yes,1,married/widowed
no checking account,4,existing credits paid back duly till now,car (new),1317,... < 100 DM,... < 1 year,2,female,none,4,unknown / no property,26,none,rent,1,skilled employee / official,1,none,yes,1,divorced/separated
0 <= ... < 200 DM,24,delay in paying off in the past,car (used),630,... < 100 DM,... >= 7 years,4,male,none,2,unknown / no property,53,bank,for free,3,management / self-employed / highly qualified employee / officer,1,"yes, registered under customer's name",yes,2,single
no checking account,21,existing credits paid back duly till now,radio/television,1632,... >= 1000 DM,... < 1 year,4,male,none,3,real estate,48,none,own,1,skilled employee / official,1,none,yes,1,single
0 <= ... < 200 DM,4,critical account / other credits existing (not at this bank),furniture/equipment,553,... < 100 DM,... < 1 year,2,male,none,4,building society savings agreement / life insurance,39,bank,own,2,skilled employee / official,1,none,yes,1,divorced/separated
no checking account,29,existing credits paid back duly till now,retraining,250,... < 100 DM,1 <= ... < 4 years,3,female,none,1,building society savings agreement / life insurance,23,none,own,1,management / self-employed / highly qualified employee / officer,1,none,yes,1,divorced/separated
no checking account,4,critical account / other credits existing (not at this bank),radio/television,2302,... < 100 DM,1 <= ... < 4 years,3,male,none,1,building society savings agreement / life insurance,34,none,own,2,skilled employee / official,1,"yes, registered under customer's name",yes,1,single
... >= 200 DM / salary assignments for at least 1 year,39,no credits taken / all credits paid back duly,repairs,2738,... < 100 DM,... < 1 year,2,male,guarantor,2,building society savings agreement / life insurance,44,none,own,1,management / self-employed / highly qualified employee / officer,2,none,yes,1,single
0 <= ... < 200 DM,22,no credits taken / all credits paid back duly,car (new),1001,... < 100 DM,1 <= ... < 4 years,1,female,none,2,"car or other, not in savings account",45,stores,own,1,management / self-employed / highly qualified employee / officer,1,"yes, registered under customer's name",yes,2,divorced/separated
0 <= ... < 200 DM,8,existing credits paid back duly till now,car (used),823,... < 100 DM,... >= 7 years,3,male,none,1,unknown / no property,75,none,for free,1,management / self-employed / highly qualified employee / officer,1,"yes, registered under customer's name",yes,1,single
no checking account,8,existing credits paid back duly till now,radio/television,250,unknown / no savings account,... >= 7 years,4,male,none,4,real estate,49,bank,own,1,skilled employee / official,1,none,yes,1,married/widowed
... < 0 DM,15,no credits taken / all credits paid back duly,education,1109,... < 100 DM,... >= 7 years,4,female,none,4,building society savings agreement / life insurance,71,none,own,3,unskilled - resident,1,"yes, registered under customer's name",yes,1,divorced/separated
no checking account,24,critical account / other credits existing (not at this bank),car (new),3416,... < 100 DM,unemployed,2,male,none,2,"car or other, not in savings account",34,none,own,3,skilled employee / official,1,"yes, registered under customer's name",yes,1,married/widowed
... < 0 DM,40,critical account / other credits existing (not at this bank),car (used),3244,unknown / no savings account,... >= 7 years,2,male,none,4,unknown / no property,20,none,for free,1,management / self-employed / highly qualified employee / officer,2,"yes, registered under customer's name",yes,1,single
... < 0 DM,22,all credits at this bank paid back duly,business,5286,100 <= ... < 500 DM,... >= 7 years,3,female,none,3,"car or other, not in savings account",30,bank,own,2,skilled employee / official,1,"yes, registered under customer's name",yes,2,divorced/separated
no checking account,13,existing credits paid back duly till now,radio/television,1752,500 <= ... < 1000 DM,4 <= ... < 7 years,3,male,none,2,building society savings agreement / life insurance,20,none,own,1,skilled employee / official,1,none,yes,1,married/widowed
no checking account,5,existing credits paid back duly till now,car (new),993,... >= 1000 DM,... < 1 year,3,male,none,1,building society savings agreement / life insurance,30,none,rent,1,unskilled - resident,1,none,yes,1,divorced/separated
no checking account,6,critical account / other credits existing (not at this bank),car (new),3604,500 <= ... < 1000 DM,1 <= ... < 4 years,1,male,none,2,real estate,44,none,own,2,unskilled - resident,1,none,yes,1,married/widowed
0 <= ... < 200 DM,31,all credits at this bank paid back duly,radio/television,250,... < 100 DM,4 <= ... < 7 years,3,female,none,4,"car or other, not in savings account",75,bank,for free,2,management / self-employed / highly qualified employee / officer,1,"yes, registered under customer's name",yes,2,divorced/separated
no checking account,27,existing credits paid back duly till now,furniture/equipment,10605,unknown / no savings account,... < 1 year,3,male,none,2,building society savings agreement / life insurance,26,none,own,1,unskilled - resident,1,"yes, registered under customer's name",yes,1,single
0 <= ... < 200 DM,9,delay in paying off in the past,car (used),4077,... < 100 DM,... < 1 year,4,male,none,4,building society savings agreement / life insurance,75,none,own,1,unskilled - resident,1,none,yes,1,single
no checking account,31,critical account / other credits existing (not at this bank),car (new),250,unknown / no savings account,1 <= ... < 4 years,4,male,none,4,real estate,43,none,for free,1,management / self-employed / highly qualified employee / officer,1,none,yes,1,single
... < 0 DM,7,existing credits paid back duly till now,car (new),5178,500 <= ... < 1000 DM,... < 1 year,1,male,none,2,real estate,29,bank,own,1,unskilled - resident,1,none,yes,1,divorced/separated
... < 0 DM,14,existing credits paid back duly till now,radio/television,250,... < 100 DM,... >= 7 years,4,male,none,4,"car or other, not in savings account",29,none,for free,1,skilled employee / official,1,"yes, registered under customer's name",yes,1,single
no checking account,20,critical account / other credits existing (not at this bank),business,2308,... < 100 DM,1 <= ... < 4 years,2,female,none,1,"car or other, not in savings account",30,none,own,1,management / self-employed / highly qualified employee / officer,1,"yes, registered under customer's name",yes,2,single
... < 0 DM,23,critical account / other credits existing (not at this bank),car (used),250,... < 100 DM,4 <= ... < 7 years,1,female,none,4,building society savings agreement / life insurance,45,none,own,2,management / self-employed / highly qualified employee / officer,1,none,yes,1,divorced/separated
... < 0 DM,22,critical account / other credits existing (not at this bank),furniture/equipment,1721,... < 100 DM,1 <= ... < 4 years,2,female,none,2,building society savings agreement / life insurance,38,none,own,2,unskilled - resident,1,none,yes,1,divorced/separated
0 <= ... < 200 DM,22,delay in paying off in the past,car (used),2638,100 <= ... < 500 DM,1 <= ... < 4 years,2,male,none,2,unknown / no property,29,none,rent,1,skilled employee / official,2,none,yes,1,single
no checking account,22,critical account / other credits existing (not at this bank),furniture/equipment,250,... < 100 DM,1 <= ... < 4 years,4,male,none,2,real estate,45,none,own,2,skilled employee / official,1,"yes, registered under customer's name",yes,1,single
0 <= ... < 200 DM,17,existing credits paid back duly till now,retraining,367,... < 100 DM,... < 1 year,2,male,none,2,real estate,47,none,own,1,unskilled - resident,1,none,yes,1,married/widowed
no checking account,53,existing credits paid back duly till now,retraining,250,100 <= ... < 500 DM,1 <= ... < 4 years,2,female,none,2,"car or other, not in savings account",29,none,own,2,skilled employee / official,1,none,yes,1,divorced/separated
0 <= ... < 200 DM,13,critical account / other credits existing (not at this bank),car (new),250,... < 100 DM,unemployed,4,female,none,4,real estate,68,none,for free,1,skilled employee / official,1,none,yes,2,divorced/separated
... >= 200 DM / salary assignments for at least 1 year,4,critical account / other credits existing (not at this bank),car (used),903,... < 100 DM,1 <= ... < 4 years,2,male,none,4,real estate,51,none,own,2,skilled employee / official,2,none,yes,1,single
no checking account,22,existing credits paid back duly till now,furniture/equipment,2259,... < 100 DM,1 <= ... < 4 years,1,female,none,4,"car or other, not in savings account",37,none,rent,1,skilled employee / official,1,none,yes,1,divorced/separated
0 <= ... < 200 DM,42,existing credits paid back duly till now,car (new),3354,... < 100 DM,... >= 7 years,3,male,none,2,unknown / no property,45,bank,for free,1,unskilled - resident,1,none,yes,1,single
... < 0 DM,4,all credits at this bank paid back duly,furniture/equipment,15945,... < 100 DM,... >= 7 years,3,male,none,4,unknown / no property,75,none,for free,1,management / self-employed / highly qualified employee / officer,1,"yes, registered under customer's name",yes,2,single
0 <= ... < 200 DM,5,existing credits paid back duly till now,car (used),15153,... < 100 DM,... >= 7 years,4,male,none,1,unknown / no property,55,none,own,2,management / self-employed / highly qualified employee / officer,1,"yes, registered under customer's name",yes,1,single
... < 0 DM,17,existing credits paid back duly till now,car (new),15945,... < 100 DM,unemployed,3,female,none,4,unknown / no property,72,none,rent,1,management / self-employed / highly qualified employee / officer,2,none,yes,1,divorced/separated
no checking account,6,critical account / other credits existing (not at this bank),radio/television,1522,unknown / no savings account,... >= 7 years,4,male,none,4,real estate,65,bank,own,2,management / self-employed / highly qualified employee / officer,2,none,no,1,single
no checking account,14,critical account / other credits existing (not at this bank),car (new),250,... < 100 DM,unemployed,4,female,none,4,unknown / no property,75,none,rent,2,skilled employee / official,1,none,yes,1,divorced/separated
... < 0 DM,10,existing credits paid back duly till now,car (new),797,... < 100 DM,1 <= ... < 4 years,1,female,none,4,real estate,24,bank,rent,1,unskilled - resident,1,none,yes,1,divorced/separated
no checking account,4,existing credits paid back duly till now,car (new),2498,unknown / no savings account,1 <= ... < 4 years,2,male,none,2,real estate,19,none,own,1,unskilled - resident,2,none,no,1,single
... >= 200 DM / salary assignments for at least 1 year,23,all credits at this bank paid back duly,radio/television,9053,... < 100 DM,1 <= ... < 4 years,4,male,none,2,"car or other, not in savings account",32,none,own,1,skilled employee / official,1,none,yes,2,divorced/separated
... < 0 DM,4,existing credits paid back duly till now,car (new),1260,... < 100 DM,1 <= ... < 4 years,4,male,co-applicant,1,"car or other, not in savings account",50,none,own,1,skilled employee / official,1,none,yes,1,single
0 <= ... < 200 DM,23,critical account / other credits existing (not at this bank),car (new),385,100 <= ... < 500 DM,4 <= ... < 7 years,3,male,none,3,building society savings agreement / life insurance,40,none,own,2,skilled employee / official,1,"yes, registered under customer's name",yes,1,single
no checking account,29,critical account / other credits existing (not at this bank),furniture/equipment,1289,... < 100 DM,1 <= ... < 4 years,4,male,none,1,"car or other, not in savings account",49,none,own,2,unskilled - resident,1,none,yes,1,single
... < 0 DM,5,existing credits paid back duly till now,education,1261,... < 100 DM,... >= 7 years,4,female,none,4,real estate,25,none,own,1,unskilled - resident,1,none,yes,2,divorced/separated
... < 0 DM,19,critical account / other credits existing (not at this bank),business,941,... < 100 DM,1 <= ... < 4 years,4,male,none,2,real estate,43,none,own,2,skilled employee / official,1,none,yes,1,married/widowed
no checking account,28,existing credits paid back duly till now,radio/television,250,500 <= ... < 1000 DM,1 <= ... < 4 years,4,male,none,4,building society savings agreement / life insurance,27,none,own,1,skilled employee / official,1,none,yes,1,divorced/separated
... < 0 DM,4,delay in paying off in the past,car (new),1335,... < 100 DM,1 <= ... < 4 years,2,male,none,4,unknown / no property,49,stores,for free,2,skilled employee / official,2,"yes, registered under customer's name",yes,1,single
0 <= ... < 200 DM,13,critical account / other credits existing (not at this bank),domestic appliances,2703,... >= 1000 DM,1 <= ... < 4 years,4,male,none,2,"car or other, not in savings account",29,none,own,3,skilled employee / official,1,none,yes,1,single
... < 0 DM,5,all credits at this bank paid back duly,car (new),2629,... < 100 DM,1 <= ... < 4 years,3,male,none,4,real estate,55,none,rent,1,skilled employee / official,1,none,no,2,divorced/separated
no checking account,25,existing credits paid back duly till now,car (used),666,... < 100 DM,... >= 7 years,2,male,none,4,"car or other, not in savings account",49,none,own,1,skilled employee / official,1,"yes, registered under customer's name",yes,1,single
no checking account,25,existing credits paid back duly till now,furniture/equipment,4116,500 <= ... < 1000 DM,1 <= ... < 4 years,1,female,none,3,"car or other, not in savings account",34,none,rent,1,skilled employee / official,1,"yes, registered under customer's name",yes,1,divorced/separated
0 <= ... < 200 DM,16,existing credits paid back duly till now,business,273,... < 100 DM,... >= 7 years,3,male,none,1,building society savings agreement / life insurance,41,stores,own,1,unskilled - resident,2,"yes, registered under customer's name",yes,1,single
0 <= ... < 200 DM,21,all credits at this bank paid back duly,education,1375,500 <= ... < 1000 DM,1 <= ... < 4 years,3,male,none,1,building society savings agreement / life insurance,24,bank,own,1,unskilled - resident,1,"yes, registered under customer's name",yes,1,married/widowed
... < 0 DM,33,all credits at this bank paid back duly,car (new),250,100 <= ... < 500 DM,... < 1 year,4,female,none,4,unknown / no property,35,bank,for free,1,skilled employee / official,1,none,yes,2,divorced/separated
no checking account,27,all credits at this bank paid back duly,car (used),2771,... < 100 DM,... >= 7 years,4,male,none,4,"car or other, not in savings account",75,none,own,1,management / self-employed / highly qualified employee / officer,1,"yes, registered under customer's name",yes,1,single
... < 0 DM,40,critical account / other credits existing (not at this bank),furniture/equipment,3422,... >= 1000 DM,1 <= ... < 4 years,3,male,none,2,building society savings agreement / life insurance,27,none,own,2,skilled employee / official,2,"yes, registered under customer's name",yes,1,single
0 <= ... < 200 DM,4,critical account / other credits existing (not at this bank),car (new),7199,... < 100 DM,1 <= ... < 4 years,1,male,none,4,real estate,63,none,own,3,unskilled - resident,1,"yes, registered under customer's name",no,1,single
no checking account,5,existing credits paid back duly till now,radio/television,250,... < 100 DM,... >= 7 years,4,male,none,4,unknown / no property,44,none,for free,1,skilled employee / official,1,"yes, registered under customer's name",yes,1,single
no checking account,23,delay in paying off in the past,radio/television,2308,... < 100 DM,1 <= ... < 4 years,4,male,guarantor,2,building society savings agreement / life insurance,21,none,own,1,skilled employee / official,1,none,yes,1,single
no checking account,20,existing credits paid back duly till now,radio/television,2741,... < 100 DM,1 <= ... < 4 years,4,male,none,2,building society savings agreement / life insurance,51,none,own,1,skilled employee / official,1,none,yes,1,single
... < 0 DM,24,delay in paying off in the past,furniture/equipment,3225,... < 100 DM,4 <= ... < 7 years,4,male,none,4,building society savings agreement / life insurance,19,bank,own,2,unskilled - resident,1,none,yes,1,single
... < 0 DM,7,existing credits paid back duly till now,car (new),2271,100 <= ... < 500 DM,... >= 7 years,4,male,none,4,building society savings agreement / life insurance,41,none,own,1,skilled employee / official,1,none,yes,2,single
no checking account,5,critical account / other credits existing (not at this bank),education,1019,500 <= ... < 1000 DM,... < 1 year,4,male,none,1,unknown / no property,70,none,own,1,skilled employee / official,1,none,yes,1,single
... < 0 DM,30,critical account / other credits existing (not at this bank),furniture/equipment,1446,... >= 1000 DM,... < 1 year,2,female,none,4,real estate,34,none,rent,1,skilled employee / official,1,none,yes,1,divorced/separated
no checking account,4,critical account / other credits existing (not at this bank),education,6130,100 <= ... < 500 DM,... >= 7 years,1,female,none,4,building society savings agreement / life insurance,40,none,own,2,unskilled - resident,2,none,yes,1,single
no checking account,17,existing credits paid back duly till now,business,1319,unknown / no savings account,... < 1 year,4,female,none,1,real estate,31,none,rent,1,skilled employee / official,1,none,yes,2,married/widowed
no checking account,19,critical account / other credits existing (not at this bank),business,357,... < 100 DM,4 <= ... < 7 years,2,male,none,4,building society savings agreement / life insurance,75,bank,own,2,skilled employee / official,2,"yes, registered under customer's name",yes,1,single
no checking account,28,critical account / other credits existing (not at this bank),radio/television,2080,500 <= ... < 1000 DM,... >= 7 years,4,male,none,3,real estate,33,bank,own,2,skilled employee / official,1,none,yes,1,single
0 <= ... < 200 DM,22,critical account / other credits existing (not at this bank),education,4010,unknown / no savings account,unemployed,1,male,none,1,building society savings agreement / life insurance,25,bank,for free,2,skilled employee / official,1,"yes, registered under customer's name",yes,1,single
no checking account,12,delay in paying off in the past,radio/television,4469,... < 100 DM,1 <= ... < 4 years,3,male,guarantor,2,real estate,34,none,own,1,skilled employee / official,2,none,yes,1,single
0 <= ... < 200 DM,11,critical account / other credits existing (not at this bank),car (new),448,... >= 1000 DM,1 <= ... < 4 years,1,female,none,2,"car or other, not in savings account",32,none,rent,2,unskilled - resident,1,none,yes,1,divorced/separated
... < 0 DM,22,existing credits paid back duly till now,furniture/equipment,2197,... < 100 DM,4 <= ... < 7 years,1,female,none,1,building society savings agreement / life insurance,34,none,for free,1,unemployed / unskilled - non-resident,1,none,yes,2,single
0 <= ... < 200 DM,13,existing credits paid back duly till now,radio/television,1050,... < 100 DM,1 <= ... < 4 years,3,male,guarantor,2,building society savings agreement / life insurance,25,none,own,1,skilled employee / official,1,none,yes,1,married/widowed
0 <= ... < 200 DM,21,existing credits paid back duly till now,radio/television,6599,... < 100 DM,1 <= ... < 4 years,2,male,co-applicant,4,building society savings agreement / life insurance,42,none,own,1,skilled employee / official,1,none,yes,2,single
no checking account,6,existing credits paid back duly till now,car (new),4826,... < 100 DM,1 <= ... < 4 years,4,male,none,2,real estate,20,none,own,1,unskilled - resident,1,none,yes,1,married/widowed
... < 0 DM,23,existing credits paid back duly till now,car (used),1950,unknown / no savings account,1 <= ... < 4 years,1,female,none,4,building society savings agreement / life insurance,34,none,for free,1,skilled employee / official,1,"yes, registered under customer's name",yes,1,divorced/separated
... < 0 DM,31,existing credits paid back duly till now,furniture/equipment,250,... < 100 DM,unemployed,2,male,none,3,building society savings agreement / life insurance,59,stores,own,1,skilled employee / official,1,"yes, registered under customer's name",yes,2,single
... >= 200 DM / salary assignments for at least 1 year,4,existing credits paid back duly till now,car (used),5070,100 <= ... < 500 DM,... >= 7 years,4,male,none,4,real estate,75,none,own,3,skilled employee / official,1,none,yes,1,divorced/separated
no checking account,24,existing credits paid back duly till now,radio/television,1224,... < 100 DM,... < 1 year,2,female,none,2,real estate,21,none,rent,1,unemployed / unskilled - non-resident,1,none,yes,1,divorced/separated
... < 0 DM,8,existing credits paid back duly till now,others,4695,... < 100 DM,... < 1 year,1,female,none,2,real estate,35,none,own,1,unskilled - resident,1,none,yes,1,divorced/separated
... >= 200 DM / salary assignments for at least 1 year,24,existing credits paid back duly till now,car (new),2901,unknown / no savings account,1 <= ... < 4 years,3,male,none,2,"car or other, not in savings account",38,none,own,1,unskilled - resident,2,"yes, registered under customer's name",no,1,married/widowed
... < 0 DM,21,critical account / other credits existing (not at this bank),radio/television,1902,... < 100 DM,1 <= ... < 4 years,4,male,none,1,"car or other, not in savings account",29,none,own,1,skilled employee / official,1,none,yes,1,single
... < 0 DM,24,existing credits paid back duly till now,radio/television,250,... < 100 DM,1 <= ... < 4 years,1,male,none,2,"car or other, not in savings account",62,none,own,2,management / self-employed / highly qualified employee / officer,1,"yes, registered under customer's name",yes,1,single
0 <= ... < 200 DM,24,critical account / other credits existing (not at this bank),furniture/equipment,10953,... < 100 DM,1 <= ... < 4 years,4,female,none,3,"car or other, not in savings account",36,none,own,2,management / self-employed / highly qualified employee / officer,1,"yes, registered under customer's name",yes,2,married/widowed
no checking account,11,existing credits paid back duly till now,car (new),250,unknown / no savings account,... >= 7 years,2,female,none,4,unknown / no property,75,none,own,1,management / self-employed / highly qualified employee / officer,2,"yes, registered under customer's name",yes,1,divorced/separated
no checking account,4,existing credits paid back duly till now,car (used),5462,... < 100 DM,1 <= ... < 4 years,1,female,none,4,unknown / no property,75,none,rent,2,unemployed / unskilled - non-resident,1,none,yes,1,divorced/separated
no checking account,28,existing credits paid back duly till now,radio/television,572,... < 100 DM,1 <= ... < 4 years,2,female,none,4,building society savings agreement / life insurance,27,none,own,1,skilled employee / official,1,none,yes,1,divorced/separated
no checking account,26,existing credits paid back duly till now,radio/television,12450,unknown / no savings account,4 <= ... < 7 years,4,male,none,3,"car or other, not in savings account",25,none,own,1,skilled employee / official,1,"yes, registered under customer's name",yes,1,single
no checking account,18,existing credits paid back duly till now,retraining,2634,unknown / no savings account,1 <= ... < 4 years,2,male,none,2,"car or other, not in savings account",35,none,own,1,management / self-employed / highly qualified employee / officer,1,none,yes,1,married/widowed
... < 0 DM,16,existing credits paid back duly till now,radio/television,250,... < 100 DM,... < 1 year,4,female,none,4,"car or other, not in savings account",75,none,rent,1,skilled employee / official,1,none,yes,2,divorced/separated
0 <= ... < 200 DM,17,delay in paying off in the past,furniture/equipment,11508,... < 100 DM,4 <= ... < 7 years,4,male,none,4,"car or other, not in savings account",41,stores,own,2,management / self-employed / highly qualified employee / officer,1,none,yes,1,single
no checking account,9,existing credits paid back duly till now,furniture/equipment,1304,unknown / no savings account,... >= 7 years,3,male,none,4,building society savings agreement / life insurance,57,bank,own,1,skilled employee / official,1,none,yes,1,single
... < 0 DM,27,existing credits paid back duly till now,car (used),250,... < 100 DM,1 <= ... < 4 years,4,female,co-applicant,4,real estate,20,none,own,1,skilled employee / official,1,none,yes,1,divorced/separated
no checking account,4,existing credits paid back duly till now,car (used),2034,unknown / no savings account,... >= 7 years,3,male,none,4,building society savings agreement / life insurance,66,none,for free,1,skilled employee / official,1,"yes, registered under customer's name",yes,1,single
... < 0 DM,51,existing credits paid back duly till now,car (new),250,... < 100 DM,... < 1 year,4,male,none,3,building society savings agreement / life insurance,33,none,rent,1,unskilled - resident,2,none,yes,2,divorced/separated
no checking account,19,existing credits paid back duly till now,car (new),2751,unknown / no savings account,unemployed,1,female,none,4,real estate,63,none,own,1,skilled employee / official,1,none,yes,1,divorced/separated
... < 0 DM,9,existing credits paid back duly till now,radio/television,1087,... < 100 DM,... < 1 year,2,female,none,4,real estate,33,none,for free,1,skilled employee / official,1,none,yes,2,divorced/separated
0 <= ... < 200 DM,15,existing credits paid back duly till now,radio/television,250,... < 100 DM,1 <= ... < 4 years,4,male,guarantor,2,real estate,56,none,own,1,unskilled - resident,1,none,yes,1,single
... < 0 DM,5,existing credits paid back duly till now,repairs,542,... < 100 DM,... < 1 year,1,female,none,4,building society savings agreement / life insurance,19,none,rent,1,skilled employee / official,1,"yes, registered under customer's name",yes,2,divorced/separated
0 <= ... < 200 DM,26,existing credits paid back duly till now,radio/television,1501,... < 100 DM,... < 1 year,4,male,none,3,building society savings agreement / life insurance,35,none,own,1,skilled employee / official,1,none,yes,2,married/widowed
no checking account,9,existing credits paid back duly till now,car (new),1639,... < 100 DM,... >= 7 years,3,male,none,4,unknown / no property,41,none,for free,1,skilled employee / official,2,"yes, registered under customer's name",yes,1,single
... < 0 DM,25,existing credits paid back duly till now,car (used),4853,... < 100 DM,4 <= ... < 7 years,4,male,none,4,"car or other, not in savings account",29,none,own,1,management / self-employed / highly qualified employee / officer,1,"yes, registered under customer's name",yes,2,single
no checking account,7,critical account / other credits existing (not at this bank),car (new),1006,unknown / no savings account,1 <= ... < 4 years,2,male,co-applicant,2,building society savings agreement / life insurance,60,none,own,2,unskilled - resident,2,none,yes,1,single
... < 0 DM,20,existing credits paid back duly till now,car (new),1177,unknown / no savings account,1 <= ... < 4 years,2,female,co-applicant,1,building society savings agreement / life insurance,22,bank,rent,1,unskilled - resident,1,none,yes,1,divorced/separated
0 <= ... < 200 DM,10,critical account / other credits existing (not at this bank),retraining,1791,... < 100 DM,... < 1 year,1,female,none,4,"car or other, not in savings account",22,none,rent,1,skilled employee / official,1,none,yes,1,divorced/separated
no checking account,17,delay in paying off in the past,radio/television,15945,... < 100 DM,4 <= ... < 7 years,4,male,none,3,"car or other, not in savings account",35,none,own,2,skilled employee / official,2,"yes, registered under customer's name",yes,1,single
no checking account,20,existing credits paid back duly till now,furniture/equipment,4224,unknown / no savings account,1 <= ... < 4 years,2,male,none,1,real estate,31,none,own,2,skilled employee / official,2,none,yes,2,single
... < 0 DM,22,existing credits paid back duly till now,furniture/equipment,5280,... < 100 DM,... >= 7 years,4,male,none,4,real estate,32,none,own,1,skilled employee / official,2,none,yes,2,single
no checking account,22,no credits taken / all credits paid back duly,furniture/equipment,250,... < 100 DM,unemployed,4,male,none,4,building society savings agreement / life insurance,34,stores,own,1,skilled employee / official,1,none,yes,1,married/widowed
... < 0 DM,20,all credits at this bank paid back duly,car (new),4002,unknown / no savings account,4 <= ... < 7 years,4,male,none,2,"car or other, not in savings account",31,none,own,1,skilled employee / official,1,"yes, registered under customer's name",yes,1,single
0 <= ... < 200 DM,4,delay in paying off in the past,car (new),250,... < 100 DM,4 <= ... < 7 years,1,male,none,2,real estate,44,none,own,2,unskilled - resident,2,none,yes,1,married/widowed
no checking account,4,existing credits paid back duly till now,business,2983,100 <= ... < 500 DM,4 <= ... < 7 years,2,male,co-applicant,2,"car or other, not in savings account",50,stores,own,1,management / self-employed / highly qualified employee / officer,1,"yes, registered under customer's name",yes,1,single
... < 0 DM,38,existing credits paid back duly till now,car (used),250,... < 100 DM,... < 1 year,3,female,none,4,unknown / no property,32,bank,for free,2,skilled employee / official,1,none,yes,2,divorced/separated
no checking account,38,critical account / other credits existing (not at this bank),car (used),11532,unknown / no savings account,... >= 7 years,2,male,none,4,unknown / no property,66,none,own,2,management / self-employed / highly qualified employee / officer,2,none,no,1,single
0 <= ... < 200 DM,17,critical account / other credits existing (not at this bank),car (used),5715,... < 100 DM,... >= 7 years,2,male,none,4,unknown / no property,34,none,for free,2,management / self-employed / highly qualified employee / officer,1,"yes, registered under customer's name",yes,1,single
... < 0 DM,23,delay in paying off in the past,car (new),5138,... < 100 DM,... >= 7 years,4,female,none,4,unknown / no property,46,none,for free,2,skilled employee / official,1,none,yes,2,divorced/separated
0 <= ... < 200 DM,24,no credits taken / all credits paid back duly,car (new),250,... < 100 DM,... < 1 year,4,female,none,3,unknown / no property,34,bank,own,1,skilled employee / official,1,none,yes,2,divorced/separated
no checking account,17,critical account / other credits existing (not at this bank),car (used),3233,unknown / no savings account,1 <= ... < 4 years,4,male,none,4,"car or other, not in savings account",26,none,own,4,skilled employee / official,1,none,yes,2,single
no checking account,44,critical account / other credits existing (not at this bank),repairs,250,unknown / no savings account,4 <= ... < 7 years,1,male,none,4,"car or other, not in savings account",75,none,own,2,skilled employee / official,1,"yes, registered under customer's name",yes,1,single
no checking account,4,existing credits paid back duly till now,car (new),427,100 <= ... < 500 DM,4 <= ... < 7 years,1,male,none,4,unknown / no property,40,bank,own,1,skilled employee / official,2,none,yes,1,married/widowed
no checking account,16,existing credits paid back duly till now,furniture/equipment,1944,100 <= ... < 500 DM,1 <= ... < 4 years,3,female,none,3,building society savings agreement / life insurance,29,none,own,2,management / self-employed / highly qualified employee / officer,1,none,yes,2,divorced/separated
... >= 200 DM / salary assignments for at least 1 year,12,existing credits paid back duly till now,others,250,... < 100 DM,unemployed,4,female,none,4,"car or other, not in savings account",58,none,rent,1,skilled employee / official,1,none,yes,2,divorced/separated
0 <= ... < 200 DM,4,existing credits paid back duly till now,car (used),15945,500 <= ... < 1000 DM,1 <= ... < 4 years,2,female,none,1,real estate,23,none,rent,1,unskilled - resident,1,none,yes,1,divorced/separated
0 <= ... < 200 DM,4,existing credits paid back duly till now,car (new),1832,... < 100 DM,1 <= ... < 4 years,1,male,none,2,building society savings agreement / life insurance,66,none,rent,1,unskilled - resident,2,none,yes,1,single
... < 0 DM,4,existing credits paid back duly till now,furniture/equipment,889,... < 100 DM,4 <= ... < 7 years,4,female,none,4,unknown / no property,35,none,for free,1,management / self-employed / highly qualified employee / officer,1,"yes, registered under customer's name",yes,2,divorced/separated
... < 0 DM,4,critical account / other credits existing (not at this bank),car (new),1626,... < 100 DM,4 <= ... < 7 years,4,female,none,3,real estate,26,none,own,1,unemployed / unskilled - non-resident,1,none,yes,1,divorced/separated
0 <= ... < 200 DM,17,no credits taken / all credits paid back duly,business,4804,... < 100 DM,... < 1 year,2,male,none,3,building society savings agreement / life insurance,33,bank,own,1,skilled employee / official,2,none,yes,2,married/widowed
0 <= ... < 200 DM,40,no credits taken / all credits paid back duly,car (used),2433,... < 100 DM,1 <= ... < 4 years,3,male,none,3,"car or other, not in savings account",27,none,own,2,skilled employee / official,1,none,no,1,single
no checking account,20,existing credits paid back duly till now,car (new),2994,unknown / no savings account,... < 1 year,4,male,none,4,"car or other, not in savings account",49,none,own,1,unskilled - resident,2,none,yes,1,married/widowed
0 <= ... < 200 DM,13,all credits at this bank paid back duly,repairs,1573,... < 100 DM,1 <= ... < 4 years,2,male,none,2,unknown / no property,37,bank,own,1,management / self-employed / highly qualified employee / officer,1,"yes, registered under customer's name",yes,1,divorced/separated
0 <= ... < 200 DM,30,critical account / other credits existing (not at this bank),business,1967,... < 100 DM,4 <= ... < 7 years,4,male,none,3,building society savings agreement / life insurance,24,none,own,2,skilled employee / official,1,"yes, registered under customer's name",yes,1,single
no checking account,42,critical account / other credits existing (not at this bank),business,869,... < 100 DM,... < 1 year,4,male,none,2,"car or other, not in savings account",50,stores,own,3,skilled employee / official,1,"yes, registered under customer's name",yes,1,single
no checking account,19,existing credits paid back duly till now,furniture/equipment,1682,100 <= ... < 500 DM,1 <= ... < 4 years,3,male,none,1,"car or other, not in savings account",46,none,rent,1,unskilled - resident,1,none,yes,1,single
... < 0 DM,17,critical account / other credits existing (not at this bank),car (new),2677,... < 100 DM,1 <= ... < 4 years,1,male,none,1,real estate,29,none,own,2,skilled employee / official,1,none,yes,1,married/widowed
... < 0 DM,24,existing credits paid back duly till now,radio/television,250,... >= 1000 DM,1 <= ... < 4 years,4,female,none,4,"car or other, not in savings account",32,none,own,1,skilled employee / official,1,none,yes,2,single
no checking account,4,critical account / other credits existing (not at this bank),furniture/equipment,613,unknown / no savings account,... < 1 year,4,female,none,4,real estate,52,none,own,2,skilled employee / official,1,none,yes,1,divorced/separated
... < 0 DM,72,critical account / other credits existing (not at this bank),education,2211,500 <= ... < 1000 DM,unemployed,2,male,none,3,unknown / no property,31,bank,own,2,skilled employee / official,1,none,yes,2,single
0 <= ... < 200 DM,16,delay in paying off in the past,radio/television,864,... < 100 DM,... < 1 year,4,male,none,4,unknown / no property,31,none,for free,1,skilled employee / official,1,"yes, registered under customer's name",yes,2,single
... < 0 DM,27,existing credits paid back duly till now,radio/television,1379,... < 100 DM,... >= 7 years,4,male,none,1,real estate,69,stores,own,2,skilled employee / official,1,none,yes,1,single
no checking account,26,critical account / other credits existing (not at this bank),radio/television,1286,... < 100 DM,... >= 7 years,4,male,none,4,"car or other, not in savings account",65,none,own,1,skilled employee / official,1,none,yes,2,single
no checking account,7,existing credits paid back duly till now,furniture/equipment,1523,... < 100 DM,1 <= ... < 4 years,1,female,none,4,real estate,27,none,own,1,skilled employee / official,1,none,yes,2,divorced/separated
... < 0 DM,10,existing credits paid back duly till now,furniture/equipment,475,500 <= ... < 1000 DM,... < 1 year,4,male,none,1,real estate,30,none,own,1,skilled employee / official,1,none,yes,2,single
0 <= ... < 200 DM,4,delay in paying off in the past,radio/television,2907,unknown / no savings account,1 <= ... < 4 years,2,male,none,1,building society savings agreement / life insurance,30,none,rent,1,skilled employee / official,1,none,yes,1,single
... < 0 DM,4,existing credits paid back duly till now,furniture/equipment,488,500 <= ... < 1000 DM,4 <= ... < 7 years,2,female,none,4,building society savings agreement / life insurance,36,none,rent,1,skilled employee / official,1,"yes, registered under customer's name",yes,1,divorced/separated
... < 0 DM,32,critical account / other credits existing (not at this bank),car (new),1084,... < 100 DM,... >= 7 years,2,male,none,4,unknown / no property,75,bank,for free,2,management / self-employed / highly qualified employee / officer,1,"yes, registered under customer's name",yes,1,single
no checking account,38,delay in paying off in the past,furniture/equipment,440,100 <= ... < 500 DM,... >= 7 years,4,male,none,4,"car or other, not in savings account",42,none,own,1,management / self-employed / highly qualified employee / officer,1,"yes, registered under customer's name",yes,1,single
no checking account,24,critical account / other credits existing (not at this bank),radio/television,4529,... < 100 DM,... >= 7 years,4,male,none,4,"car or other, not in savings account",38,bank,own,2,skilled employee / official,1,"yes, registered under customer's name",yes,1,single
no checking account,4,existing credits paid back duly till now,radio/television,1428,500 <= ... < 1000 DM,... >= 7 years,1,female,none,4,"car or other, not in savings account",62,none,own,1,unskilled - resident,1,"yes, registered under customer's name",yes,1,divorced/separated
0 <= ... < 200 DM,27,existing credits paid back duly till now,radio/television,1049,unknown / no savings account,... >= 7 years,4,male,none,4,"car or other, not in savings account",75,bank,own,1,skilled employee / official,1,none,yes,1,single
... < 0 DM,17,delay in paying off in the past,car (new),11309,... < 100 DM,unemployed,3,male,none,4,"car or other, not in savings account",71,none,own,2,skilled employee / official,2,"yes, registered under customer's name",yes,1,single
... < 0 DM,17,delay in paying off in the past,business,2066,100 <= ... < 500 DM,unemployed,4,male,none,4,"car or other, not in savings account",19,bank,own,1,skilled employee / official,1,none,yes,2,single
no checking account,26,critical account / other credits existing (not at this bank),furniture/equipment,250,... < 100 DM,1 <= ... < 4 years,2,male,none,2,real estate,28,none,own,2,skilled employee / official,1,none,no,1,single
0 <= ... < 200 DM,26,existing credits paid back duly till now,repairs,710,unknown / no savings account,unemployed,3,male,none,2,"car or other, not in savings account",50,none,own,1,skilled employee / official,2,none,yes,1,single
0 <= ... < 200 DM,29,delay in paying off in the past,radio/television,1059,... < 100 DM,... >= 7 years,4,male,none,1,"car or other, not in savings account",41,bank,own,2,skilled employee / official,1,"yes, registered under customer's name",yes,2,single
no checking account,24,existing credits paid back duly till now,car (new),250,unknown / no savings account,1 <= ... < 4 years,3,male,none,4,building society savings agreement / life insurance,29,none,own,1,unskilled - resident,1,"yes, registered under customer's name",yes,1,divorced/separated
0 <= ... < 200 DM,22,all credits at this bank paid back duly,car (used),3908,100 <= ... < 500 DM,unemployed,3,male,none,4,unknown / no property,34,none,for free,2,skilled employee / official,1,"yes, registered under customer's name",yes,2,single
... < 0 DM,10,existing credits paid back duly till now,radio/television,2214,... < 100 DM,... >= 7 years,1,male,none,2,unknown / no property,32,bank,own,1,unskilled - resident,1,"yes, registered under customer's name",yes,2,single
... < 0 DM,25,delay in paying off in the past,car (used),6646,100 <= ... < 500 DM,... >= 7 years,3,male,none,4,unknown / no property,46,bank,for free,4,management / self-employed / highly qualified employee / officer,1,"yes, registered under customer's name",yes,2,single
no checking account,8,existing credits paid back duly till now,radio/television,529,... < 100 DM,... >= 7 years,4,male,none,3,"car or other, not in savings account",60,none,own,3,skilled employee / official,1,"yes, registered under customer's name",yes,2,single
no checking account,8,delay in paying off in the past,business,13198,... < 100 DM,... >= 7 years,2,male,none,2,unknown / no property,55,none,for free,1,management / self-employed / highly qualified employee / officer,2,"yes, registered under customer's name",yes,2,single
0 <= ... < 200 DM,4,no credits taken / all credits paid back duly,car (new),635,... < 100 DM,1 <= ... < 4 years,2,male,none,1,real estate,60,bank,own,1,unskilled - resident,1,none,yes,1,divorced/separated
0 <= ... < 200 DM,4,existing credits paid back duly till now,car (new),1420,... < 100 DM,1 <= ... < 4 years,2,male,guarantor,4,building society savings agreement / life insurance,35,none,for free,1,unemployed / unskilled - non-resident,1,"yes, registered under customer's name",no,2,single
no checking account,4,critical account / other credits existing (not at this bank),car (new),250,... < 100 DM,1 <= ... < 4 years,2,male,none,4,real estate,41,none,own,3,skilled employee / official,1,none,yes,1,single
... < 0 DM,33,all credits at this bank paid back duly,others,3626,100 <= ... < 500 DM,4 <= ... < 7 years,2,female,none,4,"car or other, not in savings account",34,none,rent,1,skilled employee / official,2,"yes, registered under customer's name",yes,2,single
... < 0 DM,13,existing credits paid back duly till now,radio/television,3703,... < 100 DM,... < 1 year,1,male,none,3,real estate,32,stores,own,1,skilled employee / official,1,none,yes,1,married/widowed
no checking account,6,critical account / other credits existing (not at this bank),business,2503,... < 100 DM,4 <= ... < 7 years,1,male,none,1,building society savings agreement / life insurance,75,none,own,2,skilled employee / official,2,"yes, registered under customer's name",yes,1,single
... < 0 DM,4,existing credits paid back duly till now,furniture/equipment,250,... < 100 DM,unemployed,1,female,none,4,building society savings agreement / life insurance,22,none,rent,1,management / self-employed / highly qualified employee / officer,1,"yes, registered under customer's name",yes,1,divorced/separated
0 <= ... < 200 DM,14,delay in paying off in the past,repairs,519,... >= 1000 DM,1 <= ... < 4 years,2,female,none,4,real estate,35,none,for free,3,skilled employee / official,1,none,yes,2,divorced/separated
0 <= ... < 200 DM,22,existing credits paid back duly till now,radio/television,975,... < 100 DM,... >= 7 years,4,female,none,4,building society savings agreement / life insurance,20,none,own,1,skilled employee / official,1,none,yes,2,divorced/separated
no checking account,7,existing credits paid back duly till now,car (new),2782,100 <= ... < 500 DM,1 <= ... < 4 years,2,male,none,3,building society savings agreement / life insurance,21,bank,own,1,skilled employee / official,1,none,yes,1,single
no checking account,22,critical account / other credits existing (not at this bank),radio/television,593,unknown / no savings account,1 <= ... < 4 years,1,male,none,2,building society savings agreement / life insurance,75,none,own,2,management / self-employed / highly qualified employee / officer,2,none,yes,1,single
... < 0 DM,16,critical account / other credits existing (not at this bank),radio/television,610,... < 100 DM,... < 1 year,4,male,none,3,"car or other, not in savings account",42,bank,own,2,skilled employee / official,1,"yes, registered under customer's name",yes,2,single
no checking account,21,critical account / other credits existing (not at this bank),radio/television,250,... < 100 DM,... >= 7 years,2,male,none,4,"car or other, not in savings account",31,bank,own,2,skilled employee / official,1,"yes, registered under customer's name",yes,1,single
no checking account,7,critical account / other credits existing (not at this bank),car (new),1877,unknown / no savings account,4 <= ... < 7 years,2,female,none,2,"car or other, not in savings account",75,none,own,1,skilled employee / official,1,none,yes,1,single
... < 0 DM,38,existing credits paid back duly till now,business,1058,... < 100 DM,... < 1 year,3,male,none,1,building society savings agreement / life insurance,22,stores,own,1,unskilled - resident,1,none,yes,2,divorced/separated
... < 0 DM,10,critical account / other credits existing (not at this bank),car (new),591,... < 100 DM,... >= 7 years,4,female,none,4,building society savings agreement / life insurance,36,none,own,2,skilled employee / official,1,"yes, registered under customer's name",yes,1,divorced/separated
no checking account,21,existing credits paid back duly till now,car (used),5941,... < 100 DM,... >= 7 years,3,male,none,4,unknown / no property,75,bank,for free,1,skilled employee / official,1,"yes, registered under customer's name",yes,1,divorced/separated
... < 0 DM,16,existing credits paid back duly till now,furniture/equipment,782,... < 100 DM,... >= 7 years,4,male,none,4,real estate,38,bank,own,1,skilled employee / official,1,"yes, registered under customer's name",yes,1,single
... < 0 DM,34,existing credits paid back duly till now,furniture/equipment,2219,... < 100 DM,1 <= ... < 4 years,4,female,none,3,building society savings agreement / life insurance,19,none,own,1,unskilled - resident,1,none,yes,1,divorced/separated
0 <= ... < 200 DM,31,existing credits paid back duly till now,furniture/equipment,8451,... < 100 DM,1 <= ... < 4 years,1,female,none,4,unknown / no property,22,none,for free,1,unskilled - resident,1,none,yes,1,divorced/separated
no checking account,25,critical account / other credits existing (not at this bank),car (new),1753,... < 100 DM,1 <= ... < 4 years,1,female,none,4,real estate,67,none,own,2,skilled employee / official,1,none,yes,1,divorced/separated
... < 0 DM,8,no credits taken / all credits paid back duly,car (used),2797,... < 100 DM,... < 1 year,1,male,none,4,unknown / no property,32,bank,for free,2,unemployed / unskilled - non-resident,1,none,yes,2,single
no checking account,25,existing credits paid back duly till now,radio/television,250,500 <= ... < 1000 DM,1 <= ... < 4 years,3,male,none,4,"car or other, not in savings account",54,none,for free,1,skilled employee / official,1,none,yes,1,single
no checking account,21,existing credits paid back duly till now,radio/television,1743,unknown / no savings account,1 <= ... < 4 years,4,male,none,2,"car or other, not in savings account",28,none,own,1,skilled employee / official,1,none,yes,1,married/widowed
... >= 200 DM / salary assignments for at least 1 year,5,critical account / other credits existing (not at this bank),education,3113,unknown / no savings account,4 <= ... < 7 years,3,female,none,3,unknown / no property,57,none,own,1,skilled employee / official,1,"yes, registered under customer's name",yes,1,single
0 <= ... < 200 DM,23,existing credits paid back duly till now,car (new),250,unknown / no savings account,... >= 7 years,3,male,none,4,"car or other, not in savings account",42,none,own,1,skilled employee / official,1,none,yes,1,married/widowed
no checking account,21,existing credits paid back duly till now,furniture/equipment,4293,unknown / no savings account,1 <= ... < 4 years,4,male,none,4,building society savings agreement / life insurance,24,none,rent,4,skilled employee / official,1,none,yes,1,divorced/separated
no checking account,9,all credits at this bank paid back duly,education,3869,... < 100 DM,unemployed,1,female,none,4,real estate,41,none,rent,1,unskilled - resident,1,none,yes,1,divorced/separated
no checking account,16,critical account / other credits existing (not at this bank),furniture/equipment,1194,unknown / no savings account,1 <= ... < 4 years,2,female,none,2,real estate,20,none,rent,2,management / self-employed / highly qualified employee / officer,1,"yes, registered under customer's name",yes,1,divorced/separated
0 <= ... < 200 DM,4,critical account / other credits existing (not at this bank),radio/television,3316,... < 100 DM,... >= 7 years,1,male,none,1,real estate,54,none,own,1,unskilled - resident,1,"yes, registered under customer's name",yes,1,single
no checking account,12,no credits taken / all credits paid back duly,education,5194,... < 100 DM,1 <= ... < 4 years,2,male,none,4,unknown / no property,55,bank,own,2,management / self-employed / highly qualified employee / officer,2,"yes, registered under customer's name",yes,1,single
no checking account,16,existing credits paid back duly till now,radio/television,250,unknown / no savings account,unemployed,4,female,none,4,"car or other, not in savings account",48,none,own,2,skilled employee / official,1,none,yes,1,divorced/separated
no checking account,13,existing credits paid back duly till now,car (new),1387,100 <= ... < 500 DM,4 <= ... < 7 years,1,female,none,2,building society savings agreement / life insurance,25,none,rent,2,skilled employee / official,1,none,yes,1,divorced/separated
0 <= ... < 200 DM,4,existing credits paid back duly till now,business,3620,... < 100 DM,1 <= ... < 4 years,2,male,none,4,unknown / no property,54,none,rent,1,unskilled - resident,2,none,yes,1,single
0 <= ... < 200 DM,12,existing credits paid back duly till now,radio/television,1642,... < 100 DM,... >= 7 years,4,male,none,3,"car or other, not in savings account",25,bank,own,1,skilled employee / official,1,none,yes,2,single
no checking account,31,existing credits paid back duly till now,repairs,250,unknown / no savings account,1 <= ... < 4 years,1,male,none,4,building society savings agreement / life insurance,45,bank,own,1,management / self-employed / highly qualified employee / officer,1,none,yes,2,single
no checking account,20,critical account / other credits existing (not at this bank),car (used),1813,... < 100 DM,1 <= ... < 4 years,2,male,none,2,real estate,34,none,own,2,skilled employee / official,2,"yes, registered under customer's name",yes,1,single
... >= 200 DM / salary assignments for at least 1 year,4,existing credits paid back duly till now,furniture/equipment,1487,... < 100 DM,1 <= ... < 4 years,2,male,none,4,real estate,34,none,own,1,skilled employee / official,1,none,yes,1,divorced/separated
0 <= ... < 200 DM,22,existing credits paid back duly till now,furniture/equipment,1541,unknown / no savings account,4 <= ... < 7 years,4,male,guarantor,2,building society savings agreement / life insurance,30,none,own,1,skilled employee / official,1,none,yes,1,single
no checking account,9,critical account / other credits existing (not at this bank),car (new),2316,unknown / no savings account,... >= 7 years,1,male,none,4,building society savings agreement / life insurance,26,none,own,2,skilled employee / official,1,none,yes,2,single
0 <= ... < 200 DM,4,critical account / other credits existing (not at this bank),radio/television,5091,... < 100 DM,1 <= ... < 4 years,4,male,none,4,"car or other, not in savings account",35,none,own,1,management / self-employed / highly qualified employee / officer,1,"yes, registered under customer's name",yes,1,single
no checking account,4,existing credits paid back duly till now,furniture/equipment,1069,... < 100 DM,... >= 7 years,4,male,none,4,building society savings agreement / life insurance,45,none,own,1,skilled employee / official,1,none,yes,1,single
... < 0 DM,50,critical account / other credits existing (not at this bank),business,955,... < 100 DM,... < 1 year,4,female,none,3,"car or other, not in savings account",43,none,own,2,skilled employee / official,1,none,yes,2,divorced/separated
... < 0 DM,23,critical account / other credits existing (not at this bank),repairs,954,unknown / no savings account,... >= 7 years,4,male,guarantor,4,"car or other, not in savings account",75,none,for free,2,skilled employee / official,2,none,yes,1,single
0 <= ... < 200 DM,45,delay in paying off in the past,radio/television,693,... < 100 DM,... >= 7 years,3,male,guarantor,4,unknown / no property,75,none,own,2,management / self-employed / highly qualified employee / officer,1,"yes, registered under customer's name",yes,2,single
0 <= ... < 200 DM,15,existing credits paid back duly till now,business,250,... < 100 DM,1 <= ... < 4 years,3,male,none,2,real estate,32,bank,own,1,skilled employee / official,2,none,yes,1,married/widowed
no checking account,26,existing credits paid back duly till now,car (used),250,... < 100 DM,1 <= ... < 4 years,4,male,none,4,building society savings agreement / life insurance,24,none,own,1,skilled employee / official,1,none,yes,1,single
0 <= ... < 200 DM,10,delay in paying off in the past,radio/television,11183,... < 100 DM,unemployed,3,male,none,3,building society savings agreement / life insurance,56,none,own,2,unskilled - resident,2,none,no,1,single
no checking account,13,critical account / other credits existing (not at this bank),radio/television,1387,... < 100 DM,1 <= ... < 4 years,3,male,none,3,real estate,49,none,own,2,unskilled - resident,1,none,yes,1,single
0 <= ... < 200 DM,66,delay in paying off in the past,business,3413,... < 100 DM,1 <= ... < 4 years,1,male,none,2,building society savings agreement / life insurance,33,none,own,2,skilled employee / official,1,none,yes,1,single
no checking account,7,all credits at this bank paid back duly,radio/television,2015,... < 100 DM,4 <= ... < 7 years,4,male,none,3,"car or other, not in savings account",38,stores,own,1,skilled employee / official,1,none,yes,1,divorced/separated
... < 0 DM,41,critical account / other credits existing (not at this bank),education,2281,... < 100 DM,... < 1 year,4,female,none,1,building society savings agreement / life insurance,35,none,own,2,unskilled - resident,1,none,yes,2,divorced/separated
... < 0 DM,37,existing credits paid back duly till now,car (new),2627,... < 100 DM,1 <= ... < 4 years,4,female,none,4,real estate,33,none,own,1,skilled employee / official,1,none,yes,2,divorced/separated
0 <= ... < 200 DM,49,delay in paying off in the past,domestic appliances,2885,... < 100 DM,1 <= ... < 4 years,3,male,none,2,real estate,30,none,own,2,skilled employee / official,2,none,yes,1,single
... < 0 DM,4,all credits at this bank paid back duly,car (new),9009,... < 100 DM,unemployed,3,female,none,4,unknown / no property,51,bank,for free,1,skilled employee / official,2,none,yes,1,divorced/separated
... < 0 DM,26,critical account / other credits existing (not at this bank),radio/television,455,... < 100 DM,1 <= ... < 4 years,4,male,none,4,real estate,21,none,own,1,skilled employee / official,1,none,yes,1,single
no checking account,23,critical account / other credits existing (not at this bank),car (new),3544,... < 100 DM,unemployed,4,female,none,4,real estate,48,bank,for free,1,skilled employee / official,1,none,yes,1,divorced/separated
no checking account,11,existing credits paid back duly till now,radio/television,250,100 <= ... < 500 DM,1 <= ... < 4 years,1,female,none,4,"car or other, not in savings account",57,none,own,1,skilled employee / official,1,none,yes,2,divorced/separated
no checking account,4,critical account / other credits existing (not at this bank),radio/television,3392,500 <= ... < 1000 DM,4 <= ... < 7 years,4,male,none,4,"car or other, not in savings account",49,none,own,1,skilled employee / official,1,none,yes,2,married/widowed
0 <= ... < 200 DM,20,existing credits paid back duly till now,car (used),11539,... < 100 DM,4 <= ... < 7 years,2,male,none,2,unknown / no property,49,none,for free,1,unemployed / unskilled - non-resident,2,"yes, registered under customer's name",yes,1,single
... >= 200 DM / salary assignments for at least 1 year,4,existing credits paid back duly till now,radio/television,1844,... < 100 DM,... < 1 year,1,female,none,2,real estate,30,none,rent,1,unskilled - resident,1,none,yes,1,divorced/separated
0 <= ... < 200 DM,26,existing credits paid back duly till now,car (used),5333,unknown / no savings account,... >= 7 years,3,female,none,1,building society savings agreement / life insurance,22,none,for free,1,skilled employee / official,1,"yes, registered under customer's name",yes,1,single
no checking account,13,critical account / other credits existing (not at this bank),furniture/equipment,5192,unknown / no savings account,1 <= ... < 4 years,1,male,none,4,"car or other, not in savings account",36,none,for free,2,skilled employee / official,2,none,yes,1,divorced/separated
no checking account,13,critical account / other credits existing (not at this bank),business,4142,unknown / no savings account,4 <= ... < 7 years,4,male,none,2,real estate,24,none,own,1,skilled employee / official,1,none,yes,1,single
... < 0 DM,29,all credits at this bank paid back duly,education,8432,unknown / no savings account,... >= 7 years,4,male,none,4,unknown / no property,73,bank,for free,2,management / self-employed / highly qualified employee / officer,1,"yes, registered under customer's name",yes,2,single
... < 0 DM,4,existing credits paid back duly till now,car (used),4790,500 <= ... < 1000 DM,4 <= ... < 7 years,2,male,none,4,unknown / no property,52,none,for free,1,skilled employee / official,1,none,yes,1,single
no checking account,28,critical account / other credits existing (not at this bank),business,272,unknown / no savings account,unemployed,4,male,none,4,building society savings agreement / life insurance,75,none,own,2,management / self-employed / highly qualified employee / officer,2,"yes, registered under customer's name",yes,1,single
... < 0 DM,4,existing credits paid back duly till now,furniture/equipment,1805,... < 100 DM,... < 1 year,2,female,none,4,unknown / no property,35,bank,own,1,unskilled - resident,1,none,yes,2,divorced/separated
... < 0 DM,35,critical account / other credits existing (not at this bank),car (used),2429,unknown / no savings account,... >= 7 years,4,male,none,4,unknown / no property,75,bank,for free,2,skilled employee / official,1,"yes, registered under customer's name",yes,1,single
0 <= ... < 200 DM,24,existing credits paid back duly till now,business,15945,100 <= ... < 500 DM,... >= 7 years,4,male,none,3,"car or other, not in savings account",35,none,own,3,skilled employee / official,1,"yes, registered under customer's name",yes,1,single
no checking account,11,critical account / other credits existing (not at this bank),car (used),4984,unknown / no savings account,... >= 7 years,2,male,none,2,"car or other, not in savings account",75,none,own,2,unskilled - resident,2,none,yes,1,single
0 <= ... < 200 DM,13,existing credits paid back duly till now,car (new),1995,... < 100 DM,1 <= ... < 4 years,4,female,none,2,real estate,27,none,own,1,unskilled - resident,1,none,no,1,married/widowed
... >= 200 DM / salary assignments for at least 1 year,17,existing credits paid back duly till now,radio/television,639,... < 100 DM,... < 1 year,4,male,none,1,"car or other, not in savings account",31,none,own,1,skilled employee / official,1,none,yes,2,married/widowed
... < 0 DM,4,existing credits paid back duly till now,radio/television,2315,... < 100 DM,4 <= ... < 7 years,1,male,none,1,building society savings agreement / life insurance,19,none,own,1,unskilled - resident,1,none,no,1,married/widowed
... < 0 DM,6,critical account / other credits existing (not at this bank),retraining,250,... < 100 DM,1 <= ... < 4 years,1,female,none,4,building society savings agreement / life insurance,36,none,rent,1,skilled employee / official,1,none,yes,1,divorced/separated
... < 0 DM,9,existing credits paid back duly till now,radio/television,250,... < 100 DM,... >= 7 years,2,female,co-applicant,4,unknown / no property,61,bank,own,1,skilled employee / official,1,none,yes,2,single
0 <= ... < 200 DM,4,critical account / other credits existing (not at this bank),education,2052,... < 100 DM,1 <= ... < 4 years,3,male,none,3,real estate,33,none,rent,1,skilled employee / official,1,none,yes,1,single
0 <= ... < 200 DM,5,delay in paying off in the past,radio/television,514,... >= 1000 DM,unemployed,3,male,none,1,building society savings agreement / life insurance,28,stores,own,1,skilled employee / official,1,"yes, registered under customer's name",yes,2,single
no checking account,9,existing credits paid back duly till now,car (new),10686,100 <= ... < 500 DM,4 <= ... < 7 years,3,male,none,2,real estate,32,none,own,1,unskilled - resident,2,none,yes,2,single
... < 0 DM,9,existing credits paid back duly till now,furniture/equipment,3823,... < 100 DM,1 <= ... < 4 years,2,male,none,2,real estate,23,none,rent,1,skilled employee / official,1,none,yes,1,divorced/separated
no checking account,11,existing credits paid back duly till now,car (new),765,... < 100 DM,1 <= ... < 4 years,2,male,none,2,building society savings agreement / life insurance,36,none,own,1,skilled employee / official,2,"yes, registered under customer's name",yes,1,single
0 <= ... < 200 DM,20,existing credits paid back duly till now,car (new),980,500 <= ... < 1000 DM,... < 1 year,1,female,none,4,real estate,40,none,own,3,unskilled - resident,1,none,no,2,divorced/separated
no checking account,8,delay in paying off in the past,radio/television,1852,... < 100 DM,unemployed,4,female,none,1,building society savings agreement / life insurance,37,none,own,2,unskilled - resident,1,none,yes,1,divorced/separated
0 <= ... < 200 DM,6,existing credits paid back duly till now,car (new),1485,... < 100 DM,... >= 7 years,1,male,none,4,real estate,75,none,for free,2,unskilled - resident,1,none,no,1,single
no checking account,31,critical account / other credits existing (not at this bank),car (new),6195,... < 100 DM,1 <= ... < 4 years,3,male,none,2,unknown / no property,40,none,for free,3,skilled employee / official,1,"yes, registered under customer's name",yes,1,single
... < 0 DM,14,existing credits paid back duly till now,radio/television,545,... < 100 DM,... >= 7 years,4,male,none,4,building society savings agreement / life insurance,64,none,own,1,skilled employee / official,1,"yes, registered under customer's name",yes,2,married/widowed
no checking account,13,critical account / other credits existing (not at this bank),education,2337,unknown / no savings account,1 <= ... < 4 years,1,female,none,4,real estate,31,none,own,2,skilled employee / official,1,none,yes,1,single
... < 0 DM,47,critical account / other credits existing (not at this bank),car (new),250,... < 100 DM,... >= 7 years,4,female,co-applicant,4,unknown / no property,48,bank,own,2,unskilled - resident,1,"yes, registered under customer's name",yes,2,divorced/separated
no checking account,4,existing credits paid back duly till now,furniture/equipment,754,unknown / no savings account,1 <= ... < 4 years,3,male,none,2,"car or other, not in savings account",30,none,own,1,unskilled - resident,1,none,yes,1,single
no checking account,30,existing credits paid back duly till now,radio/television,851,... < 100 DM,1 <= ... < 4 years,4,male,none,2,"car or other, not in savings account",24,none,own,1,skilled employee / official,1,none,yes,1,married/widowed
0 <= ... < 200 DM,26,all credits at this bank paid back duly,radio/television,875,... < 100 DM,1 <= ... < 4 years,4,male,none,2,real estate,29,stores,own,1,skilled employee / official,2,none,yes,1,single
no checking account,19,delay in paying off in the past,business,4549,... >= 1000 DM,... >= 7 years,2,male,none,4,"car or other, not in savings account",43,bank,own,2,management / self-employed / highly qualified employee / officer,1,"yes, registered under customer's name",yes,1,single
no checking account,4,existing credits paid back duly till now,car (new),2059,... < 100 DM,1 <= ... < 4 years,2,female,none,1,building society savings agreement / life insurance,44,none,own,2,skilled employee / official,1,none,yes,1,divorced/separated
0 <= ... < 200 DM,40,critical account / other credits existing (not at this bank),repairs,3757,... < 100 DM,4 <= ... < 7 years,2,female,none,3,"car or other, not in savings account",54,bank,own,1,skilled employee / official,1,none,yes,1,divorced/separated
... < 0 DM,12,existing credits paid back duly till now,radio/television,514,unknown / no savings account,1 <= ... < 4 years,3,female,none,4,building society savings agreement / life insurance,32,none,own,1,skilled employee / official,1,"yes, registered under customer's name",yes,1,divorced/separated
... < 0 DM,25,delay in paying off in the past,car (new),5257,... < 100 DM,... < 1 year,2,male,none,3,building society savings agreement / life insurance,26,none,own,2,skilled employee / official,2,none,yes,2,single
... < 0 DM,16,existing credits paid back duly till now,car (new),1549,... < 100 DM,... < 1 year,2,male,co-applicant,2,building society savings agreement / life insurance,31,none,rent,2,skilled employee / official,1,"yes, registered under customer's name",yes,2,divorced/separated
no checking account,19,existing credits paid back duly till now,business,4406,... < 100 DM,... < 1 year,2,female,none,4,building society savings agreement / life insurance,33,none,own,1,unemployed / unskilled - non-resident,1,none,yes,1,single
no checking account,21,critical account / other credits existing (not at this bank),car (used),6338,100 <= ... < 500 DM,1 <= ... < 4 years,1,female,none,2,building society savings agreement / life insurance,27,none,rent,2,unskilled - resident,2,"yes, registered under customer's name",yes,1,divorced/separated
no checking account,21,critical account / other credits existing (not at this bank),furniture/equipment,3802,... < 100 DM,unemployed,2,male,none,3,unknown / no property,49,bank,own,2,management / self-employed / highly qualified employee / officer,2,"yes, registered under customer's name",yes,2,single
... < 0 DM,12,existing credits paid back duly till now,business,1066,... < 100 DM,1 <= ... < 4 years,3,male,guarantor,1,"car or other, not in savings account",22,none,rent,1,skilled employee / official,1,none,yes,1,married/widowed
no checking account,19,existing credits paid back duly till now,radio/television,2396,100 <= ... < 500 DM,4 <= ... < 7 years,4,male,none,1,"car or other, not in savings account",63,stores,own,1,management / self-employed / highly qualified employee / officer,1,"yes, registered under customer's name",yes,1,single
0 <= ... < 200 DM,4,critical account / other credits existing (not at this bank),car (new),3380,... < 100 DM,unemployed,4,male,none,4,unknown / no property,37,none,own,2,management / self-employed / highly qualified employee / officer,1,"yes, registered under customer's name",yes,2,single
no checking account,23,existing credits paid back duly till now,business,2842,100 <= ... < 500 DM,4 <= ... < 7 years,4,female,none,4,"car or other, not in savings account",27,bank,own,2,unemployed / unskilled - non-resident,1,none,yes,1,single
0 <= ... < 200 DM,36,delay in paying off in the past,others,4654,... < 100 DM,4 <= ... < 7 years,4,male,none,1,real estate,28,none,own,2,unskilled - resident,2,"yes, registered under customer's name",yes,1,single
no checking account,19,existing credits paid back duly till now,business,6406,... < 100 DM,unemployed,2,female,none,4,building society savings agreement / life insurance,26,bank,own,1,skilled employee / official,1,"yes, registered under customer's name",yes,1,divorced/separated
no checking account,12,existing credits paid back duly till now,radio/television,250,... < 100 DM,... < 1 year,4,female,none,3,building society savings agreement / life insurance,27,bank,own,1,skilled employee / official,1,none,yes,1,divorced/separated
... < 0 DM,6,critical account / other credits existing (not at this bank),car (new),1055,... < 100 DM,1 <= ... < 4 years,3,male,none,1,"car or other, not in savings account",55,none,own,2,unskilled - resident,2,"yes, registered under customer's name",yes,1,single
no checking account,10,existing credits paid back duly till now,radio/television,1304,... < 100 DM,... < 1 year,4,male,none,2,"car or other, not in savings account",27,bank,own,1,skilled employee / official,1,none,yes,1,single
... < 0 DM,4,critical account / other credits existing (not at this bank),business,5892,... < 100 DM,1 <= ... < 4 years,4,male,none,1,real estate,34,none,own,2,skilled employee / official,1,none,yes,1,married/widowed
... < 0 DM,4,existing credits paid back duly till now,car (new),5021,... < 100 DM,4 <= ... < 7 years,2,female,guarantor,4,unknown / no property,40,none,rent,1,skilled employee / official,1,none,yes,2,divorced/separated
... < 0 DM,22,existing credits paid back duly till now,radio/television,527,... < 100 DM,4 <= ... < 7 years,4,male,none,1,"car or other, not in savings account",28,none,own,1,skilled employee / official,1,none,yes,2,single
no checking account,38,critical account / other credits existing (not at this bank),car (new),3023,... < 100 DM,... >= 7 years,4,male,none,4,"car or other, not in savings account",37,none,own,1,skilled employee / official,1,"yes, registered under customer's name",yes,2,single
no checking account,21,existing credits paid back duly till now,furniture/equipment,2822,unknown / no savings account,1 <= ... < 4 years,3,male,none,2,real estate,70,none,own,2,skilled employee / official,1,"yes, registered under customer's name",yes,1,single
... < 0 DM,58,delay in paying off in the past,business,7889,... < 100 DM,4 <= ... < 7 years,3,male,none,2,"car or other, not in savings account",19,none,for free,1,management / self-employed / highly qualified employee / officer,1,none,yes,1,single
no checking account,4,existing credits paid back duly till now,radio/television,250,unknown / no savings account,1 <= ... < 4 years,4,male,none,2,building society savings agreement / life insurance,39,none,own,1,skilled employee / official,1,none,yes,1,single
0 <= ... < 200 DM,4,existing credits paid back duly till now,education,250,100 <= ... < 500 DM,1 <= ... < 4 years,3,female,none,4,building society savings agreement / life insurance,28,none,rent,1,skilled employee / official,1,"yes, registered under customer's name",yes,1,divorced/separated
0 <= ... < 200 DM,29,critical account / other credits existing (not at this bank),furniture/equipment,1474,... < 100 DM,... >= 7 years,4,male,none,4,"car or other, not in savings account",22,bank,own,1,skilled employee / official,1,"yes, registered under customer's name",yes,2,single
no checking account,19,existing credits paid back duly till now,radio/television,338,unknown / no savings account,... >= 7 years,4,male,none,4,building society savings agreement / life insurance,56,none,own,1,skilled employee / official,1,none,yes,1,single
no checking account,5,existing credits paid back duly till now,radio/television,1118,unknown / no savings account,... >= 7 years,4,female,none,1,building society savings agreement / life insurance,32,none,own,1,skilled employee / official,1,none,yes,1,single
... < 0 DM,58,all credits at this bank paid back duly,furniture/equipment,4223,... < 100 DM,unemployed,1,male,none,4,unknown / no property,45,bank,for free,2,skilled employee / official,1,"yes, registered under customer's name",yes,2,divorced/separated
0 <= ... < 200 DM,4,critical account / other credits existing (not at this bank),car (new),250,... >= 1000 DM,1 <= ... < 4 years,4,female,none,4,unknown / no property,35,none,rent,2,skilled employee / official,1,none,yes,1,divorced/separated
0 <= ... < 200 DM,20,existing credits paid back duly till now,furniture/equipment,250,... < 100 DM,1 <= ... < 4 years,1,female,none,1,real estate,25,none,rent,1,skilled employee / official,1,none,yes,1,divorced/separated
no checking account,6,delay in paying off in the past,car (new),456,500 <= ... < 1000 DM,4 <= ... < 7 years,4,male,none,4,unknown / no property,69,none,for free,1,unemployed / unskilled - non-resident,1,none,yes,1,divorced/separated
0 <= ... < 200 DM,33,delay in paying off in the past,domestic appliances,1776,100 <= ... < 500 DM,1 <= ... < 4 years,4,male,none,1,"car or other, not in savings account",46,none,own,2,skilled employee / official,1,"yes, registered under customer's name",yes,1,single
0 <= ... < 200 DM,12,critical account / other credits existing (not at this bank),radio/television,3334,... < 100 DM,... < 1 year,3,male,none,3,building society savings agreement / life insurance,64,none,own,1,unskilled - resident,1,none,yes,1,divorced/separated
no checking account,11,delay in paying off in the past,radio/television,250,500 <= ... < 1000 DM,1 <= ... < 4 years,2,male,none,4,unknown / no property,75,none,rent,2,skilled employee / official,1,none,yes,1,single
no checking account,26,critical account / other credits existing (not at this bank),repairs,3261,... < 100 DM,1 <= ... < 4 years,4,male,none,4,building society savings agreement / life insurance,65,none,own,2,skilled employee / official,1,"yes, registered under customer's name",yes,1,single
no checking account,4,existing credits paid back duly till now,radio/television,5915,unknown / no savings account,1 <= ... < 4 years,1,male,none,2,real estate,29,none,own,1,unskilled - resident,1,none,yes,1,married/widowed
0 <= ... < 200 DM,34,critical account / other credits existing (not at this bank),furniture/equipment,1418,... < 100 DM,1 <= ... < 4 years,2,male,none,4,building society savings agreement / life insurance,42,none,for free,2,skilled employee / official,1,none,yes,2,divorced/separated
... < 0 DM,23,existing credits paid back duly till now,car (new),250,... < 100 DM,... < 1 year,4,male,co-applicant,1,"car or other, not in savings account",42,bank,own,1,skilled employee / official,1,"yes, registered under customer's name",yes,1,single
... >= 200 DM / salary assignments for at least 1 year,4,delay in paying off in the past,car (new),608,... < 100 DM,1 <= ... < 4 years,3,female,none,4,real estate,36,bank,rent,1,skilled employee / official,1,none,yes,1,divorced/separated
no checking account,26,existing credits paid back duly till now,furniture/equipment,250,... >= 1000 DM,1 <= ... < 4 years,1,male,none,1,real estate,35,none,rent,1,unemployed / unskilled - non-resident,1,none,yes,1,divorced/separated
... < 0 DM,21,delay in paying off in the past,education,3476,... < 100 DM,1 <= ... < 4 years,2,male,none,3,"car or other, not in savings account",33,bank,own,1,unskilled - resident,2,none,yes,1,single
0 <= ... < 200 DM,6,existing credits paid back duly till now,car (new),250,... < 100 DM,... < 1 year,4,female,none,1,building society savings agreement / life insurance,32,bank,own,1,unskilled - resident,1,none,yes,2,divorced/separated
no checking account,4,critical account / other credits existing (not at this bank),car (new),2478,... >= 1000 DM,unemployed,1,female,none,4,building society savings agreement / life insurance,35,none,own,1,skilled employee / official,2,none,yes,1,divorced/separated
0 <= ... < 200 DM,4,existing credits paid back duly till now,radio/television,3306,... < 100 DM,... < 1 year,4,female,none,4,real estate,75,bank,own,3,unskilled - resident,1,"yes, registered under customer's name",yes,1,divorced/separated
no checking account,25,critical account / other credits existing (not at this bank),car (new),1380,500 <= ... < 1000 DM,1 <= ... < 4 years,2,male,none,4,"car or other, not in savings account",31,none,own,2,skilled employee / official,1,"yes, registered under customer's name",yes,1,single
... < 0 DM,44,critical account / other credits existing (not at this bank),business,5763,100 <= ... < 500 DM,... < 1 year,2,male,none,3,unknown / no property,28,stores,own,1,skilled employee / official,1,"yes, registered under customer's name",no,1,single
0 <= ... < 200 DM,25,existing credits paid back duly till now,business,2662,... < 100 DM,4 <= ... < 7 years,3,male,none,1,real estate,32,none,own,1,skilled employee / official,1,none,yes,1,single
... >= 200 DM / salary assignments for at least 1 year,6,existing credits paid back duly till now,radio/television,1993,500 <= ... < 1000 DM,unemployed,3,male,none,1,building society savings agreement / life insurance,53,bank,own,1,skilled employee / official,2,"yes, registered under customer's name",yes,1,single
... >= 200 DM / salary assignments for at least 1 year,9,existing credits paid back duly till now,car (used),5631,... < 100 DM,4 <= ... < 7 years,3,male,none,4,"car or other, not in savings account",26,none,own,1,unskilled - resident,1,"yes, registered under customer's name",yes,1,single
... < 0 DM,17,all credits at this bank paid back duly,car (new),891,... < 100 DM,... < 1 year,3,female,guarantor,1,unknown / no property,41,bank,own,1,unskilled - resident,1,none,yes,2,divorced/separated
0 <= ... < 200 DM,9,existing credits paid back duly till now,furniture/equipment,2136,... < 100 DM,... < 1 year,3,female,none,1,building society savings agreement / life insurance,25,none,own,1,unemployed / unskilled - non-resident,1,none,yes,2,divorced/separated
0 <= ... < 200 DM,5,existing credits paid back duly till now,business,1805,100 <= ... < 500 DM,... >= 7 years,1,male,none,4,"car or other, not in savings account",52,none,own,1,unskilled - resident,2,"yes, registered under customer's name",yes,2,single
0 <= ... < 200 DM,14,existing credits paid back duly till now,business,4382,100 <= ... < 500 DM,1 <= ... < 4 years,2,male,none,2,unknown / no property,32,none,for free,2,management / self-employed / highly qualified employee / officer,2,"yes, registered under customer's name",yes,1,single
no checking account,17,existing credits paid back duly till now,car (used),3737,unknown / no savings account,... >= 7 years,3,female,none,4,"car or other, not in savings account",36,none,own,1,skilled employee / official,1,none,yes,1,divorced/separated
0 <= ... < 200 DM,45,all credits at this bank paid back duly,business,15945,... < 100 DM,... >= 7 years,2,male,none,3,"car or other, not in savings account",34,stores,own,1,management / self-employed / highly qualified employee / officer,2,"yes, registered under customer's name",yes,2,single
... < 0 DM,13,critical account / other credits existing (not at this bank),furniture/equipment,833,... < 100 DM,... >= 7 years,4,male,none,4,real estate,72,none,own,1,skilled employee / official,1,none,yes,1,single
0 <= ... < 200 DM,20,critical account / other credits existing (not at this bank),car (new),9888,... >= 1000 DM,unemployed,3,male,none,3,real estate,75,bank,own,3,unemployed / unskilled - non-resident,1,none,yes,1,single
no checking account,25,existing credits paid back duly till now,radio/television,423,... < 100 DM,... >= 7 years,4,female,none,3,"car or other, not in savings account",60,bank,own,2,skilled employee / official,1,"yes, registered under customer's name",yes,2,divorced/separated
0 <= ... < 200 DM,8,existing credits paid back duly till now,radio/television,3142,... >= 1000 DM,1 <= ... < 4 years,4,female,none,3,"car or other, not in savings account",27,none,own,2,skilled employee / official,1,none,yes,2,divorced/separated
no checking account,24,critical account / other credits existing (not at this bank),radio/television,1354,100 <= ... < 500 DM,4 <= ... < 7 years,4,male,none,2,"car or other, not in savings account",54,none,own,2,unskilled - resident,1,"yes, registered under customer's name",yes,1,single
0 <= ... < 200 DM,28,existing credits paid back duly till now,radio/television,250,... < 100 DM,1 <= ... < 4 years,1,male,none,2,"car or other, not in savings account",35,none,own,1,skilled employee / official,1,none,yes,2,divorced/separated
... < 0 DM,20,existing credits paid back duly till now,education,599,... < 100 DM,... >= 7 years,2,female,none,1,real estate,22,none,rent,1,unskilled - resident,1,none,yes,1,divorced/separated
0 <= ... < 200 DM,7,existing credits paid back duly till now,car (new),509,... < 100 DM,unemployed,1,male,none,4,unknown / no property,45,bank,own,1,management / self-employed / highly qualified employee / officer,1,"yes, registered under customer's name",yes,2,single
... < 0 DM,5,existing credits paid back duly till now,furniture/equipment,250,... < 100 DM,... < 1 year,4,female,none,4,"car or other, not in savings account",36,bank,own,1,skilled employee / official,1,none,yes,2,divorced/separated
0 <= ... < 200 DM,13,critical account / other credits existing (not at this bank),radio/television,250,... < 100 DM,... >= 7 years,4,male,none,4,"car or other, not in savings account",62,none,own,2,skilled employee / official,1,"yes, registered under customer's name",yes,1,single
0 <= ... < 200 DM,18,existing credits paid back duly till now,domestic appliances,2007,... < 100 DM,... < 1 year,1,male,none,1,building society savings agreement / life insurance,40,none,own,1,unskilled - resident,2,"yes, registered under customer's name",yes,2,single
no checking account,4,existing credits paid back duly till now,radio/television,250,500 <= ... < 1000 DM,1 <= ... < 4 years,3,female,none,3,"car or other, not in savings account",35,none,own,1,skilled employee / official,1,none,yes,1,divorced/separated
no checking account,23,existing credits paid back duly till now,furniture/equipment,2696,... < 100 DM,1 <= ... < 4 years,4,male,none,4,"car or other, not in savings account",27,none,own,1,skilled employee / official,1,none,yes,1,married/widowed
... >= 200 DM / salary assignments for at least 1 year,15,existing credits paid back duly till now,radio/television,2324,unknown / no savings account,... < 1 year,1,male,none,4,real estate,75,none,own,2,skilled employee / official,1,none,yes,1,single
... < 0 DM,12,existing credits paid back duly till now,furniture/equipment,250,... < 100 DM,... < 1 year,4,female,none,4,"car or other, not in savings account",22,none,own,1,skilled employee / official,1,none,yes,2,divorced/separated
no checking account,4,existing credits paid back duly till now,furniture/equipment,3275,... < 100 DM,... < 1 year,2,female,none,4,real estate,28,none,rent,1,skilled employee / official,1,none,yes,1,divorced/separated
... < 0 DM,4,existing credits paid back duly till now,car (new),911,... < 100 DM,1 <= ... < 4 years,4,male,guarantor,2,building society savings agreement / life insurance,41,none,own,1,skilled employee / official,1,"yes, registered under customer's name",yes,1,single
no checking account,25,critical account / other credits existing (not at this bank),domestic appliances,250,... < 100 DM,... < 1 year,4,male,none,2,real estate,32,none,own,2,skilled employee / official,1,none,yes,1,married/widowed
no checking account,23,critical account / other credits existing (not at this bank),radio/television,589,unknown / no savings account,... >= 7 years,4,male,none,1,"car or other, not in savings account",32,none,own,2,skilled employee / official,1,none,yes,1,single
no checking account,47,critical account / other credits existing (not at this bank),business,1382,... < 100 DM,... >= 7 years,2,male,none,4,building society savings agreement / life insurance,51,none,own,2,skilled employee / official,1,"yes, registered under customer's name",yes,1,single
no checking account,5,existing credits paid back duly till now,car (new),250,500 <= ... < 1000 DM,1 <= ... < 4 years,2,male,co-applicant,2,real estate,71,none,rent,1,unskilled - resident,1,none,no,1,married/widowed
0 <= ... < 200 DM,4,existing credits paid back duly till now,radio/television,250,... < 100 DM,1 <= ... < 4 years,4,female,none,4,unknown / no property,30,none,own,1,skilled employee / official,1,none,yes,1,divorced/separated
... < 0 DM,22,existing credits paid back duly till now,car (used),3644,... < 100 DM,... >= 7 years,4,male,none,4,unknown / no property,45,none,own,3,skilled employee / official,1,"yes, registered under customer's name",yes,1,single
... >= 200 DM / salary assignments for at least 1 year,7,existing credits paid back duly till now,radio/television,10517,... < 100 DM,unemployed,1,female,none,1,building society savings agreement / life insurance,27,stores,own,1,unskilled - resident,1,none,yes,1,divorced/separated
no checking account,35,no credits taken / all credits paid back duly,car (new),5987,unknown / no savings account,4 <= ... < 7 years,3,male,none,4,"car or other, not in savings account",32,none,own,2,management / self-employed / highly qualified employee / officer,1,none,yes,1,single
no checking account,44,critical account / other credits existing (not at this bank),furniture/equipment,1967,unknown / no savings account,1 <= ... < 4 years,3,female,none,2,real estate,29,none,own,2,skilled employee / official,1,none,yes,1,single
0 <= ... < 200 DM,19,existing credits paid back duly till now,car (new),716,... < 100 DM,1 <= ... < 4 years,2,male,guarantor,1,real estate,33,none,own,1,skilled employee / official,1,none,yes,1,single
0 <= ... < 200 DM,12,existing credits paid back duly till now,car (new),250,... >= 1000 DM,1 <= ... < 4 years,1,female,none,4,real estate,37,none,own,1,skilled employee / official,1,"yes, registered under customer's name",no,1,divorced/separated
no checking account,22,critical account / other credits existing (not at this bank),business,13299,... < 100 DM,1 <= ... < 4 years,4,male,none,3,building society savings agreement / life insurance,39,bank,own,3,skilled employee / official,1,"yes, registered under customer's name",yes,1,single
0 <= ... < 200 DM,14,existing credits paid back duly till now,furniture/equipment,250,... < 100 DM,1 <= ... < 4 years,2,female,none,2,"car or other, not in savings account",35,none,rent,1,skilled employee / official,1,none,yes,2,divorced/separated
no checking account,48,no credits taken / all credits paid back duly,business,4404,... < 100 DM,4 <= ... < 7 years,4,female,none,2,building society savings agreement / life insurance,19,none,own,2,skilled employee / official,1,none,yes,1,divorced/separated
no checking account,28,delay in paying off in the past,radio/television,5997,500 <= ... < 1000 DM,1 <= ... < 4 years,3,male,none,2,building society savings agreement / life insurance,32,none,rent,1,skilled employee / official,2,none,no,1,single
... < 0 DM,4,existing credits paid back duly till now,radio/television,250,... < 100 DM,1 <= ... < 4 years,4,male,none,4,building society savings agreement / life insurance,49,none,own,1,unskilled - resident,1,none,yes,1,married/widowed
no checking account,20,existing credits paid back duly till now,car (new),4812,500 <= ... < 1000 DM,1 <= ... < 4 years,2,male,none,2,"car or other, not in savings account",33,bank,own,1,unskilled - resident,2,none,no,1,divorced/separated
no checking account,27,critical account / other credits existing (not at this bank),radio/television,1560,... >= 1000 DM,... < 1 year,2,female,none,2,unknown / no property,30,none,own,1,management / self-employed / highly qualified employee / officer,1,"yes, registered under customer's name",yes,2,divorced/separated
... < 0 DM,34,no credits taken / all credits paid back duly,education,3505,... < 100 DM,1 <= ... < 4 years,4,male,co-applicant,4,building society savings agreement / life insurance,29,stores,own,2,skilled employee / official,2,"yes, registered under customer's name",yes,1,single
... < 0 DM,26,existing credits paid back duly till now,radio/television,1004,unknown / no savings account,1 <= ... < 4 years,3,male,none,4,building society savings agreement / life insurance,27,none,own,1,unemployed / unskilled - non-resident,1,none,yes,1,single
no checking account,4,existing credits paid back duly till now,car (new),3559,500 <= ... < 1000 DM,... >= 7 years,3,male,none,4,"car or other, not in savings account",29,none,own,1,management / self-employed / highly qualified employee / officer,1,none,yes,1,single
... < 0 DM,22,existing credits paid back duly till now,furniture/equipment,3754,... < 100 DM,unemployed,1,female,none,4,building society savings agreement / life insurance,30,none,rent,2,skilled employee / official,1,none,yes,1,divorced/separated
... >= 200 DM / salary assignments for at least 1 year,9,existing credits paid back duly till now,radio/television,265,unknown / no savings account,1 <= ... < 4 years,3,female,none,2,real estate,19,bank,own,1,unskilled - resident,1,none,yes,2,married/widowed
... < 0 DM,4,existing credits paid back duly till now,radio/television,888,... < 100 DM,... >= 7 years,4,male,none,4,unknown / no property,75,bank,for free,1,skilled employee / official,1,"yes, registered under customer's name",yes,2,single
0 <= ... < 200 DM,5,delay in paying off in the past,car (new),9478,... < 100 DM,... >= 7 years,2,male,none,3,building society savings agreement / life insurance,74,none,own,2,management / self-employed / highly qualified employee / officer,2,"yes, registered under customer's name",yes,1,single
0 <= ... < 200 DM,25,critical account / other credits existing (not at this bank),repairs,250,... < 100 DM,... >= 7 years,3,male,none,4,unknown / no property,72,bank,rent,1,skilled employee / official,2,"yes, registered under customer's name",yes,2,single
0 <= ... < 200 DM,7,existing credits paid back duly till now,radio/television,250,500 <= ... < 1000 DM,1 <= ... < 4 years,3,male,none,3,"car or other, not in savings account",29,none,own,1,skilled employee / official,1,"yes, registered under customer's name",yes,1,married/widowed
0 <= ... < 200 DM,19,existing credits paid back duly till now,furniture/equipment,2867,... < 100 DM,1 <= ... < 4 years,4,female,none,4,real estate,36,none,own,1,skilled employee / official,1,none,yes,2,divorced/separated
... < 0 DM,4,delay in paying off in the past,business,250,... < 100 DM,4 <= ... < 7 years,4,male,none,1,real estate,66,none,own,2,unskilled - resident,1,none,yes,1,married/widowed
no checking account,21,critical account / other credits existing (not at this bank),car (used),3724,500 <= ... < 1000 DM,1 <= ... < 4 years,2,male,none,2,"car or other, not in savings account",42,none,rent,2,unskilled - resident,1,"yes, registered under customer's name",yes,1,single
no checking account,21,delay in paying off in the past,furniture/equipment,10181,... < 100 DM,4 <= ... < 7 years,1,male,none,4,"car or other, not in savings account",24,bank,own,2,skilled employee / official,1,"yes, registered under customer's name",yes,1,single
no checking account,6,existing credits paid back duly till now,radio/television,250,unknown / no savings account,... >= 7 years,2,male,none,4,"car or other, not in savings account",49,none,own,1,skilled employee / official,1,none,yes,1,single
0 <= ... < 200 DM,7,critical account / other credits existing (not at this bank),car (new),418,... < 100 DM,1 <= ... < 4 years,4,male,none,1,real estate,30,none,own,2,skilled employee / official,1,none,no,1,married/widowed
... < 0 DM,20,existing credits paid back duly till now,radio/television,6679,100 <= ... < 500 DM,... < 1 year,4,male,none,4,building society savings agreement / life insurance,19,none,rent,1,skilled employee / official,1,none,yes,2,divorced/separated
0 <= ... < 200 DM,23,no credits taken / all credits paid back duly,car (used),4779,... < 100 DM,4 <= ... < 7 years,1,male,co-applicant,4,unknown / no property,41,none,rent,1,management / self-employed / highly qualified employee / officer,1,none,yes,1,single
... < 0 DM,6,existing credits paid back duly till now,furniture/equipment,250,... < 100 DM,... < 1 year,4,female,none,2,"car or other, not in savings account",38,none,own,2,skilled employee / official,1,none,yes,2,divorced/separated
0 <= ... < 200 DM,48,all credits at this bank paid back duly,repairs,6270,... < 100 DM,unemployed,1,male,none,4,unknown / no property,57,none,for free,1,skilled employee / official,2,"yes, registered under customer's name",yes,2,single
... >= 200 DM / salary assignments for at least 1 year,6,existing credits paid back duly till now,radio/television,1218,... < 100 DM,1 <= ... < 4 years,4,female,none,4,"car or other, not in savings account",72,bank,own,1,skilled employee / official,1,"yes, registered under customer's name",yes,1,single
... < 0 DM,36,delay in paying off in the past,furniture/equipment,2329,... < 100 DM,... < 1 year,4,female,none,2,"car or other, not in savings account",33,none,own,2,skilled employee / official,1,"yes, registered under customer's name",yes,1,divorced/separated
no checking account,28,critical account / other credits existing (not at this bank),car (used),937,... < 100 DM,1 <= ... < 4 years,1,female,none,4,real estate,75,none,own,2,management / self-employed / highly qualified employee / officer,1,none,yes,1,divorced/separated
no checking account,20,no credits taken / all credits paid back duly,car (used),15945,... < 100 DM,... >= 7 years,3,male,none,4,unknown / no property,75,bank,for free,2,unskilled - resident,1,"yes, registered under customer's name",yes,1,single
no checking account,39,critical account / other credits existing (not at this bank),business,5434,unknown / no savings account,1 <= ... < 4 years,2,male,none,3,building society savings agreement / life insurance,55,none,own,2,skilled employee / official,1,none,yes,1,single
0 <= ... < 200 DM,27,existing credits paid back duly till now,education,1741,500 <= ... < 1000 DM,1 <= ... < 4 years,1,male,none,4,building society savings agreement / life insurance,30,none,own,2,management / self-employed / highly qualified employee / officer,1,"yes, registered under customer's name",yes,1,single
no checking account,22,existing credits paid back duly till now,radio/television,1713,unknown / no savings account,... >= 7 years,4,male,none,4,real estate,34,none,own,1,skilled employee / official,1,none,yes,1,married/widowed
0 <= ... < 200 DM,23,existing credits paid back duly till now,business,6091,... < 100 DM,... < 1 year,2,male,none,4,building society savings agreement / life insurance,19,bank,rent,1,unskilled - resident,1,"yes, registered under customer's name",yes,2,divorced/separated
0 <= ... < 200 DM,4,critical account / other credits existing (not at this bank),car (new),4315,100 <= ... < 500 DM,4 <= ... < 7 years,3,male,none,2,real estate,28,none,rent,2,unskilled - resident,1,none,yes,1,single
no checking account,13,critical account / other credits existing (not at this bank),radio/television,2910,... < 100 DM,... >= 7 years,3,male,none,2,"car or other, not in savings account",48,bank,own,2,skilled employee / official,1,none,yes,2,single
no checking account,12,critical account / other credits existing (not at this bank),business,2189,... >= 1000 DM,1 <= ... < 4 years,1,female,none,4,building society savings agreement / life insurance,24,none,own,2,skilled employee / official,1,none,yes,1,divorced/separated
no checking account,4,existing credits paid back duly till now,retraining,6126,... < 100 DM,4 <= ... < 7 years,4,male,none,4,real estate,72,none,own,1,skilled employee / official,1,none,yes,1,single
... < 0 DM,17,existing credits paid back duly till now,car (new),250,unknown / no savings account,... >= 7 years,4,male,none,3,"car or other, not in savings account",38,bank,own,4,skilled employee / official,1,"yes, registered under customer's name",yes,1,single
... < 0 DM,23,critical account / other credits existing (not at this bank),business,14587,... < 100 DM,1 <= ... < 4 years,3,female,none,3,building society savings agreement / life insurance,20,none,rent,1,skilled employee / official,1,"yes, registered under customer's name",yes,2,divorced/separated
0 <= ... < 200 DM,12,existing credits paid back duly till now,business,250,... < 100 DM,... < 1 year,4,female,none,2,real estate,30,stores,own,2,skilled employee / official,1,"yes, registered under customer's name",yes,2,divorced/separated
no checking account,25,existing credits paid back duly till now,furniture/equipment,1478,unknown / no savings account,1 <= ... < 4 years,2,male,none,2,real estate,37,none,own,1,skilled employee / official,1,none,yes,1,divorced/separated
no checking account,7,existing credits paid back duly till now,education,7715,100 <= ... < 500 DM,1 <= ... < 4 years,1,female,none,1,"car or other, not in savings account",20,none,rent,1,unskilled - resident,1,none,yes,1,divorced/separated
no checking account,11,existing credits paid back duly till now,car (used),6264,unknown / no savings account,... < 1 year,2,female,guarantor,2,building society savings agreement / life insurance,23,none,own,1,management / self-employed / highly qualified employee / officer,1,"yes, registered under customer's name",yes,1,divorced/separated
... < 0 DM,21,existing credits paid back duly till now,car (used),2472,... < 100 DM,1 <= ... < 4 years,1,female,none,1,unknown / no property,21,bank,rent,1,skilled employee / official,1,none,yes,2,single
no checking account,24,no credits taken / all credits paid back duly,furniture/equipment,461,100 <= ... < 500 DM,... >= 7 years,4,male,none,4,unknown / no property,75,bank,for free,1,management / self-employed / highly qualified employee / officer,1,"yes, registered under customer's name",yes,1,single
... < 0 DM,13,critical account / other credits existing (not at this bank),radio/television,3856,... < 100 DM,4 <= ... < 7 years,1,male,none,1,real estate,60,bank,own,1,management / self-employed / highly qualified employee / officer,2,"yes, registered under customer's name",yes,1,single
no checking account,25,critical account / other credits existing (not at this bank),car (new),250,... < 100 DM,1 <= ... < 4 years,2,male,none,4,"car or other, not in savings account",71,none,own,2,skilled employee / official,2,none,yes,1,single
0 <= ... < 200 DM,7,critical account / other credits existing (not at this bank),car (new),4486,100 <= ... < 500 DM,1 <= ... < 4 years,3,male,none,3,real estate,44,none,rent,2,unskilled - resident,2,none,yes,1,married/widowed
no checking account,11,existing credits paid back duly till now,domestic appliances,3803,unknown / no savings account,1 <= ... < 4 years,2,male,none,3,"car or other, not in savings account",27,none,rent,1,unskilled - resident,1,"yes, registered under customer's name",yes,1,divorced/separated
no checking account,24,existing credits paid back duly till now,furniture/equipment,1930,... < 100 DM,1 <= ... < 4 years,2,female,none,3,building society savings agreement / life insurance,21,none,own,1,skilled employee / official,1,none,yes,2,divorced/separated
no checking account,21,existing credits paid back duly till now,radio/television,590,unknown / no savings account,... >= 7 years,4,male,none,4,building society savings agreement / life insurance,32,bank,own,1,skilled employee / official,2,none,yes,1,divorced/separated
... < 0 DM,32,all credits at this bank paid back duly,car (new),4409,... < 100 DM,1 <= ... < 4 years,3,male,none,2,building society savings agreement / life insurance,23,none,own,2,skilled employee / official,1,"yes, registered under customer's name",yes,1,single
... < 0 DM,4,existing credits paid back duly till now,furniture/equipment,3192,... < 100 DM,1 <= ... < 4 years,4,female,none,2,building society savings agreement / life insurance,29,none,own,1,skilled employee / official,1,none,yes,1,divorced/separated
... < 0 DM,23,all credits at this bank paid back duly,radio/television,1677,... < 100 DM,... >= 7 years,2,male,none,4,building society savings agreement / life insurance,22,bank,rent,1,skilled employee / official,1,none,yes,2,single
no checking account,23,critical account / other credits existing (not at this bank),car (new),5104,... < 100 DM,1 <= ... < 4 years,2,male,none,3,real estate,28,none,own,2,unskilled - resident,1,none,yes,1,single
... < 0 DM,20,critical account / other credits existing (not at this bank),furniture/equipment,1491,... < 100 DM,... >= 7 years,4,female,none,4,"car or other, not in savings account",36,bank,own,2,skilled employee / official,1,none,yes,2,divorced/separated
no checking account,21,critical account / other credits existing (not at this bank),radio/television,886,... < 100 DM,... >= 7 years,4,male,none,4,"car or other, not in savings account",55,none,own,2,skilled employee / official,1,"yes, registered under customer's name",yes,1,divorced/separated
... < 0 DM,36,critical account / other credits existing (not at this bank),business,5840,... < 100 DM,4 <= ... < 7 years,1,male,none,3,real estate,22,none,own,2,skilled employee / official,2,none,yes,2,single
no checking account,26,existing credits paid back duly till now,radio/television,250,... >= 1000 DM,... >= 7 years,4,male,none,4,building society savings agreement / life insurance,30,none,own,1,skilled employee / official,1,"yes, registered under customer's name",yes,1,single
0 <= ... < 200 DM,44,existing credits paid back duly till now,car (new),2974,100 <= ... < 500 DM,1 <= ... < 4 years,4,male,none,3,building society savings agreement / life insurance,20,none,own,1,skilled employee / official,1,none,yes,2,single
... < 0 DM,10,existing credits paid back duly till now,car (new),1212,unknown / no savings account,... >= 7 years,2,male,none,4,unknown / no property,37,none,for free,1,skilled employee / official,1,none,yes,1,single
no checking account,4,existing credits paid back duly till now,radio/television,1101,unknown / no savings account,1 <= ... < 4 years,1,female,none,2,building society savings agreement / life insurance,30,stores,own,1,skilled employee / official,1,"yes, registered under customer's name",yes,1,married/widowed
... < 0 DM,4,existing credits paid back duly till now,car (new),786,... < 100 DM,4 <= ... < 7 years,1,female,none,2,building society savings agreement / life insurance,33,none,own,1,unskilled - resident,1,none,yes,1,married/widowed
0 <= ... < 200 DM,36,existing credits paid back duly till now,car (used),788,unknown / no savings account,4 <= ... < 7 years,4,male,none,1,unknown / no property,60,none,for free,3,skilled employee / official,1,"yes, registered under customer's name",yes,2,single
no checking account,16,existing credits paid back duly till now,car (new),1574,... < 100 DM,... < 1 year,1,male,guarantor,4,"car or other, not in savings account",25,none,own,1,skilled employee / official,1,"yes, registered under customer's name",yes,1,single
no checking account,49,existing credits paid back duly till now,education,250,unknown / no savings account,1 <= ... < 4 years,2,female,co-applicant,3,building society savings agreement / life insurance,34,none,own,1,skilled employee / official,1,none,yes,1,divorced/separated
no checking account,20,critical account / other credits existing (not at this bank),car (new),564,... < 100 DM,1 <= ... < 4 years,1,female,none,4,building society savings agreement / life insurance,31,none,own,2,unemployed / unskilled - non-resident,1,"yes, registered under customer's name",yes,1,divorced/separated
... < 0 DM,34,critical account / other credits existing (not at this bank),car (used),5315,... < 100 DM,... >= 7 years,2,male,none,4,unknown / no property,29,none,rent,1,skilled employee / official,2,none,yes,1,single
no checking account,19,critical account / other credits existing (not at this bank),car (used),250,... >= 1000 DM,... >= 7 years,4,male,none,4,unknown / no property,55,bank,for free,2,skilled employee / official,1,none,yes,1,single
no checking account,9,existing credits paid back duly till now,car (used),725,... < 100 DM,... >= 7 years,3,male,none,4,unknown / no property,44,none,for free,2,management / self-employed / highly qualified employee / officer,1,"yes, registered under customer's name",yes,1,single
... < 0 DM,28,existing credits paid back duly till now,business,250,100 <= ... < 500 DM,... < 1 year,3,female,none,4,"car or other, not in savings account",21,none,rent,1,skilled employee / official,1,none,yes,1,divorced/separated
no checking account,14,existing credits paid back duly till now,radio/television,695,... < 100 DM,unemployed,4,female,none,1,building society savings agreement / life insurance,56,none,own,1,skilled employee / official,1,"yes, registered under customer's name",yes,1,divorced/separated
0 <= ... < 200 DM,21,existing credits paid back duly till now,car (new),1515,100 <= ... < 500 DM,1 <= ... < 4 years,3,male,none,4,real estate,72,bank,own,1,unskilled - resident,1,none,yes,1,single
... >= 200 DM / salary assignments for at least 1 year,10,existing credits paid back duly till now,furniture/equipment,278,... < 100 DM,4 <= ... < 7 years,4,male,none,1,real estate,29,none,own,1,unskilled - resident,2,none,yes,1,single
... < 0 DM,31,existing credits paid back duly till now,business,3642,... < 100 DM,unemployed,4,male,none,4,unknown / no property,42,none,own,1,skilled employee / official,2,"yes, registered under customer's name",yes,2,single
0 <= ... < 200 DM,21,existing credits paid back duly till now,retraining,5280,... < 100 DM,... >= 7 years,4,female,none,1,"car or other, not in savings account",37,bank,own,1,skilled employee / official,1,"yes, registered under customer's name",yes,2,married/widowed
0 <= ... < 200 DM,38,critical account / other credits existing (not at this bank),furniture/equipment,11085,... < 100 DM,unemployed,2,male,none,1,unknown / no property,22,none,own,1,management / self-employed / highly qualified employee / officer,2,"yes, registered under customer's name",yes,2,divorced/separated
no checking account,4,existing credits paid back duly till now,car (new),5082,unknown / no savings account,... >= 7 years,4,male,none,4,real estate,56,none,own,2,skilled employee / official,1,none,yes,1,married/widowed
0 <= ... < 200 DM,22,delay in paying off in the past,business,1963,100 <= ... < 500 DM,4 <= ... < 7 years,4,male,none,1,"car or other, not in savings account",32,none,own,1,skilled employee / official,1,"yes, registered under customer's name",yes,2,single
... < 0 DM,33,critical account / other credits existing (not at this bank),business,2415,... < 100 DM,1 <= ... < 4 years,2,male,none,2,real estate,22,none,own,2,skilled employee / official,2,none,yes,1,single
... < 0 DM,25,existing credits paid back duly till now,car (new),629,100 <= ... < 500 DM,4 <= ... < 7 years,4,female,none,2,real estate,21,none,own,1,skilled employee / official,1,"yes, registered under customer's name",yes,2,divorced/separated
... < 0 DM,25,existing credits paid back duly till now,retraining,339,... < 100 DM,... < 1 year,4,female,none,4,unknown / no property,33,none,own,1,management / self-employed / highly qualified employee / officer,1,"yes, registered under customer's name",yes,2,divorced/separated
... < 0 DM,9,existing credits paid back duly till now,radio/television,250,... < 100 DM,... < 1 year,3,male,none,2,real estate,31,none,own,1,skilled employee / official,1,none,no,2,single
... < 0 DM,4,existing credits paid back duly till now,car (new),3590,... < 100 DM,... < 1 year,2,female,none,4,unknown / no property,75,bank,for free,1,unemployed / unskilled - non-resident,1,none,yes,2,divorced/separated
0 <= ... < 200 DM,12,critical account / other credits existing (not at this bank),education,250,100 <= ... < 500 DM,... < 1 year,2,male,none,4,unknown / no property,51,stores,own,2,skilled employee / official,2,none,yes,1,single
0 <= ... < 200 DM,16,existing credits paid back duly till now,furniture/equipment,1722,... < 100 DM,... < 1 year,4,male,none,2,real estate,35,none,own,1,unemployed / unskilled - non-resident,1,none,no,1,married/widowed
no checking account,18,critical account / other credits existing (not at this bank),furniture/equipment,1381,... < 100 DM,1 <= ... < 4 years,4,male,none,2,real estate,19,none,own,2,unskilled - resident,1,"yes, registered under customer's name",yes,1,married/widowed
no checking account,26,existing credits paid back duly till now,radio/television,3079,500 <= ... < 1000 DM,4 <= ... < 7 years,4,male,none,3,"car or other, not in savings account",26,none,own,1,skilled employee / official,1,"yes, registered under customer's name",yes,1,single
... < 0 DM,16,delay in paying off in the past,car (new),3881,500 <= ... < 1000 DM,unemployed,3,male,none,4,real estate,34,none,for free,1,management / self-employed / highly qualified employee / officer,2,"yes, registered under customer's name",yes,1,single
... < 0 DM,25,existing credits paid back duly till now,car (new),550,... < 100 DM,1 <= ... < 4 years,4,female,co-applicant,3,real estate,36,bank,own,3,unskilled - resident,1,none,no,2,single
no checking account,21,existing credits paid back duly till now,furniture/equipment,992,... >= 1000 DM,1 <= ... < 4 years,4,female,none,4,real estate,27,none,rent,1,skilled employee / official,1,none,yes,1,divorced/separated
0 <= ... < 200 DM,4,existing credits paid back duly till now,furniture/equipment,1469,... < 100 DM,4 <= ... < 7 years,4,female,guarantor,4,building society savings agreement / life insurance,32,none,own,1,skilled employee / official,1,none,yes,2,divorced/separated
... < 0 DM,4,delay in paying off in the past,car (new),2612,... < 100 DM,1 <= ... < 4 years,3,male,guarantor,2,real estate,35,none,own,1,skilled employee / official,1,none,yes,1,married/widowed
no checking account,24,critical account / other credits existing (not at this bank),car (used),3409,... < 100 DM,1 <= ... < 4 years,2,female,none,2,"car or other, not in savings account",34,none,own,1,skilled employee / official,1,none,yes,1,single
no checking account,4,existing credits paid back duly till now,education,2902,unknown / no savings account,... >= 7 years,3,male,none,4,unknown / no property,54,bank,for free,1,unskilled - resident,1,"yes, registered under customer's name",yes,1,single
... < 0 DM,17,existing credits paid back duly till now,furniture/equipment,835,... < 100 DM,1 <= ... < 4 years,1,female,none,4,"car or other, not in savings account",35,none,own,1,skilled employee / official,1,"yes, registered under customer's name",yes,1,divorced/separated
... >= 200 DM / salary assignments for at least 1 year,31,delay in paying off in the past,car (new),261,... < 100 DM,1 <= ... < 4 years,1,male,none,2,building society savings agreement / life insurance,39,stores,own,1,skilled employee / official,1,"yes, registered under customer's name",yes,1,single
... < 0 DM,4,existing credits paid back duly till now,furniture/equipment,1924,... < 100 DM,1 <= ... < 4 years,4,male,none,2,"car or other, not in savings account",56,none,own,1,skilled employee / official,1,none,yes,1,single
0 <= ... < 200 DM,4,critical account / other credits existing (not at this bank),car (new),2710,unknown / no savings account,4 <= ... < 7 years,3,male,none,4,real estate,29,none,rent,1,unemployed / unskilled - non-resident,2,none,yes,1,single
0 <= ... < 200 DM,14,existing credits paid back duly till now,car (new),8262,... < 100 DM,... >= 7 years,3,male,none,4,building society savings agreement / life insurance,34,none,rent,2,unskilled - resident,1,none,yes,1,divorced/separated
... < 0 DM,20,existing credits paid back duly till now,radio/television,5725,... < 100 DM,... >= 7 years,4,male,none,4,unknown / no property,42,bank,own,1,skilled employee / official,1,"yes, registered under customer's name",yes,2,single
... < 0 DM,4,existing credits paid back duly till now,education,1579,... < 100 DM,... >= 7 years,4,male,guarantor,3,building society savings agreement / life insurance,75,stores,own,2,management / self-employed / highly qualified employee / officer,1,"yes, registered under customer's name",yes,1,married/widowed
0 <= ... < 200 DM,25,critical account / other credits existing (not at this bank),business,1171,... < 100 DM,1 <= ... < 4 years,1,female,none,4,real estate,33,none,rent,2,unskilled - resident,1,none,yes,1,divorced/separated
no checking account,27,existing credits paid back duly till now,furniture/equipment,1543,unknown / no savings account,1 <= ... < 4 years,3,male,none,2,building society savings agreement / life insurance,23,none,own,1,unskilled - resident,1,none,yes,1,single
... < 0 DM,10,existing credits paid back duly till now,car (new),523,100 <= ... < 500 DM,... < 1 year,4,female,none,4,unknown / no property,28,none,for free,1,skilled employee / official,1,none,yes,2,divorced/separated
... < 0 DM,26,all credits at this bank paid back duly,furniture/equipment,15945,... < 100 DM,... >= 7 years,4,male,none,4,unknown / no property,25,none,for free,3,skilled employee / official,1,"yes, registered under customer's name",yes,2,divorced/separated
no checking account,16,all credits at this bank paid back duly,radio/television,2904,... < 100 DM,... < 1 year,4,male,none,3,real estate,19,none,own,1,skilled employee / official,1,none,yes,2,married/widowed
0 <= ... < 200 DM,4,existing credits paid back duly till now,car (new),1878,... < 100 DM,1 <= ... < 4 years,1,female,none,4,real estate,36,none,rent,1,unemployed / unskilled - non-resident,1,none,yes,2,divorced/separated
... < 0 DM,4,existing credits paid back duly till now,retraining,483,... < 100 DM,1 <= ... < 4 years,4,female,none,4,unknown / no property,28,none,rent,1,unemployed / unskilled - non-resident,1,none,yes,1,divorced/separated
no checking account,14,critical account / other credits existing (not at this bank),business,9699,... >= 1000 DM,... < 1 year,3,male,none,3,"car or other, not in savings account",25,none,own,2,skilled employee / official,2,"yes, registered under customer's name",yes,1,single
no checking account,49,existing credits paid back duly till now,car (new),2188,500 <= ... < 1000 DM,unemployed,4,male,none,1,"car or other, not in savings account",32,none,rent,1,unskilled - resident,1,none,yes,1,married/widowed
no checking account,13,critical account / other credits existing (not at this bank),radio/television,4235,unknown / no savings account,1 <= ... < 4 years,2,male,none,2,building society savings agreement / life insurance,45,none,own,2,skilled employee / official,1,"yes, registered under customer's name",yes,1,single
no checking account,22,critical account / other credits existing (not at this bank),car (new),250,unknown / no savings account,1 <= ... < 4 years,3,male,none,4,real estate,41,bank,own,2,management / self-employed / highly qualified employee / officer,2,none,yes,1,single
no checking account,4,critical account / other credits existing (not at this bank),car (used),782,... < 100 DM,... < 1 year,1,male,co-applicant,4,"car or other, not in savings account",58,none,own,2,skilled employee / official,1,none,yes,1,divorced/separated
0 <= ... < 200 DM,9,existing credits paid back duly till now,radio/television,250,100 <= ... < 500 DM,1 <= ... < 4 years,4,male,none,2,"car or other, not in savings account",37,none,own,1,skilled employee / official,1,"yes, registered under customer's name",yes,1,single
... < 0 DM,27,all credits at this bank paid back duly,furniture/equipment,3909,... < 100 DM,1 <= ... < 4 years,4,female,none,4,unknown / no property,22,bank,for free,1,skilled employee / official,1,none,yes,2,divorced/separated
no checking account,4,critical account / other credits existing (not at this bank),car (new),5099,... < 100 DM,1 <= ... < 4 years,1,female,none,4,unknown / no property,27,none,rent,2,unemployed / unskilled - non-resident,1,none,yes,1,divorced/separated
... < 0 DM,4,existing credits paid back duly till now,car (new),6516,... < 100 DM,1 <= ... < 4 years,1,male,none,2,building society savings agreement / life insurance,29,none,own,2,unskilled - resident,1,none,yes,1,divorced/separated
no checking account,4,existing credits paid back duly till now,car (new),250,... < 100 DM,1 <= ... < 4 years,4,female,none,4,real estate,31,none,own,1,skilled employee / official,1,none,yes,1,divorced/separated
no checking account,27,existing credits paid back duly till now,others,4628,... < 100 DM,1 <= ... < 4 years,3,male,none,1,building society savings agreement / life insurance,21,bank,own,1,skilled employee / official,1,none,yes,2,single
no checking account,32,critical account / other credits existing (not at this bank),radio/television,3200,... < 100 DM,1 <= ... < 4 years,1,female,none,3,real estate,27,bank,own,2,skilled employee / official,2,none,yes,2,divorced/separated
no checking account,21,delay in paying off in the past,car (new),10101,unknown / no savings account,1 <= ... < 4 years,3,male,none,2,"car or other, not in savings account",70,none,for free,1,skilled employee / official,2,"yes, registered under customer's name",yes,1,single
... < 0 DM,25,existing credits paid back duly till now,radio/television,6977,500 <= ... < 1000 DM,1 <= ... < 4 years,4,male,none,2,"car or other, not in savings account",29,none,own,1,skilled employee / official,1,none,yes,1,married/widowed
0 <= ... < 200 DM,20,no credits taken / all credits paid back duly,car (new),3569,... < 100 DM,1 <= ... < 4 years,3,male,co-applicant,2,real estate,55,bank,own,2,unskilled - resident,2,none,yes,1,single
no checking account,19,existing credits paid back duly till now,car (used),1440,100 <= ... < 500 DM,4 <= ... < 7 years,2,male,none,3,"car or other, not in savings account",44,none,own,2,skilled employee / official,1,"yes, registered under customer's name",yes,1,married/widowed
0 <= ... < 200 DM,4,existing credits paid back duly till now,car (new),250,... < 100 DM,... >= 7 years,1,male,none,4,unknown / no property,75,none,own,1,skilled employee / official,1,"yes, registered under customer's name",yes,1,single
no checking account,25,existing credits paid back duly till now,radio/television,2224,100 <= ... < 500 DM,... < 1 year,2,male,none,1,"car or other, not in savings account",19,none,own,1,skilled employee / official,1,none,yes,1,married/widowed
... < 0 DM,34,existing credits paid back duly till now,repairs,2092,unknown / no savings account,... < 1 year,3,male,none,4,building society savings agreement / life insurance,19,none,for free,2,skilled employee / official,1,none,yes,1,single
no checking account,70,critical account / other credits existing (not at this bank),education,6236,... < 100 DM,1 <= ... < 4 years,3,male,none,3,building society savings agreement / life insurance,36,none,own,2,skilled employee / official,1,"yes, registered under customer's name",yes,1,single
... < 0 DM,29,existing credits paid back duly till now,car (new),2170,500 <= ... < 1000 DM,... < 1 year,2,female,none,3,building society savings agreement / life insurance,24,bank,own,1,skilled employee / official,1,none,yes,2,divorced/separated
no checking account,35,no credits taken / all credits paid back duly,car (new),4323,... < 100 DM,1 <= ... < 4 years,2,male,none,4,real estate,63,stores,rent,2,skilled employee / official,1,none,yes,1,single
... >= 200 DM / salary assignments for at least 1 year,22,existing credits paid back duly till now,business,250,... < 100 DM,... < 1 year,3,male,none,2,real estate,60,none,own,1,unskilled - resident,1,none,yes,1,single
no checking account,17,existing credits paid back duly till now,repairs,1820,100 <= ... < 500 DM,unemployed,2,male,none,2,"car or other, not in savings account",37,none,own,4,skilled employee / official,1,"yes, registered under customer's name",yes,1,single
0 <= ... < 200 DM,24,critical account / other credits existing (not at this bank),radio/television,5275,... < 100 DM,... >= 7 years,4,male,none,3,real estate,45,none,own,1,skilled employee / official,1,none,yes,1,single
0 <= ... < 200 DM,19,critical account / other credits existing (not at this bank),business,1956,... < 100 DM,1 <= ... < 4 years,4,male,none,1,real estate,37,none,rent,2,skilled employee / official,1,"yes, registered under customer's name",yes,1,single
no checking account,8,critical account / other credits existing (not at this bank),retraining,1893,500 <= ... < 1000 DM,... >= 7 years,1,female,none,4,building society savings agreement / life insurance,34,none,own,2,skilled employee / official,1,none,yes,1,divorced/separated
... < 0 DM,19,critical account / other credits existing (not at this bank),repairs,841,... < 100 DM,1 <= ... < 4 years,4,male,none,4,real estate,28,none,own,2,skilled employee / official,1,none,yes,1,single
... < 0 DM,41,existing credits paid back duly till now,furniture/equipment,301,... < 100 DM,4 <= ... < 7 years,1,female,none,4,real estate,27,none,rent,1,unemployed / unskilled - non-resident,1,none,yes,1,divorced/separated
no checking account,23,existing credits paid back duly till now,radio/television,2800,unknown / no savings account,1 <= ... < 4 years,4,male,none,2,"car or other, not in savings account",20,none,own,1,skilled employee / official,1,none,yes,1,single
... >= 200 DM / salary assignments for at least 1 year,17,critical account / other credits existing (not at this bank),radio/television,250,... < 100 DM,... >= 7 years,4,female,none,4,building society savings agreement / life insurance,25,bank,own,1,unskilled - resident,1,none,yes,1,divorced/separated
no checking account,20,delay in paying off in the past,car (new),2873,100 <= ... < 500 DM,... < 1 year,4,male,none,3,"car or other, not in savings account",32,none,own,2,skilled employee / official,1,"yes, registered under customer's name",yes,2,married/widowed
no checking account,10,critical account / other credits existing (not at this bank),furniture/equipment,1849,... < 100 DM,... >= 7 years,4,male,guarantor,2,"car or other, not in savings account",34,none,own,3,skilled employee / official,1,none,yes,1,single
0 <= ... < 200 DM,20,delay in paying off in the past,car (new),2746,... < 100 DM,... >= 7 years,4,male,none,2,"car or other, not in savings account",48,bank,own,4,skilled employee / official,1,"yes, registered under customer's name",yes,2,single
0 <= ... < 200 DM,4,all credits at this bank paid back duly,furniture/equipment,1512,... < 100 DM,1 <= ... < 4 years,2,male,none,4,building society savings agreement / life insurance,60,none,for free,3,management / self-employed / highly qualified employee / officer,2,"yes, registered under customer's name",yes,2,single
no checking account,27,delay in paying off in the past,car (new),10398,... < 100 DM,unemployed,2,male,none,4,unknown / no property,63,none,for free,2,skilled employee / official,1,"yes, registered under customer's name",yes,2,single
no checking account,4,existing credits paid back duly till now,radio/television,250,500 <= ... < 1000 DM,1 <= ... < 4 years,3,female,none,4,real estate,33,none,own,1,skilled employee / official,1,none,yes,1,divorced/separated
0 <= ... < 200 DM,17,existing credits paid back duly till now,car (new),2078,... < 100 DM,1 <= ... < 4 years,1,female,none,4,building society savings agreement / life insurance,35,none,rent,1,unskilled - resident,1,none,yes,1,divorced/separated
0 <= ... < 200 DM,10,existing credits paid back duly till now,furniture/equipment,250,... < 100 DM,1 <= ... < 4 years,4,male,none,1,real estate,34,none,rent,1,skilled employee / official,1,none,yes,1,single
... < 0 DM,11,existing credits paid back duly till now,car (new),250,... >= 1000 DM,... < 1 year,4,female,none,1,real estate,26,none,own,1,skilled employee / official,1,none,yes,2,divorced/separated
... >= 200 DM / salary assignments for at least 1 year,6,existing credits paid back duly till now,radio/television,250,... >= 1000 DM,... >= 7 years,4,male,none,4,real estate,41,bank,own,1,skilled employee / official,1,"yes, registered under customer's name",yes,1,married/widowed
0 <= ... < 200 DM,26,delay in paying off in the past,car (new),6445,unknown / no savings account,1 <= ... < 4 years,2,male,none,1,real estate,20,none,own,2,unskilled - resident,2,"yes, registered under customer's name",yes,1,single
no checking account,23,existing credits paid back duly till now,repairs,557,100 <= ... < 500 DM,... >= 7 years,3,male,none,2,building society savings agreement / life insurance,39,stores,rent,1,unskilled - resident,1,"yes, registered under customer's name",no,1,single
0 <= ... < 200 DM,4,critical account / other credits existing (not at this bank),business,2834,unknown / no savings account,... >= 7 years,2,male,none,4,real estate,39,bank,own,2,skilled employee / official,2,none,yes,1,single
no checking account,4,existing credits paid back duly till now,radio/television,1040,unknown / no savings account,1 <= ... < 4 years,4,male,none,1,building society savings agreement / life insurance,40,none,own,1,skilled employee / official,1,none,yes,1,married/widowed
... < 0 DM,33,existing credits paid back duly till now,business,6064,... < 100 DM,1 <= ... < 4 years,2,male,none,4,building society savings agreement / life insurance,33,none,own,1,management / self-employed / highly qualified employee / officer,1,none,yes,2,single
... >= 200 DM / salary assignments for at least 1 year,4,critical account / other credits existing (not at this bank),radio/television,1651,100 <= ... < 500 DM,1 <= ... < 4 years,4,male,none,2,"car or other, not in savings account",72,stores,own,2,skilled employee / official,1,none,yes,1,single
... >= 200 DM / salary assignments for at least 1 year,14,critical account / other credits existing (not at this bank),car (new),1281,unknown / no savings account,1 <= ... < 4 years,3,male,co-applicant,3,building society savings agreement / life insurance,47,none,own,1,unskilled - resident,1,none,yes,1,divorced/separated
... < 0 DM,4,no credits taken / all credits paid back duly,car (used),1965,... < 100 DM,1 <= ... < 4 years,1,male,none,4,building society savings agreement / life insurance,69,bank,rent,1,skilled employee / official,1,"yes, registered under customer's name",yes,1,divorced/separated
0 <= ... < 200 DM,35,all credits at this bank paid back duly,car (used),2887,unknown / no savings account,... >= 7 years,4,male,none,4,unknown / no property,42,bank,for free,2,management / self-employed / highly qualified employee / officer,2,"yes, registered under customer's name",yes,2,single
0 <= ... < 200 DM,4,existing credits paid back duly till now,business,1442,... < 100 DM,... < 1 year,3,male,none,4,"car or other, not in savings account",29,bank,own,1,skilled employee / official,1,none,yes,2,married/widowed
no checking account,4,existing credits paid back duly till now,radio/television,250,100 <= ... < 500 DM,1 <= ... < 4 years,2,female,none,2,real estate,38,none,rent,1,unemployed / unskilled - non-resident,1,none,no,1,divorced/separated
... < 0 DM,25,existing credits paid back duly till now,radio/television,1835,100 <= ... < 500 DM,1 <= ... < 4 years,4,male,none,3,building society savings agreement / life insurance,27,none,own,2,skilled employee / official,1,"yes, registered under customer's name",yes,1,divorced/separated
0 <= ... < 200 DM,17,existing credits paid back duly till now,car (new),5584,100 <= ... < 500 DM,1 <= ... < 4 years,2,male,none,2,real estate,19,none,own,1,management / self-employed / highly qualified employee / officer,1,none,yes,1,single
0 <= ... < 200 DM,52,delay in paying off in the past,business,12452,... < 100 DM,1 <= ... < 4 years,2,male,none,4,"car or other, not in savings account",31,none,own,1,skilled employee / official,1,"yes, registered under customer's name",yes,2,single
... < 0 DM,19,critical account / other credits existing (not at this bank),radio/television,366,500 <= ... < 1000 DM,... < 1 year,4,female,none,2,"car or other, not in savings account",23,none,own,1,skilled employee / official,1,"yes, registered under customer's name",yes,2,divorced/separated
... < 0 DM,17,critical account / other credits existing (not at this bank),furniture/equipment,647,... < 100 DM,4 <= ... < 7 years,4,male,none,4,"car or other, not in savings account",52,none,own,1,skilled employee / official,1,"yes, registered under customer's name",yes,2,single
... < 0 DM,25,critical account / other credits existing (not at this bank),education,1595,... < 100 DM,1 <= ... < 4 years,3,male,none,4,unknown / no property,75,none,own,2,skilled employee / official,1,none,yes,2,single
0 <= ... < 200 DM,5,delay in paying off in the past,car (new),250,500 <= ... < 1000 DM,... >= 7 years,4,male,none,4,unknown / no property,58,bank,for free,1,skilled employee / official,2,"yes, registered under customer's name",yes,1,single
... < 0 DM,20,critical account / other credits existing (not at this bank),car (new),2786,... >= 1000 DM,1 <= ... < 4 years,4,female,none,4,unknown / no property,20,bank,for free,4,skilled employee / official,1,"yes, registered under customer's name",yes,2,divorced/separated
0 <= ... < 200 DM,8,delay in paying off in the past,business,6576,unknown / no savings account,4 <= ... < 7 years,4,male,none,2,building society savings agreement / life insurance,25,none,for free,2,unskilled - resident,1,"yes, registered under customer's name",yes,2,single
0 <= ... < 200 DM,44,existing credits paid back duly till now,furniture/equipment,250,... < 100 DM,1 <= ... < 4 years,2,female,none,1,building society savings agreement / life insurance,22,none,own,1,skilled employee / official,1,none,yes,1,divorced/separated
no checking account,49,critical account / other credits existing (not at this bank),car (new),250,... < 100 DM,1 <= ... < 4 years,1,female,none,4,building society savings agreement / life insurance,24,none,rent,2,management / self-employed / highly qualified employee / officer,2,none,yes,1,divorced/separated
0 <= ... < 200 DM,8,critical account / other credits existing (not at this bank),car (used),496,500 <= ... < 1000 DM,... >= 7 years,4,male,none,4,real estate,55,none,rent,1,skilled employee / official,1,none,yes,1,divorced/separated
... < 0 DM,55,existing credits paid back duly till now,furniture/equipment,250,... < 100 DM,... >= 7 years,2,male,none,4,unknown / no property,47,none,for free,1,management / self-employed / highly qualified employee / officer,1,"yes, registered under customer's name",yes,2,single
0 <= ... < 200 DM,48,existing credits paid back duly till now,car (new),4864,... < 100 DM,unemployed,1,male,co-applicant,1,unknown / no property,70,none,for free,2,management / self-employed / highly qualified employee / officer,2,"yes, registered under customer's name",yes,1,single
... < 0 DM,4,existing credits paid back duly till now,car (new),2179,500 <= ... < 1000 DM,1 <= ... < 4 years,1,male,none,4,unknown / no property,63,none,rent,1,unskilled - resident,2,none,no,1,single
no checking account,27,existing credits paid back duly till now,radio/television,3305,... < 100 DM,4 <= ... < 7 years,4,male,none,1,"car or other, not in savings account",29,none,own,1,skilled employee / official,1,"yes, registered under customer's name",yes,1,single
no checking account,14,critical account / other credits existing (not at this bank),car (new),2372,... < 100 DM,1 <= ... < 4 years,2,female,none,1,"car or other, not in savings account",32,none,rent,2,skilled employee / official,2,none,yes,1,single
no checking account,30,critical account / other credits existing (not at this bank),car (new),8014,unknown / no savings account,... >= 7 years,4,male,none,4,unknown / no property,29,none,own,1,skilled employee / official,2,"yes, registered under customer's name",yes,1,single
no checking account,24,existing credits paid back duly till now,education,250,unknown / no savings account,... < 1 year,1,female,none,2,"car or other, not in savings account",31,bank,own,1,unskilled - resident,1,"yes, registered under customer's name",yes,1,divorced/separated
... < 0 DM,7,existing credits paid back duly till now,furniture/equipment,1038,... < 100 DM,... < 1 year,3,female,none,4,"car or other, not in savings account",30,none,own,1,skilled employee / official,1,"yes, registered under customer's name",yes,2,divorced/separated
... < 0 DM,4,existing credits paid back duly till now,car (new),2895,unknown / no savings account,... < 1 year,2,male,co-applicant,1,building society savings agreement / life insurance,75,none,own,1,skilled employee / official,1,none,yes,1,married/widowed
... < 0 DM,26,existing credits paid back duly till now,car (used),2689,... >= 1000 DM,... < 1 year,4,male,none,4,"car or other, not in savings account",27,none,own,1,skilled employee / official,1,none,yes,1,single
0 <= ... < 200 DM,38,no credits taken / all credits paid back duly,business,8977,100 <= ... < 500 DM,1 <= ... < 4 years,4,male,none,3,building society savings agreement / life insurance,62,bank,own,2,skilled employee / official,1,"yes, registered under customer's name",yes,1,single
... < 0 DM,6,existing credits paid back duly till now,furniture/equipment,2121,... < 100 DM,1 <= ... < 4 years,4,male,none,3,"car or other, not in savings account",40,none,own,2,skilled employee / official,1,none,yes,2,married/widowed
... >= 200 DM / salary assignments for at least 1 year,4,all credits at this bank paid back duly,others,5887,... < 100 DM,4 <= ... < 7 years,4,male,none,3,unknown / no property,75,none,own,1,skilled employee / official,1,"yes, registered under customer's name",yes,1,single
no checking account,10,existing credits paid back duly till now,car (new),250,... < 100 DM,1 <= ... < 4 years,3,female,none,1,real estate,49,none,rent,1,skilled employee / official,1,none,yes,1,divorced/separated
no checking account,11,existing credits paid back duly till now,car (new),1260,unknown / no savings account,... >= 7 years,3,female,none,4,real estate,73,none,for free,1,management / self-employed / highly qualified employee / officer,1,"yes, registered under customer's name",yes,1,single
0 <= ... < 200 DM,45,existing credits paid back duly till now,business,3095,... < 100 DM,1 <= ... < 4 years,3,female,none,2,"car or other, not in savings account",24,none,own,1,skilled employee / official,1,none,yes,1,married/widowed
... < 0 DM,15,critical account / other credits existing (not at this bank),radio/television,250,100 <= ... < 500 DM,... >= 7 years,4,male,none,4,real estate,61,bank,for free,1,skilled employee / official,1,none,yes,2,single
... >= 200 DM / salary assignments for at least 1 year,9,delay in paying off in the past,car (new),250,... < 100 DM,1 <= ... < 4 years,2,male,none,1,real estate,62,bank,own,1,unskilled - resident,2,none,no,1,single
... < 0 DM,12,critical account / other credits existing (not at this bank),business,7345,... < 100 DM,unemployed,2,male,none,4,unknown / no property,37,bank,own,3,management / self-employed / highly qualified employee / officer,1,"yes, registered under customer's name",yes,2,single
... < 0 DM,8,existing credits paid back duly till now,car (new),250,... < 100 DM,1 <= ... < 4 years,4,female,none,1,building society savings agreement / life insurance,22,none,rent,1,skilled employee / official,1,none,yes,2,divorced/separated
... < 0 DM,13,existing credits paid back duly till now,radio/television,250,unknown / no savings account,... < 1 year,4,male,none,1,building society savings agreement / life insurance,30,bank,own,1,skilled employee / official,1,none,yes,2,married/widowed
no checking account,21,no credits taken / all credits paid back duly,car (new),1322,... < 100 DM,1 <= ... < 4 years,2,male,none,3,building society savings agreement / life insurance,58,bank,own,1,skilled employee / official,2,none,yes,1,single
0 <= ... < 200 DM,9,existing credits paid back duly till now,car (new),2617,100 <= ... < 500 DM,... >= 7 years,4,male,none,3,unknown / no property,44,stores,own,1,skilled employee / official,1,none,yes,1,single
... < 0 DM,4,delay in paying off in the past,car (new),2145,... < 100 DM,1 <= ... < 4 years,3,male,none,3,building society savings agreement / life insurance,62,bank,own,1,skilled employee / official,1,"yes, registered under customer's name",yes,1,single
... < 0 DM,22,existing credits paid back duly till now,radio/television,1960,... < 100 DM,1 <= ... < 4 years,4,male,none,2,building society savings agreement / life insurance,32,none,own,2,skilled employee / official,1,none,yes,1,divorced/separated
... >= 200 DM / salary assignments for at least 1 year,5,existing credits paid back duly till now,furniture/equipment,2620,... < 100 DM,1 <= ... < 4 years,2,male,none,2,"car or other, not in savings account",46,none,own,1,unskilled - resident,2,"yes, registered under customer's name",yes,1,single
no checking account,22,existing credits paid back duly till now,business,2436,unknown / no savings account,1 <= ... < 4 years,3,male,none,4,unknown / no property,46,none,for free,2,skilled employee / official,2,"yes, registered under customer's name",yes,1,single
... < 0 DM,4,critical account / other credits existing (not at this bank),repairs,2734,100 <= ... < 500 DM,1 <= ... < 4 years,2,female,none,3,building society savings agreement / life insurance,20,none,rent,1,unemployed / unskilled - non-resident,1,none,yes,2,divorced/separated
no checking account,11,existing credits paid back duly till now,radio/television,4155,unknown / no savings account,... >= 7 years,2,male,none,2,building society savings agreement / life insurance,25,none,own,1,skilled employee / official,1,none,yes,1,single
... < 0 DM,4,existing credits paid back duly till now,radio/television,2141,unknown / no savings account,4 <= ... < 7 years,4,male,none,3,unknown / no property,54,none,own,1,skilled employee / official,1,"yes, registered under customer's name",yes,2,single
0 <= ... < 200 DM,36,no credits taken / all credits paid back duly,car (new),9263,... < 100 DM,1 <= ... < 4 years,2,male,none,2,real estate,27,none,own,2,skilled employee / official,1,"yes, registered under customer's name",yes,1,single
0 <= ... < 200 DM,5,critical account / other credits existing (not at this bank),car (new),403,... >= 1000 DM,1 <= ... < 4 years,4,male,none,1,real estate,32,none,own,2,skilled employee / official,1,none,no,1,single
... < 0 DM,34,all credits at this bank paid back duly,radio/television,579,... < 100 DM,1 <= ... < 4 years,3,female,none,1,unknown / no property,33,none,own,1,skilled employee / official,1,none,yes,2,divorced/separated
... < 0 DM,4,critical account / other credits existing (not at this bank),car (new),1305,100 <= ... < 500 DM,... >= 7 years,4,male,none,3,"car or other, not in savings account",68,none,own,2,skilled employee / official,1,none,yes,1,single
... < 0 DM,28,critical account / other credits existing (not at this bank),repairs,902,... < 100 DM,... < 1 year,4,female,none,4,"car or other, not in savings account",42,none,rent,2,management / self-employed / highly qualified employee / officer,1,none,yes,2,divorced/separated
0 <= ... < 200 DM,8,all credits at this bank paid back duly,radio/television,2630,... < 100 DM,1 <= ... < 4 years,4,female,none,4,real estate,25,none,rent,1,skilled employee / official,1,none,yes,2,divorced/separated
no checking account,21,existing credits paid back duly till now,car (new),2587,... < 100 DM,1 <= ... < 4 years,3,male,co-applicant,2,real estate,28,none,own,1,management / self-employed / highly qualified employee / officer,1,none,yes,1,single
... < 0 DM,4,existing credits paid back duly till now,car (new),2340,500 <= ... < 1000 DM,1 <= ... < 4 years,4,male,co-applicant,2,building society savings agreement / life insurance,28,none,own,1,unskilled - resident,1,none,yes,1,single
no checking account,30,critical account / other credits existing (not at this bank),business,10104,100 <= ... < 500 DM,4 <= ... < 7 years,4,male,none,4,building society savings agreement / life insurance,28,none,own,2,management / self-employed / highly qualified employee / officer,1,"yes, registered under customer's name",yes,1,single
no checking account,36,existing credits paid back duly till now,repairs,250,unknown / no savings account,4 <= ... < 7 years,4,male,none,4,"car or other, not in savings account",67,none,own,1,skilled employee / official,1,"yes, registered under customer's name",yes,1,single
no checking account,25,existing credits paid back duly till now,business,3685,100 <= ... < 500 DM,1 <= ... < 4 years,3,male,none,2,unknown / no property,31,none,own,1,skilled employee / official,1,"yes, registered under customer's name",yes,1,single
no checking account,4,critical account / other credits existing (not at this bank),car (new),1474,100 <= ... < 500 DM,1 <= ... < 4 years,1,male,none,3,"car or other, not in savings account",27,none,own,2,unskilled - resident,1,none,yes,1,divorced/separated
no checking account,13,existing credits paid back duly till now,radio/television,1399,... < 100 DM,1 <= ... < 4 years,4,male,guarantor,1,real estate,27,none,own,1,skilled employee / official,1,none,yes,1,married/widowed
... < 0 DM,6,existing credits paid back duly till now,furniture/equipment,250,... < 100 DM,... < 1 year,4,female,none,4,"car or other, not in savings account",19,bank,own,1,skilled employee / official,1,none,yes,2,divorced/separated
no checking account,21,critical account / other credits existing (not at this bank),radio/television,469,100 <= ... < 500 DM,... >= 7 years,3,male,none,4,"car or other, not in savings account",58,none,own,1,skilled employee / official,2,none,yes,1,single
... < 0 DM,32,critical account / other credits existing (not at this bank),furniture/equipment,3499,unknown / no savings account,1 <= ... < 4 years,2,male,guarantor,2,building society savings agreement / life insurance,19,none,own,2,unskilled - resident,2,none,yes,1,single
no checking account,4,critical account / other credits existing (not at this bank),radio/television,1297,... < 100 DM,1 <= ... < 4 years,1,female,none,4,real estate,32,bank,rent,2,unskilled - resident,1,none,yes,1,divorced/separated
no checking account,5,existing credits paid back duly till now,radio/television,1576,100 <= ... < 500 DM,1 <= ... < 4 years,4,female,none,4,"car or other, not in savings account",30,none,own,1,management / self-employed / highly qualified employee / officer,1,none,yes,1,divorced/separated
no checking account,25,no credits taken / all credits paid back duly,car (new),597,unknown / no savings account,... >= 7 years,4,male,none,4,real estate,64,bank,for free,3,skilled employee / official,1,none,yes,1,divorced/separated
no checking account,22,existing credits paid back duly till now,car (used),1517,... < 100 DM,1 <= ... < 4 years,1,female,none,4,real estate,21,none,rent,1,skilled employee / official,1,none,yes,1,divorced/separated
... < 0 DM,34,critical account / other credits existing (not at this bank),car (used),4056,... < 100 DM,4 <= ... < 7 years,1,female,none,4,"car or other, not in savings account",37,none,own,2,unemployed / unskilled - non-resident,1,"yes, registered under customer's name",yes,2,divorced/separated
no checking account,25,critical account / other credits existing (not at this bank),car (used),5730,unknown / no savings account,1 <= ... < 4 years,2,male,none,4,building society savings agreement / life insurance,31,none,own,2,skilled employee / official,1,none,yes,1,single
0 <= ... < 200 DM,12,all credits at this bank paid back duly,car (new),3421,unknown / no savings account,4 <= ... < 7 years,1,male,none,4,unknown / no property,29,bank,for free,3,management / self-employed / highly qualified employee / officer,2,"yes, registered under customer's name",yes,1,single
... >= 200 DM / salary assignments for at least 1 year,17,delay in paying off in the past,radio/television,3153,unknown / no savings account,... >= 7 years,1,male,none,3,"car or other, not in savings account",61,none,own,2,skilled employee / official,2,none,yes,1,single
no checking account,51,existing credits paid back duly till now,car (used),3027,500 <= ... < 1000 DM,unemployed,1,male,none,2,building society savings agreement / life insurance,39,none,rent,1,skilled employee / official,1,none,yes,1,divorced/separated
no checking account,22,existing credits paid back duly till now,furniture/equipment,2402,unknown / no savings account,1 <= ... < 4 years,3,female,none,2,building society savings agreement / life insurance,56,none,own,1,skilled employee / official,1,none,yes,1,divorced/separated
no checking account,8,existing credits paid back duly till now,radio/television,1171,500 <= ... < 1000 DM,1 <= ... < 4 years,3,male,none,2,real estate,39,none,own,1,unskilled - resident,1,none,yes,1,divorced/separated
... < 0 DM,47,existing credits paid back duly till now,car (used),6256,... < 100 DM,... >= 7 years,3,male,none,3,unknown / no property,43,none,for free,1,management / self-employed / highly qualified employee / officer,1,"yes, registered under customer's name",yes,2,single
no checking account,4,existing credits paid back duly till now,radio/television,3147,unknown / no savings account,4 <= ... < 7 years,4,male,none,3,"car or other, not in savings account",48,none,own,1,skilled employee / official,1,"yes, registered under customer's name",yes,1,single
... < 0 DM,23,critical account / other credits existing (not at this bank),car (used),10446,... < 100 DM,... < 1 year,4,male,none,4,unknown / no property,47,none,for free,2,skilled employee / official,1,"yes, registered under customer's name",yes,2,single
0 <= ... < 200 DM,25,existing credits paid back duly till now,retraining,9508,... < 100 DM,unemployed,3,male,none,4,unknown / no property,35,none,for free,1,management / self-employed / highly qualified employee / officer,1,"yes, registered under customer's name",yes,1,single
... >= 200 DM / salary assignments for at least 1 year,18,existing credits paid back duly till now,furniture/equipment,541,unknown / no savings account,1 <= ... < 4 years,1,male,none,2,real estate,20,bank,rent,1,unskilled - resident,1,none,yes,2,single
... >= 200 DM / salary assignments for at least 1 year,18,existing credits paid back duly till now,car (new),1831,... < 100 DM,1 <= ... < 4 years,1,male,co-applicant,4,building society savings agreement / life insurance,25,stores,own,1,skilled employee / official,1,"yes, registered under customer's name",yes,1,single
0 <= ... < 200 DM,21,existing credits paid back duly till now,radio/television,2462,... >= 1000 DM,... < 1 year,4,male,none,2,"car or other, not in savings account",33,bank,own,1,skilled employee / official,1,none,yes,2,single
... < 0 DM,51,existing credits paid back duly till now,furniture/equipment,250,... < 100 DM,... < 1 year,2,male,guarantor,2,unknown / no property,29,none,rent,1,management / self-employed / highly qualified employee / officer,1,none,yes,2,divorced/separated
0 <= ... < 200 DM,21,delay in paying off in the past,car (used),7384,... < 100 DM,unemployed,4,male,none,4,real estate,56,bank,for free,1,management / self-employed / highly qualified employee / officer,1,"yes, registered under customer's name",yes,1,single
0 <= ... < 200 DM,4,existing credits paid back duly till now,car (new),2980,... < 100 DM,4 <= ... < 7 years,1,female,none,4,real estate,30,none,own,1,unskilled - resident,1,none,yes,1,divorced/separated
no checking account,28,critical account / other credits existing (not at this bank),furniture/equipment,4174,... < 100 DM,1 <= ... < 4 years,3,male,none,3,unknown / no property,36,none,own,1,unemployed / unskilled - non-resident,1,none,yes,1,single
... < 0 DM,44,existing credits paid back duly till now,furniture/equipment,2508,100 <= ... < 500 DM,... < 1 year,4,female,none,3,building society savings agreement / life insurance,19,none,for free,1,skilled employee / official,1,none,yes,2,divorced/separated
0 <= ... < 200 DM,4,existing credits paid back duly till now,radio/television,635,... >= 1000 DM,... >= 7 years,4,male,none,3,"car or other, not in savings account",35,none,own,1,skilled employee / official,1,none,yes,1,married/widowed
... < 0 DM,4,all credits at this bank paid back duly,car (new),2412,... < 100 DM,1 <= ... < 4 years,3,male,none,1,building society savings agreement / life insurance,36,none,rent,1,skilled employee / official,2,"yes, registered under customer's name",yes,1,single
no checking account,10,critical account / other credits existing (not at this bank),business,773,500 <= ... < 1000 DM,1 <= ... < 4 years,2,male,none,4,real estate,50,none,own,2,unskilled - resident,2,"yes, registered under customer's name",yes,1,single
0 <= ... < 200 DM,20,existing credits paid back duly till now,radio/television,4150,... < 100 DM,1 <= ... < 4 years,4,male,none,2,"car or other, not in savings account",19,none,own,1,skilled employee / official,1,none,yes,1,married/widowed
no checking account,60,existing credits paid back duly till now,radio/television,1259,500 <= ... < 1000 DM,... < 1 year,4,male,none,2,building society savings agreement / life insurance,23,none,own,1,skilled employee / official,1,none,yes,1,single
... >= 200 DM / salary assignments for at least 1 year,23,existing credits paid back duly till now,education,286,... < 100 DM,... < 1 year,4,female,none,4,building society savings agreement / life insurance,39,bank,for free,1,skilled employee / official,1,none,yes,2,divorced/separated
... < 0 DM,4,existing credits paid back duly till now,car (new),10656,... < 100 DM,4 <= ... < 7 years,3,male,none,2,building society savings agreement / life insurance,32,none,own,2,unskilled - resident,2,none,yes,1,divorced/separated
... < 0 DM,22,critical account / other credits existing (not at this bank),car (new),269,... < 100 DM,... >= 7 years,1,female,none,4,unknown / no property,44,bank,for free,1,skilled employee / official,1,"yes, registered under customer's name",yes,2,divorced/separated
... < 0 DM,4,existing credits paid back duly till now,car (new),2230,100 <= ... < 500 DM,... < 1 year,4,male,none,4,real estate,75,none,own,1,unskilled - resident,1,"yes, registered under customer's name",yes,1,single
0 <= ... < 200 DM,28,delay in paying off in the past,business,4131,... < 100 DM,... >= 7 years,4,male,none,4,unknown / no property,57,stores,for free,2,skilled employee / official,1,"yes, registered under customer's name",yes,1,single
no checking account,45,critical account / other credits existing (not at this bank),repairs,5659,100 <= ... < 500 DM,1 <= ... < 4 years,2,male,none,1,"car or other, not in savings account",44,none,own,2,skilled employee / official,1,none,yes,1,single
0 <= ... < 200 DM,15,critical account / other credits existing (not at this bank),radio/television,250,... < 100 DM,... < 1 year,2,female,none,4,building society savings agreement / life insurance,34,none,own,2,skilled employee / official,1,none,yes,1,divorced/separated
no checking account,9,existing credits paid back duly till now,radio/television,250,... < 100 DM,1 <= ... < 4 years,4,female,none,2,real estate,19,none,own,1,unskilled - resident,1,none,yes,1,divorced/separated
... < 0 DM,20,all credits at this bank paid back duly,car (used),7091,... < 100 DM,... >= 7 years,4,female,co-applicant,4,unknown / no property,51,bank,for free,2,skilled employee / official,1,"yes, registered under customer's name",yes,1,single
0 <= ... < 200 DM,4,existing credits paid back duly till now,car (new),2427,... < 100 DM,... < 1 year,3,male,none,4,building society savings agreement / life insurance,31,bank,own,1,skilled employee / official,1,none,yes,2,single
0 <= ... < 200 DM,23,delay in paying off in the past,radio/television,3339,... < 100 DM,1 <= ... < 4 years,4,male,none,3,building society savings agreement / life insurance,61,none,own,2,skilled employee / official,1,"yes, registered under customer's name",yes,2,single
no checking account,27,existing credits paid back duly till now,furniture/equipment,250,... < 100 DM,1 <= ... < 4 years,1,female,none,2,building society savings agreement / life insurance,29,none,rent,1,skilled employee / official,1,none,yes,1,divorced/separated
0 <= ... < 200 DM,4,existing credits paid back duly till now,car (new),968,... < 100 DM,... >= 7 years,4,male,co-applicant,1,real estate,47,bank,own,1,unskilled - resident,1,none,yes,2,married/widowed
no checking account,33,critical account / other credits existing (not at this bank),car (new),250,... < 100 DM,4 <= ... < 7 years,3,male,none,3,"car or other, not in savings account",46,none,own,2,skilled employee / official,1,none,yes,1,married/widowed
0 <= ... < 200 DM,21,critical account / other credits existing (not at this bank),business,15252,... < 100 DM,4 <= ... < 7 years,4,female,none,3,"car or other, not in savings account",26,none,own,2,management / self-employed / highly qualified employee / officer,1,"yes, registered under customer's name",yes,1,single
no checking account,21,critical account / other credits existing (not at this bank),business,250,... < 100 DM,... >= 7 years,4,male,none,4,"car or other, not in savings account",75,none,own,2,skilled employee / official,1,none,yes,1,single
no checking account,4,existing credits paid back duly till now,car (new),1432,... < 100 DM,... >= 7 years,2,male,none,2,building society savings agreement / life insurance,22,none,own,1,unskilled - resident,1,none,no,1,single
no checking account,5,existing credits paid back duly till now,repairs,1286,... < 100 DM,... < 1 year,4,female,none,2,real estate,58,none,own,1,skilled employee / official,1,none,yes,1,divorced/separated
0 <= ... < 200 DM,18,existing credits paid back duly till now,car (new),1880,... < 100 DM,... < 1 year,4,male,guarantor,2,real estate,27,none,own,1,unskilled - resident,1,none,no,1,married/widowed
no checking account,6,existing credits paid back duly till now,radio/television,2658,unknown / no savings account,... < 1 year,4,male,none,2,"car or other, not in savings account",27,bank,own,1,unskilled - resident,1,none,yes,1,single
0 <= ... < 200 DM,25,all credits at this bank paid back duly,car (used),1239,... < 100 DM,1 <= ... < 4 years,2,female,none,4,"car or other, not in savings account",75,bank,rent,2,skilled employee / official,1,"yes, registered under customer's name",yes,1,divorced/separated
... >= 200 DM / salary assignments for at least 1 year,13,critical account / other credits existing (not at this bank),domestic appliances,1168,500 <= ... < 1000 DM,1 <= ... < 4 years,1,female,none,3,real estate,33,none,own,2,skilled employee / official,1,none,yes,1,divorced/separated
no checking account,4,all credits at this bank paid back duly,car (used),1071,unknown / no savings account,... < 1 year,4,female,none,4,real estate,58,none,own,1,unskilled - resident,1,none,yes,1,divorced/separated
no checking account,10,critical account / other credits existing (not at this bank),furniture/equipment,250,unknown / no savings account,... >= 7 years,4,female,none,4,real estate,35,none,own,2,skilled employee / official,1,none,yes,1,divorced/separated
no checking account,10,critical account / other credits existing (not at this bank),car (new),1866,unknown / no savings account,... >= 7 years,4,male,none,4,real estate,57,none,own,2,skilled employee / official,1,none,yes,1,single
... < 0 DM,24,all credits at this bank paid back duly,radio/television,250,unknown / no savings account,... >= 7 years,3,male,none,4,unknown / no property,58,none,for free,1,skilled employee / official,2,"yes, registered under customer's name",yes,1,single
... >= 200 DM / salary assignments for at least 1 year,20,existing credits paid back duly till now,business,4437,... < 100 DM,4 <= ... < 7 years,1,male,none,1,real estate,29,stores,own,1,unemployed / unskilled - non-resident,1,none,yes,2,single
... < 0 DM,9,all credits at this bank paid back duly,car (new),4956,... < 100 DM,unemployed,2,male,none,4,building society savings agreement / life insurance,70,none,for free,1,unskilled - resident,1,"yes, registered under customer's name",yes,2,single
... < 0 DM,4,critical account / other credits existing (not at this bank),furniture/equipment,3217,... < 100 DM,1 <= ... < 4 years,2,female,guarantor,1,real estate,24,none,own,2,skilled employee / official,1,none,yes,2,divorced/separated
... < 0 DM,17,all credits at this bank paid back duly,car (new),2575,... < 100 DM,... < 1 year,1,male,none,1,real estate,26,none,own,3,skilled employee / official,2,none,yes,2,divorced/separated
... < 0 DM,19,delay in paying off in the past,furniture/equipment,15945,... < 100 DM,4 <= ... < 7 years,4,male,none,2,real estate,24,none,own,1,skilled employee / official,1,"yes, registered under customer's name",yes,2,single
0 <= ... < 200 DM,33,delay in paying off in the past,business,1167,... >= 1000 DM,... >= 7 years,3,male,none,1,building society savings agreement / life insurance,44,none,own,2,skilled employee / official,1,"yes, registered under customer's name",yes,2,married/widowed
... < 0 DM,33,delay in paying off in the past,radio/television,3316,... < 100 DM,4 <= ... < 7 years,4,male,none,4,"car or other, not in savings account",22,none,own,2,skilled employee / official,1,none,yes,1,single
no checking account,21,critical account / other credits existing (not at this bank),car (new),817,... < 100 DM,... >= 7 years,2,male,none,4,"car or other, not in savings account",32,bank,own,2,skilled employee / official,1,none,yes,1,single
... < 0 DM,5,no credits taken / all credits paid back duly,furniture/equipment,250,... < 100 DM,... < 1 year,4,female,none,4,building society savings agreement / life insurance,26,none,for free,2,unskilled - resident,1,none,yes,2,divorced/separated
... >= 200 DM / salary assignments for at least 1 year,4,existing credits paid back duly till now,radio/television,1901,... < 100 DM,... >= 7 years,4,male,none,4,real estate,59,none,own,1,skilled employee / official,1,none,yes,1,single
no checking account,29,critical account / other credits existing (not at this bank),business,6005,100 <= ... < 500 DM,1 <= ... < 4 years,2,male,none,2,real estate,75,none,own,2,skilled employee / official,2,"yes, registered under customer's name",yes,1,single
no checking account,18,existing credits paid back duly till now,furniture/equipment,250,... < 100 DM,... >= 7 years,4,female,none,4,real estate,36,none,own,1,management / self-employed / highly qualified employee / officer,1,none,yes,1,divorced/separated
0 <= ... < 200 DM,18,all credits at this bank paid back duly,car (used),12333,... < 100 DM,... >= 7 years,4,male,none,4,unknown / no property,33,bank,for free,4,management / self-employed / highly qualified employee / officer,2,"yes, registered under customer's name",yes,2,single
... < 0 DM,4,existing credits paid back duly till now,radio/television,2407,... < 100 DM,... < 1 year,4,male,none,2,real estate,56,none,own,1,skilled employee / official,2,"yes, registered under customer's name",yes,2,single
0 <= ... < 200 DM,25,existing credits paid back duly till now,car (new),3589,... < 100 DM,1 <= ... < 4 years,3,male,guarantor,1,real estate,34,none,own,1,unskilled - resident,2,none,yes,1,single
no checking account,21,critical account / other credits existing (not at this bank),radio/television,250,unknown / no savings account,4 <= ... < 7 years,2,male,none,2,real estate,39,none,own,2,skilled employee / official,1,"yes, registered under customer's name",yes,1,single
... < 0 DM,72,existing credits paid back duly till now,radio/television,4686,100 <= ... < 500 DM,... < 1 year,2,female,none,4,building society savings agreement / life insurance,19,none,own,1,skilled employee / official,1,none,yes,2,divorced/separated
no checking account,23,critical account / other credits existing (not at this bank),business,1412,... < 100 DM,1 <= ... < 4 years,3,female,guarantor,2,building society savings agreement / life insurance,23,none,own,2,skilled employee / official,1,none,yes,1,divorced/separated
no checking account,28,critical account / other credits existing (not at this bank),car (used),2625,100 <= ... < 500 DM,1 <= ... < 4 years,3,male,none,2,"car or other, not in savings account",19,stores,own,2,skilled employee / official,1,none,yes,1,divorced/separated
0 <= ... < 200 DM,23,delay in paying off in the past,furniture/equipment,4046,100 <= ... < 500 DM,1 <= ... < 4 years,4,female,none,4,"car or other, not in savings account",46,none,own,4,skilled employee / official,1,none,yes,1,single
0 <= ... < 200 DM,62,existing credits paid back duly till now,furniture/equipment,5379,... < 100 DM,1 <= ... < 4 years,2,female,none,3,building society savings agreement / life insurance,23,none,rent,1,skilled employee / official,1,none,yes,2,divorced/separated
0 <= ... < 200 DM,4,existing credits paid back duly till now,radio/television,12210,... < 100 DM,unemployed,3,male,none,2,"car or other, not in savings account",41,stores,own,1,unskilled - resident,1,"yes, registered under customer's name",yes,1,married/widowed
no checking account,10,existing credits paid back duly till now,radio/television,3163,unknown / no savings account,1 <= ... < 4 years,4,male,none,2,"car or other, not in savings account",31,none,own,1,skilled employee / official,1,"yes, registered under customer's name",yes,1,single
no checking account,11,critical account / other credits existing (not at this bank),car (new),5865,100 <= ... < 500 DM,1 <= ... < 4 years,2,male,none,1,"car or other, not in savings account",36,bank,own,2,unskilled - resident,2,"yes, registered under customer's name",no,1,single
0 <= ... < 200 DM,10,existing credits paid back duly till now,car (new),749,... < 100 DM,... >= 7 years,3,male,none,4,"car or other, not in savings account",75,bank,own,1,skilled employee / official,1,"yes, registered under customer's name",yes,2,single
0 <= ... < 200 DM,4,existing credits paid back duly till now,furniture/equipment,851,... < 100 DM,1 <= ... < 4 years,4,female,none,4,real estate,22,bank,rent,1,skilled employee / official,1,none,yes,1,divorced/separated
no checking account,18,existing credits paid back duly till now,furniture/equipment,696,... >= 1000 DM,4 <= ... < 7 years,3,male,none,2,building society savings agreement / life insurance,22,none,own,1,skilled employee / official,1,none,yes,1,married/widowed
no checking account,8,critical account / other credits existing (not at this bank),repairs,1164,... < 100 DM,... >= 7 years,3,male,none,1,"car or other, not in savings account",25,none,own,2,skilled employee / official,2,"yes, registered under customer's name",yes,1,single
... < 0 DM,9,critical account / other credits existing (not at this bank),furniture/equipment,250,... < 100 DM,1 <= ... < 4 years,4,female,none,4,"car or other, not in savings account",43,none,own,1,skilled employee / official,1,none,yes,1,divorced/separated
0 <= ... < 200 DM,10,critical account / other credits existing (not at this bank),radio/television,250,100 <= ... < 500 DM,1 <= ... < 4 years,2,female,none,4,real estate,44,none,rent,1,unskilled - resident,1,none,yes,1,single
no checking account,16,existing credits paid back duly till now,furniture/equipment,2295,unknown / no savings account,1 <= ... < 4 years,1,female,none,3,building society savings agreement / life insurance,32,none,own,2,skilled employee / official,1,none,yes,1,divorced/separated
... < 0 DM,5,all credits at this bank paid back duly,car (new),2210,... < 100 DM,... < 1 year,4,female,guarantor,2,real estate,25,none,for free,1,unskilled - resident,1,none,yes,2,single
